date,ALLSKY_SFC_SW_DWN,T2M,RH2M,WS2M,PRECTOTCORR,CLRSKY_SFC_SW_DWN
2018-01-01,4.3382,18.67,30.92,1.77,0.0,4.3426
2018-01-02,4.4477,18.62,30.14,2.25,0.0,4.4534
2018-01-03,4.5314,19.17,26.65,1.92,0.0,4.5415
2018-01-04,4.5211,19.33,30.29,1.58,0.0,4.5226
2018-01-05,4.6051,19.3,27.78,1.32,0.0,4.6742
2018-01-06,4.6637,19.36,35.22,1.42,0.0,4.6651
2018-01-07,4.7059,18.39,29.11,1.68,0.0,4.7078
2018-01-08,4.4858,18.64,28.87,1.87,0.0,4.4945
2018-01-09,4.1016,19.76,30.79,2.24,0.0,4.104
2018-01-10,4.1419,21.27,30.27,2.39,0.0,4.1515
2018-01-11,4.325,21.67,27.38,2.02,0.0,4.3591
2018-01-12,3.7517,23.15,29.3,1.78,0.0,4.3147
2018-01-13,3.6005,23.76,33.47,1.69,0.0,4.0159
2018-01-14,4.1273,25.59,38.38,1.52,0.0,4.1309
2018-01-15,4.7412,24.93,28.97,1.68,0.0,4.7506
2018-01-16,4.8487,25.3,29.17,1.49,0.0,4.8646
2018-01-17,4.7983,24.09,40.6,1.69,0.0,4.7998
2018-01-18,5.033,23.83,31.59,1.25,0.0,5.0508
2018-01-19,5.1564,22.37,22.71,1.29,0.0,5.1614
2018-01-20,5.083,21.66,23.2,1.81,0.0,5.0856
2018-01-21,4.9937,21.6,20.42,1.42,0.0,5.0045
2018-01-22,4.7798,21.74,23.59,1.61,0.0,4.7854
2018-01-23,5.0297,20.3,41.16,2.43,0.0,5.0311
2018-01-24,5.0758,20.22,18.65,1.69,0.0,5.0767
2018-01-25,5.1823,18.92,16.26,1.55,0.0,5.19
2018-01-26,5.2438,19.51,17.01,1.49,0.0,5.2524
2018-01-27,5.2716,20.57,16.75,1.5,0.0,5.2944
2018-01-28,5.1862,21.37,17.99,1.4,0.0,5.1955
2018-01-29,4.9025,22.98,16.09,1.09,0.0,5.0863
2018-01-30,5.2387,23.27,18.07,1.51,0.0,5.2433
2018-01-31,5.3962,24.68,17.69,1.21,0.0,5.4062
2018-02-01,5.2714,24.79,18.27,1.21,0.0,5.2802
2018-02-02,5.0825,23.37,26.91,1.69,0.0,5.0837
2018-02-03,5.3124,23.31,22.37,1.63,0.0,5.3134
2018-02-04,5.1086,23.37,23.94,1.99,0.0,5.1442
2018-02-05,3.8062,24.83,24.04,1.8,0.0,4.817
2018-02-06,2.7257,25.84,23.5,1.76,0.0,4.5038
2018-02-07,4.937,25.35,27.49,1.49,0.0,5.0009
2018-02-08,5.5824,23.23,18.69,1.64,0.0,5.6282
2018-02-09,5.7674,22.59,11.33,1.08,0.0,5.7953
2018-02-10,5.359,21.14,26.37,1.63,0.0,5.4982
2018-02-11,4.9937,21.9,46.5,1.67,0.0,5.401
2018-02-12,5.4391,22.29,40.96,1.51,0.0,5.5692
2018-02-13,5.5411,22.11,27.93,2.45,0.0,5.5584
2018-02-14,5.0021,22.28,28.28,2.91,0.0,5.6136
2018-02-15,5.689,23.37,21.66,2.29,0.0,5.7775
2018-02-16,5.8565,24.43,21.23,1.6,0.0,5.8574
2018-02-17,5.9179,24.98,20.9,1.69,0.0,5.9606
2018-02-18,5.4713,26.59,21.65,1.15,0.0,5.6952
2018-02-19,5.5637,27.66,24.92,0.96,0.0,5.6102
2018-02-20,5.8277,27.73,21.54,1.17,0.0,5.8301
2018-02-21,5.9522,27.13,21.17,1.18,0.0,5.9546
2018-02-22,5.8536,27.44,22.52,1.74,0.0,5.9069
2018-02-23,5.6928,27.89,24.7,1.47,0.0,5.8274
2018-02-24,5.8308,26.14,29.89,1.94,0.0,5.8327
2018-02-25,6.0451,27.87,24.76,1.8,0.0,6.0461
2018-02-26,6.1013,27.76,23.23,1.89,0.0,6.1421
2018-02-27,6.1126,28.72,20.27,1.66,0.0,6.1178
2018-02-28,4.83,29.85,20.6,1.5,0.0,5.9023
2018-03-01,5.184,30.57,18.39,1.75,0.0,5.5428
2018-03-02,5.9736,29.33,19.29,2.2,0.0,6.1236
2018-03-03,6.09,28.13,19.59,2.62,0.0,6.1546
2018-03-04,5.904,27.39,28.47,2.05,0.0,5.9791
2018-03-05,6.3936,27.26,28.84,1.68,0.0,6.4567
2018-03-06,6.473,28.02,18.85,1.65,0.0,6.6648
2018-03-07,5.8704,28.62,17.39,1.82,0.0,6.073
2018-03-08,5.7322,29.17,21.13,2.38,0.0,5.8625
2018-03-09,6.025,28.31,25.01,1.75,0.0,6.1291
2018-03-10,6.3451,27.74,19.27,1.86,0.0,6.4682
2018-03-11,6.779,27.86,17.7,1.71,0.0,6.9334
2018-03-12,6.9235,28.44,15.88,1.37,0.0,7.0068
2018-03-13,6.5873,27.41,20.85,2.41,0.0,6.8222
2018-03-14,6.7154,26.72,34.83,2.65,0.0,6.8071
2018-03-15,6.5786,27.6,40.5,2.23,0.0,6.7966
2018-03-16,6.5107,28.45,29.98,1.81,0.0,6.5458
2018-03-17,6.7694,29.4,19.68,1.02,0.0,6.8674
2018-03-18,6.0787,29.66,19.03,1.41,0.0,6.5292
2018-03-19,4.717,29.61,25.04,2.33,0.0,5.7514
2018-03-20,6.6278,28.82,27.45,2.64,0.0,6.7874
2018-03-21,6.845,27.7,34.48,3.17,0.0,6.9972
2018-03-22,6.7865,27.16,33.21,2.23,0.0,6.9914
2018-03-23,7.2809,28.06,22.41,1.44,0.0,7.3757
2018-03-24,7.1952,29.37,19.19,1.99,0.0,7.3066
2018-03-25,7.1611,31.01,14.88,2.06,0.0,7.3836
2018-03-26,6.9794,31.51,12.23,1.75,0.0,7.4335
2018-03-27,7.3082,31.72,10.96,1.77,0.0,7.4153
2018-03-28,7.3356,31.14,24.43,1.38,0.0,7.4297
2018-03-29,7.3128,31.72,21.0,1.35,0.0,7.4813
2018-03-30,7.3142,32.24,14.46,1.82,0.0,7.571
2018-03-31,7.1446,30.94,18.54,1.95,0.0,7.4592
2018-04-01,7.0538,30.4,25.23,1.63,0.0,7.3927
2018-04-02,6.5698,30.77,20.16,1.55,0.0,7.2118
2018-04-03,7.1028,31.84,20.04,2.28,0.0,7.296
2018-04-04,6.931,32.31,23.21,2.54,0.0,7.1275
2018-04-05,6.2194,31.48,24.94,2.58,0.0,6.9583
2018-04-06,7.0224,31.47,34.35,2.42,0.0,7.1386
2018-04-07,7.0879,32.16,28.86,1.98,0.0,7.1808
2018-04-08,6.9211,32.1,31.01,2.02,0.0,7.0464
2018-04-09,6.7975,32.26,29.87,2.3,0.0,6.9413
2018-04-10,6.8542,32.77,28.3,2.22,0.0,7.0008
2018-04-11,6.4541,33.18,29.97,2.22,0.0,6.8611
2018-04-12,6.6353,33.45,31.1,1.64,0.01,6.7757
2018-04-13,6.9252,33.71,30.01,1.45,0.0,7.0718
2018-04-14,7.019,33.62,30.21,2.0,0.0,7.1374
2018-04-15,6.1781,33.97,25.03,1.79,0.0,7.1575
2018-04-16,6.8383,34.17,26.58,2.14,0.0,7.0598
2018-04-17,7.3094,34.0,20.47,2.39,0.0,7.579
2018-04-18,7.3829,34.33,12.47,2.28,0.0,7.6558
2018-04-19,7.2353,34.71,19.87,3.16,0.0,7.4446
2018-04-20,7.249,33.11,35.83,3.64,0.0,7.5173
2018-04-21,7.3018,31.36,34.68,2.31,0.0,7.6236
2018-04-22,7.656,31.76,15.15,1.95,0.0,7.9202
2018-04-23,7.782,32.37,6.39,1.96,0.0,8.3206
2018-04-24,7.7282,32.39,7.54,1.93,0.0,8.3282
2018-04-25,7.427,32.28,22.06,2.38,0.0,7.9829
2018-04-26,7.4323,33.11,34.72,2.02,0.0,7.8113
2018-04-27,7.0968,34.01,34.11,2.21,0.0,7.499
2018-04-28,7.3114,35.38,31.79,2.75,0.0,7.5814
2018-04-29,7.5329,35.0,35.92,3.67,0.0,7.6195
2018-04-30,7.2314,34.92,39.21,4.17,0.0,7.403
2018-05-01,7.6097,34.91,37.53,3.56,0.0,7.7083
2018-05-02,7.6637,34.37,37.1,2.67,0.0,7.9591
2018-05-03,7.7738,34.3,33.56,2.15,0.0,8.0345
2018-05-04,7.47,34.33,37.95,2.28,0.0,7.8086
2018-05-05,7.2338,35.56,34.52,2.02,0.0,7.4515
2018-05-06,7.6202,35.34,26.2,2.83,0.0,7.854
2018-05-07,7.9548,33.6,31.61,3.23,0.0,8.1084
2018-05-08,7.4734,33.05,40.75,2.97,0.0,7.6543
2018-05-09,7.3716,34.24,36.49,2.43,0.0,7.4959
2018-05-10,7.4695,35.81,28.97,2.38,0.0,7.74
2018-05-11,7.6346,36.48,31.07,2.83,0.0,7.8662
2018-05-12,7.8043,35.29,29.25,3.4,0.0,8.0304
2018-05-13,7.597,35.0,37.61,3.09,0.0,7.7791
2018-05-14,6.6662,34.9,35.57,2.14,0.0,7.0949
2018-05-15,6.3302,35.79,34.55,3.0,0.0,6.8556
2018-05-16,6.8921,35.86,32.47,2.99,0.0,7.0406
2018-05-17,7.3303,36.63,32.56,2.83,0.0,7.5322
2018-05-18,6.9634,36.69,28.63,2.88,0.0,7.524
2018-05-19,7.2245,35.73,27.51,2.15,0.0,7.4952
2018-05-20,7.0889,36.21,27.81,2.67,0.0,7.2814
2018-05-21,7.4162,35.72,25.41,2.37,0.0,7.62
2018-05-22,7.6013,35.74,25.45,2.35,0.0,7.8312
2018-05-23,7.3138,36.19,23.91,2.07,0.0,7.6037
2018-05-24,7.793,36.17,18.45,3.03,0.0,7.877
2018-05-25,7.3714,35.11,31.26,2.47,0.0,7.8096
2018-05-26,7.8408,36.61,33.59,3.06,0.0,8.0268
2018-05-27,7.7143,37.53,32.68,3.61,0.0,7.8886
2018-05-28,7.5012,36.98,37.09,3.08,0.0,7.6997
2018-05-29,7.4791,36.42,40.85,3.99,0.0,7.7856
2018-05-30,7.003,35.91,43.19,4.21,0.0,7.5132
2018-05-31,6.7003,36.11,44.76,4.15,0.01,6.9605
2018-06-01,6.4831,36.62,41.08,3.22,0.0,6.9509
2018-06-02,6.9257,37.12,35.87,2.95,0.07,7.1666
2018-06-03,6.4018,36.91,36.65,3.82,0.02,7.307
2018-06-04,7.259,36.65,41.49,3.44,0.01,7.4467
2018-06-05,7.1316,37.37,37.2,3.72,0.0,7.4738
2018-06-06,7.0241,37.64,37.44,3.9,0.0,7.363
2018-06-07,7.135,36.71,45.4,5.75,0.0,7.2175
2018-06-08,6.6288,36.26,47.19,5.5,0.0,7.1486
2018-06-09,6.1327,35.1,49.54,4.74,0.0,7.0414
2018-06-10,5.1811,35.97,47.53,4.74,0.0,6.3274
2018-06-11,5.5738,36.42,45.44,5.51,0.0,6.7104
2018-06-12,5.8457,35.81,46.75,5.98,0.0,6.8914
2018-06-13,6.2486,35.67,44.99,6.69,0.0,7.0092
2018-06-14,6.253,34.85,44.71,6.51,0.0,7.0562
2018-06-15,6.5822,34.89,45.11,6.15,0.0,7.2881
2018-06-16,6.5455,34.82,45.97,5.56,0.01,7.4652
2018-06-17,5.7497,35.12,45.75,4.97,0.03,6.9682
2018-06-18,6.1183,35.63,45.06,4.22,0.0,6.8054
2018-06-19,6.4032,36.45,39.66,3.93,0.0,6.8186
2018-06-20,7.0867,35.81,40.2,3.31,0.0,7.3296
2018-06-21,7.2151,35.96,42.08,3.61,0.0,7.3507
2018-06-22,6.5563,35.54,44.26,3.84,0.29,6.9329
2018-06-23,5.6294,34.57,47.87,3.57,2.95,6.5172
2018-06-24,3.9708,34.61,49.82,2.81,1.73,6.3418
2018-06-25,5.4379,33.73,50.44,4.18,3.2,6.5861
2018-06-26,4.7758,32.75,56.43,4.46,4.63,6.7968
2018-06-27,4.6445,33.61,52.1,4.44,0.16,6.1183
2018-06-28,4.4143,33.56,50.73,3.85,1.26,6.5856
2018-06-29,4.3006,32.42,56.06,4.6,7.08,6.7229
2018-06-30,6.0158,32.1,58.02,4.29,1.18,7.1318
2018-07-01,6.3492,32.59,58.08,4.9,0.74,7.1887
2018-07-02,4.9709,31.82,64.52,4.69,7.54,7.2617
2018-07-03,4.1405,30.35,72.07,4.64,7.27,7.1333
2018-07-04,3.5491,30.8,66.55,4.75,4.44,6.8458
2018-07-05,4.573,31.22,64.37,4.17,3.59,5.8711
2018-07-06,4.614,31.97,60.4,3.72,0.76,5.9052
2018-07-07,5.2937,32.65,55.64,3.4,0.1,6.0017
2018-07-08,4.9219,32.89,54.61,3.64,0.2,6.4764
2018-07-09,5.3863,32.76,54.36,3.55,0.34,6.5904
2018-07-10,3.2184,30.86,65.89,2.68,9.71,6.0538
2018-07-11,2.9083,29.5,75.69,3.08,24.69,6.3067
2018-07-12,2.7698,28.92,77.27,3.52,8.17,5.826
2018-07-13,4.0656,29.36,76.01,2.38,6.1,6.1606
2018-07-14,2.7274,28.79,76.49,2.46,4.07,5.8855
2018-07-15,2.0738,28.91,81.52,2.3,32.59,6.588
2018-07-16,4.3543,29.51,77.42,3.39,16.49,6.9888
2018-07-17,3.7282,29.69,77.71,2.76,6.53,6.9818
2018-07-18,3.84,29.39,81.84,2.19,6.74,7.2281
2018-07-19,2.3714,29.14,80.96,3.38,13.93,7.1016
2018-07-20,2.7439,28.17,85.26,3.04,30.89,7.038
2018-07-21,3.0079,28.12,83.18,3.34,23.09,7.3073
2018-07-22,3.8969,28.9,78.27,3.43,1.38,6.8664
2018-07-23,2.1499,28.94,77.05,3.73,2.31,6.1207
2018-07-24,2.7432,28.3,80.45,3.22,6.0,6.7603
2018-07-25,3.762,28.51,79.55,3.61,6.62,6.8206
2018-07-26,2.7439,28.08,79.53,4.35,0.38,5.8126
2018-07-27,2.7084,28.68,77.41,4.34,0.11,5.9357
2018-07-28,3.7505,28.99,76.56,3.94,0.0,4.8842
2018-07-29,2.6438,28.99,76.66,3.98,0.02,6.1961
2018-07-30,4.4148,29.34,74.0,3.42,0.01,5.958
2018-07-31,4.7489,29.24,73.0,3.62,0.0,6.0984
2018-08-01,4.5538,29.77,71.32,4.23,0.0,5.9947
2018-08-02,4.151,29.31,73.51,4.09,0.02,5.725
2018-08-03,4.8163,28.28,77.44,3.92,0.1,6.4097
2018-08-04,4.5744,29.44,71.17,3.77,0.06,6.1711
2018-08-05,4.0502,29.52,70.2,4.21,0.01,6.4313
2018-08-06,3.5861,29.38,70.54,4.38,0.0,6.4538
2018-08-07,3.2604,29.57,69.4,3.88,0.0,6.1094
2018-08-08,2.7986,28.51,75.23,2.64,2.0,5.6609
2018-08-09,4.0519,29.46,72.09,2.65,2.64,6.5302
2018-08-10,5.1367,29.58,69.67,3.34,1.32,6.7394
2018-08-11,4.4868,29.7,69.93,4.22,0.4,6.8186
2018-08-12,3.3206,29.02,73.06,4.21,0.05,6.8506
2018-08-13,3.7061,29.65,72.22,4.04,0.02,5.6914
2018-08-14,3.0446,30.47,68.35,3.31,0.02,5.3448
2018-08-15,3.6559,30.54,65.7,2.39,0.01,5.6196
2018-08-16,4.5502,29.84,68.67,2.42,17.38,6.0713
2018-08-17,0.6535,26.97,87.52,3.89,51.4,6.5892
2018-08-18,2.3772,26.92,86.75,3.14,16.44,6.5546
2018-08-19,2.3748,28.2,80.9,2.62,6.68,5.9242
2018-08-20,3.8866,27.57,82.72,2.64,6.08,6.6463
2018-08-21,2.6328,26.55,87.46,3.12,29.17,6.3912
2018-08-22,2.958,26.84,86.72,2.6,18.59,6.5738
2018-08-23,4.1887,27.53,83.46,3.37,0.97,6.5784
2018-08-24,4.2317,27.39,82.92,3.5,5.29,6.6533
2018-08-25,3.4778,27.09,84.0,3.42,9.03,6.6941
2018-08-26,3.6211,26.34,85.16,2.66,3.36,6.2285
2018-08-27,3.6238,26.75,82.75,1.61,0.71,5.6122
2018-08-28,4.2617,26.23,83.63,1.84,0.5,6.0888
2018-08-29,2.1701,25.12,88.25,2.05,5.76,6.1382
2018-08-30,3.4855,27.09,82.87,2.65,4.5,6.5021
2018-08-31,3.7546,26.36,86.0,2.57,4.04,6.7255
2018-09-01,3.9593,26.87,84.21,2.51,0.85,6.5016
2018-09-02,4.4359,27.19,82.06,2.57,0.63,6.5789
2018-09-03,3.6134,26.87,81.67,2.28,3.58,6.4733
2018-09-04,4.3903,26.81,78.24,2.69,0.31,5.9911
2018-09-05,5.3208,26.53,77.08,2.71,0.01,6.0324
2018-09-06,5.7475,26.3,76.46,2.57,0.0,6.4471
2018-09-07,4.0457,26.49,75.2,2.01,0.02,6.24
2018-09-08,2.243,26.25,78.98,2.15,0.86,6.251
2018-09-09,1.6166,25.72,83.58,2.27,0.5,5.9825
2018-09-10,2.4967,26.83,78.93,2.57,0.04,6.4934
2018-09-11,4.236,27.66,75.89,2.48,0.01,6.4562
2018-09-12,4.693,27.46,76.49,2.75,0.03,6.4891
2018-09-13,4.4938,27.24,76.82,2.68,0.0,6.504
2018-09-14,4.985,27.7,76.36,2.44,0.0,6.2916
2018-09-15,5.8116,27.81,73.24,1.85,0.0,6.3958
2018-09-16,5.8692,27.9,71.54,1.2,0.04,6.4567
2018-09-17,6.0806,28.33,67.22,1.2,0.33,6.5659
2018-09-18,6.2623,28.59,66.05,1.35,0.02,6.413
2018-09-19,6.4555,28.87,65.27,1.39,0.0,6.5016
2018-09-20,6.6211,29.68,59.61,1.49,0.0,6.631
2018-09-21,6.4366,30.36,51.1,2.33,0.0,6.4834
2018-09-22,4.3776,28.18,68.64,1.47,24.22,5.9359
2018-09-23,1.8852,27.82,78.39,2.22,8.76,5.6105
2018-09-24,4.4522,28.11,76.22,2.63,2.84,5.6342
2018-09-25,5.9808,28.13,72.74,1.69,0.0,6.084
2018-09-26,6.45,28.24,65.25,1.22,0.0,6.4589
2018-09-27,6.4618,28.2,58.42,0.88,0.0,6.4745
2018-09-28,6.5498,28.48,51.56,0.78,0.0,6.5537
2018-09-29,6.5419,28.53,48.9,0.76,0.0,6.5642
2018-09-30,6.5359,28.82,49.93,0.98,0.0,6.5585
2018-10-01,6.5436,28.98,50.73,1.0,0.0,6.5604
2018-10-02,6.2748,29.42,57.13,1.2,0.0,6.3048
2018-10-03,6.1186,30.68,56.11,0.76,0.0,6.1474
2018-10-04,5.9438,30.59,57.77,0.84,0.01,6.0545
2018-10-05,5.9806,30.08,53.51,1.6,0.0,6.0538
2018-10-06,6.1142,29.71,48.86,1.38,0.0,6.1642
2018-10-07,5.9849,29.54,45.64,1.62,0.0,6.0161
2018-10-08,5.3755,29.75,48.58,1.18,0.0,6.048
2018-10-09,5.7586,29.92,46.28,0.89,0.0,6.0427
2018-10-10,5.5498,30.32,41.32,0.69,0.0,5.8939
2018-10-11,5.563,31.23,37.7,0.76,0.0,5.61
2018-10-12,5.3803,30.76,39.61,0.8,0.0,5.4458
2018-10-13,5.465,29.41,47.94,1.12,0.0,5.5778
2018-10-14,5.645,29.43,46.94,1.13,0.0,5.6561
2018-10-15,5.6563,29.41,44.52,1.03,0.0,5.6755
2018-10-16,5.6882,29.5,39.53,0.86,0.0,5.7154
2018-10-17,5.609,29.12,44.42,1.05,0.0,5.621
2018-10-18,5.4706,28.85,47.28,1.13,0.0,5.49
2018-10-19,5.5994,29.65,47.43,0.83,0.0,5.621
2018-10-20,5.6134,30.13,39.85,0.61,0.0,5.6158
2018-10-21,5.892,27.94,31.68,1.57,0.0,5.8956
2018-10-22,5.7696,27.39,28.65,1.26,0.0,5.7948
2018-10-23,5.6417,28.63,26.99,1.03,0.0,5.6645
2018-10-24,5.5946,28.57,36.45,0.85,0.0,5.6702
2018-10-25,5.508,29.93,32.47,0.7,0.0,5.5272
2018-10-26,5.5584,29.23,37.97,1.15,0.03,5.5872
2018-10-27,5.4264,29.37,32.72,1.38,0.0,5.4876
2018-10-28,5.5502,28.35,33.01,1.52,0.0,5.5922
2018-10-29,5.3674,26.9,36.68,2.0,0.0,5.3748
2018-10-30,5.4022,25.77,36.96,2.11,0.0,5.4038
2018-10-31,5.3232,26.32,37.98,2.59,0.0,5.346
2018-11-01,5.2582,27.54,41.41,2.09,0.0,5.285
2018-11-02,5.2116,28.6,40.97,1.31,0.0,5.2344
2018-11-03,5.0047,28.86,41.61,1.04,0.0,5.0138
2018-11-04,4.9922,28.43,38.8,1.4,0.0,5.0011
2018-11-05,5.0261,26.82,31.33,1.75,0.0,5.0294
2018-11-06,5.2505,25.28,26.59,1.96,0.0,5.2836
2018-11-07,5.2776,24.01,27.17,1.73,0.0,5.2985
2018-11-08,4.9217,24.5,26.36,1.54,0.0,4.9274
2018-11-09,4.9214,24.33,29.08,1.38,0.0,4.9236
2018-11-10,5.0282,25.48,25.56,1.41,0.0,5.0318
2018-11-11,5.0102,25.9,25.77,1.32,0.0,5.0165
2018-11-12,4.9457,26.4,25.05,0.97,0.0,4.9524
2018-11-13,4.8096,27.06,25.41,0.86,0.0,4.8362
2018-11-14,4.3706,26.66,32.59,0.95,0.0,4.4275
2018-11-15,4.8185,26.11,33.32,1.65,0.0,4.8245
2018-11-16,4.6718,24.85,26.17,2.02,0.0,4.7059
2018-11-17,4.8086,25.43,22.83,1.23,0.0,4.8149
2018-11-18,4.8571,26.19,23.42,0.91,0.0,4.8684
2018-11-19,4.7273,26.11,24.93,1.16,0.0,4.7292
2018-11-20,4.7722,26.35,26.3,1.29,0.0,4.7842
2018-11-21,4.4222,25.86,28.3,1.35,0.0,4.5122
2018-11-22,4.1796,26.47,33.94,1.43,0.0,4.2086
2018-11-23,4.4261,26.48,27.77,2.26,0.0,4.4422
2018-11-24,4.6534,24.75,23.65,1.85,0.0,4.6572
2018-11-25,4.7594,24.5,26.11,1.54,0.0,4.7894
2018-11-26,4.1669,24.12,25.5,1.57,0.0,4.7184
2018-11-27,3.7087,23.51,26.27,1.75,0.0,4.6298
2018-11-28,3.7903,23.73,28.13,1.79,0.0,4.3764
2018-11-29,4.3531,23.38,32.47,2.41,0.0,4.3534
2018-11-30,4.1321,23.01,32.62,2.19,0.0,4.139
2018-12-01,3.9168,22.69,36.33,2.02,0.0,4.2502
2018-12-02,3.8138,23.19,32.47,1.52,0.0,4.3428
2018-12-03,4.0454,23.0,31.06,1.81,0.0,4.1107
2018-12-04,3.407,23.47,37.65,1.74,0.0,3.7416
2018-12-05,3.8059,23.43,34.85,1.63,0.0,3.8064
2018-12-06,4.1786,22.61,28.38,1.33,0.0,4.2384
2018-12-07,4.1779,21.94,28.52,1.62,0.0,4.1837
2018-12-08,4.2158,21.21,28.59,1.68,0.0,4.2161
2018-12-09,4.3766,21.04,28.0,1.58,0.0,4.3807
2018-12-10,4.3913,22.02,31.36,1.17,0.0,4.4062
2018-12-11,3.949,23.99,40.33,1.02,0.0,4.2648
2018-12-12,4.3598,23.18,37.97,1.98,0.0,4.3718
2018-12-13,4.3949,18.89,28.17,2.51,0.0,4.4273
2018-12-14,4.1035,17.74,26.02,3.13,0.0,4.1038
2018-12-15,4.1318,18.77,30.92,3.48,0.0,4.1491
2018-12-16,3.6276,18.62,25.58,3.49,0.0,4.5583
2018-12-17,4.0277,18.84,25.9,2.87,0.0,4.4486
2018-12-18,4.5307,18.48,24.62,2.49,0.0,4.5514
2018-12-19,4.5372,18.75,22.31,1.95,0.0,4.5422
2018-12-20,4.554,19.05,18.54,1.84,0.0,4.5864
2018-12-21,4.631,19.95,19.57,1.54,0.0,4.6781
2018-12-22,4.673,20.25,18.39,1.29,0.0,4.6762
2018-12-23,4.6296,20.26,20.01,1.68,0.0,4.6464
2018-12-24,4.6082,19.98,18.58,2.02,0.0,4.613
2018-12-25,4.5065,18.6,17.48,1.81,0.0,4.5132
2018-12-26,4.3222,16.9,25.36,2.05,0.0,4.3255
2018-12-27,4.7402,17.05,17.25,1.97,0.0,4.7959
2018-12-28,4.6565,16.13,15.67,2.29,0.0,4.8792
2018-12-29,4.8302,16.52,11.7,2.41,0.0,4.8482
2018-12-30,4.7378,17.94,12.62,2.42,0.0,4.7515
2018-12-31,4.7659,19.37,12.49,1.87,0.0,4.7734
2019-01-01,4.7508,20.11,12.37,1.48,0.0,4.7527
2019-01-02,4.8002,20.46,13.13,1.66,0.0,4.8007
2019-01-03,4.813,19.71,18.3,1.91,0.0,4.8235
2019-01-04,4.1808,20.8,15.37,1.38,0.0,4.686
2019-01-05,4.3709,21.92,19.51,1.27,0.0,4.6543
2019-01-06,4.5682,19.64,27.77,2.74,0.0,4.5713
2019-01-07,4.1011,16.77,25.07,2.6,0.0,4.2386
2019-01-08,4.3015,17.04,26.38,1.93,0.0,4.3222
2019-01-09,4.4561,18.32,20.56,1.89,0.0,4.5101
2019-01-10,4.4592,18.81,25.69,1.96,0.0,4.6138
2019-01-11,4.3368,20.0,22.37,1.69,0.0,4.5562
2019-01-12,4.5485,20.17,29.15,1.68,0.0,4.5739
2019-01-13,4.5168,20.18,32.0,2.1,0.0,4.5806
2019-01-14,4.417,19.41,30.76,3.03,0.0,4.4366
2019-01-15,4.476,19.3,25.87,2.35,0.0,4.6882
2019-01-16,4.8331,20.91,18.31,1.39,0.0,4.8353
2019-01-17,4.8437,21.3,16.64,1.62,0.0,4.8451
2019-01-18,4.9325,21.47,17.89,2.41,0.0,4.9618
2019-01-19,4.9855,22.65,15.31,1.78,0.0,5.0237
2019-01-20,4.9344,22.55,20.93,1.99,0.0,4.9416
2019-01-21,4.2955,20.76,39.75,2.53,0.0,4.3262
2019-01-22,4.5271,19.86,49.48,1.35,0.07,4.5636
2019-01-23,4.9697,19.31,30.87,1.29,0.0,4.974
2019-01-24,4.5072,18.05,28.71,2.08,0.0,4.5259
2019-01-25,4.8737,17.47,30.54,2.86,0.02,4.8773
2019-01-26,5.2255,16.18,24.81,3.21,0.0,5.2469
2019-01-27,5.1046,15.93,23.29,2.85,0.0,5.1463
2019-01-28,5.3981,15.5,20.67,2.62,0.0,5.4005
2019-01-29,5.5296,16.51,19.58,2.64,0.0,5.5342
2019-01-30,5.4101,19.0,14.11,1.63,0.0,5.4437
2019-01-31,3.9355,19.87,16.89,1.38,0.0,5.0904
2019-02-01,5.255,19.78,31.66,2.44,0.0,5.2582
2019-02-02,5.2577,19.34,25.44,2.63,0.0,5.2596
2019-02-03,4.4386,20.84,27.18,2.18,0.0,4.465
2019-02-04,3.5074,25.11,30.74,2.19,0.0,3.9456
2019-02-05,3.9895,25.77,31.37,1.46,0.0,4.147
2019-02-06,5.0686,22.46,26.66,2.41,0.0,5.1209
2019-02-07,5.5349,18.37,32.04,3.54,0.0,5.6635
2019-02-08,5.6885,15.56,30.1,2.06,0.0,5.6938
2019-02-09,6.0408,16.11,15.35,2.24,0.0,6.0895
2019-02-10,5.905,17.58,15.94,2.28,0.0,5.9321
2019-02-11,5.8454,19.75,12.23,1.85,0.0,5.8488
2019-02-12,5.731,22.33,15.07,2.18,0.0,5.7324
2019-02-13,4.32,25.14,24.01,2.06,0.0,4.6094
2019-02-14,5.6304,23.2,41.19,2.5,0.0,5.6501
2019-02-15,5.6798,22.33,26.38,1.82,0.0,5.6849
2019-02-16,6.0367,21.2,20.5,2.42,0.0,6.0374
2019-02-17,6.0312,22.1,16.81,1.58,0.0,6.0355
2019-02-18,4.4052,23.46,29.42,2.18,0.0,5.729
2019-02-19,5.6124,25.05,48.1,1.86,0.0,5.8174
2019-02-20,5.7317,26.65,32.76,2.15,0.0,5.8334
2019-02-21,5.7948,25.42,49.2,2.3,0.0,5.8982
2019-02-22,5.9071,24.86,42.79,2.47,0.0,5.9446
2019-02-23,4.3298,24.19,15.3,2.21,0.0,6.2518
2019-02-24,5.7149,24.9,16.23,2.41,0.0,5.8718
2019-02-25,6.2297,24.37,26.62,2.07,0.0,6.2376
2019-02-26,5.064,24.18,52.06,3.38,0.07,5.7686
2019-02-27,5.97,22.57,42.68,2.57,0.01,6.1654
2019-02-28,6.4918,21.83,18.99,1.85,0.0,6.5508
2019-03-01,6.2803,22.75,16.14,2.26,0.0,6.3727
2019-03-02,4.9606,26.15,17.33,3.28,0.0,5.9597
2019-03-03,4.1734,25.94,50.79,1.95,0.0,5.742
2019-03-04,5.8502,24.19,29.03,2.81,0.0,6.133
2019-03-05,6.4762,23.49,30.22,1.83,0.0,6.5335
2019-03-06,6.4589,24.14,25.43,1.75,0.0,6.6269
2019-03-07,6.3665,25.46,31.12,1.4,0.0,6.468
2019-03-08,6.1565,25.77,27.56,1.88,0.0,6.2309
2019-03-09,6.4445,25.28,25.15,2.44,0.0,6.6638
2019-03-10,6.4406,26.22,24.52,2.18,0.0,6.631
2019-03-11,6.558,24.16,40.24,2.46,0.0,6.8652
2019-03-12,6.737,24.9,22.66,1.81,0.0,6.9893
2019-03-13,5.231,24.03,28.91,2.28,0.0,6.575
2019-03-14,6.6665,23.77,31.45,2.9,0.0,6.9238
2019-03-15,6.7625,24.74,21.26,2.38,0.0,6.9893
2019-03-16,5.9446,25.36,18.92,2.62,0.0,6.8479
2019-03-17,6.761,25.92,15.17,2.51,0.0,6.889
2019-03-18,6.7438,26.62,16.03,1.97,0.0,7.0502
2019-03-19,6.8436,28.17,17.51,2.03,0.0,6.9398
2019-03-20,6.8558,27.04,33.19,2.67,0.0,7.0766
2019-03-21,6.8201,26.8,36.68,1.53,0.0,7.0507
2019-03-22,6.8232,28.76,21.05,1.62,0.0,7.0003
2019-03-23,6.6636,29.25,18.63,1.76,0.0,6.8386
2019-03-24,6.6821,30.76,19.8,1.84,0.0,6.738
2019-03-25,5.4679,30.62,24.14,2.87,0.0,6.5863
2019-03-26,7.2593,30.92,21.52,2.42,0.0,7.4246
2019-03-27,7.2314,31.67,12.07,1.89,0.0,7.289
2019-03-28,7.1062,32.84,13.58,1.19,0.0,7.2338
2019-03-29,6.7457,32.77,19.59,1.64,0.0,7.1717
2019-03-30,6.9034,32.7,25.38,2.45,0.0,7.2612
2019-03-31,7.2456,31.75,22.74,2.34,0.0,7.3718
2019-04-01,7.2449,32.33,19.11,1.16,0.0,7.3915
2019-04-02,7.2972,33.12,17.08,1.2,0.0,7.3939
2019-04-03,7.0291,32.89,19.72,1.49,0.0,7.4004
2019-04-04,7.23,33.68,21.72,1.48,0.0,7.4266
2019-04-05,7.0274,32.97,23.5,2.45,0.0,7.2715
2019-04-06,7.3411,32.83,28.18,2.23,0.0,7.4138
2019-04-07,7.1647,33.36,30.83,2.11,0.0,7.2374
2019-04-08,7.2194,32.9,27.9,2.32,0.0,7.5142
2019-04-09,7.3939,32.89,28.05,2.66,0.0,7.609
2019-04-10,7.3097,32.84,33.64,2.08,0.0,7.4162
2019-04-11,7.1724,34.28,30.41,2.56,0.0,7.5312
2019-04-12,7.3128,34.69,23.51,2.15,0.0,7.4266
2019-04-13,7.2571,34.25,22.5,2.22,0.0,7.6006
2019-04-14,6.9535,35.24,20.84,2.32,0.0,7.3697
2019-04-15,5.3717,33.07,24.42,2.4,0.04,6.4817
2019-04-16,4.5125,31.02,30.96,3.19,3.26,5.9635
2019-04-17,6.4241,28.84,41.32,2.95,0.0,7.5331
2019-04-18,7.499,30.17,38.09,2.49,0.0,7.6246
2019-04-19,7.7023,30.92,24.69,2.48,0.0,8.0023
2019-04-20,7.781,31.91,21.4,1.61,0.0,8.1036
2019-04-21,7.6582,32.49,19.5,2.39,0.0,8.0501
2019-04-22,7.6673,32.72,28.44,1.56,0.0,7.9838
2019-04-23,7.6558,34.11,27.46,2.36,0.0,7.7647
2019-04-24,7.4863,34.53,27.54,2.93,0.0,7.6778
2019-04-25,7.5024,34.47,24.81,3.19,0.0,7.6697
2019-04-26,7.4611,35.81,27.35,3.01,0.0,7.6224
2019-04-27,7.6082,36.33,15.29,2.89,0.0,7.9802
2019-04-28,7.8005,35.47,12.3,2.78,0.0,8.0182
2019-04-29,7.6598,35.3,17.98,3.18,0.0,7.9008
2019-04-30,7.843,34.41,24.53,3.66,0.0,7.9178
2019-05-01,6.9317,33.06,31.34,2.4,0.0,7.1441
2019-05-02,7.5065,33.06,30.45,2.27,0.0,7.667
2019-05-03,7.4134,33.29,33.18,3.01,0.0,7.5804
2019-05-04,7.3997,33.29,36.52,3.34,0.0,7.5372
2019-05-05,7.3865,33.52,35.74,2.48,0.01,7.6284
2019-05-06,7.6003,34.07,31.42,2.2,0.0,7.8593
2019-05-07,7.9138,34.3,24.6,3.07,0.0,8.0501
2019-05-08,7.8509,32.9,33.49,2.89,0.0,8.0321
2019-05-09,7.1438,31.52,40.41,3.03,0.0,8.0746
2019-05-10,7.7026,32.5,41.51,3.61,0.0,7.8854
2019-05-11,7.6114,33.37,44.23,2.61,0.13,7.7791
2019-05-12,7.1148,34.3,41.86,2.73,0.18,7.405
2019-05-13,7.4851,34.31,39.74,3.5,0.0,7.5598
2019-05-14,7.5034,33.9,41.13,3.33,0.0,7.6126
2019-05-15,7.6586,33.8,39.18,2.6,0.0,7.873
2019-05-16,7.5667,33.61,41.5,3.66,0.0,7.6164
2019-05-17,6.9854,32.66,43.11,3.71,0.05,7.3692
2019-05-18,7.5677,33.34,34.88,3.75,0.02,7.6627
2019-05-19,7.3654,34.02,34.87,2.59,0.02,7.6829
2019-05-20,7.6433,34.76,36.72,3.19,0.0,7.8055
2019-05-21,7.7462,34.54,36.78,3.52,0.0,7.8586
2019-05-22,7.86,34.89,39.48,3.82,0.0,7.889
2019-05-23,7.6783,35.49,36.14,4.23,0.0,7.789
2019-05-24,7.5158,34.94,36.79,3.94,0.0,7.7126
2019-05-25,7.2358,35.46,34.82,2.75,0.0,7.5175
2019-05-26,7.547,36.11,33.11,2.19,0.0,7.7112
2019-05-27,7.9044,35.82,31.65,2.96,0.0,7.969
2019-05-28,7.6625,36.09,36.05,3.77,0.0,7.8002
2019-05-29,7.6896,36.68,32.15,3.16,0.0,7.8742
2019-05-30,7.8326,36.36,35.5,3.28,0.0,7.9529
2019-05-31,7.853,35.97,40.9,2.63,0.0,7.9766
2019-06-01,7.8403,36.56,36.81,3.24,0.0,7.8684
2019-06-02,7.613,37.74,33.32,3.29,0.0,7.782
2019-06-03,7.735,37.81,30.43,3.26,0.0,7.9354
2019-06-04,7.5972,37.12,32.26,3.56,0.0,7.8458
2019-06-05,7.4426,36.62,36.87,3.82,0.0,7.7426
2019-06-06,7.4978,36.26,39.04,3.07,0.0,7.6495
2019-06-07,7.499,37.0,37.31,2.94,0.0,7.6272
2019-06-08,7.3987,37.9,31.53,2.5,0.0,7.6838
2019-06-09,7.6262,38.46,30.12,2.93,0.0,7.7477
2019-06-10,7.5362,37.42,33.23,3.4,0.0,7.6325
2019-06-11,7.1988,37.75,31.97,3.07,0.08,7.4986
2019-06-12,5.6618,33.99,49.46,2.98,3.06,7.295
2019-06-13,5.976,31.1,65.51,4.84,15.97,7.4254
2019-06-14,5.741,31.14,63.98,5.48,5.21,7.3327
2019-06-15,4.6711,31.88,61.64,5.33,0.65,7.4851
2019-06-16,6.0574,32.8,61.23,5.24,3.53,7.2734
2019-06-17,5.921,32.62,59.61,5.73,1.06,7.4914
2019-06-18,3.095,29.98,73.57,6.87,18.25,7.3006
2019-06-19,5.4852,32.31,59.86,3.5,0.56,6.5621
2019-06-20,5.6957,32.83,53.89,3.16,0.0,6.5431
2019-06-21,6.4399,33.0,54.77,2.74,0.0,6.7699
2019-06-22,6.5837,34.24,53.5,2.57,2.84,6.9466
2019-06-23,7.0493,34.11,55.13,2.76,3.74,7.2245
2019-06-24,4.7251,32.88,63.14,1.72,12.64,6.7606
2019-06-25,5.1713,32.81,62.63,2.06,8.5,6.5928
2019-06-26,4.9118,33.34,58.09,3.16,0.76,6.2434
2019-06-27,5.7926,33.72,56.73,3.51,0.21,6.6134
2019-06-28,5.0786,32.86,59.6,3.82,5.52,6.881
2019-06-29,5.6174,32.81,60.32,3.85,1.66,7.039
2019-06-30,5.8332,32.25,62.89,3.64,4.88,6.9905
2019-07-01,5.927,31.94,62.8,3.06,1.07,6.9482
2019-07-02,5.7646,32.74,59.64,3.19,0.18,6.9106
2019-07-03,5.7434,30.18,70.71,3.53,5.54,6.5906
2019-07-04,2.4499,30.01,73.85,3.07,5.31,6.4951
2019-07-05,3.2635,30.18,71.07,3.68,4.84,5.8978
2019-07-06,3.4306,28.76,82.19,3.85,20.49,5.6422
2019-07-07,4.1318,30.87,73.2,4.15,10.34,5.7406
2019-07-08,4.524,31.59,67.89,4.39,0.1,6.1169
2019-07-09,4.7892,31.43,69.43,4.44,0.01,6.3694
2019-07-10,5.3515,32.42,62.26,4.46,0.01,6.5544
2019-07-11,4.8814,31.94,62.89,4.84,0.0,6.4944
2019-07-12,5.6309,32.13,62.7,5.2,0.0,6.6902
2019-07-13,5.4096,32.21,62.36,4.92,0.0,6.8249
2019-07-14,5.0623,32.74,57.63,5.57,0.0,6.642
2019-07-15,4.6915,32.45,58.61,5.66,0.0,6.3204
2019-07-16,5.0323,32.84,57.04,5.16,0.0,6.7858
2019-07-17,4.4498,32.79,57.29,3.9,0.0,6.7406
2019-07-18,5.0292,32.29,57.71,3.6,0.01,6.5203
2019-07-19,5.766,33.19,55.81,2.2,0.03,6.7596
2019-07-20,5.8354,33.87,53.18,2.25,1.13,6.864
2019-07-21,5.6813,32.95,59.27,1.98,7.08,7.043
2019-07-22,6.2585,32.15,65.68,1.3,4.97,7.2725
2019-07-23,6.5923,32.62,66.92,2.1,3.38,7.3332
2019-07-24,6.1114,31.87,69.4,2.14,0.15,7.1772
2019-07-25,4.6313,30.86,68.36,4.97,2.61,6.9161
2019-07-26,3.3876,29.75,72.62,5.21,4.92,6.1997
2019-07-27,3.0192,30.22,70.78,5.57,4.88,5.7312
2019-07-28,2.2783,29.12,75.34,4.82,5.71,5.6426
2019-07-29,3.1649,28.45,80.31,5.6,13.25,6.9694
2019-07-30,2.9064,29.11,75.29,5.67,14.7,6.9137
2019-07-31,3.0389,28.9,78.51,4.88,54.78,7.0178
2019-08-01,1.8677,27.18,87.95,4.67,37.52,6.876
2019-08-02,4.0147,28.68,83.35,3.66,12.63,6.786
2019-08-03,4.1285,28.02,87.61,3.28,35.11,6.5746
2019-08-04,3.5395,27.74,87.68,3.99,24.92,6.5275
2019-08-05,4.1904,27.7,85.78,3.5,1.89,6.3502
2019-08-06,4.111,28.98,81.49,3.15,0.08,6.461
2019-08-07,2.9477,28.81,81.76,3.27,0.3,6.4474
2019-08-08,2.7842,27.82,86.51,2.93,19.08,6.456
2019-08-09,1.9092,26.95,92.59,5.22,70.93,6.913
2019-08-10,2.2046,26.87,90.68,7.07,68.13,6.787
2019-08-11,3.5501,27.41,88.48,5.21,10.65,6.2333
2019-08-12,5.0616,27.74,85.17,2.36,0.41,5.965
2019-08-13,5.1624,28.34,84.94,2.51,1.27,6.1018
2019-08-14,3.6127,28.07,86.61,2.62,5.15,5.8723
2019-08-15,1.4587,26.66,91.75,2.62,15.01,6.2911
2019-08-16,2.4226,27.53,87.68,3.59,10.44,6.6142
2019-08-17,4.0908,27.53,86.91,3.47,16.68,6.6593
2019-08-18,3.8393,27.96,85.03,2.49,1.97,5.6234
2019-08-19,4.3334,28.14,84.04,2.16,0.3,6.2383
2019-08-20,5.2421,28.26,84.23,2.11,0.25,6.5695
2019-08-21,6.0612,27.92,83.42,2.72,0.18,6.8112
2019-08-22,5.8154,27.53,83.48,1.81,0.02,6.7464
2019-08-23,6.0766,27.62,82.53,1.98,0.44,6.5822
2019-08-24,5.8646,28.07,80.71,1.87,0.03,6.4248
2019-08-25,5.1682,27.99,80.92,1.86,0.18,6.4291
2019-08-26,2.2615,26.18,90.21,2.51,23.01,6.7574
2019-08-27,3.7651,26.75,88.35,2.59,17.68,6.2518
2019-08-28,3.2354,27.07,89.21,2.81,14.76,6.8424
2019-08-29,4.9418,27.88,87.2,2.75,4.77,6.3449
2019-08-30,5.455,28.07,86.65,1.75,1.94,6.4354
2019-08-31,4.2142,28.5,85.8,1.55,3.93,6.475
2019-09-01,4.9075,28.37,88.22,1.62,8.69,6.3226
2019-09-02,5.0126,27.87,88.66,2.29,8.02,6.4063
2019-09-03,4.3018,28.04,87.3,2.18,2.89,6.1274
2019-09-04,4.1532,28.23,89.74,1.88,24.78,5.5457
2019-09-05,3.929,27.81,91.69,1.79,22.76,6.0689
2019-09-06,5.0047,28.22,91.05,1.58,3.09,6.2359
2019-09-07,4.2562,28.22,90.02,1.83,4.96,6.0826
2019-09-08,4.8151,27.63,92.41,2.17,18.5,6.2434
2019-09-09,3.7718,27.52,94.38,1.27,23.02,6.2107
2019-09-10,1.837,28.08,91.49,1.68,29.92,6.1538
2019-09-11,3.5215,27.55,90.44,2.17,2.6,6.0442
2019-09-12,2.8481,27.56,89.5,2.49,1.45,6.1318
2019-09-13,2.2872,27.01,91.42,2.71,2.73,5.923
2019-09-14,1.2382,27.35,91.06,2.73,0.16,6.1769
2019-09-15,3.7762,27.25,90.14,2.44,0.03,6.2006
2019-09-16,4.7167,27.46,87.47,2.34,0.03,5.8726
2019-09-17,5.4799,28.1,85.23,1.88,0.01,5.9945
2019-09-18,5.113,28.65,87.4,1.92,3.89,6.0552
2019-09-19,6.1152,27.95,86.43,1.93,0.47,6.4008
2019-09-20,5.389,27.4,86.73,1.59,4.75,6.24
2019-09-21,3.875,27.2,88.23,1.42,4.04,6.1464
2019-09-22,4.2101,27.98,84.97,0.74,1.3,6.054
2019-09-23,5.1946,27.93,86.05,1.26,4.34,5.9786
2019-09-24,5.4761,28.26,82.96,1.26,1.07,6.0996
2019-09-25,5.1509,27.8,86.08,1.56,14.12,5.9158
2019-09-26,3.9996,27.25,89.68,1.93,29.34,6.0211
2019-09-27,2.0717,26.2,92.46,1.47,20.11,6.1423
2019-09-28,3.5114,26.67,91.69,2.46,8.4,5.8781
2019-09-29,2.6959,26.39,90.09,2.25,22.63,6.0418
2019-09-30,1.7813,26.51,90.5,2.84,17.9,5.8306
2019-10-01,5.1562,26.73,90.34,3.47,4.26,5.8694
2019-10-02,5.2745,27.06,87.17,1.9,0.27,5.8054
2019-10-03,5.4648,27.08,85.31,1.66,0.35,5.8404
2019-10-04,5.8519,26.71,85.09,1.2,0.45,5.947
2019-10-05,5.8058,27.08,80.11,0.95,0.11,5.9345
2019-10-06,5.687,27.19,78.01,0.69,0.94,5.9407
2019-10-07,5.6314,26.66,82.08,1.28,0.02,5.891
2019-10-08,5.6542,26.83,81.46,1.33,0.01,5.7552
2019-10-09,5.1533,27.22,80.39,1.15,0.0,5.4036
2019-10-10,5.9539,26.43,79.64,1.55,0.0,5.9906
2019-10-11,6.1478,25.63,71.76,1.2,0.0,6.1896
2019-10-12,6.1543,25.07,72.75,1.51,0.01,6.1555
2019-10-13,5.7821,25.35,72.94,1.37,0.0,5.8699
2019-10-14,5.8798,26.59,70.2,0.98,0.0,5.8939
2019-10-15,5.7396,27.37,69.85,0.92,0.0,5.8046
2019-10-16,5.605,26.24,77.92,1.41,0.0,5.6081
2019-10-17,5.424,26.04,77.95,1.55,0.0,5.4482
2019-10-18,5.4809,26.34,79.07,1.28,0.0,5.4869
2019-10-19,4.9594,24.82,86.29,1.73,0.0,5.027
2019-10-20,4.5449,25.33,86.54,1.57,0.0,4.6267
2019-10-21,3.7349,25.4,84.74,1.58,0.0,4.6181
2019-10-22,4.4582,24.92,86.43,1.91,0.85,4.7731
2019-10-23,5.1725,24.22,85.43,1.83,0.06,5.3791
2019-10-24,4.997,23.52,82.51,2.2,0.0,5.568
2019-10-25,5.4598,22.41,80.31,2.64,0.0,5.6093
2019-10-26,3.7872,22.57,82.64,3.07,0.08,5.3448
2019-10-27,3.3427,23.06,89.23,2.46,0.21,4.9476
2019-10-28,4.1239,25.0,88.16,2.14,0.16,5.1482
2019-10-29,3.5078,25.61,86.19,1.8,17.4,5.2697
2019-10-30,4.9814,26.16,81.7,1.41,1.1,5.3366
2019-10-31,4.9121,26.34,83.45,1.42,0.0,5.244
2019-11-01,4.8319,25.5,84.14,2.0,0.14,4.9068
2019-11-02,3.5798,24.73,88.19,1.96,3.73,4.7287
2019-11-03,3.6334,25.32,82.25,0.76,0.26,4.9198
2019-11-04,4.7066,26.05,77.79,0.76,0.0,4.9282
2019-11-05,4.675,25.68,79.04,0.94,0.0,4.9517
2019-11-06,4.1388,25.76,76.95,1.03,0.72,4.8127
2019-11-07,3.6739,25.19,81.29,1.06,1.32,4.8406
2019-11-08,4.417,24.8,80.79,1.68,0.26,4.7767
2019-11-09,4.0958,24.55,83.3,1.75,0.0,4.1911
2019-11-10,3.8916,25.53,80.47,1.33,0.0,4.0486
2019-11-11,4.1414,25.41,76.2,1.3,0.41,4.2941
2019-11-12,4.1928,24.94,76.25,1.18,0.07,4.3843
2019-11-13,4.0687,23.9,84.34,1.57,0.0,4.3903
2019-11-14,4.2074,23.29,83.18,1.93,0.02,4.2593
2019-11-15,4.3474,22.57,79.88,1.87,0.02,4.3486
2019-11-16,4.1076,22.76,79.01,1.56,0.0,4.1129
2019-11-17,4.1443,22.32,78.12,1.97,0.0,4.253
2019-11-18,3.8885,22.21,73.46,1.49,0.0,4.3742
2019-11-19,3.2453,21.67,74.02,0.97,0.0,4.4822
2019-11-20,4.4849,21.38,74.96,1.2,0.0,4.5775
2019-11-21,4.3445,22.22,80.99,1.8,0.0,4.4479
2019-11-22,4.0147,22.01,80.39,1.43,0.0,4.1791
2019-11-23,3.7025,20.95,85.22,1.55,0.0,4.1366
2019-11-24,3.9595,22.69,78.9,1.54,0.0,4.0452
2019-11-25,3.846,22.44,79.31,1.52,0.0,3.8467
2019-11-26,3.8134,22.58,79.52,1.54,0.0,3.8158
2019-11-27,3.7452,22.83,78.35,1.16,0.0,3.8261
2019-11-28,3.5645,22.89,78.7,1.19,0.0,3.5844
2019-11-29,3.7476,22.36,78.48,1.37,0.0,3.7632
2019-11-30,3.6792,21.77,78.71,1.56,0.08,3.6871
2019-12-01,3.709,21.87,74.66,1.24,0.02,3.7514
2019-12-02,3.7505,21.4,74.94,2.33,0.0,3.7726
2019-12-03,3.9058,20.97,77.42,3.32,0.0,3.9127
2019-12-04,3.6144,20.68,77.13,3.03,0.0,3.8702
2019-12-05,3.785,22.39,74.9,2.71,0.0,4.0306
2019-12-06,2.6702,20.33,67.61,2.58,0.0,4.2679
2019-12-07,3.6276,18.82,68.53,2.47,0.0,4.0459
2019-12-08,3.7591,18.49,72.21,2.27,0.0,3.823
2019-12-09,3.6922,19.23,74.45,1.95,0.0,3.7358
2019-12-10,3.8244,19.82,72.78,1.53,0.0,3.8244
2019-12-11,3.9377,20.02,62.47,1.15,0.0,3.9408
2019-12-12,3.4793,20.37,66.83,1.3,0.06,4.0946
2019-12-13,3.9778,19.88,76.52,1.72,0.02,4.385
2019-12-14,4.3421,17.63,68.74,1.69,0.0,4.357
2019-12-15,4.2864,16.46,66.9,2.53,0.0,4.2886
2019-12-16,4.1345,15.36,64.55,2.73,0.0,4.1714
2019-12-17,4.2266,15.28,65.01,2.88,0.0,4.3222
2019-12-18,4.1028,16.57,70.74,2.13,0.0,4.1059
2019-12-19,4.1554,18.9,68.4,1.59,0.0,4.1561
2019-12-20,3.853,19.59,69.17,1.23,0.0,4.091
2019-12-21,3.9434,20.14,65.49,1.3,0.0,3.9437
2019-12-22,3.4483,19.79,73.33,2.37,0.0,3.5453
2019-12-23,2.8049,20.14,73.7,2.83,0.0,3.1762
2019-12-24,3.1442,21.35,75.47,1.74,0.0,3.2422
2019-12-25,3.917,19.38,73.17,1.5,0.0,3.9422
2019-12-26,4.459,17.1,64.95,2.47,0.0,4.459
2019-12-27,4.6802,14.57,52.69,3.09,0.0,4.7074
2019-12-28,4.7371,13.88,54.01,3.18,0.0,4.7542
2019-12-29,4.1647,14.43,58.56,2.34,0.0,4.6956
2019-12-30,4.1954,15.68,59.77,1.96,0.0,4.1954
2019-12-31,3.8909,16.52,65.65,1.71,0.0,3.8914
2020-01-01,3.4478,17.23,70.72,2.26,0.0,3.8225
2020-01-02,3.2587,18.01,72.54,2.17,0.0,3.4678
2020-01-03,3.3833,17.06,68.84,1.56,0.0,3.5263
2020-01-04,3.7694,16.87,65.4,2.12,0.0,3.8306
2020-01-05,4.2494,16.67,61.15,2.44,0.0,4.2734
2020-01-06,4.3704,18.26,61.69,2.13,0.0,4.4434
2020-01-07,3.3694,19.76,65.03,1.72,0.0,4.0654
2020-01-08,4.4074,18.15,56.24,2.57,0.0,4.4448
2020-01-09,5.0095,14.55,48.22,2.73,0.0,5.0174
2020-01-10,4.722,14.2,51.18,3.08,0.0,4.7486
2020-01-11,4.4962,16.54,59.55,2.49,0.0,4.5022
2020-01-12,4.0918,19.94,64.56,2.13,0.0,4.1966
2020-01-13,2.8109,19.58,73.01,2.35,0.0,4.097
2020-01-14,4.4962,16.92,53.99,1.91,0.0,4.5082
2020-01-15,4.4256,15.45,49.72,1.92,0.0,4.4398
2020-01-16,4.2377,13.96,57.38,2.33,0.0,4.2497
2020-01-17,4.193,15.14,63.9,1.38,0.0,4.1983
2020-01-18,4.6428,15.53,51.82,1.68,0.0,4.6469
2020-01-19,4.5713,15.9,53.66,2.7,0.0,4.7172
2020-01-20,4.807,17.12,51.1,2.09,0.0,4.8353
2020-01-21,4.9236,18.05,44.94,1.54,0.0,4.9601
2020-01-22,4.7506,18.15,45.11,1.95,0.0,4.7899
2020-01-23,4.7462,17.87,51.45,3.06,0.0,4.7498
2020-01-24,5.0086,18.41,45.9,2.41,0.0,5.0321
2020-01-25,4.8912,20.08,39.73,1.46,0.0,5.1096
2020-01-26,5.1122,20.84,40.67,1.3,0.0,5.1137
2020-01-27,4.5132,21.07,48.29,2.08,0.0,4.9548
2020-01-28,4.6246,18.91,54.61,3.01,0.0,4.9334
2020-01-29,5.2812,17.21,48.42,1.82,0.0,5.2838
2020-01-30,5.2961,17.81,37.11,1.21,0.0,5.2975
2020-01-31,5.16,16.99,45.83,1.69,0.0,5.2075
2020-02-01,5.5663,17.46,38.54,2.78,0.0,5.568
2020-02-02,5.1943,18.27,41.73,2.66,0.0,5.2078
2020-02-03,4.7782,18.49,42.68,1.81,0.0,4.8689
2020-02-04,5.3446,18.68,39.73,1.85,0.0,5.3575
2020-02-05,5.2824,18.62,38.15,1.51,0.0,5.2834
2020-02-06,5.315,18.65,39.88,2.44,0.0,5.315
2020-02-07,5.3729,18.03,33.39,2.41,0.0,5.3875
2020-02-08,5.4386,17.78,34.4,3.07,0.0,5.4617
2020-02-09,5.5085,17.77,36.39,3.05,0.0,5.5471
2020-02-10,5.4542,18.69,34.53,2.19,0.0,5.4557
2020-02-11,5.2387,21.05,41.21,1.64,0.0,5.2562
2020-02-12,5.2704,22.89,39.24,1.65,0.0,5.2723
2020-02-13,5.461,23.07,36.73,2.15,0.0,5.4905
2020-02-14,5.5903,22.94,33.92,2.04,0.0,5.6088
2020-02-15,4.7808,23.35,31.62,1.07,0.0,5.6573
2020-02-16,5.622,23.8,34.83,2.17,0.0,5.6434
2020-02-17,5.8382,24.03,26.6,2.27,0.0,5.8387
2020-02-18,5.8075,24.78,25.53,1.51,0.0,5.9539
2020-02-19,5.0676,26.1,28.43,1.41,0.0,5.5987
2020-02-20,5.7377,24.16,38.75,1.93,0.0,5.8094
2020-02-21,5.8922,23.24,36.87,1.73,0.0,5.9791
2020-02-22,5.8106,22.94,26.25,2.04,0.0,5.8505
2020-02-23,5.3383,22.86,33.85,2.0,0.0,5.4396
2020-02-24,5.2934,22.97,35.66,2.14,0.0,5.2942
2020-02-25,5.9062,24.96,30.29,1.85,0.0,5.9285
2020-02-26,5.9136,26.35,27.94,0.7,0.0,5.983
2020-02-27,5.9172,27.15,27.42,1.0,0.0,5.9186
2020-02-28,4.4899,27.62,27.4,1.13,0.0,5.8526
2020-02-29,5.8798,26.46,30.79,1.31,0.0,5.9179
2020-03-01,5.9971,26.07,30.41,1.28,0.0,6.108
2020-03-02,6.0528,25.56,32.71,1.6,0.0,6.1699
2020-03-03,5.9191,25.72,35.37,1.56,0.0,6.0245
2020-03-04,6.1759,24.3,44.85,2.78,0.0,6.229
2020-03-05,5.7358,23.94,53.76,2.37,0.74,6.2366
2020-03-06,6.0934,22.94,48.81,2.82,0.58,6.3046
2020-03-07,6.641,22.64,27.29,0.9,0.02,6.8429
2020-03-08,6.5196,23.96,24.91,1.29,0.0,6.7159
2020-03-09,6.3463,23.83,33.15,2.31,0.0,6.4584
2020-03-10,6.3348,24.2,48.61,2.81,0.0,6.4375
2020-03-11,5.9155,23.51,50.06,3.14,0.0,6.5467
2020-03-12,6.9158,21.19,40.84,2.19,0.0,7.0702
2020-03-13,6.414,20.4,32.64,1.96,0.0,6.8647
2020-03-14,7.0198,22.41,22.92,2.13,0.0,7.1405
2020-03-15,6.3751,23.23,25.27,3.13,0.0,6.9979
2020-03-16,6.3566,25.3,24.53,2.4,0.0,6.9274
2020-03-17,6.5561,27.54,22.26,2.06,0.0,6.8539
2020-03-18,6.5532,28.38,21.46,1.59,0.0,6.7786
2020-03-19,6.4915,28.67,21.01,1.41,0.0,6.8378
2020-03-20,6.6802,26.69,32.84,2.08,0.0,6.924
2020-03-21,6.7958,27.13,44.63,1.27,0.0,6.827
2020-03-22,6.0754,29.74,41.3,1.16,0.0,6.5611
2020-03-23,6.2234,31.89,31.47,1.52,0.02,6.6463
2020-03-24,5.9172,31.58,27.15,2.51,0.0,6.6218
2020-03-25,3.731,30.45,29.17,2.27,0.02,6.4282
2020-03-26,3.5976,28.1,47.8,2.53,3.41,6.1255
2020-03-27,5.4283,26.22,53.21,2.83,2.74,6.1946
2020-03-28,6.809,26.61,36.17,1.16,0.0,7.1107
2020-03-29,6.9732,28.41,26.12,1.4,0.0,7.405
2020-03-30,6.8297,29.53,25.38,1.64,0.0,7.2511
2020-03-31,6.9449,29.66,23.95,1.88,0.0,7.2089
2020-04-01,7.1791,29.52,34.56,2.6,0.0,7.273
2020-04-02,7.3104,30.29,22.74,1.47,0.0,7.4772
2020-04-03,7.2384,30.82,19.99,1.88,0.0,7.4758
2020-04-04,7.3051,31.18,19.14,2.03,0.0,7.5149
2020-04-05,7.4825,31.73,17.64,1.37,0.0,7.6284
2020-04-06,7.2686,32.03,18.47,1.7,0.0,7.4662
2020-04-07,7.361,30.91,25.35,2.32,0.0,7.4388
2020-04-08,7.229,30.83,37.23,2.42,0.0,7.4486
2020-04-09,7.1604,31.75,34.49,1.99,0.0,7.3236
2020-04-10,7.1863,32.19,25.67,1.55,0.0,7.3488
2020-04-11,7.2019,34.46,17.21,1.77,0.0,7.3673
2020-04-12,7.4698,35.05,15.72,2.4,0.0,7.5523
2020-04-13,7.1909,34.8,15.86,2.92,0.0,7.5106
2020-04-14,7.188,35.41,18.7,2.28,0.0,7.3476
2020-04-15,7.1546,34.76,20.94,2.23,0.0,7.3822
2020-04-16,6.9055,35.17,24.28,3.24,0.0,7.2814
2020-04-17,5.9549,34.5,24.88,2.78,0.0,7.1028
2020-04-18,7.1323,34.9,23.85,2.78,0.0,7.2214
2020-04-19,6.9065,34.32,26.5,3.29,0.0,7.3882
2020-04-20,7.381,33.15,33.15,2.98,0.0,7.5622
2020-04-21,7.0558,34.19,32.22,2.72,0.0,7.4294
2020-04-22,6.7961,35.06,27.62,2.29,0.0,7.3421
2020-04-23,7.4873,35.15,31.61,3.48,0.0,7.5878
2020-04-24,7.4762,34.68,33.54,3.51,0.0,7.5631
2020-04-25,7.2722,32.9,37.24,2.8,0.0,7.4148
2020-04-26,7.0721,34.22,31.97,2.47,0.04,7.2384
2020-04-27,7.4717,34.28,32.01,2.41,0.17,7.5977
2020-04-28,7.4717,34.73,28.65,1.56,0.0,7.661
2020-04-29,7.536,35.9,22.72,2.04,0.0,7.7201
2020-04-30,7.5115,36.47,23.62,2.42,0.0,7.6471
2020-05-01,7.5415,36.29,25.78,3.19,0.02,7.6524
2020-05-02,7.6774,35.69,31.61,3.95,0.0,7.9771
2020-05-03,7.5593,34.99,33.66,3.54,0.0,7.6008
2020-05-04,7.5086,35.28,38.34,2.79,0.08,7.6054
2020-05-05,7.2686,36.09,32.15,2.6,0.69,7.4249
2020-05-06,7.536,36.22,26.81,2.98,0.0,7.6884
2020-05-07,7.7004,35.03,26.77,2.22,0.0,7.9418
2020-05-08,7.6884,35.3,29.99,2.37,0.0,7.9032
2020-05-09,7.7506,35.86,28.88,2.06,0.0,7.9361
2020-05-10,7.7758,35.11,32.94,2.5,0.0,7.919
2020-05-11,7.6661,34.38,37.98,2.81,0.0,7.861
2020-05-12,7.6829,34.59,40.41,2.63,0.0,7.8727
2020-05-13,7.721,35.53,36.97,2.16,0.0,7.8041
2020-05-14,7.4834,35.77,33.18,2.37,0.0,7.7314
2020-05-15,7.6104,36.43,30.36,2.75,0.0,7.8658
2020-05-16,7.7753,36.5,28.46,3.52,0.0,7.8554
2020-05-17,7.6409,35.33,32.84,4.23,0.0,7.801
2020-05-18,7.3354,35.16,32.12,3.5,0.0,7.6354
2020-05-19,7.6219,35.48,31.18,3.24,0.03,7.9464
2020-05-20,7.9582,36.35,25.63,2.63,0.0,8.1514
2020-05-21,7.8418,36.8,22.51,3.81,0.0,8.0664
2020-05-22,7.7321,36.21,29.52,4.24,0.0,8.1161
2020-05-23,8.0071,36.0,33.31,3.42,0.0,8.1252
2020-05-24,7.807,36.84,28.87,3.07,0.0,7.9841
2020-05-25,7.5994,36.73,29.51,3.23,0.0,8.0472
2020-05-26,7.9886,36.58,33.06,4.03,0.0,8.0978
2020-05-27,7.8019,36.29,41.47,5.28,0.0,7.8528
2020-05-28,7.1863,36.18,44.73,5.9,0.0,7.5062
2020-05-29,6.9557,34.65,51.28,5.15,0.0,7.3697
2020-05-30,6.7826,34.98,48.19,3.37,0.21,7.1182
2020-05-31,6.7872,34.53,43.68,3.05,0.07,7.1784
2020-06-01,7.0985,34.24,45.29,2.88,0.06,7.4206
2020-06-02,7.1366,34.89,43.29,2.6,0.04,7.625
2020-06-03,6.3833,34.89,39.87,3.15,0.35,7.3718
2020-06-04,6.8287,35.01,37.65,2.67,0.85,7.2634
2020-06-05,6.8028,33.55,51.98,4.4,2.02,7.4558
2020-06-06,6.9389,31.8,62.04,4.01,4.96,7.4131
2020-06-07,5.6129,31.22,63.28,2.98,5.41,7.5221
2020-06-08,6.4003,31.29,60.55,3.11,7.59,7.4719
2020-06-09,7.1801,30.62,63.28,2.99,14.63,7.4758
2020-06-10,6.0259,31.35,69.02,2.32,27.62,6.9845
2020-06-11,4.7957,32.11,66.2,2.04,8.55,7.2206
2020-06-12,6.15,31.27,68.96,2.19,10.56,6.8244
2020-06-13,5.1317,29.38,81.27,1.51,35.7,6.9293
2020-06-14,3.7058,31.06,72.65,1.22,12.47,6.8837
2020-06-15,6.2988,31.55,72.32,2.05,0.41,7.0404
2020-06-16,6.1397,33.14,65.36,3.48,1.58,7.2619
2020-06-17,5.7413,31.97,67.88,3.89,0.94,7.1374
2020-06-18,6.3091,31.63,68.38,4.0,0.01,7.409
2020-06-19,6.5215,32.25,67.19,4.23,0.0,7.363
2020-06-20,6.8172,32.14,67.44,4.09,1.75,7.1662
2020-06-21,6.5743,31.79,68.15,3.77,0.5,7.2113
2020-06-22,6.984,31.92,65.35,3.59,1.1,7.7506
2020-06-23,6.0986,32.1,63.36,3.48,0.04,7.0762
2020-06-24,4.5852,31.03,70.21,2.29,4.62,6.7034
2020-06-25,4.2228,31.21,70.4,2.58,2.22,6.6586
2020-06-26,5.5807,31.24,68.35,2.69,0.88,6.8786
2020-06-27,5.8939,32.84,61.29,3.39,0.08,7.1134
2020-06-28,6.8381,32.64,62.12,3.44,0.42,7.2031
2020-06-29,6.3221,32.29,64.55,2.7,0.21,7.1942
2020-06-30,3.6358,31.58,66.62,1.96,2.2,6.9629
2020-07-01,5.7631,31.77,65.95,3.05,0.25,6.6857
2020-07-02,6.0643,31.97,63.21,3.12,0.31,6.7622
2020-07-03,6.1594,31.6,69.45,3.07,10.78,7.147
2020-07-04,4.5754,30.22,77.12,1.91,8.62,6.8196
2020-07-05,4.5593,30.76,71.94,2.33,3.79,6.1721
2020-07-06,2.7814,28.42,83.74,5.14,12.12,6.8556
2020-07-07,3.8302,30.07,75.17,4.63,1.56,7.0884
2020-07-08,4.1988,30.2,75.09,5.09,7.16,7.1726
2020-07-09,5.4979,30.63,73.16,4.22,7.15,7.2989
2020-07-10,4.9291,30.53,75.12,4.41,8.78,7.1551
2020-07-11,4.3193,30.2,77.65,4.45,5.74,7.0498
2020-07-12,4.1988,29.6,79.24,3.82,14.65,7.297
2020-07-13,5.4029,29.91,76.03,3.01,4.27,7.3282
2020-07-14,5.8843,29.91,77.77,2.0,2.76,7.1602
2020-07-15,5.1833,29.95,78.54,1.94,7.82,6.7087
2020-07-16,5.0474,28.95,84.53,2.07,26.11,6.4421
2020-07-17,4.3824,29.47,78.33,3.08,2.59,6.4567
2020-07-18,6.2342,30.08,77.21,3.42,0.54,7.4078
2020-07-19,5.6731,30.75,74.3,3.36,0.13,7.2617
2020-07-20,5.1842,30.31,74.61,3.42,2.51,7.0166
2020-07-21,5.7425,30.48,72.8,3.68,0.57,7.1066
2020-07-22,5.9981,30.41,73.07,2.45,0.31,7.1328
2020-07-23,5.9434,30.46,73.88,2.96,4.71,7.1434
2020-07-24,5.5186,29.9,77.62,2.24,10.68,7.0416
2020-07-25,5.7938,29.67,79.93,1.39,10.4,6.9857
2020-07-26,5.6976,28.7,80.92,2.39,9.53,6.9739
2020-07-27,6.2604,30.11,75.34,2.26,0.06,7.249
2020-07-28,5.2898,30.02,76.99,2.83,0.55,7.2955
2020-07-29,5.4984,29.38,79.23,2.17,0.69,6.9706
2020-07-30,5.1053,30.03,76.64,1.84,9.75,7.0829
2020-07-31,5.5522,29.49,80.11,1.85,4.64,6.7399
2020-08-01,5.3988,30.0,78.3,1.98,0.87,6.8254
2020-08-02,5.4454,29.37,80.02,1.94,0.21,6.601
2020-08-03,5.4852,30.25,75.95,2.18,0.78,6.8088
2020-08-04,5.9542,30.66,76.55,0.77,2.16,6.6919
2020-08-05,4.0176,31.38,74.96,2.37,7.14,6.384
2020-08-06,2.7919,30.31,79.3,2.6,3.61,7.0495
2020-08-07,4.6985,29.43,80.45,4.09,9.4,7.1741
2020-08-08,4.8065,29.5,80.53,3.48,20.02,6.8388
2020-08-09,2.6856,29.03,83.27,3.48,19.12,6.8858
2020-08-10,3.2453,28.91,83.83,2.59,28.67,6.7006
2020-08-11,4.5691,28.4,85.34,3.18,12.17,6.2957
2020-08-12,2.677,27.78,89.65,3.96,19.35,6.3494
2020-08-13,2.3614,27.85,90.49,3.79,69.53,5.8937
2020-08-14,3.7193,28.03,89.14,3.04,22.59,6.5208
2020-08-15,2.9873,28.14,86.32,3.0,8.36,6.647
2020-08-16,2.8037,28.3,87.42,3.75,6.49,6.4469
2020-08-17,3.4154,27.72,90.51,2.6,38.55,6.5047
2020-08-18,3.2683,27.74,90.3,3.58,16.99,6.7082
2020-08-19,4.1609,27.62,90.71,3.45,12.92,6.7608
2020-08-20,3.2059,27.81,89.57,2.12,5.16,6.7183
2020-08-21,4.0488,27.97,88.96,1.47,24.52,6.6418
2020-08-22,2.3515,27.62,91.8,1.95,20.58,6.7649
2020-08-23,1.0135,26.77,93.86,5.03,43.68,7.0344
2020-08-24,2.4432,26.63,93.63,4.32,38.4,7.031
2020-08-25,3.9922,27.39,88.69,4.7,6.63,6.7531
2020-08-26,4.5269,27.41,87.29,3.54,6.86,6.5734
2020-08-27,4.6987,27.21,87.88,2.99,3.63,6.5705
2020-08-28,3.9566,27.37,88.92,2.57,2.19,6.6252
2020-08-29,4.7479,27.46,89.87,1.8,8.12,6.678
2020-08-30,1.7746,26.43,93.17,3.5,41.21,6.822
2020-08-31,3.2662,26.31,90.35,4.31,15.87,6.75
2020-09-01,4.4407,27.38,86.88,2.33,3.06,6.2866
2020-09-02,5.0388,27.66,82.44,1.54,1.47,6.2616
2020-09-03,4.6229,26.91,85.77,0.88,0.82,6.4522
2020-09-04,5.1989,28.17,81.04,1.11,0.94,6.4181
2020-09-05,5.8781,28.63,80.59,1.05,5.69,6.4474
2020-09-06,4.2773,28.4,84.64,1.32,4.75,6.6758
2020-09-07,6.1226,28.34,85.37,1.65,1.16,6.6106
2020-09-08,5.755,28.24,84.37,1.77,0.03,6.3972
2020-09-09,5.1216,28.65,82.27,1.15,5.5,6.1505
2020-09-10,6.0053,28.66,84.73,1.54,5.79,6.3989
2020-09-11,5.2637,28.63,83.24,1.37,22.51,6.2016
2020-09-12,5.2063,29.23,80.51,0.63,18.61,6.0794
2020-09-13,4.9558,28.52,85.48,0.94,6.03,6.0629
2020-09-14,4.0114,28.15,88.15,1.35,0.67,5.7876
2020-09-15,4.7434,27.38,91.22,1.84,0.96,5.8774
2020-09-16,4.4527,27.61,90.44,1.64,3.32,5.8178
2020-09-17,4.3073,27.68,87.51,2.05,0.83,5.7026
2020-09-18,4.5514,27.9,85.75,1.8,0.61,5.4533
2020-09-19,4.8437,28.12,86.22,1.3,5.27,5.2272
2020-09-20,5.034,28.18,87.43,1.53,2.92,5.8807
2020-09-21,5.4094,28.26,88.53,1.82,5.27,6.0259
2020-09-22,5.6702,29.03,84.02,1.95,0.27,5.808
2020-09-23,4.5427,28.23,88.81,1.41,2.63,6.0338
2020-09-24,6.0478,28.1,88.86,1.98,0.3,6.2806
2020-09-25,5.3796,28.09,86.62,1.82,0.17,5.8793
2020-09-26,4.5686,27.0,85.93,2.27,1.12,5.5483
2020-09-27,5.5618,26.33,79.74,1.59,0.66,6.2568
2020-09-28,5.7845,26.92,76.96,0.79,6.03,6.1841
2020-09-29,5.7823,26.65,80.89,1.48,1.24,6.0706
2020-09-30,5.6942,26.94,83.39,1.49,5.25,6.0353
2020-10-01,6.1015,27.49,81.28,1.64,0.56,6.2544
2020-10-02,6.3454,27.4,82.42,1.47,0.0,6.3804
2020-10-03,6.1471,27.07,81.14,1.41,0.0,6.2491
2020-10-04,5.933,26.33,80.19,1.71,0.0,6.0948
2020-10-05,6.2462,27.11,79.82,1.69,0.0,6.2976
2020-10-06,6.3274,27.09,74.5,1.4,0.0,6.3785
2020-10-07,6.2273,26.74,77.48,1.48,0.0,6.251
2020-10-08,6.1891,26.62,70.75,1.33,0.0,6.2098
2020-10-09,6.0185,27.01,65.56,1.24,0.0,6.0574
2020-10-10,5.8817,27.59,65.15,1.15,0.0,5.8841
2020-10-11,5.7602,28.06,63.07,0.91,0.0,5.8265
2020-10-12,5.742,27.69,62.1,1.06,0.0,5.784
2020-10-13,5.5817,26.39,64.21,1.4,0.0,5.6578
2020-10-14,4.8694,26.33,71.24,1.86,0.1,4.9099
2020-10-15,4.583,27.42,87.51,2.03,0.05,4.7575
2020-10-16,4.7419,27.33,87.09,2.64,0.25,5.1365
2020-10-17,4.1743,28.39,83.29,1.53,0.53,5.0402
2020-10-18,4.2463,28.17,86.62,1.07,8.04,4.9884
2020-10-19,4.7568,28.08,86.57,0.98,0.22,5.0851
2020-10-20,4.5641,28.21,84.64,1.13,0.41,4.7335
2020-10-21,4.6164,28.48,82.12,0.88,0.16,4.6574
2020-10-22,5.6035,27.16,68.56,1.71,0.05,5.6198
2020-10-23,5.826,25.63,50.67,0.78,0.0,5.827
2020-10-24,5.8949,24.65,60.39,1.02,0.0,5.9038
2020-10-25,5.472,25.32,65.01,0.99,0.0,5.6628
2020-10-26,5.7689,24.94,60.4,1.03,0.0,5.7727
2020-10-27,5.3582,24.47,58.29,1.05,0.0,5.4074
2020-10-28,5.339,24.42,53.37,0.93,0.0,5.339
2020-10-29,5.2805,23.78,58.3,0.91,0.0,5.2822
2020-10-30,5.0278,24.21,59.73,1.2,0.0,5.028
2020-10-31,4.763,23.8,61.84,1.46,0.0,4.7669
2020-11-01,4.805,22.39,58.64,1.41,0.0,4.8178
2020-11-02,4.8017,22.24,61.63,1.28,0.0,4.8084
2020-11-03,5.0942,23.29,56.97,1.2,0.0,5.1041
2020-11-04,5.4266,23.1,51.95,1.1,0.0,5.4288
2020-11-05,5.297,22.7,58.99,1.07,0.0,5.3462
2020-11-06,5.2164,22.72,63.81,1.25,0.0,5.2294
2020-11-07,4.9805,21.65,65.45,1.64,0.0,4.9958
2020-11-08,4.6627,21.04,67.99,1.86,0.0,4.6639
2020-11-09,4.6094,20.77,66.72,1.48,0.0,4.625
2020-11-10,4.5451,21.26,62.29,1.58,0.0,4.5454
2020-11-11,3.9746,20.39,60.19,1.65,0.0,3.9751
2020-11-12,4.1626,18.9,69.75,2.07,0.0,4.1899
2020-11-13,4.6543,21.3,68.32,1.84,0.0,4.6548
2020-11-14,4.4273,24.66,74.03,1.64,0.0,4.4323
2020-11-15,4.301,25.22,71.37,1.09,0.0,4.5029
2020-11-16,4.7107,23.44,61.14,1.53,0.0,4.7263
2020-11-17,4.4239,21.21,64.59,1.75,0.0,4.4299
2020-11-18,4.1208,20.27,65.69,1.6,0.0,4.373
2020-11-19,4.4138,19.17,61.51,2.05,0.0,4.639
2020-11-20,4.4184,18.57,59.92,2.23,0.0,4.4834
2020-11-21,4.4786,18.46,60.27,2.25,0.0,4.5266
2020-11-22,4.5833,18.76,59.9,1.99,0.0,4.5845
2020-11-23,4.5454,19.63,59.09,1.61,0.0,4.5634
2020-11-24,4.7554,20.94,54.47,1.19,0.0,4.7604
2020-11-25,3.9862,22.38,57.81,1.09,0.02,4.1143
2020-11-26,3.7375,22.65,65.09,1.83,0.02,3.7418
2020-11-27,4.3565,20.75,59.0,3.38,0.0,4.3627
2020-11-28,4.705,19.82,58.31,2.89,0.0,4.7052
2020-11-29,4.5166,21.45,60.85,2.37,0.0,4.5242
2020-11-30,4.5353,23.46,60.93,1.72,0.0,4.5374
2020-12-01,4.547,23.13,54.38,1.82,0.0,4.5799
2020-12-02,4.5931,22.18,50.23,1.86,0.0,4.626
2020-12-03,4.711,22.69,47.45,1.41,0.0,4.7126
2020-12-04,4.6068,23.34,49.55,1.37,0.0,4.639
2020-12-05,4.6178,23.5,45.75,1.0,0.0,4.6181
2020-12-06,4.5149,23.25,47.82,1.42,0.0,4.5151
2020-12-07,4.4294,23.2,47.16,1.28,0.0,4.4772
2020-12-08,4.525,22.73,49.97,1.44,0.0,4.5286
2020-12-09,4.4016,22.98,51.65,1.39,0.0,4.4102
2020-12-10,4.2206,23.53,55.47,1.48,0.09,4.2442
2020-12-11,2.1391,21.2,81.24,1.15,4.12,3.9571
2020-12-12,3.2162,21.79,72.43,1.05,0.43,3.8131
2020-12-13,3.4198,21.06,57.44,1.31,0.0,3.5633
2020-12-14,2.7725,20.86,70.81,1.27,0.0,2.9549
2020-12-15,3.2604,20.01,69.69,1.76,0.0,3.4178
2020-12-16,3.7694,19.21,64.74,1.99,0.0,3.787
2020-12-17,3.9624,18.66,56.4,2.25,0.0,3.9626
2020-12-18,4.3555,18.3,53.56,1.92,0.0,4.356
2020-12-19,4.4954,18.91,47.76,2.28,0.0,4.5518
2020-12-20,4.1441,18.77,43.05,2.09,0.0,4.6298
2020-12-21,4.6272,19.49,44.09,1.84,0.0,4.645
2020-12-22,4.3678,19.21,40.61,1.51,0.0,4.6171
2020-12-23,4.4518,19.0,43.12,1.35,0.0,4.4921
2020-12-24,4.5012,19.31,44.02,1.34,0.0,4.5017
2020-12-25,4.2245,20.27,48.39,2.23,0.0,4.2574
2020-12-26,4.1386,20.47,50.56,1.75,0.0,4.1395
2020-12-27,4.3529,19.35,45.08,2.23,0.0,4.3874
2020-12-28,4.8962,13.95,32.1,1.91,0.0,4.937
2020-12-29,4.8343,14.34,32.55,2.37,0.0,4.8389
2020-12-30,4.429,15.34,36.51,2.43,0.0,4.4328
2020-12-31,3.1426,18.11,48.36,2.41,0.0,3.1462
2021-01-01,2.9878,20.42,58.02,1.57,0.0,3.0077
2021-01-02,3.1298,19.02,42.78,1.69,0.0,3.2767
2021-01-03,3.3497,17.59,43.14,1.53,0.0,3.4469
2021-01-04,2.5301,18.98,43.78,1.52,0.0,2.7154
2021-01-05,3.21,18.28,48.36,1.82,0.0,3.2806
2021-01-06,3.4901,17.34,52.47,2.12,0.0,3.4927
2021-01-07,3.336,18.37,49.5,1.9,0.0,3.4217
2021-01-08,2.676,19.98,44.32,2.37,0.0,3.0492
2021-01-09,2.0861,20.96,55.05,2.07,0.0,2.7523
2021-01-10,3.3125,21.62,64.39,1.9,0.0,3.5189
2021-01-11,4.2413,21.86,50.78,1.92,0.0,4.2485
2021-01-12,4.609,20.38,47.19,1.94,0.0,4.6255
2021-01-13,4.7743,19.84,40.93,1.7,0.0,4.9519
2021-01-14,4.7844,20.7,33.25,1.88,0.0,4.9085
2021-01-15,4.6949,21.09,34.96,1.31,0.0,4.6968
2021-01-16,4.3834,22.12,38.42,1.43,0.0,4.3843
2021-01-17,4.3829,23.3,36.03,1.27,0.0,4.3934
2021-01-18,4.4623,21.61,37.28,1.31,0.0,4.4645
2021-01-19,4.3985,19.61,42.03,1.48,0.0,4.3997
2021-01-20,4.5382,19.58,39.98,1.25,0.0,4.5439
2021-01-21,4.9066,21.27,36.76,1.45,0.0,4.9123
2021-01-22,4.9169,21.6,34.37,1.25,0.0,4.9644
2021-01-23,4.5161,20.61,49.4,1.62,0.0,4.8962
2021-01-24,5.1156,17.82,24.94,1.73,0.0,5.125
2021-01-25,5.1173,16.49,26.26,2.34,0.0,5.1204
2021-01-26,5.2718,16.91,28.56,2.06,0.0,5.2769
2021-01-27,5.2536,16.93,29.72,2.07,0.0,5.2615
2021-01-28,5.4242,17.02,28.94,1.92,0.0,5.4264
2021-01-29,5.5111,17.45,26.39,2.33,0.0,5.5178
2021-01-30,5.4662,18.11,25.57,2.03,0.0,5.472
2021-01-31,5.4958,19.99,20.73,1.59,0.0,5.4998
2021-02-01,5.4893,21.04,20.9,1.63,0.0,5.4907
2021-02-02,5.3431,22.54,24.55,1.42,0.0,5.3801
2021-02-03,4.6625,22.72,33.03,1.27,0.0,4.9178
2021-02-04,5.0921,21.21,37.39,2.02,0.0,5.0933
2021-02-05,5.4139,20.11,27.13,2.24,0.0,5.4163
2021-02-06,5.6174,19.6,25.39,2.62,0.0,5.6383
2021-02-07,5.6642,20.28,24.76,2.2,0.0,5.6957
2021-02-08,5.6657,21.41,20.95,1.75,0.0,5.73
2021-02-09,4.9421,22.98,21.0,1.1,0.0,5.683
2021-02-10,5.3587,22.96,23.81,1.31,0.0,5.6741
2021-02-11,4.721,23.17,25.23,1.2,0.0,5.7641
2021-02-12,5.4732,24.31,22.38,1.48,0.0,5.5147
2021-02-13,5.4192,24.59,22.85,1.45,0.0,5.4228
2021-02-14,5.4595,23.35,34.96,1.75,0.0,5.4667
2021-02-15,5.256,22.74,46.46,1.84,0.0,5.4036
2021-02-16,5.8063,23.22,40.63,1.52,0.0,5.8066
2021-02-17,5.887,24.44,26.02,1.07,0.0,5.9054
2021-02-18,5.7991,24.59,22.4,1.77,0.0,5.813
2021-02-19,5.6354,24.36,28.06,2.25,0.0,5.6378
2021-02-20,5.9424,25.01,25.52,2.23,0.0,5.9808
2021-02-21,5.8582,25.9,20.17,1.77,0.0,5.8608
2021-02-22,5.9947,26.42,19.5,1.16,0.0,6.0065
2021-02-23,5.9234,26.41,19.24,1.45,0.0,5.9671
2021-02-24,5.9546,26.04,28.0,1.66,0.0,6.0454
2021-02-25,6.2868,25.75,34.48,1.83,0.0,6.3463
2021-02-26,6.1428,26.74,40.11,2.22,0.0,6.2215
2021-02-27,6.042,27.82,43.87,2.76,0.0,6.1423
2021-02-28,6.0396,27.65,41.9,2.22,0.0,6.1219
2021-03-01,6.5796,26.78,25.52,2.48,0.0,6.6199
2021-03-02,6.6766,26.08,12.0,1.5,0.0,6.745
2021-03-03,6.7906,26.71,10.6,1.54,0.0,6.8321
2021-03-04,6.667,27.15,19.29,1.72,0.0,6.6974
2021-03-05,6.5585,29.66,25.46,1.64,0.0,6.6127
2021-03-06,6.5426,29.69,25.49,1.7,0.0,6.5952
2021-03-07,6.6564,28.37,33.98,2.22,0.0,6.6617
2021-03-08,6.5098,27.92,40.73,1.57,0.0,6.6154
2021-03-09,6.4306,28.71,29.42,1.96,0.0,6.6432
2021-03-10,6.6732,28.63,31.5,2.14,0.0,6.7078
2021-03-11,6.2851,28.14,31.32,2.13,0.0,6.3715
2021-03-12,6.1195,27.54,34.37,2.08,0.0,6.3041
2021-03-13,6.7951,29.33,20.14,1.52,0.0,6.8988
2021-03-14,6.7637,29.16,16.24,2.2,0.0,6.8798
2021-03-15,6.5232,29.4,20.0,2.0,0.0,6.6854
2021-03-16,6.3511,29.88,19.4,2.19,0.0,6.5717
2021-03-17,6.3084,30.01,21.34,1.99,0.0,6.5314
2021-03-18,5.411,30.37,20.42,1.99,0.0,6.3698
2021-03-19,6.1718,28.92,25.71,1.96,0.0,6.3883
2021-03-20,6.3734,30.28,21.3,1.01,0.0,6.5172
2021-03-21,6.5278,30.26,28.43,1.5,0.0,6.6727
2021-03-22,6.5448,30.69,26.01,1.79,0.0,6.673
2021-03-23,6.551,30.26,25.94,1.65,0.09,6.6377
2021-03-24,6.6895,30.06,18.94,1.54,0.0,6.9972
2021-03-25,6.93,29.8,12.93,2.42,0.0,7.2941
2021-03-26,7.0925,30.53,14.98,2.08,0.0,7.3102
2021-03-27,7.0382,31.75,15.33,1.46,0.0,7.2218
2021-03-28,7.0843,32.14,16.05,2.13,0.0,7.2833
2021-03-29,7.369,31.67,24.82,2.56,0.0,7.4827
2021-03-30,7.1162,31.23,36.77,2.82,0.0,7.3555
2021-03-31,6.7889,31.59,34.65,2.96,0.0,7.001
2021-04-01,7.6164,30.42,22.54,2.23,0.0,7.8643
2021-04-02,7.3769,29.78,24.32,1.68,0.0,7.6716
2021-04-03,7.3176,30.8,28.54,1.93,0.0,7.5972
2021-04-04,7.1911,31.39,29.31,1.88,0.0,7.3922
2021-04-05,7.3133,32.2,30.6,2.21,0.0,7.4179
2021-04-06,7.4244,32.66,27.6,2.41,0.0,7.5403
2021-04-07,7.4378,31.54,33.76,2.31,0.0,7.5703
2021-04-08,7.3145,31.95,21.66,2.25,0.0,7.3817
2021-04-09,7.283,32.09,11.27,1.33,0.0,7.5053
2021-04-10,7.2516,32.26,11.06,1.37,0.0,7.5007
2021-04-11,7.3037,33.27,13.96,1.27,0.0,7.4873
2021-04-12,7.2154,32.78,21.1,1.74,0.0,7.3385
2021-04-13,6.9538,32.8,20.74,2.59,0.0,7.1177
2021-04-14,7.0406,32.74,18.88,1.3,0.0,7.237
2021-04-15,7.2754,32.31,23.89,2.2,0.0,7.4076
2021-04-16,7.3111,31.94,36.66,2.57,0.0,7.4767
2021-04-17,7.2178,32.18,40.15,2.57,0.0,7.279
2021-04-18,7.3018,33.58,27.95,2.09,0.0,7.475
2021-04-19,7.1676,33.78,23.32,2.14,0.0,7.4234
2021-04-20,5.5135,31.83,34.05,2.91,0.0,7.1182
2021-04-21,7.2674,31.79,33.46,2.96,0.0,7.4902
2021-04-22,7.381,32.88,31.2,2.63,0.0,7.5146
2021-04-23,7.4304,32.73,30.86,2.68,0.0,7.5902
2021-04-24,5.2949,32.56,38.77,1.51,0.0,6.9634
2021-04-25,7.3699,34.63,26.79,1.01,0.0,7.5535
2021-04-26,7.5461,34.85,21.99,2.02,0.0,7.7215
2021-04-27,7.3738,35.32,26.76,2.27,0.02,7.6075
2021-04-28,6.5803,35.35,27.69,2.19,0.13,7.3886
2021-04-29,6.5009,35.6,27.94,2.63,0.0,7.1671
2021-04-30,7.0008,34.88,24.97,2.41,0.0,7.1762
2021-05-01,6.007,34.26,26.56,2.1,0.01,7.0097
2021-05-02,6.7778,34.88,22.16,2.49,0.0,7.5084
2021-05-03,7.261,34.4,23.86,2.55,0.0,7.7196
2021-05-04,7.5372,33.76,27.57,2.95,0.0,7.6358
2021-05-05,7.6188,33.62,28.61,2.66,0.0,7.6958
2021-05-06,7.6195,34.73,33.05,2.63,0.0,7.6915
2021-05-07,7.4371,34.8,30.12,1.89,0.0,7.6159
2021-05-08,6.5602,35.94,29.54,2.13,0.0,7.2595
2021-05-09,6.1169,36.67,31.31,2.85,0.0,7.0164
2021-05-10,7.7393,35.34,33.49,3.43,0.0,7.7969
2021-05-11,7.8413,34.54,37.53,3.07,0.0,7.9342
2021-05-12,7.691,34.41,39.31,3.21,0.0,7.7369
2021-05-13,7.3483,34.52,40.7,3.63,0.0,7.5605
2021-05-14,7.2077,34.47,39.58,2.86,0.0,7.3723
2021-05-15,6.2045,36.28,34.76,2.04,0.0,7.2919
2021-05-16,4.8876,37.93,27.26,3.16,1.51,7.1033
2021-05-17,3.809,34.23,48.61,4.79,13.52,7.2725
2021-05-18,1.9217,27.59,82.37,8.84,48.8,7.6663
2021-05-19,4.518,29.92,65.44,5.49,6.76,7.5019
2021-05-20,7.4837,32.36,49.34,2.52,0.0,7.6538
2021-05-21,7.4952,32.43,49.15,3.23,0.0,7.793
2021-05-22,7.1004,32.51,51.6,3.22,0.0,7.62
2021-05-23,6.2585,32.15,54.81,2.68,0.02,6.8791
2021-05-24,6.9432,33.14,50.89,2.74,0.0,7.3351
2021-05-25,7.6073,33.91,45.91,3.72,0.0,7.7794
2021-05-26,6.6948,33.53,53.16,3.98,0.0,7.542
2021-05-27,6.9127,33.86,54.12,3.74,0.0,7.386
2021-05-28,7.057,34.46,53.54,3.88,0.02,7.3939
2021-05-29,7.0138,34.7,52.02,3.75,0.02,7.513
2021-05-30,7.38,34.71,48.1,3.64,0.0,7.4926
2021-05-31,6.847,33.58,49.66,3.67,0.0,7.3786
2021-06-01,7.2756,33.25,52.33,4.14,0.0,7.6382
2021-06-02,7.423,33.62,52.76,3.7,0.03,7.5715
2021-06-03,7.4957,33.79,50.85,2.86,0.05,7.6346
2021-06-04,7.3721,32.35,57.3,2.94,12.24,7.5454
2021-06-05,7.3154,32.07,58.69,3.47,5.1,7.4827
2021-06-06,6.4997,32.88,53.96,3.14,0.23,7.4386
2021-06-07,7.0968,33.45,54.2,3.25,0.23,7.4465
2021-06-08,7.284,34.4,51.0,4.28,0.0,7.6116
2021-06-09,7.001,34.6,50.21,4.44,0.01,7.7642
2021-06-10,6.8434,35.04,48.34,4.49,0.01,7.8146
2021-06-11,6.5498,35.14,50.28,4.64,0.02,7.8948
2021-06-12,6.7901,35.57,49.71,4.49,0.0,7.7042
2021-06-13,6.1428,35.04,51.16,4.36,0.0,7.5691
2021-06-14,6.6449,35.08,49.32,4.22,0.0,7.2922
2021-06-15,6.851,35.06,49.14,5.26,0.01,7.1918
2021-06-16,5.4218,33.26,57.49,4.76,14.01,6.906
2021-06-17,5.6981,30.95,71.11,3.16,29.43,6.906
2021-06-18,4.8475,28.98,80.57,3.57,30.5,6.9737
2021-06-19,2.7881,28.39,81.02,3.96,15.01,6.7632
2021-06-20,2.9741,28.75,77.38,3.71,12.71,6.2868
2021-06-21,3.4944,29.77,74.01,3.07,8.27,6.5345
2021-06-22,5.4408,30.05,71.35,3.0,6.32,6.6958
2021-06-23,5.3894,30.35,68.7,2.9,0.21,6.162
2021-06-24,5.4106,29.34,71.31,3.76,4.13,6.6048
2021-06-25,5.9086,30.63,67.0,3.39,1.11,6.629
2021-06-26,6.0492,31.08,64.45,2.83,0.19,6.7858
2021-06-27,6.7349,29.9,70.86,2.73,3.84,7.247
2021-06-28,3.5827,29.62,75.41,2.49,21.35,7.013
2021-06-29,6.085,30.54,71.47,2.54,0.19,7.0046
2021-06-30,6.2606,31.33,66.98,3.89,0.14,7.261
2021-07-01,5.8766,31.61,64.53,4.76,0.09,7.2902
2021-07-02,5.2632,31.41,64.81,5.06,0.0,6.7978
2021-07-03,5.4358,31.22,63.74,4.41,0.01,6.8134
2021-07-04,5.893,31.34,62.44,3.4,0.0,6.6682
2021-07-05,6.3295,31.59,60.32,2.8,0.01,6.9634
2021-07-06,6.7471,31.92,60.09,2.87,0.06,7.0685
2021-07-07,6.7318,31.97,56.62,3.37,0.0,7.1933
2021-07-08,5.9875,31.8,57.55,3.57,0.0,7.4575
2021-07-09,6.7985,31.71,62.15,3.29,0.08,7.2902
2021-07-10,5.6395,31.6,64.25,2.45,2.07,6.481
2021-07-11,4.524,28.71,81.68,3.0,22.6,6.5074
2021-07-12,4.9308,30.34,79.13,2.02,7.11,6.8038
2021-07-13,6.1315,30.45,73.86,4.26,5.3,7.3154
2021-07-14,5.993,30.79,71.76,2.44,0.81,7.302
2021-07-15,5.7898,31.8,72.03,1.9,3.66,7.243
2021-07-16,5.8498,31.29,72.04,4.06,1.11,7.4009
2021-07-17,5.8966,31.32,71.41,2.88,0.86,7.367
2021-07-18,3.6389,30.07,74.6,3.83,1.83,7.1966
2021-07-19,4.1904,30.63,70.11,4.33,1.36,7.0589
2021-07-20,2.5994,29.75,71.52,5.6,4.01,6.425
2021-07-21,2.9537,30.43,68.63,5.65,0.54,5.7782
2021-07-22,4.5881,31.91,64.3,3.83,0.11,5.9906
2021-07-23,2.8697,30.88,68.12,3.21,0.36,5.7425
2021-07-24,3.8983,30.22,72.51,3.62,9.28,6.4896
2021-07-25,1.6598,28.54,83.21,4.09,29.86,6.954
2021-07-26,2.5798,27.3,82.96,4.67,17.28,6.5309
2021-07-27,2.6203,28.07,79.22,4.82,4.9,6.5664
2021-07-28,2.545,28.69,75.8,5.53,1.26,6.5102
2021-07-29,1.5209,28.54,75.36,5.1,5.11,6.047
2021-07-30,2.6825,28.75,74.7,5.15,1.55,6.1025
2021-07-31,2.6784,28.99,72.82,5.43,1.43,5.8565
2021-08-01,3.7805,28.57,73.94,5.01,1.38,6.1397
2021-08-02,2.2457,29.44,71.87,4.16,1.43,5.928
2021-08-03,3.3439,28.58,75.32,4.11,0.9,6.515
2021-08-04,3.9984,29.9,70.85,4.05,0.33,6.4714
2021-08-05,4.0322,29.7,69.74,3.43,0.04,6.6257
2021-08-06,4.3246,30.26,66.9,3.17,0.16,6.7063
2021-08-07,4.8079,30.92,65.16,2.86,0.02,6.4342
2021-08-08,5.1499,30.77,65.69,2.69,0.06,6.407
2021-08-09,5.1854,30.91,62.47,3.13,0.0,6.3874
2021-08-10,4.878,29.78,64.07,3.39,0.42,6.8546
2021-08-11,4.423,30.17,63.67,3.35,0.45,7.0368
2021-08-12,4.9788,29.9,64.8,3.36,0.05,6.9948
2021-08-13,5.2577,30.34,65.47,3.47,0.03,6.9101
2021-08-14,4.787,30.81,60.96,3.58,0.01,6.8321
2021-08-15,5.1338,31.01,60.93,3.14,0.0,7.0262
2021-08-16,5.9438,31.0,60.76,2.39,0.0,6.8162
2021-08-17,6.4937,30.57,66.36,2.47,10.04,6.7066
2021-08-18,4.8288,29.54,68.23,2.82,1.41,6.6401
2021-08-19,4.1974,29.6,66.27,3.11,1.53,6.007
2021-08-20,3.1498,29.67,66.64,2.33,1.32,6.5345
2021-08-21,1.9174,28.55,72.93,2.58,2.94,6.3499
2021-08-22,4.2943,29.17,70.7,2.8,0.37,6.0643
2021-08-23,5.1761,30.6,66.55,3.49,0.02,6.3046
2021-08-24,4.8631,30.83,63.9,3.55,0.01,6.6857
2021-08-25,4.8751,30.86,62.05,3.99,0.03,6.7339
2021-08-26,5.0304,30.71,61.71,3.91,0.01,6.48
2021-08-27,5.2562,30.77,61.76,3.2,0.0,6.2225
2021-08-28,5.0314,30.3,61.8,2.46,0.05,6.0929
2021-08-29,5.3489,30.23,61.95,2.23,3.53,6.1282
2021-08-30,4.0284,30.28,64.3,2.13,4.13,6.1723
2021-08-31,3.7481,29.64,71.94,2.24,14.21,6.337
2021-09-01,3.678,28.6,82.64,1.23,13.55,5.9962
2021-09-02,4.0738,28.9,81.16,3.58,10.31,6.3859
2021-09-03,4.6231,29.44,76.44,4.05,1.6,6.3816
2021-09-04,5.0381,29.82,72.46,3.31,0.54,6.5393
2021-09-05,4.4971,29.26,72.52,2.08,1.24,6.3209
2021-09-06,4.7153,30.52,69.4,1.51,0.52,5.9911
2021-09-07,4.3332,29.92,76.22,1.73,7.16,5.863
2021-09-08,4.6968,30.13,79.23,1.59,12.43,6.403
2021-09-09,1.4134,27.59,88.8,3.08,16.32,6.3074
2021-09-10,1.8665,27.65,87.68,2.58,17.99,6.0554
2021-09-11,3.7879,27.6,87.75,2.25,17.69,6.306
2021-09-12,3.1853,27.83,87.39,3.19,15.55,6.4262
2021-09-13,5.0167,27.88,89.71,3.17,10.0,6.3223
2021-09-14,4.6066,27.91,90.37,2.45,4.51,6.4142
2021-09-15,4.5175,28.2,86.62,2.27,6.85,6.1296
2021-09-16,5.0081,28.24,84.01,2.28,15.94,6.5134
2021-09-17,5.0962,28.25,83.13,2.52,6.39,6.5021
2021-09-18,3.8683,28.12,83.62,2.36,3.72,6.1651
2021-09-19,3.3667,27.73,87.48,1.77,20.23,6.1169
2021-09-20,3.505,27.93,86.54,2.4,13.53,6.0922
2021-09-21,4.2374,27.35,88.62,2.69,9.45,5.8745
2021-09-22,3.9617,27.33,87.08,2.19,6.25,6.0413
2021-09-23,4.38,27.81,86.57,1.88,4.46,5.6218
2021-09-24,4.4542,28.12,84.04,1.38,0.88,5.6498
2021-09-25,4.3812,27.8,85.05,1.69,5.85,5.8538
2021-09-26,3.5076,27.12,87.42,1.71,7.98,5.7758
2021-09-27,2.9155,27.69,86.09,1.69,12.17,5.9266
2021-09-28,5.442,28.31,85.18,1.52,11.44,6.1668
2021-09-29,3.1754,27.4,90.25,3.48,8.25,6.0994
2021-09-30,4.2463,26.97,88.06,3.39,11.04,5.9885
2021-10-01,5.7715,27.74,82.94,1.13,0.35,5.9875
2021-10-02,5.5896,27.87,81.54,1.09,2.18,5.904
2021-10-03,5.7408,27.74,81.87,1.54,1.0,5.9806
2021-10-04,5.7802,27.81,82.61,1.73,0.1,6.0739
2021-10-05,5.8234,28.56,77.42,1.22,0.0,6.0396
2021-10-06,5.5855,29.05,75.23,1.46,0.69,5.8342
2021-10-07,5.2658,29.7,77.17,0.96,0.06,5.8481
2021-10-08,5.6122,29.7,78.05,0.77,1.23,5.7912
2021-10-09,5.0066,28.59,82.56,1.34,3.07,5.5056
2021-10-10,4.4863,28.32,82.1,1.32,0.77,5.3006
2021-10-11,4.8648,28.36,80.46,1.36,0.48,5.2154
2021-10-12,5.3928,28.59,73.81,1.37,2.1,5.533
2021-10-13,5.7293,28.49,58.77,1.41,0.04,5.8284
2021-10-14,5.9182,28.1,57.08,1.32,0.0,6.0079
2021-10-15,6.0252,27.12,59.15,1.08,0.0,6.0804
2021-10-16,5.9614,26.24,59.43,1.0,0.0,5.9695
2021-10-17,4.7376,25.79,69.62,1.07,0.09,5.3023
2021-10-18,5.6935,24.36,64.85,1.92,0.01,5.7103
2021-10-19,5.6719,23.57,71.07,1.9,0.0,5.675
2021-10-20,5.6926,24.94,70.03,1.16,0.0,5.7
2021-10-21,5.7098,24.91,69.75,1.38,0.0,5.7953
2021-10-22,5.7902,24.01,73.99,1.7,0.0,5.8001
2021-10-23,5.5246,24.02,75.04,1.94,0.0,5.8493
2021-10-24,4.7335,25.19,77.29,1.9,0.0,5.2702
2021-10-25,4.7928,25.74,74.42,0.76,0.0,4.9908
2021-10-26,5.0014,26.64,63.01,0.69,0.0,5.1353
2021-10-27,5.1828,26.09,63.72,1.53,0.0,5.2627
2021-10-28,5.4744,24.71,64.87,2.12,0.0,5.4744
2021-10-29,5.5522,23.43,57.64,2.12,0.0,5.556
2021-10-30,5.4994,22.98,56.96,1.97,0.0,5.5075
2021-10-31,5.3904,22.45,58.1,1.76,0.0,5.4389
2021-11-01,5.1665,23.05,59.11,1.31,0.0,5.2428
2021-11-02,5.2056,22.86,60.97,2.06,0.0,5.215
2021-11-03,5.1492,22.63,57.32,2.03,0.0,5.1869
2021-11-04,5.1389,22.51,52.0,1.77,0.0,5.1487
2021-11-05,4.5823,22.53,55.98,2.12,0.0,4.9925
2021-11-06,3.9377,22.32,57.72,1.94,0.0,4.6097
2021-11-07,4.6536,22.91,59.09,2.1,0.0,4.6673
2021-11-08,4.7676,23.32,58.32,2.28,0.0,4.848
2021-11-09,4.902,23.54,57.36,1.86,0.0,4.9037
2021-11-10,4.735,23.39,56.49,1.86,0.0,4.8816
2021-11-11,4.8149,22.85,53.6,1.68,0.0,4.8845
2021-11-12,4.3358,21.96,53.92,1.99,0.0,4.489
2021-11-13,4.0368,21.57,53.49,2.44,0.0,4.0702
2021-11-14,3.9677,21.37,52.7,2.14,0.0,3.9689
2021-11-15,4.0438,20.88,51.2,2.15,0.0,4.0445
2021-11-16,4.055,21.39,51.94,2.88,0.0,4.1474
2021-11-17,2.651,23.03,56.48,2.75,0.0,3.715
2021-11-18,1.416,24.44,67.19,2.58,4.32,3.7716
2021-11-19,1.9349,24.07,82.1,1.62,2.33,3.5165
2021-11-20,3.5059,26.44,74.76,1.43,1.82,3.7812
2021-11-21,3.4788,27.18,70.26,2.22,0.0,3.6322
2021-11-22,3.7378,27.24,66.99,1.63,0.0,3.7529
2021-11-23,4.6464,25.86,52.78,1.43,0.0,4.6471
2021-11-24,4.3901,24.01,40.25,1.13,0.0,4.5576
2021-11-25,4.8972,24.67,36.88,1.11,0.0,4.9219
2021-11-26,4.9051,24.39,50.12,1.27,0.0,4.9121
2021-11-27,4.8199,24.75,52.46,1.06,0.0,4.8269
2021-11-28,4.615,23.39,60.09,1.84,0.0,4.6248
2021-11-29,4.279,23.0,51.34,2.44,0.0,4.4131
2021-11-30,3.349,22.6,54.27,2.73,0.0,4.1957
2021-12-01,1.4482,20.3,79.8,2.28,5.0,3.6533
2021-12-02,1.6447,19.84,78.03,2.13,1.67,3.907
2021-12-03,3.6046,20.2,64.41,2.63,0.12,4.0471
2021-12-04,3.5134,21.9,63.67,1.71,0.13,3.7195
2021-12-05,3.3336,23.4,65.83,1.3,0.0,3.4942
2021-12-06,3.7886,23.56,60.83,1.49,0.0,3.81
2021-12-07,3.6576,22.79,61.33,2.31,0.0,3.667
2021-12-08,3.5318,21.79,56.47,1.87,0.0,3.5724
2021-12-09,3.6331,21.59,55.54,1.62,0.0,3.6334
2021-12-10,3.8758,21.15,55.49,2.09,0.0,4.0534
2021-12-11,4.2146,20.5,51.51,1.76,0.0,4.2149
2021-12-12,3.965,20.55,57.47,1.48,0.0,4.0277
2021-12-13,3.1342,21.25,56.17,1.21,0.0,3.6478
2021-12-14,3.9571,20.32,36.69,1.44,0.0,4.0094
2021-12-15,3.8597,19.94,41.77,1.53,0.0,3.9802
2021-12-16,4.111,18.89,32.51,1.91,0.0,4.1347
2021-12-17,3.5366,16.78,41.43,2.3,0.0,3.541
2021-12-18,3.7462,17.3,46.03,2.67,0.0,3.7471
2021-12-19,4.5062,17.16,39.86,2.49,0.0,4.5094
2021-12-20,4.7801,18.24,35.18,1.74,0.0,4.7825
2021-12-21,4.6903,18.98,36.72,1.21,0.0,4.7539
2021-12-22,4.6042,19.76,33.22,1.13,0.0,4.6092
2021-12-23,4.399,21.4,48.34,1.12,0.0,4.403
2021-12-24,3.594,22.01,62.91,1.23,0.0,4.0834
2021-12-25,3.93,22.12,56.02,0.99,0.0,3.9715
2021-12-26,3.9182,22.01,38.67,1.17,0.0,4.0536
2021-12-27,3.1906,22.38,45.08,0.98,0.0,3.8244
2021-12-28,2.3047,20.32,61.93,2.08,1.56,3.3742
2021-12-29,3.8465,18.08,60.28,2.06,0.04,3.8594
2021-12-30,4.1803,17.79,54.21,3.16,0.0,4.1839
2021-12-31,3.3629,18.85,53.01,2.72,0.0,3.4646
2022-01-01,3.342,19.72,62.31,2.0,0.0,3.5222
2022-01-02,3.744,21.63,63.47,1.63,0.0,3.7774
2022-01-03,3.8568,22.73,58.91,1.64,0.0,3.8854
2022-01-04,3.6094,23.7,54.8,1.21,0.0,3.7805
2022-01-05,2.3354,23.64,54.69,1.29,0.25,3.534
2022-01-06,1.5046,21.64,61.67,1.36,1.47,3.7946
2022-01-07,3.2952,21.87,61.81,2.42,0.05,3.7418
2022-01-08,4.7443,18.26,54.26,2.69,0.0,4.8674
2022-01-09,5.1161,16.24,45.36,2.0,0.0,5.1173
2022-01-10,5.1113,15.51,46.0,1.9,0.0,5.1113
2022-01-11,4.975,15.16,46.03,2.39,0.0,4.9752
2022-01-12,4.649,14.97,45.84,1.95,0.0,4.7378
2022-01-13,4.7628,15.52,44.96,2.2,0.0,4.763
2022-01-14,4.8401,16.19,42.61,2.12,0.0,4.8413
2022-01-15,4.6382,16.5,47.66,2.3,0.0,4.709
2022-01-16,4.4717,17.8,50.96,2.3,0.0,4.4736
2022-01-17,4.283,19.9,51.14,1.83,0.0,4.3838
2022-01-18,4.8463,21.13,42.93,1.85,0.0,4.8727
2022-01-19,4.8228,20.94,42.57,1.6,0.0,4.8967
2022-01-20,4.4926,22.05,56.05,2.25,0.0,4.8288
2022-01-21,3.8054,22.41,58.71,2.14,0.0,4.5802
2022-01-22,4.1971,20.79,54.35,3.88,0.01,4.8926
2022-01-23,4.4496,14.72,31.67,1.66,0.0,4.6037
2022-01-24,5.1007,14.87,31.37,1.38,0.0,5.1024
2022-01-25,5.2822,15.48,35.26,1.4,0.0,5.2886
2022-01-26,5.4211,16.55,32.47,1.71,0.0,5.43
2022-01-27,5.3628,16.4,37.1,2.12,0.0,5.4058
2022-01-28,5.4679,17.65,31.93,2.2,0.0,5.4751
2022-01-29,5.3954,19.0,28.26,1.45,0.0,5.4521
2022-01-30,5.4708,20.02,26.86,1.4,0.0,5.5058
2022-01-31,5.2742,20.83,46.92,1.39,0.0,5.31
2022-02-01,4.9944,22.96,51.88,1.53,0.0,5.2783
2022-02-02,5.4175,22.87,32.87,1.49,0.0,5.4682
2022-02-03,5.075,20.28,48.18,2.84,0.0,5.1773
2022-02-04,5.4698,19.81,27.88,1.17,0.0,5.4799
2022-02-05,5.4823,19.82,36.9,1.2,0.0,5.5313
2022-02-06,5.5198,21.03,33.07,1.63,0.0,5.5267
2022-02-07,5.5718,21.14,42.96,1.51,0.0,5.5963
2022-02-08,5.461,21.91,43.37,1.5,0.0,5.4713
2022-02-09,5.1859,21.98,42.49,1.97,0.0,5.2375
2022-02-10,5.6902,21.67,36.08,2.51,0.0,5.6947
2022-02-11,5.9364,21.41,33.92,2.21,0.0,5.9383
2022-02-12,5.9525,21.75,24.14,1.38,0.0,5.9573
2022-02-13,5.893,22.69,18.91,1.35,0.0,5.9042
2022-02-14,5.5805,23.01,20.32,1.36,0.0,5.5865
2022-02-15,5.2608,22.69,22.37,1.37,0.0,5.2925
2022-02-16,5.5572,23.71,26.81,1.4,0.0,5.5795
2022-02-17,5.7725,24.07,25.41,1.31,0.0,5.7773
2022-02-18,5.3585,24.58,27.35,1.46,0.0,5.4521
2022-02-19,5.7607,24.72,23.74,1.86,0.0,5.7626
2022-02-20,6.2347,24.2,19.75,1.77,0.0,6.245
2022-02-21,6.1075,24.47,23.95,1.57,0.0,6.1157
2022-02-22,6.0907,24.84,45.72,1.88,0.0,6.1922
2022-02-23,6.2333,24.75,41.1,1.83,0.0,6.2465
2022-02-24,6.1466,25.84,22.12,1.22,0.0,6.1486
2022-02-25,6.2645,26.04,18.66,1.45,0.0,6.2892
2022-02-26,6.1675,25.08,32.24,1.51,0.0,6.1709
2022-02-27,6.1949,25.76,22.24,1.45,0.0,6.1961
2022-02-28,6.0917,25.86,28.45,1.87,0.0,6.1034
2022-03-01,6.0242,27.24,23.19,1.32,0.0,6.1529
2022-03-02,6.2234,26.98,21.05,1.47,0.0,6.3079
2022-03-03,6.3432,26.54,27.48,2.61,0.0,6.5513
2022-03-04,6.5616,25.3,21.53,2.45,0.0,6.7668
2022-03-05,6.4488,26.08,18.82,2.07,0.0,6.7709
2022-03-06,6.2518,27.09,15.07,1.7,0.0,6.5789
2022-03-07,5.9599,28.14,15.84,1.79,0.0,6.0377
2022-03-08,4.5192,28.68,16.34,1.5,0.0,4.8122
2022-03-09,5.2807,28.98,19.62,1.15,0.06,5.371
2022-03-10,6.1495,29.02,20.02,1.36,0.07,6.1997
2022-03-11,6.4709,29.42,19.61,1.72,0.0,6.6125
2022-03-12,6.5479,29.85,16.82,1.1,0.0,6.81
2022-03-13,6.6562,30.49,15.82,1.23,0.0,6.8424
2022-03-14,6.6828,30.77,17.21,1.47,0.0,6.7733
2022-03-15,6.7622,31.11,17.83,2.36,0.0,6.9658
2022-03-16,6.9672,31.06,17.61,2.81,0.0,7.0913
2022-03-17,6.8988,31.32,18.23,2.84,0.0,7.0358
2022-03-18,6.8434,31.85,16.33,3.21,0.0,7.0944
2022-03-19,6.665,31.42,17.97,3.01,0.0,6.7999
2022-03-20,6.4378,30.58,27.89,3.41,0.0,6.4999
2022-03-21,6.1531,30.48,18.66,2.86,0.0,6.6067
2022-03-22,6.2928,30.82,17.24,3.06,0.0,6.6504
2022-03-23,5.5968,30.94,17.6,3.01,0.0,6.2798
2022-03-24,5.887,30.83,23.76,2.92,0.0,6.2004
2022-03-25,6.3103,30.97,26.94,2.42,0.0,6.6526
2022-03-26,6.641,32.22,23.51,1.94,0.0,6.8671
2022-03-27,6.8904,32.64,20.39,2.14,0.0,7.0654
2022-03-28,7.0262,32.16,17.93,2.44,0.0,7.2302
2022-03-29,7.265,32.17,21.09,3.1,0.0,7.3699
2022-03-30,7.1513,31.51,25.26,1.81,0.0,7.2139
2022-03-31,7.1933,31.45,34.47,1.65,0.0,7.2583
2022-04-01,7.1822,32.02,26.11,1.85,0.0,7.261
2022-04-02,7.1453,32.63,23.47,1.77,0.0,7.2943
2022-04-03,7.3282,32.76,23.73,2.17,0.0,7.422
2022-04-04,7.1779,33.01,23.16,2.33,0.0,7.4604
2022-04-05,7.0488,34.14,20.52,2.67,0.0,7.1467
2022-04-06,7.1594,34.24,15.14,2.65,0.0,7.2746
2022-04-07,6.8952,34.67,18.06,3.08,0.0,7.2518
2022-04-08,6.5054,35.42,16.93,3.16,0.0,7.277
2022-04-09,6.8777,34.54,19.08,2.92,0.0,7.3812
2022-04-10,6.9055,33.63,19.79,2.51,0.0,7.4993
2022-04-11,6.6206,33.51,23.97,2.7,0.0,7.1302
2022-04-12,6.8887,33.01,21.77,2.56,0.0,7.1827
2022-04-13,7.6183,32.55,25.7,2.64,0.0,7.6752
2022-04-14,7.5067,32.72,31.54,2.76,0.0,7.6745
2022-04-15,7.4134,32.5,35.78,2.97,0.0,7.5142
2022-04-16,7.4021,33.13,36.79,2.99,0.0,7.5194
2022-04-17,7.369,32.79,32.77,2.36,0.0,7.5665
2022-04-18,7.4542,32.81,31.46,2.1,0.0,7.657
2022-04-19,7.7419,33.18,24.05,2.63,0.0,7.8754
2022-04-20,6.0506,33.81,26.43,3.15,0.0,7.367
2022-04-21,7.0769,35.17,20.88,2.88,0.0,7.2415
2022-04-22,7.5919,34.1,22.19,2.64,0.0,7.6817
2022-04-23,7.5038,34.23,19.57,2.67,0.0,7.7534
2022-04-24,7.8058,34.33,20.48,3.63,0.0,7.9466
2022-04-25,7.5041,33.69,21.91,3.5,0.0,8.0986
2022-04-26,7.1316,33.82,27.05,2.47,0.0,7.8924
2022-04-27,7.8298,35.09,24.76,2.5,0.0,7.9548
2022-04-28,7.8569,35.5,26.54,2.74,0.0,7.9925
2022-04-29,7.9205,36.09,22.4,3.62,0.0,8.0222
2022-04-30,7.4455,35.82,31.77,3.91,0.0,7.5396
2022-05-01,7.3289,35.55,33.85,3.34,0.0,7.4928
2022-05-02,7.5161,36.1,29.46,3.25,0.0,7.7321
2022-05-03,7.6915,35.07,25.58,2.92,0.0,7.7686
2022-05-04,7.4098,34.9,28.13,2.33,0.0,7.5192
2022-05-05,7.4244,34.09,33.21,2.15,0.0,7.5734
2022-05-06,7.4695,35.33,30.75,2.44,0.0,7.4993
2022-05-07,6.8669,35.73,25.46,2.54,0.0,7.1575
2022-05-08,7.4633,36.45,26.01,2.94,0.0,7.4753
2022-05-09,7.4702,36.26,26.03,3.68,0.0,7.7386
2022-05-10,7.3582,36.69,31.64,3.75,0.0,7.6241
2022-05-11,7.5372,37.96,24.83,3.11,0.0,7.7026
2022-05-12,7.3061,38.72,19.76,4.16,0.0,7.3762
2022-05-13,7.5185,36.83,29.88,3.23,0.0,7.6032
2022-05-14,7.6248,36.35,35.63,3.2,0.0,7.7527
2022-05-15,7.6999,36.19,37.64,3.6,0.0,7.7837
2022-05-16,7.5706,35.1,37.59,3.75,0.0,7.6178
2022-05-17,7.135,34.49,37.15,3.12,0.0,7.4218
2022-05-18,6.4769,34.54,34.25,2.37,0.0,6.6818
2022-05-19,7.2708,36.18,33.42,2.56,0.0,7.3284
2022-05-20,7.475,36.11,33.61,4.17,0.0,7.6498
2022-05-21,6.9708,33.42,46.5,5.84,0.0,7.319
2022-05-22,6.5498,34.05,47.58,5.74,0.0,7.433
2022-05-23,4.6807,34.64,45.99,5.67,0.0,6.1522
2022-05-24,6.0641,34.68,45.1,3.74,0.0,6.7896
2022-05-25,6.7934,34.84,42.38,3.31,0.0,7.1066
2022-05-26,7.171,34.75,43.48,4.22,0.0,7.6001
2022-05-27,6.6413,34.48,44.79,5.39,0.0,7.6123
2022-05-28,6.6134,34.61,43.84,5.36,0.0,7.0882
2022-05-29,5.8507,34.12,47.05,5.14,0.0,6.8986
2022-05-30,6.6665,34.65,45.64,4.57,0.0,7.2725
2022-05-31,6.9358,34.76,42.01,3.9,0.0,7.3726
2022-06-01,7.7546,34.8,39.52,3.43,0.0,7.7887
2022-06-02,7.5055,35.33,38.29,4.07,0.0,7.6272
2022-06-03,7.4549,35.25,38.45,4.29,0.0,7.7414
2022-06-04,7.9126,35.05,36.09,4.12,0.0,7.9574
2022-06-05,7.639,34.72,36.87,2.77,0.0,7.7299
2022-06-06,7.5091,35.47,34.07,3.49,0.0,7.7741
2022-06-07,7.5017,34.75,37.7,3.68,0.01,7.5576
2022-06-08,7.2012,34.91,45.99,4.63,0.09,7.44
2022-06-09,7.3198,35.25,46.05,4.53,0.0,7.571
2022-06-10,7.536,35.45,44.81,4.33,0.0,7.6817
2022-06-11,7.2581,35.61,44.97,4.16,0.08,7.4486
2022-06-12,6.4721,33.6,52.08,3.78,2.15,7.1364
2022-06-13,4.2948,32.96,52.45,3.74,1.08,7.0752
2022-06-14,6.5918,33.39,49.6,4.44,0.27,7.572
2022-06-15,6.3278,34.16,52.31,4.51,0.24,7.5118
2022-06-16,6.0101,33.61,53.1,4.43,0.28,7.158
2022-06-17,6.2834,33.55,55.64,4.8,1.3,7.225
2022-06-18,6.0542,33.35,56.06,4.94,0.62,7.446
2022-06-19,5.9047,32.33,63.28,4.45,2.97,7.158
2022-06-20,5.6539,33.35,57.06,5.19,0.64,6.9206
2022-06-21,5.7334,33.5,53.69,4.97,0.3,6.3905
2022-06-22,6.3154,33.67,52.31,2.38,1.77,6.9053
2022-06-23,5.4338,32.42,58.91,2.39,8.26,6.7219
2022-06-24,6.9182,33.16,55.27,2.95,0.08,7.0884
2022-06-25,7.0632,34.97,50.15,3.19,0.0,7.11
2022-06-26,6.3542,33.97,53.96,3.36,4.94,6.912
2022-06-27,4.3747,32.58,58.35,3.81,0.29,6.3826
2022-06-28,4.4542,31.53,61.54,3.91,0.4,6.427
2022-06-29,5.4269,32.58,58.64,4.12,0.14,6.577
2022-06-30,5.4089,32.07,63.84,4.16,10.99,6.6384
2022-07-01,4.6462,29.76,77.5,3.86,15.85,6.6062
2022-07-02,3.5582,29.73,74.88,3.11,8.7,6.4642
2022-07-03,4.6553,29.99,75.15,3.86,9.8,6.5539
2022-07-04,5.2459,30.63,69.85,2.94,2.78,7.1599
2022-07-05,4.447,30.48,73.04,2.74,4.53,7.2266
2022-07-06,4.9387,30.37,73.15,3.63,4.68,7.2545
2022-07-07,4.8907,30.34,72.68,2.81,4.35,6.9782
2022-07-08,2.993,29.37,79.53,3.86,21.4,6.8122
2022-07-09,3.9857,28.46,83.23,4.46,17.36,7.0488
2022-07-10,4.7038,27.98,85.47,3.79,41.41,7.2091
2022-07-11,4.0157,27.94,86.11,3.65,23.93,7.1731
2022-07-12,4.6385,27.7,86.22,3.57,7.61,7.1832
2022-07-13,4.4935,28.35,86.06,2.83,20.39,6.9502
2022-07-14,3.2131,28.24,86.14,1.94,6.15,7.0094
2022-07-15,4.207,28.57,85.31,3.4,20.88,7.2384
2022-07-16,4.7268,28.87,82.37,4.89,7.43,7.235
2022-07-17,5.1242,28.95,81.97,3.77,4.19,7.194
2022-07-18,3.1663,28.18,83.1,2.84,10.86,7.1251
2022-07-19,1.3699,27.12,88.24,4.16,11.88,6.9036
2022-07-20,4.4623,28.33,84.32,3.64,15.21,6.8657
2022-07-21,4.3649,28.49,81.61,3.8,1.39,6.8239
2022-07-22,4.3073,27.76,84.54,3.04,2.32,6.8734
2022-07-23,3.5148,27.8,86.44,3.01,26.85,6.9737
2022-07-24,2.7288,27.85,86.31,3.85,15.47,6.9154
2022-07-25,3.1838,27.5,84.78,3.08,20.76,6.8566
2022-07-26,2.4461,26.75,88.55,2.9,24.66,6.727
2022-07-27,4.0709,27.66,84.59,2.48,10.06,6.5832
2022-07-28,4.7503,28.34,83.77,2.18,6.72,6.8707
2022-07-29,5.1684,27.25,86.47,2.56,21.86,6.6497
2022-07-30,5.3582,27.98,83.77,2.61,3.33,6.8201
2022-07-31,4.1206,27.36,85.65,2.72,1.52,6.6324
2022-08-01,3.5062,28.3,82.35,3.13,2.27,6.7349
2022-08-02,4.6538,28.36,83.79,2.66,1.44,6.8016
2022-08-03,4.5478,28.43,84.04,1.58,9.47,6.4661
2022-08-04,3.0912,29.0,82.05,1.24,4.28,6.4445
2022-08-05,4.3735,27.6,88.03,1.01,37.28,6.732
2022-08-06,5.227,28.46,84.98,1.32,4.81,6.8822
2022-08-07,5.0167,28.16,86.6,1.46,1.32,6.6377
2022-08-08,3.2374,27.93,89.2,1.39,4.15,6.5002
2022-08-09,3.3418,29.46,85.0,1.17,3.5,6.6931
2022-08-10,4.0082,28.77,86.91,1.2,8.13,6.8868
2022-08-11,3.2064,28.22,87.23,2.73,11.22,6.9235
2022-08-12,3.6264,28.04,86.35,4.99,22.65,7.1023
2022-08-13,4.7347,27.82,85.04,4.3,4.14,7.0183
2022-08-14,4.1186,27.48,84.94,3.74,1.79,6.7243
2022-08-15,3.343,26.55,89.99,2.42,9.6,6.8542
2022-08-16,1.7827,26.66,91.34,3.86,46.31,7.1112
2022-08-17,2.6638,26.6,90.46,5.02,10.34,7.1184
2022-08-18,3.7841,27.25,87.22,4.08,6.69,6.8412
2022-08-19,4.1926,27.94,85.73,2.98,4.79,6.4152
2022-08-20,4.3169,27.15,87.4,2.43,1.71,6.258
2022-08-21,4.2552,27.2,87.01,2.56,0.98,6.4082
2022-08-22,3.7166,26.82,87.51,3.47,1.99,6.2174
2022-08-23,1.5235,26.17,91.89,4.06,22.42,6.955
2022-08-24,2.0184,27.36,85.99,3.78,5.97,6.443
2022-08-25,5.1566,26.98,84.81,2.41,3.84,6.5801
2022-08-26,5.7374,26.94,82.1,1.8,1.87,6.6965
2022-08-27,5.3964,26.82,82.35,1.84,0.06,6.575
2022-08-28,5.1096,26.61,81.94,1.93,0.01,6.3943
2022-08-29,4.0728,26.89,83.97,1.4,0.0,6.289
2022-08-30,5.1922,28.27,76.83,0.6,1.71,6.1207
2022-08-31,5.6916,29.31,76.01,0.74,0.33,6.348
2022-09-01,2.7451,27.89,85.89,1.7,1.57,6.4351
2022-09-02,5.0422,28.01,86.01,1.38,0.29,6.4222
2022-09-03,6.0912,28.71,83.47,1.62,0.01,6.6024
2022-09-04,5.7158,28.08,84.19,2.79,0.0,6.8494
2022-09-05,5.2289,27.75,83.1,2.32,0.0,6.6511
2022-09-06,5.7874,28.04,78.03,1.43,0.0,6.5434
2022-09-07,6.2261,28.64,78.08,1.12,0.02,6.6746
2022-09-08,5.8795,28.99,81.6,2.01,1.01,6.295
2022-09-09,5.4605,28.93,86.12,1.94,1.61,5.8608
2022-09-10,4.0483,29.06,85.9,1.02,6.69,5.5111
2022-09-11,4.9013,28.42,90.44,1.92,10.16,5.4818
2022-09-12,2.8889,27.81,91.71,2.06,25.19,6.2611
2022-09-13,5.0371,27.67,91.69,2.45,3.93,6.485
2022-09-14,3.9799,26.73,91.85,1.96,21.87,6.1978
2022-09-15,3.5328,26.76,94.25,2.42,7.01,6.0624
2022-09-16,4.7988,27.64,86.55,2.95,0.62,6.0343
2022-09-17,5.9729,27.44,84.8,2.23,0.1,6.18
2022-09-18,6.1841,27.27,81.67,1.45,0.0,6.3636
2022-09-19,6.0583,26.92,84.82,2.14,0.0,6.426
2022-09-20,6.1049,27.04,83.62,2.66,0.0,6.2906
2022-09-21,6.221,26.48,83.39,2.59,0.0,6.2791
2022-09-22,5.261,26.22,84.93,3.29,0.0,6.0694
2022-09-23,4.2509,25.75,84.84,3.26,0.0,6.0876
2022-09-24,5.0741,26.26,83.42,2.69,0.01,6.2539
2022-09-25,5.8476,26.31,82.73,1.91,0.0,6.2897
2022-09-26,4.8468,26.9,82.64,1.47,0.06,6.0029
2022-09-27,5.088,26.9,81.98,1.52,0.05,5.9578
2022-09-28,5.4778,26.81,83.92,1.95,0.27,5.9748
2022-09-29,5.6321,26.79,83.41,2.18,0.49,5.9254
2022-09-30,6.1061,26.52,80.4,1.75,0.27,6.1133
2022-10-01,6.2976,26.46,79.8,1.86,0.0,6.3254
2022-10-02,6.1332,26.68,80.01,1.84,0.0,6.4154
2022-10-03,6.1392,26.93,77.77,1.58,0.0,6.4243
2022-10-04,6.3391,27.5,76.09,1.76,0.0,6.3679
2022-10-05,5.9066,27.04,72.82,2.03,0.01,6.0122
2022-10-06,2.8094,27.21,74.97,1.38,6.06,5.6407
2022-10-07,3.3996,26.23,85.71,1.74,20.34,5.7838
2022-10-08,4.1419,26.78,79.34,1.58,3.88,5.4084
2022-10-09,4.5314,27.59,81.32,1.48,1.11,5.4271
2022-10-10,4.6954,28.32,77.0,1.24,0.17,5.6402
2022-10-11,5.8037,28.44,68.7,0.72,0.09,5.987
2022-10-12,5.7487,27.4,68.29,1.07,0.1,6.0732
2022-10-13,6.2321,26.13,64.35,1.59,0.0,6.2494
2022-10-14,6.227,25.2,69.11,1.5,0.0,6.2398
2022-10-15,6.2138,25.43,65.0,1.32,0.0,6.217
2022-10-16,6.024,23.81,67.88,1.86,0.0,6.0802
2022-10-17,5.9388,23.48,67.85,1.94,0.0,5.9813
2022-10-18,5.9921,24.53,62.41,1.52,0.0,5.999
2022-10-19,5.8322,25.14,63.42,1.29,0.0,5.833
2022-10-20,5.5754,24.74,69.69,1.42,0.0,5.6719
2022-10-21,5.7898,25.37,70.02,1.85,0.0,5.7902
2022-10-22,5.779,23.7,70.14,2.53,0.0,5.7811
2022-10-23,5.5836,23.85,60.62,1.17,0.0,5.687
2022-10-24,5.5834,24.36,54.01,1.39,0.0,5.7264
2022-10-25,5.79,24.98,54.76,1.58,0.0,5.7905
2022-10-26,5.7074,25.06,60.58,0.74,0.0,5.7094
2022-10-27,5.5166,25.31,55.74,1.13,0.0,5.5687
2022-10-28,5.4346,26.14,50.68,0.97,0.0,5.4778
2022-10-29,5.1886,25.99,54.02,1.16,0.0,5.4091
2022-10-30,5.4523,26.42,50.37,0.98,0.0,5.461
2022-10-31,5.0952,24.59,56.76,1.57,0.0,5.2452
2022-11-01,5.1046,23.72,64.77,1.61,0.0,5.1137
2022-11-02,5.2075,25.02,58.6,1.22,0.0,5.209
2022-11-03,5.1794,26.07,48.49,0.89,0.0,5.1811
2022-11-04,5.3678,26.42,46.21,0.92,0.0,5.3681
2022-11-05,5.3064,27.07,42.11,0.78,0.0,5.3064
2022-11-06,4.8384,27.11,43.35,1.16,0.0,5.101
2022-11-07,4.6298,27.48,47.05,0.8,0.0,4.7026
2022-11-08,4.4813,26.59,48.8,1.11,0.0,4.5038
2022-11-09,4.728,25.76,49.73,1.06,0.0,4.7333
2022-11-10,4.9486,24.73,50.78,1.3,0.0,4.9486
2022-11-11,4.7114,24.53,52.08,1.44,0.0,4.7338
2022-11-12,4.524,23.96,57.25,1.6,0.0,4.5245
2022-11-13,4.5379,22.94,56.97,1.77,0.0,4.5384
2022-11-14,4.44,23.23,56.88,1.21,0.0,4.4402
2022-11-15,4.5281,23.6,59.15,1.24,0.0,4.5283
2022-11-16,4.7544,23.82,53.77,1.55,0.0,4.7544
2022-11-17,4.907,23.04,45.76,1.95,0.0,4.908
2022-11-18,5.0614,21.91,46.34,1.56,0.0,5.0638
2022-11-19,5.1,21.63,48.44,1.6,0.0,5.1
2022-11-20,5.0213,22.01,46.75,1.47,0.0,5.0222
2022-11-21,4.8185,21.49,50.03,1.88,0.0,4.8194
2022-11-22,4.9102,21.34,48.49,1.67,0.0,4.9142
2022-11-23,4.7844,21.61,47.2,1.36,0.0,4.8989
2022-11-24,5.0278,21.39,47.54,1.65,0.0,5.0359
2022-11-25,5.07,20.35,45.44,2.16,0.0,5.0712
2022-11-26,5.0522,20.96,43.95,2.05,0.0,5.058
2022-11-27,4.9733,21.33,45.64,1.47,0.0,4.9819
2022-11-28,4.8367,21.67,44.92,1.31,0.0,4.8398
2022-11-29,4.531,21.39,50.81,1.78,0.0,4.5799
2022-11-30,4.3906,21.51,50.4,2.14,0.0,4.3954
2022-12-01,4.4482,20.79,53.42,1.98,0.0,4.4484
2022-12-02,4.4287,21.29,52.32,1.23,0.0,4.429
2022-12-03,4.003,21.09,43.85,1.39,0.0,4.3174
2022-12-04,4.0862,21.1,44.11,1.36,0.0,4.0963
2022-12-05,4.128,21.09,40.79,1.74,0.0,4.1633
2022-12-06,3.8021,22.18,50.98,1.54,0.0,3.8038
2022-12-07,4.4064,21.7,52.86,1.96,0.0,4.4098
2022-12-08,4.8305,20.28,42.99,2.24,0.0,4.8305
2022-12-09,4.813,19.52,43.85,2.1,0.0,4.8132
2022-12-10,4.6714,19.81,47.77,2.2,0.0,4.6726
2022-12-11,4.2338,21.31,58.02,1.83,4.42,4.2893
2022-12-12,4.081,23.51,53.89,1.62,0.0,4.0838
2022-12-13,3.4836,24.68,59.74,2.88,0.06,3.7848
2022-12-14,3.438,23.33,63.19,2.69,1.24,3.9139
2022-12-15,3.9158,23.89,61.07,2.02,0.0,4.181
2022-12-16,4.225,24.86,42.81,1.61,0.0,4.3925
2022-12-17,4.2874,25.19,30.18,1.79,0.0,4.483
2022-12-18,4.391,23.98,40.05,2.17,0.0,4.4798
2022-12-19,4.5175,23.84,41.28,1.82,0.0,4.5276
2022-12-20,4.499,23.26,40.03,1.68,0.0,4.5242
2022-12-21,4.5622,23.06,34.94,1.58,0.0,4.5917
2022-12-22,4.6145,21.55,30.46,1.76,0.0,4.6145
2022-12-23,4.3142,19.38,31.01,1.88,0.0,4.3706
2022-12-24,4.2178,17.39,36.89,1.81,0.0,4.2226
2022-12-25,4.2691,18.16,42.03,2.21,0.0,4.2732
2022-12-26,4.105,18.63,41.2,1.91,0.0,4.1054
2022-12-27,4.2984,19.49,42.9,1.94,0.0,4.2994
2022-12-28,4.6937,20.39,38.07,1.69,0.0,4.6958
2022-12-29,4.4897,21.0,42.41,1.41,0.0,4.5168
2022-12-30,4.4143,21.96,45.31,1.43,0.0,4.5089
2022-12-31,4.4508,19.85,42.46,2.13,0.0,4.4585
2023-01-01,4.3966,18.32,37.05,1.83,0.0,4.3992
2023-01-02,4.5079,18.14,38.78,1.8,0.0,4.519
2023-01-03,4.4791,17.74,41.05,2.17,0.0,4.4878
2023-01-04,4.6553,16.67,35.14,3.31,0.0,4.6553
2023-01-05,3.9542,17.09,42.78,3.23,0.0,3.9749
2023-01-06,3.2311,20.23,51.66,2.6,0.0,3.2316
2023-01-07,3.8222,22.14,55.25,2.0,0.0,3.8227
2023-01-08,4.4345,21.77,47.69,1.57,0.0,4.4354
2023-01-09,4.597,21.05,40.88,1.48,0.0,4.6092
2023-01-10,4.5677,21.9,43.31,1.27,0.0,4.5756
2023-01-11,4.6877,21.78,37.47,1.63,0.0,4.7131
2023-01-12,4.2295,21.56,60.88,1.96,0.0,4.5576
2023-01-13,4.8221,18.21,34.5,1.6,0.0,4.8242
2023-01-14,4.9711,16.29,28.65,2.01,0.0,5.0282
2023-01-15,5.2625,15.97,25.0,2.16,0.0,5.2627
2023-01-16,5.2296,15.95,22.21,1.8,0.0,5.2327
2023-01-17,4.9615,16.73,21.75,2.02,0.0,5.0678
2023-01-18,5.0182,18.16,22.61,2.21,0.0,5.0702
2023-01-19,4.8859,20.01,27.25,2.02,0.0,4.9469
2023-01-20,4.8458,20.46,29.68,1.61,0.0,4.8478
2023-01-21,4.7328,18.68,29.0,1.94,0.0,4.733
2023-01-22,4.8334,17.56,33.1,2.07,0.0,4.835
2023-01-23,4.3819,16.66,38.44,2.03,0.0,4.3889
2023-01-24,4.1059,16.31,42.98,1.78,0.0,4.134
2023-01-25,4.7983,16.75,30.04,2.4,0.0,4.7988
2023-01-26,4.5134,17.13,21.11,2.68,0.0,4.5146
2023-01-27,4.1146,19.14,30.54,3.08,0.0,4.1182
2023-01-28,4.1177,22.42,40.44,2.13,1.58,4.2206
2023-01-29,2.8363,22.56,56.35,1.56,1.35,3.9662
2023-01-30,4.207,20.66,47.03,1.55,0.0,4.2857
2023-01-31,4.9654,19.52,40.13,3.04,0.0,4.9661
2023-02-01,5.5951,19.51,35.67,2.95,0.0,5.5966
2023-02-02,5.5596,20.09,26.62,2.45,0.0,5.6218
2023-02-03,5.6935,20.83,25.67,2.07,0.0,5.6964
2023-02-04,5.7235,22.06,22.96,1.84,0.0,5.7312
2023-02-05,5.6616,22.52,22.39,1.62,0.0,5.6626
2023-02-06,5.4504,22.36,30.64,1.67,0.0,5.4754
2023-02-07,5.6834,22.83,32.1,1.58,0.0,5.6954
2023-02-08,5.7974,23.14,20.11,1.64,0.0,5.7994
2023-02-09,5.6906,24.48,19.61,1.5,0.0,5.6935
2023-02-10,5.7962,23.29,37.31,1.87,0.0,5.7979
2023-02-11,5.5762,22.6,50.87,1.8,0.0,5.7986
2023-02-12,5.8006,23.62,27.22,2.21,0.0,5.8075
2023-02-13,6.1462,22.04,14.54,2.0,0.0,6.1493
2023-02-14,6.0276,23.73,12.92,1.63,0.0,6.0338
2023-02-15,6.0842,25.81,16.91,1.87,0.0,6.1298
2023-02-16,6.1085,26.22,18.48,2.07,0.0,6.1834
2023-02-17,6.1963,26.53,16.1,1.77,0.0,6.2148
2023-02-18,6.3158,26.74,18.09,1.71,0.0,6.3166
2023-02-19,6.2839,27.78,15.05,1.35,0.0,6.2926
2023-02-20,6.1778,26.98,12.8,1.52,0.0,6.2786
2023-02-21,6.1212,24.37,38.82,1.82,0.0,6.2494
2023-02-22,5.7226,25.61,42.27,1.68,0.0,5.9206
2023-02-23,6.139,25.62,38.37,1.65,0.0,6.2126
2023-02-24,6.2359,25.97,21.77,1.72,0.0,6.3442
2023-02-25,6.2074,25.76,21.76,1.41,0.0,6.3766
2023-02-26,6.4495,26.02,15.09,1.31,0.0,6.4812
2023-02-27,6.3674,26.56,15.69,1.43,0.0,6.3677
2023-02-28,6.1886,27.48,17.15,1.1,0.0,6.1891
2023-03-01,5.8279,28.49,17.99,1.09,0.0,6.084
2023-03-02,5.7406,29.18,18.36,1.11,0.0,6.155
2023-03-03,5.5956,29.74,19.83,1.51,0.0,5.8195
2023-03-04,5.0143,30.1,20.75,1.35,0.0,5.1607
2023-03-05,5.3119,29.93,24.03,1.76,0.08,5.4878
2023-03-06,5.4758,30.0,24.5,1.38,1.47,5.7504
2023-03-07,5.8058,29.3,29.45,1.01,0.86,6.1973
2023-03-08,6.0996,27.99,26.98,1.43,0.01,6.4642
2023-03-09,6.4404,27.19,26.87,1.81,0.45,6.8102
2023-03-10,6.6312,26.71,23.47,1.72,0.0,6.929
2023-03-11,6.3946,28.38,21.59,1.28,0.0,6.864
2023-03-12,5.2414,28.89,20.12,1.42,0.0,6.4841
2023-03-13,4.7897,30.45,18.66,1.64,0.0,5.6995
2023-03-14,5.7535,29.92,21.39,1.26,0.03,6.2347
2023-03-15,2.5812,28.54,28.33,1.91,0.15,6.1238
2023-03-16,5.4763,28.4,34.5,1.4,0.13,5.9182
2023-03-17,5.0827,28.3,38.06,1.87,1.35,5.3633
2023-03-18,5.4098,28.04,41.71,1.51,1.42,6.0586
2023-03-19,6.1267,27.5,44.42,1.41,5.61,6.2693
2023-03-20,6.047,25.96,52.99,2.59,1.48,6.3756
2023-03-21,6.109,26.38,51.22,1.8,0.35,6.653
2023-03-22,6.0091,27.11,47.36,1.6,0.49,6.415
2023-03-23,6.3487,27.14,48.19,2.06,0.24,6.5827
2023-03-24,6.8316,26.21,52.92,3.24,1.6,7.0106
2023-03-25,6.9576,25.02,49.87,1.8,0.0,7.0716
2023-03-26,6.8172,26.48,40.69,1.9,0.0,7.0025
2023-03-27,6.4896,27.4,36.04,1.79,0.0,7.0632
2023-03-28,6.6679,27.67,31.39,1.63,0.0,7.0111
2023-03-29,5.2248,28.96,35.09,1.91,0.0,6.7277
2023-03-30,5.0297,28.31,42.53,2.75,0.96,6.725
2023-03-31,6.4474,27.33,45.9,2.37,0.01,6.9994
2023-04-01,6.9206,28.8,43.24,2.28,0.0,7.0661
2023-04-02,7.0454,28.75,40.4,1.77,0.0,7.2192
2023-04-03,7.0798,28.94,39.18,2.7,0.0,7.2036
2023-04-04,6.8986,29.09,45.68,2.01,0.0,7.0783
2023-04-05,6.8064,30.2,33.32,1.72,0.0,7.0558
2023-04-06,7.1033,30.03,28.69,2.06,0.0,7.1882
2023-04-07,4.9704,30.42,21.63,1.76,0.0,7.1722
2023-04-08,7.1062,32.18,19.84,1.36,0.0,7.1825
2023-04-09,7.0046,31.93,21.36,1.38,0.0,7.26
2023-04-10,6.9295,32.66,23.63,1.32,0.0,7.1026
2023-04-11,6.8738,33.26,23.49,1.8,0.0,6.9264
2023-04-12,6.9929,32.93,26.1,2.61,0.0,7.2761
2023-04-13,5.3263,32.23,28.38,2.08,0.0,7.1407
2023-04-14,6.7757,32.48,28.91,2.36,0.0,7.3759
2023-04-15,7.3618,32.12,33.36,2.28,0.0,7.6349
2023-04-16,7.5139,31.97,30.05,2.22,0.0,7.7371
2023-04-17,7.2,32.78,30.46,2.07,0.0,7.6594
2023-04-18,6.8302,33.83,26.31,2.49,0.0,7.6253
2023-04-19,6.9629,33.18,25.18,2.73,0.02,7.4698
2023-04-20,6.5952,31.36,30.32,2.93,0.0,7.4734
2023-04-21,7.4354,31.21,35.08,2.29,0.0,7.6385
2023-04-22,7.524,31.69,30.33,2.56,0.0,7.7808
2023-04-23,7.2223,31.63,25.2,2.89,0.0,7.7748
2023-04-24,6.8633,30.73,13.76,1.55,0.0,7.9397
2023-04-25,7.2557,32.52,15.65,1.36,0.0,7.6766
2023-04-26,5.983,32.7,21.61,2.08,0.0,7.1052
2023-04-27,6.8947,31.52,39.17,1.88,0.1,7.2775
2023-04-28,5.8246,31.69,38.48,1.72,2.21,7.1693
2023-04-29,3.0401,29.18,46.81,1.11,1.79,6.8309
2023-04-30,6.2383,29.62,46.04,2.09,2.79,7.3363
2023-05-01,6.2873,29.75,43.18,2.46,0.03,7.3841
2023-05-02,6.0526,30.55,46.23,1.96,1.02,7.1026
2023-05-03,6.6218,32.02,42.55,1.27,0.11,6.8779
2023-05-04,6.9101,33.38,35.66,1.27,0.03,7.3078
2023-05-05,6.9581,33.23,38.45,2.1,0.01,7.3702
2023-05-06,5.6294,34.81,34.3,2.5,0.01,7.3392
2023-05-07,7.1431,34.9,33.4,2.32,0.0,7.5151
2023-05-08,7.5948,35.04,28.33,3.13,0.0,7.9085
2023-05-09,7.711,34.98,26.96,2.41,0.0,8.0028
2023-05-10,7.9716,35.01,19.79,2.16,0.0,8.1595
2023-05-11,7.8034,35.69,16.23,2.17,0.0,8.1658
2023-05-12,7.921,35.81,18.73,2.15,0.0,8.1715
2023-05-13,7.7849,35.97,24.21,2.85,0.0,8.0822
2023-05-14,7.6894,35.63,35.11,3.86,0.0,7.993
2023-05-15,7.1354,34.87,38.84,4.08,0.0,7.6814
2023-05-16,7.1076,34.53,41.86,3.8,0.62,7.7719
2023-05-17,7.7782,34.31,44.9,3.74,0.67,7.8394
2023-05-18,7.6795,34.51,40.55,3.34,0.0,7.8898
2023-05-19,7.5542,35.38,38.44,2.34,0.0,7.6764
2023-05-20,7.2864,35.62,35.13,2.77,0.0,7.525
2023-05-21,7.385,35.34,33.17,3.4,0.0,7.8482
2023-05-22,7.7285,34.51,38.7,3.29,0.0,8.0318
2023-05-23,7.9519,34.92,39.03,3.69,0.0,8.0539
2023-05-24,7.5955,34.11,48.14,4.75,0.0,7.8094
2023-05-25,6.8923,34.22,47.21,5.27,0.04,7.2713
2023-05-26,6.1783,34.2,48.14,5.6,0.43,7.0634
2023-05-27,6.9319,34.07,48.97,5.14,1.13,7.5293
2023-05-28,5.7005,32.97,54.82,2.96,9.85,6.9329
2023-05-29,6.8537,31.5,56.48,2.04,9.97,7.3925
2023-05-30,6.8762,33.28,42.23,2.46,0.07,7.3236
2023-05-31,7.255,33.34,38.66,3.77,0.02,7.457
2023-06-01,7.3286,33.26,43.49,3.63,0.0,7.7107
2023-06-02,6.2474,32.57,55.17,3.64,1.16,7.5571
2023-06-03,6.6276,32.24,58.87,2.26,7.02,7.2943
2023-06-04,6.5232,32.26,53.07,1.73,4.02,7.3774
2023-06-05,7.463,32.59,53.9,2.43,5.35,7.5463
2023-06-06,7.2475,33.3,48.5,2.47,0.03,7.5098
2023-06-07,7.3879,33.6,48.58,2.82,0.1,7.7057
2023-06-08,7.435,34.4,45.39,2.83,0.05,7.7933
2023-06-09,7.7918,34.46,42.16,3.35,0.0,8.0532
2023-06-10,7.8046,32.75,57.13,4.04,0.0,7.9855
2023-06-11,7.4806,33.15,58.07,4.41,0.0,7.8343
2023-06-12,7.519,32.35,59.07,5.19,0.08,7.739
2023-06-13,6.6029,33.08,56.57,6.79,0.17,7.5696
2023-06-14,6.2345,32.73,57.21,6.73,0.71,7.2209
2023-06-15,4.841,31.84,63.14,7.11,5.74,7.1311
2023-06-16,2.3398,30.7,69.62,8.31,17.03,6.9694
2023-06-17,2.443,29.76,75.45,7.89,24.7,6.8774
2023-06-18,4.3351,31.62,66.39,5.81,6.66,6.864
2023-06-19,4.3752,32.08,60.77,4.39,0.14,6.565
2023-06-20,6.2722,32.7,59.7,3.56,0.01,7.0085
2023-06-21,6.3002,32.89,56.1,3.59,0.0,7.2778
2023-06-22,5.9808,32.77,55.75,3.4,0.0,6.9965
2023-06-23,5.0645,30.69,62.53,2.7,2.73,6.7435
2023-06-24,4.0968,30.54,62.32,2.57,7.18,6.281
2023-06-25,3.7118,31.09,60.47,2.62,6.49,6.5362
2023-06-26,3.703,29.09,72.11,3.12,17.47,6.3425
2023-06-27,3.9151,29.41,72.14,2.46,2.73,6.7615
2023-06-28,4.5934,28.93,77.86,2.57,27.67,6.558
2023-06-29,2.9998,28.35,82.94,2.49,27.67,6.4313
2023-06-30,5.347,29.09,82.83,3.28,16.52,6.4927
2023-07-01,4.3447,28.31,88.64,3.29,26.25,7.0757
2023-07-02,6.1042,29.85,79.08,2.58,0.75,7.0481
2023-07-03,5.9695,30.65,76.26,1.9,0.26,7.0783
2023-07-04,5.6095,31.03,78.16,1.68,0.25,7.1124
2023-07-05,5.4038,29.56,84.09,2.51,25.68,6.6835
2023-07-06,4.6507,29.46,85.12,1.34,13.76,6.6557
2023-07-07,3.3878,29.21,85.35,1.83,15.92,7.1573
2023-07-08,3.7608,28.49,89.23,3.25,18.99,7.1549
2023-07-09,3.1447,27.6,90.86,3.89,53.99,7.0536
2023-07-10,1.2953,27.96,89.1,3.77,17.34,6.9674
2023-07-11,4.7273,28.86,83.83,3.17,2.43,6.6576
2023-07-12,4.296,29.1,82.91,3.05,1.59,6.0046
2023-07-13,5.3782,29.38,81.51,2.74,1.04,6.2503
2023-07-14,4.7666,28.6,83.48,2.38,1.71,6.342
2023-07-15,5.0378,28.01,86.97,2.78,5.09,6.4018
2023-07-16,5.5603,28.94,82.04,2.71,2.06,6.5424
2023-07-17,4.919,29.02,81.98,2.53,1.21,6.4906
2023-07-18,4.3159,28.89,84.13,3.23,3.12,6.6588
2023-07-19,3.8647,28.07,89.09,3.24,32.32,6.8962
2023-07-20,4.8907,28.97,87.46,2.15,16.56,6.8479
2023-07-21,3.8978,29.39,86.87,1.05,7.98,6.7078
2023-07-22,3.8179,28.32,91.52,3.1,48.93,6.9098
2023-07-23,4.2451,28.23,90.2,2.29,31.74,6.9782
2023-07-24,4.1225,28.65,85.88,2.87,17.34,7.1849
2023-07-25,4.7506,28.73,84.97,3.22,3.71,7.1273
2023-07-26,5.4876,28.41,85.76,2.77,0.44,6.99
2023-07-27,4.0963,28.6,85.92,3.46,12.06,6.8467
2023-07-28,4.5185,27.61,88.64,4.04,7.52,6.8412
2023-07-29,3.5117,27.86,86.58,3.95,9.92,6.8371
2023-07-30,4.1846,27.92,86.24,3.93,7.02,6.5059
2023-07-31,3.6324,28.28,85.51,4.15,4.04,6.0977
2023-08-01,2.6659,27.96,86.44,4.41,4.35,5.3345
2023-08-02,2.5565,27.94,85.01,4.27,0.71,6.0624
2023-08-03,3.0264,27.34,86.25,3.62,0.02,6.3338
2023-08-04,3.3631,27.43,87.54,3.29,1.63,6.4702
2023-08-05,3.4649,27.08,88.15,2.84,0.57,6.594
2023-08-06,3.9317,27.48,85.1,3.96,0.06,6.1111
2023-08-07,2.8541,27.5,83.02,4.52,0.01,5.6494
2023-08-08,3.1637,27.61,83.72,4.12,0.02,6.1265
2023-08-09,2.8466,27.88,83.75,3.52,0.07,5.952
2023-08-10,3.1536,27.92,83.32,3.23,0.1,6.2566
2023-08-11,3.4418,27.66,83.56,2.83,1.12,6.0278
2023-08-12,3.0912,27.22,83.71,3.43,3.65,5.73
2023-08-13,3.145,27.39,82.68,4.01,0.66,6.5047
2023-08-14,3.5074,27.02,83.61,3.55,0.0,6.1214
2023-08-15,3.6034,26.96,85.07,2.65,6.3,5.9731
2023-08-16,3.623,27.4,83.18,2.5,3.57,6.0322
2023-08-17,3.2378,27.12,82.58,3.13,0.0,5.9662
2023-08-18,4.957,27.09,82.71,3.08,0.0,6.2412
2023-08-19,4.2926,27.07,82.89,2.59,0.04,6.3012
2023-08-20,2.3734,25.96,88.92,3.29,8.92,6.4366
2023-08-21,3.174,27.02,85.33,2.86,1.22,6.5657
2023-08-22,3.2318,27.15,84.64,2.68,0.49,6.0766
2023-08-23,4.0572,27.53,83.04,3.37,0.09,6.4764
2023-08-24,3.929,27.71,80.38,3.79,0.01,6.3446
2023-08-25,4.529,27.96,81.73,3.12,0.0,5.9566
2023-08-26,4.9745,28.04,81.87,3.01,0.07,6.0696
2023-08-27,4.2257,27.48,80.71,3.35,0.01,5.1065
2023-08-28,4.1986,27.46,80.49,3.38,0.0,5.7298
2023-08-29,4.2463,27.61,80.29,2.29,0.0,6.3686
2023-08-30,4.9771,27.84,79.04,2.04,0.0,6.3859
2023-08-31,5.7149,28.27,78.06,1.68,0.0,6.4356
2023-09-01,6.3696,28.36,74.88,1.29,0.0,6.6187
2023-09-02,6.4639,28.17,75.94,1.35,0.0,6.6029
2023-09-03,5.6292,28.27,76.67,1.92,0.0,6.557
2023-09-04,6.6446,28.12,72.0,1.94,0.0,6.7762
2023-09-05,6.4536,28.47,71.89,1.97,0.0,6.697
2023-09-06,6.234,29.34,74.72,2.96,0.89,6.5561
2023-09-07,5.2248,29.8,75.96,2.85,7.03,6.2174
2023-09-08,4.909,29.75,75.42,3.23,10.09,6.2342
2023-09-09,5.4734,28.96,76.25,3.34,4.11,6.5129
2023-09-10,4.9306,28.99,75.98,3.01,2.51,6.5448
2023-09-11,6.013,28.39,76.51,3.15,7.43,6.5794
2023-09-12,5.4749,28.38,75.8,2.46,0.0,6.0948
2023-09-13,4.3231,28.66,74.39,2.17,0.0,6.2136
2023-09-14,4.2905,28.17,76.06,1.67,0.19,6.1193
2023-09-15,3.437,26.49,84.98,2.4,4.13,6.0034
2023-09-16,2.9827,26.68,84.79,3.6,18.65,5.9083
2023-09-17,1.5194,26.61,90.71,4.74,68.7,6.0216
2023-09-18,1.1352,26.13,93.2,3.73,69.68,6.4289
2023-09-19,2.1593,26.62,91.24,3.92,16.81,6.0329
2023-09-20,4.2869,27.44,87.53,2.56,1.69,6.0907
2023-09-21,5.6069,27.85,87.25,1.91,1.2,6.2126
2023-09-22,5.4062,28.26,85.46,1.82,0.56,6.175
2023-09-23,4.6142,28.44,85.75,1.88,3.39,5.7187
2023-09-24,4.7573,28.31,86.58,1.68,4.42,5.611
2023-09-25,4.9126,28.34,82.88,1.53,1.28,5.8279
2023-09-26,5.1533,28.38,81.39,1.05,1.96,5.8361
2023-09-27,5.0998,28.05,82.55,1.5,1.54,5.897
2023-09-28,4.5449,29.23,79.5,0.97,0.63,5.8284
2023-09-29,5.61,29.02,78.1,0.9,0.04,5.8272
2023-09-30,6.0737,28.97,78.19,1.24,0.0,6.0842
2023-10-01,6.2741,28.29,72.79,1.69,0.0,6.2854
2023-10-02,6.2484,27.59,64.16,1.02,0.0,6.2546
2023-10-03,6.395,26.58,64.31,1.53,0.0,6.403
2023-10-04,6.3845,25.73,72.99,1.61,0.0,6.3859
2023-10-05,6.4615,25.65,72.51,1.37,0.0,6.487
2023-10-06,6.3156,25.77,75.49,1.45,0.0,6.4013
2023-10-07,6.1831,25.92,78.56,1.14,0.0,6.2352
2023-10-08,6.2532,26.24,76.98,1.13,0.0,6.2606
2023-10-09,6.1145,26.51,73.83,1.38,0.0,6.1202
2023-10-10,6.0739,25.53,77.19,1.35,0.0,6.2124
2023-10-11,6.0643,26.29,75.8,0.91,0.0,6.1313
2023-10-12,6.0818,26.72,72.65,0.81,0.0,6.0902
2023-10-13,5.7341,27.65,68.43,0.76,0.0,5.76
2023-10-14,5.2589,28.18,71.41,0.73,0.1,5.485
2023-10-15,5.1881,27.55,69.95,1.49,0.24,5.2032
2023-10-16,5.497,27.11,69.69,1.08,0.0,5.5188
2023-10-17,5.3633,26.28,70.84,1.12,0.0,5.4379
2023-10-18,5.5591,26.59,68.08,1.13,0.0,5.645
2023-10-19,5.5742,26.57,63.63,1.17,0.0,5.5853
2023-10-20,5.4211,26.67,63.23,1.52,0.0,5.4271
2023-10-21,5.1437,27.07,63.77,1.51,0.0,5.3666
2023-10-22,5.2495,27.33,60.32,1.09,0.0,5.2706
2023-10-23,5.0155,26.91,55.63,1.46,0.0,5.1046
2023-10-24,5.3628,26.98,54.37,1.22,0.0,5.4103
2023-10-25,5.3782,26.77,52.43,1.42,0.0,5.4137
2023-10-26,5.3542,27.72,45.29,0.83,0.0,5.5291
2023-10-27,5.5946,28.23,40.79,0.74,0.0,5.6071
2023-10-28,4.8434,26.51,50.11,1.2,0.0,5.3856
2023-10-29,5.2346,27.19,50.97,1.35,0.0,5.2476
2023-10-30,5.1067,26.36,53.91,1.69,0.0,5.1096
2023-10-31,4.8067,25.33,62.2,2.26,0.0,4.8958
2023-11-01,4.8977,26.26,58.89,1.52,0.0,4.8982
2023-11-02,4.8778,26.69,54.25,1.31,0.0,4.878
2023-11-03,4.7035,27.5,45.6,0.87,0.0,4.7455
2023-11-04,4.4102,27.24,44.58,1.22,0.0,4.5197
2023-11-05,4.4323,26.22,47.97,1.52,0.0,4.4417
2023-11-06,3.8921,25.56,51.23,1.7,0.0,4.3092
2023-11-07,4.4213,25.52,49.61,1.6,0.0,4.4215
2023-11-08,4.4976,25.81,49.74,1.53,0.0,4.5005
2023-11-09,4.1162,26.36,48.86,1.14,0.0,4.1664
2023-11-10,4.3555,26.56,49.27,1.0,0.0,4.3622
2023-11-11,5.1578,25.53,44.98,1.75,0.0,5.1636
2023-11-12,5.2214,23.1,40.05,2.11,0.0,5.4286
2023-11-13,4.2554,22.97,43.94,1.79,0.0,5.0467
2023-11-14,4.3176,23.35,46.45,1.89,0.0,4.6212
2023-11-15,4.4566,22.69,47.19,2.06,0.0,4.4597
2023-11-16,4.1724,22.81,48.08,1.96,0.0,4.1774
2023-11-17,3.9168,21.99,50.77,2.05,0.0,3.919
2023-11-18,3.895,22.16,51.71,1.82,0.0,3.895
2023-11-19,3.8729,23.46,53.6,1.54,0.0,3.8731
2023-11-20,3.6449,24.86,56.72,1.57,0.0,3.6456
2023-11-21,3.7018,24.92,53.49,1.85,0.0,3.7044
2023-11-22,4.0154,23.6,47.17,1.26,0.0,4.0615
2023-11-23,4.4292,22.75,44.58,1.33,0.0,4.4294
2023-11-24,4.1635,23.08,46.51,2.36,0.0,4.1635
2023-11-25,3.6763,23.96,50.5,2.7,0.0,3.8141
2023-11-26,1.0956,22.01,69.76,2.76,31.96,3.3026
2023-11-27,2.5015,20.37,72.18,1.8,0.05,3.6168
2023-11-28,3.919,20.18,68.36,1.69,0.0,4.3003
2023-11-29,4.2667,20.61,65.64,1.68,0.0,4.351
2023-11-30,4.1683,21.57,59.52,1.56,0.0,4.2571
2023-12-01,3.3554,22.96,66.85,2.43,0.0,3.5186
2023-12-02,3.3682,23.93,66.85,2.92,0.11,3.6343
2023-12-03,3.0144,23.71,74.59,2.51,2.19,3.2774
2023-12-04,3.5518,23.11,69.38,2.39,0.33,3.7349
2023-12-05,4.2914,21.32,60.26,2.57,0.0,4.439
2023-12-06,3.8489,21.92,58.61,2.62,0.0,3.8616
2023-12-07,3.5909,21.4,62.0,2.19,0.0,3.7152
2023-12-08,3.8388,21.68,63.72,1.66,0.0,3.8906
2023-12-09,4.2886,21.29,55.21,1.32,0.0,4.2914
2023-12-10,4.4093,20.53,48.94,1.54,0.0,4.4479
2023-12-11,4.4556,20.03,52.62,1.37,0.0,4.4592
2023-12-12,4.2912,19.91,46.42,1.34,0.0,4.4602
2023-12-13,4.3157,20.33,49.14,1.67,0.0,4.4962
2023-12-14,4.3142,21.16,55.74,1.93,0.0,4.3195
2023-12-15,3.823,21.91,57.21,1.64,0.0,3.8794
2023-12-16,3.7159,21.29,54.07,1.71,0.0,3.7579
2023-12-17,4.3289,20.25,47.99,1.87,0.0,4.3632
2023-12-18,4.374,20.45,47.62,2.63,0.0,4.4261
2023-12-19,4.248,19.44,46.06,3.02,0.0,4.5458
2023-12-20,3.5906,18.2,41.85,2.67,0.0,4.4914
2023-12-21,3.5662,18.95,42.11,2.39,0.0,4.3949
2023-12-22,3.7639,20.56,41.8,2.07,0.0,4.4561
2023-12-23,4.3423,20.8,43.62,1.8,0.0,4.3678
2023-12-24,4.3416,21.48,44.25,1.75,0.0,4.3423
2023-12-25,4.0603,21.34,47.68,1.72,0.0,4.061
2023-12-26,3.9432,20.83,48.51,1.58,0.0,3.9454
2023-12-27,3.5023,21.09,51.91,1.37,0.0,3.8294
2023-12-28,3.5683,21.9,52.67,1.87,0.0,3.8062
2023-12-29,3.4774,21.98,55.02,1.55,0.0,3.7025
2023-12-30,3.6358,21.83,57.99,1.64,0.0,3.6398
2023-12-31,3.7248,21.36,50.4,1.67,0.0,3.7255
