date,ALLSKY_SFC_SW_DWN,T2M,RH2M,WS2M,PRECTOTCORR,CLRSKY_SFC_SW_DWN
2018-01-01,5.6362,19.98,73.07,0.88,0.0,5.8555
2018-01-02,5.4194,20.0,74.26,1.17,0.0,5.725
2018-01-03,4.6123,20.18,73.81,1.28,0.0,5.3875
2018-01-04,4.639,19.48,75.11,1.91,0.0,5.267
2018-01-05,5.1734,18.11,71.16,1.78,0.0,5.2248
2018-01-06,5.0076,17.38,68.3,1.41,0.0,5.1497
2018-01-07,4.8437,17.64,64.28,1.49,0.0,5.0544
2018-01-08,5.5334,17.29,69.5,2.15,0.0,5.5922
2018-01-09,5.0246,19.01,75.96,2.59,0.0,5.502
2018-01-10,4.3277,20.94,79.14,3.01,0.0,5.5709
2018-01-11,4.5374,22.02,78.5,2.38,0.0,5.6626
2018-01-12,4.0418,21.99,72.87,2.41,0.0,5.6129
2018-01-13,5.6566,20.57,71.2,1.99,0.0,6.072
2018-01-14,6.0763,20.2,69.15,2.25,0.0,6.1068
2018-01-15,5.9086,21.11,68.7,2.44,0.0,5.9323
2018-01-16,4.5658,21.05,70.8,1.6,0.0,4.9949
2018-01-17,4.8458,20.06,67.42,1.96,0.0,4.9517
2018-01-18,6.1296,18.84,65.43,2.31,0.0,6.1474
2018-01-19,5.9789,18.35,66.76,2.17,0.0,6.1102
2018-01-20,6.0948,18.61,65.27,1.65,0.0,6.1246
2018-01-21,6.0214,18.84,64.87,2.08,0.0,6.1003
2018-01-22,5.9782,19.52,64.24,1.53,0.0,6.0036
2018-01-23,5.6095,20.62,69.62,1.38,0.0,5.7022
2018-01-24,4.5401,21.1,67.84,1.54,0.0,5.4382
2018-01-25,5.1343,20.44,57.04,1.77,0.0,5.5162
2018-01-26,5.6323,19.99,61.9,1.64,0.0,5.6851
2018-01-27,5.2954,20.24,66.14,1.55,0.0,5.6244
2018-01-28,5.4864,20.22,61.98,1.96,0.0,5.4902
2018-01-29,6.0732,20.11,62.19,2.49,0.0,6.0758
2018-01-30,6.1774,19.96,61.9,2.37,0.0,6.2054
2018-01-31,6.5335,19.81,57.64,2.16,0.0,6.5525
2018-02-01,6.7483,19.9,46.39,2.08,0.0,6.7618
2018-02-02,6.6199,20.0,47.66,2.04,0.0,6.697
2018-02-03,6.7006,19.38,51.82,2.35,0.0,6.7514
2018-02-04,6.7567,18.78,55.39,2.12,0.0,6.834
2018-02-05,6.6626,20.58,53.72,2.24,0.0,6.6751
2018-02-06,6.0965,22.64,62.7,1.88,0.0,6.4133
2018-02-07,4.0846,21.61,80.01,1.78,3.7,5.6587
2018-02-08,4.6454,22.2,62.74,0.95,0.58,5.7794
2018-02-09,5.2927,22.77,68.79,0.95,1.29,6.173
2018-02-10,5.3482,22.02,67.04,1.82,0.0,6.1166
2018-02-11,6.0768,22.62,64.12,2.7,0.0,6.3739
2018-02-12,5.7538,22.73,62.15,2.54,0.0,6.2515
2018-02-13,5.783,21.96,63.46,2.41,0.0,6.2878
2018-02-14,6.3612,22.05,61.38,3.2,0.0,6.5342
2018-02-15,6.427,19.99,65.49,2.8,0.0,6.6346
2018-02-16,6.8153,21.28,55.86,2.27,0.0,6.8402
2018-02-17,6.6946,21.84,56.16,1.82,0.0,6.8746
2018-02-18,6.8345,22.13,53.24,2.12,0.0,6.84
2018-02-19,6.9158,21.97,53.98,2.13,0.0,6.9331
2018-02-20,6.8352,22.39,56.38,2.54,0.0,6.87
2018-02-21,6.9533,22.12,52.06,2.93,0.0,6.966
2018-02-22,6.9578,22.62,47.27,2.51,0.0,6.9624
2018-02-23,7.1436,22.1,47.27,2.82,0.0,7.157
2018-02-24,7.2881,21.67,48.04,2.58,0.0,7.3068
2018-02-25,7.3164,22.5,50.8,2.86,0.0,7.3229
2018-02-26,7.369,22.87,42.32,2.32,0.0,7.3934
2018-02-27,7.2482,23.05,40.36,3.06,0.0,7.3426
2018-02-28,7.1285,23.69,32.5,3.13,0.0,7.3414
2018-03-01,7.3807,23.37,38.11,2.76,0.0,7.3826
2018-03-02,7.4117,23.95,34.72,2.97,0.0,7.4194
2018-03-03,7.4664,24.29,29.88,2.33,0.0,7.471
2018-03-04,7.4462,24.27,29.78,2.56,0.0,7.4532
2018-03-05,7.2516,24.46,28.28,2.69,0.0,7.3481
2018-03-06,7.5955,24.5,32.64,2.52,0.0,7.6063
2018-03-07,7.4323,24.63,36.14,2.85,0.0,7.4746
2018-03-08,7.2137,25.12,33.59,3.0,0.0,7.3289
2018-03-09,6.8894,25.48,36.34,2.95,0.0,7.2343
2018-03-10,6.2244,25.87,38.2,3.11,0.0,6.5782
2018-03-11,7.0039,25.74,39.51,3.6,0.0,7.1054
2018-03-12,6.8938,25.48,44.21,3.81,0.0,7.1861
2018-03-13,5.8973,25.5,55.99,3.64,0.01,7.1275
2018-03-14,5.4331,25.5,55.75,2.97,0.03,6.9024
2018-03-15,5.6172,25.47,56.87,1.37,2.38,7.116
2018-03-16,4.9416,25.06,67.08,1.02,1.67,6.7574
2018-03-17,5.0686,24.81,67.49,1.91,16.54,6.5263
2018-03-18,5.453,24.61,66.79,1.94,0.13,6.534
2018-03-19,6.9468,25.2,53.76,2.9,0.0,7.0118
2018-03-20,7.2905,25.7,47.74,2.44,0.0,7.2914
2018-03-21,6.9749,26.14,48.21,1.26,0.0,7.0286
2018-03-22,6.0854,27.52,47.38,1.57,0.0,6.4397
2018-03-23,6.7411,27.68,40.02,2.38,0.0,6.9204
2018-03-24,5.8327,27.94,45.99,2.51,0.02,6.2878
2018-03-25,6.479,27.99,42.85,3.55,0.0,6.5323
2018-03-26,6.4428,27.48,38.43,3.23,0.0,6.9986
2018-03-27,6.7939,27.7,36.82,1.7,0.0,7.2689
2018-03-28,6.4843,28.67,45.66,1.6,0.0,6.8328
2018-03-29,5.9122,28.7,43.57,1.03,0.0,6.5758
2018-03-30,5.8678,29.18,44.51,1.16,1.19,6.4783
2018-03-31,6.3432,27.37,54.25,1.8,0.14,6.5875
2018-04-01,6.413,28.54,47.31,1.77,0.0,6.7884
2018-04-02,6.0852,28.45,46.97,2.7,1.37,6.6041
2018-04-03,6.2162,28.83,44.32,2.38,1.4,6.6461
2018-04-04,6.7747,28.76,42.24,2.88,0.0,6.9473
2018-04-05,7.068,27.88,46.54,3.27,0.0,7.1539
2018-04-06,6.7661,27.24,43.98,2.3,0.0,7.067
2018-04-07,6.677,28.27,42.38,2.84,0.0,7.0145
2018-04-08,7.2739,27.71,48.48,3.58,0.01,7.4018
2018-04-09,7.1909,27.59,48.21,3.27,0.06,7.3536
2018-04-10,7.3282,28.07,47.09,3.16,0.0,7.4856
2018-04-11,6.6528,28.42,48.24,2.07,0.01,7.1472
2018-04-12,6.631,29.18,47.71,2.78,0.0,7.2211
2018-04-13,6.5686,29.05,47.7,3.03,0.0,7.2624
2018-04-14,6.9614,29.82,45.86,2.95,0.05,7.3992
2018-04-15,6.1963,29.82,49.53,3.37,0.01,6.9842
2018-04-16,5.9395,30.18,46.64,2.63,1.86,7.0394
2018-04-17,6.7642,30.16,44.6,3.0,0.0,7.3363
2018-04-18,6.5134,30.42,39.46,2.65,0.0,7.26
2018-04-19,5.8154,29.69,44.83,1.79,0.14,6.978
2018-04-20,6.0216,28.74,48.25,1.84,5.29,6.8107
2018-04-21,6.1927,28.12,57.28,1.59,2.78,6.8729
2018-04-22,6.2333,28.72,54.28,2.25,6.28,6.9828
2018-04-23,6.6077,28.66,56.21,1.76,0.76,7.2144
2018-04-24,6.2566,28.3,50.88,1.52,1.14,7.0006
2018-04-25,6.7723,28.19,56.17,1.65,4.8,7.0591
2018-04-26,6.3451,28.53,53.52,1.77,0.67,6.9821
2018-04-27,6.7692,28.33,51.97,2.68,0.29,6.9144
2018-04-28,6.7598,28.73,51.78,2.91,0.0,7.3368
2018-04-29,6.5755,30.44,44.33,1.56,0.01,7.207
2018-04-30,6.4308,29.48,50.63,2.54,2.95,6.8702
2018-05-01,5.4482,28.7,59.75,1.87,7.9,6.973
2018-05-02,5.9683,28.58,59.96,1.69,0.6,6.8033
2018-05-03,5.7612,28.42,61.41,2.0,19.53,6.4601
2018-05-04,6.4874,26.69,66.49,2.25,5.5,6.8472
2018-05-05,6.5789,27.15,59.41,2.38,0.02,7.0037
2018-05-06,6.1476,27.78,58.69,2.36,0.02,7.1748
2018-05-07,6.3799,27.79,61.24,2.38,0.03,7.0586
2018-05-08,5.5078,26.59,65.77,2.11,3.05,6.937
2018-05-09,5.237,25.2,70.73,2.08,2.43,7.1664
2018-05-10,6.4061,25.65,68.37,1.31,13.27,7.3351
2018-05-11,6.823,25.83,72.99,1.46,14.92,7.4326
2018-05-12,6.6586,26.13,70.97,1.32,0.6,7.1904
2018-05-13,6.2136,26.31,68.36,1.45,13.39,6.8482
2018-05-14,5.8987,23.97,76.81,1.46,2.44,6.8405
2018-05-15,6.5714,25.28,63.8,1.95,2.69,7.0822
2018-05-16,6.4356,26.08,62.31,1.3,2.89,7.0385
2018-05-17,5.945,26.78,65.0,1.19,3.01,6.7445
2018-05-18,5.1233,25.43,73.14,2.02,4.5,6.5873
2018-05-19,5.8574,26.77,66.72,1.31,8.01,6.6194
2018-05-20,6.1488,26.61,69.62,1.81,5.86,6.6005
2018-05-21,5.9426,26.33,68.48,1.41,5.37,6.6478
2018-05-22,6.1354,26.23,69.7,1.73,2.22,6.7162
2018-05-23,5.4365,27.64,61.35,1.2,3.04,6.4834
2018-05-24,5.9117,26.68,68.51,2.33,2.05,6.5947
2018-05-25,3.515,25.62,75.11,2.31,16.54,6.3473
2018-05-26,5.1142,25.86,72.9,2.11,1.54,6.9211
2018-05-27,5.9688,25.65,73.88,2.56,2.35,7.0975
2018-05-28,6.5078,26.11,71.66,1.47,0.03,6.9564
2018-05-29,6.5388,26.12,72.09,3.31,0.42,7.1321
2018-05-30,5.3407,25.63,78.73,2.39,9.07,6.9427
2018-05-31,5.6482,25.95,78.29,1.56,1.59,6.8981
2018-06-01,4.9416,24.99,81.1,1.43,7.46,6.4298
2018-06-02,4.8353,25.28,74.37,1.07,8.45,6.4754
2018-06-03,5.3561,24.01,82.92,2.25,2.52,6.7322
2018-06-04,5.257,23.81,82.82,2.15,2.11,7.037
2018-06-05,5.8022,24.91,72.43,3.2,0.36,7.2686
2018-06-06,6.1202,25.06,70.47,3.78,2.83,7.344
2018-06-07,4.9476,23.6,79.4,4.97,5.86,7.2965
2018-06-08,3.0746,23.42,77.87,6.04,0.72,6.7606
2018-06-09,3.4718,23.29,76.37,6.64,0.93,6.8928
2018-06-10,4.2787,24.24,77.86,5.8,0.68,6.8388
2018-06-11,3.8957,24.64,79.27,5.56,0.25,6.5681
2018-06-12,4.4926,24.65,78.68,5.24,0.01,6.5765
2018-06-13,4.7364,24.66,78.4,4.94,0.44,6.7812
2018-06-14,3.678,24.46,70.04,4.31,1.04,6.8726
2018-06-15,5.7634,24.46,69.1,3.72,3.01,6.8782
2018-06-16,6.0929,23.55,63.8,4.33,3.58,7.1093
2018-06-17,5.3717,23.22,67.28,4.44,1.52,7.093
2018-06-18,6.0586,23.15,72.61,4.66,2.16,7.0999
2018-06-19,5.7286,23.91,77.62,4.83,0.06,6.9348
2018-06-20,5.2886,23.95,77.89,4.73,0.0,7.1866
2018-06-21,4.9968,24.09,75.01,4.45,0.06,7.0154
2018-06-22,4.5401,23.4,74.32,4.27,0.06,6.7915
2018-06-23,4.771,23.39,77.34,3.73,4.66,6.9768
2018-06-24,5.2637,23.21,72.03,4.21,0.45,7.051
2018-06-25,5.0242,22.89,70.68,4.34,0.25,7.0838
2018-06-26,5.0102,23.17,74.39,5.02,0.57,7.2338
2018-06-27,3.6053,23.52,78.46,4.75,6.04,6.8681
2018-06-28,4.2362,23.44,77.71,4.36,0.29,6.8134
2018-06-29,4.855,23.65,73.2,3.5,0.02,6.9643
2018-06-30,5.8025,23.83,66.08,3.04,0.25,7.2955
2018-07-01,5.5598,24.26,68.32,2.59,4.26,7.0634
2018-07-02,6.0142,23.7,73.49,3.6,19.78,7.3046
2018-07-03,5.4682,22.72,77.81,3.05,4.39,7.171
2018-07-04,5.5802,24.05,72.97,3.95,0.03,7.2242
2018-07-05,6.6924,24.19,71.0,4.63,0.0,7.3018
2018-07-06,4.2382,23.52,76.58,4.43,0.29,6.9799
2018-07-07,3.1032,22.91,78.98,4.21,0.05,6.9
2018-07-08,3.3118,23.33,75.7,4.69,0.39,7.0776
2018-07-09,4.6138,23.76,75.52,4.57,0.82,6.7553
2018-07-10,3.9382,23.26,73.86,4.68,7.28,6.9252
2018-07-11,3.7656,23.05,79.96,5.56,5.38,6.6773
2018-07-12,4.1059,23.79,75.65,6.22,0.34,6.7963
2018-07-13,4.0502,23.02,79.41,5.3,1.12,6.7226
2018-07-14,3.967,23.41,79.0,5.42,0.41,6.971
2018-07-15,4.5593,24.05,74.59,6.1,0.03,6.8957
2018-07-16,4.0512,22.78,77.77,6.23,0.32,6.8071
2018-07-17,4.1897,23.7,74.1,6.4,0.02,6.9427
2018-07-18,4.7995,23.76,75.14,5.38,0.0,6.8342
2018-07-19,3.4128,24.58,74.64,5.21,0.08,6.7524
2018-07-20,3.9658,24.17,74.61,5.81,0.01,6.9036
2018-07-21,3.4495,23.91,75.11,5.51,0.04,6.972
2018-07-22,4.5924,24.76,70.41,5.47,0.01,6.8076
2018-07-23,4.1155,24.49,73.7,5.05,5.33,6.9768
2018-07-24,4.3498,23.98,76.85,4.61,1.39,6.8969
2018-07-25,4.5358,24.45,74.43,4.48,0.42,6.9686
2018-07-26,4.2485,24.85,72.1,4.29,0.56,6.4747
2018-07-27,4.0718,24.49,72.47,4.56,0.11,6.5472
2018-07-28,4.1717,24.58,73.18,4.22,2.26,6.4541
2018-07-29,4.0262,24.43,74.29,3.91,0.39,6.1186
2018-07-30,4.6793,24.27,74.92,3.81,1.09,5.9736
2018-07-31,3.947,23.33,79.31,4.29,2.43,6.3708
2018-08-01,4.4899,23.59,76.81,4.25,4.54,6.6305
2018-08-02,5.022,24.04,73.62,3.99,0.6,6.3833
2018-08-03,4.3212,23.42,72.98,4.36,0.5,6.3053
2018-08-04,4.7198,23.22,75.12,4.27,0.02,6.2986
2018-08-05,4.7098,24.21,71.19,4.63,0.02,6.3902
2018-08-06,5.2678,23.9,71.98,5.42,3.72,6.9214
2018-08-07,3.8006,22.86,75.97,5.38,0.82,6.7034
2018-08-08,4.321,23.63,75.63,4.97,2.07,6.8914
2018-08-09,5.0189,23.81,73.59,4.85,0.42,6.7973
2018-08-10,3.9293,22.83,78.16,4.25,1.02,6.9041
2018-08-11,2.8817,23.45,74.99,5.65,0.78,6.936
2018-08-12,3.4003,22.24,78.69,5.52,1.21,6.6943
2018-08-13,3.7553,22.97,71.62,6.2,0.34,6.684
2018-08-14,3.5657,22.57,81.91,5.44,6.11,6.9288
2018-08-15,3.6158,23.29,83.4,4.95,7.61,5.7996
2018-08-16,3.3806,23.46,76.91,6.39,0.23,6.5112
2018-08-17,4.0334,24.51,71.87,6.46,0.01,6.3487
2018-08-18,4.0846,24.07,72.26,5.6,0.09,6.5993
2018-08-19,3.5366,24.59,69.7,5.43,0.0,6.3967
2018-08-20,4.3541,23.87,71.55,5.48,0.06,6.9658
2018-08-21,4.999,24.46,69.62,5.0,0.14,6.9374
2018-08-22,5.1019,24.15,69.13,4.35,0.04,7.2482
2018-08-23,4.8758,24.41,71.71,4.03,0.99,7.236
2018-08-24,4.8149,23.73,75.28,3.75,7.91,7.0433
2018-08-25,4.9306,23.62,75.23,3.39,1.65,6.7658
2018-08-26,4.5958,24.03,72.47,3.85,2.32,7.1177
2018-08-27,3.3838,23.82,73.01,4.32,0.52,7.087
2018-08-28,4.7146,23.69,73.34,3.8,1.97,6.8971
2018-08-29,4.3702,23.96,72.7,3.64,0.71,6.9439
2018-08-30,4.9301,24.49,72.65,3.65,7.2,7.0615
2018-08-31,5.1845,24.46,71.66,3.84,0.81,7.0447
2018-09-01,5.4478,23.91,72.74,2.66,0.01,6.8995
2018-09-02,5.3474,24.95,66.87,3.11,0.0,6.942
2018-09-03,7.0262,23.22,69.67,2.56,0.0,7.3483
2018-09-04,7.2401,24.93,65.54,2.81,0.15,7.4321
2018-09-05,6.2153,24.05,67.84,3.13,0.08,7.3248
2018-09-06,5.7614,24.44,66.49,3.71,0.0,7.0788
2018-09-07,5.76,24.33,66.33,3.75,0.0,7.4052
2018-09-08,6.3974,24.73,65.75,3.3,0.0,7.4738
2018-09-09,6.5568,25.37,66.03,1.47,3.91,7.2223
2018-09-10,4.2362,24.91,69.43,1.32,1.47,7.0219
2018-09-11,5.8572,25.98,68.42,1.13,1.49,6.979
2018-09-12,6.2635,24.05,75.29,1.83,8.93,7.1126
2018-09-13,5.4698,25.91,62.4,1.44,2.31,7.0073
2018-09-14,5.959,25.77,63.7,1.01,11.59,7.0409
2018-09-15,5.5548,24.67,74.0,1.44,14.1,6.9864
2018-09-16,5.4826,23.88,80.16,2.03,18.93,6.888
2018-09-17,5.1017,23.21,79.95,3.04,9.52,6.8846
2018-09-18,6.0355,23.66,75.89,2.96,2.88,7.2026
2018-09-19,4.8358,22.71,73.37,3.45,0.04,6.9166
2018-09-20,5.8949,22.96,76.54,2.67,5.8,7.0159
2018-09-21,5.4012,23.09,78.94,2.6,0.96,6.8359
2018-09-22,6.6199,23.84,67.34,2.11,0.65,7.279
2018-09-23,5.256,24.19,75.87,0.96,7.81,6.774
2018-09-24,5.4053,23.46,82.35,1.17,8.35,6.569
2018-09-25,5.9227,24.35,77.37,0.95,1.05,6.5909
2018-09-26,5.5807,24.22,79.58,1.74,8.78,6.6108
2018-09-27,5.0897,24.59,75.41,1.64,1.65,6.5402
2018-09-28,5.3191,24.33,78.52,1.83,2.1,6.6221
2018-09-29,5.3138,24.83,74.97,2.27,0.38,6.5506
2018-09-30,6.168,25.49,72.01,2.14,0.25,6.8537
2018-10-01,6.3941,25.23,72.35,2.7,0.21,6.7836
2018-10-02,5.8838,25.07,71.94,2.23,0.06,6.7046
2018-10-03,6.1577,24.39,75.13,2.12,6.57,6.7776
2018-10-04,2.8375,23.2,79.07,2.68,7.83,6.5806
2018-10-05,3.7452,22.72,82.44,3.13,6.95,6.455
2018-10-06,3.3917,23.09,82.04,3.0,5.33,6.4807
2018-10-07,6.3317,23.9,76.06,2.09,0.2,6.7522
2018-10-08,5.2344,24.36,70.86,1.68,4.8,6.3629
2018-10-09,5.329,23.59,73.44,1.48,2.2,6.4315
2018-10-10,5.7612,23.28,62.06,2.19,0.01,6.2484
2018-10-11,5.8375,24.08,50.49,1.68,0.0,6.3833
2018-10-12,5.8747,24.14,66.05,1.75,0.0,6.3223
2018-10-13,5.8375,25.29,59.17,0.66,0.53,6.2162
2018-10-14,4.3368,24.53,74.67,0.85,7.03,5.8601
2018-10-15,4.6176,23.98,79.33,1.23,1.71,5.796
2018-10-16,4.8437,23.61,79.63,1.49,2.55,6.1414
2018-10-17,5.1281,22.26,83.48,1.39,14.46,6.1529
2018-10-18,5.1994,22.49,78.33,0.7,1.7,6.2167
2018-10-19,4.3987,23.25,76.3,1.4,0.15,5.9827
2018-10-20,5.7953,23.01,65.69,1.85,0.0,6.2184
2018-10-21,4.4678,23.55,68.88,1.93,0.05,6.2278
2018-10-22,6.4769,22.68,61.35,2.12,0.01,6.4896
2018-10-23,6.0938,22.87,61.66,2.07,0.0,6.3468
2018-10-24,6.4013,22.59,64.41,2.22,0.0,6.4207
2018-10-25,5.724,22.83,64.74,2.83,0.0,6.21
2018-10-26,5.8932,23.14,66.57,2.99,0.0,5.947
2018-10-27,6.2885,22.76,61.97,2.7,0.0,6.2918
2018-10-28,6.457,21.98,60.78,2.83,0.0,6.4951
2018-10-29,6.3142,21.74,49.63,2.24,0.0,6.588
2018-10-30,6.4087,22.37,52.88,1.96,0.0,6.4858
2018-10-31,5.5445,23.83,69.78,2.62,0.01,5.9467
2018-11-01,4.2883,24.09,73.04,2.76,0.09,5.7211
2018-11-02,3.9396,23.15,77.86,2.83,1.6,5.8819
2018-11-03,3.7205,23.5,76.73,3.07,1.13,5.9741
2018-11-04,4.7827,23.91,72.03,3.07,0.29,6.0888
2018-11-05,6.0058,24.39,65.66,3.08,0.0,6.2282
2018-11-06,5.2246,22.87,68.37,2.24,0.0,6.0355
2018-11-07,5.9035,22.57,58.65,2.51,0.0,6.2213
2018-11-08,4.9493,22.51,59.15,2.35,0.0,6.2714
2018-11-09,6.0799,23.31,62.15,2.58,0.0,6.1702
2018-11-10,6.0466,22.85,61.87,2.04,0.0,6.0727
2018-11-11,5.5546,22.56,60.55,1.87,0.0,5.8606
2018-11-12,5.1691,22.17,52.5,1.95,0.0,6.0077
2018-11-13,5.6292,21.75,40.71,1.6,0.0,5.8342
2018-11-14,6.3103,21.98,37.35,1.57,0.0,6.3206
2018-11-15,4.6843,22.24,61.92,2.83,1.03,6.0646
2018-11-16,2.9585,22.9,78.38,3.6,0.56,5.8106
2018-11-17,5.369,24.09,71.72,2.17,0.05,5.6285
2018-11-18,4.7995,24.72,70.78,2.1,0.09,5.6729
2018-11-19,4.4676,25.16,66.15,2.57,0.01,5.8042
2018-11-20,5.3782,24.08,66.14,3.02,0.0,5.9436
2018-11-21,3.2318,21.32,78.8,3.47,2.66,5.6203
2018-11-22,1.9723,21.72,81.47,3.45,5.55,5.6678
2018-11-23,2.5858,22.68,81.55,2.77,9.89,5.3765
2018-11-24,4.2754,23.58,70.01,2.37,0.3,5.5757
2018-11-25,4.3306,23.5,67.52,2.03,0.0,5.1298
2018-11-26,4.9992,22.22,64.59,2.28,0.0,5.2248
2018-11-27,5.7166,20.43,63.92,2.41,0.0,5.7965
2018-11-28,5.8183,21.0,67.27,2.75,0.0,5.8618
2018-11-29,3.5244,22.45,71.51,2.64,0.2,5.3354
2018-11-30,4.8938,22.78,67.0,2.22,0.01,5.6561
2018-12-01,4.9046,22.0,64.51,2.27,0.0,5.3978
2018-12-02,5.7739,21.66,65.63,2.36,0.0,5.8394
2018-12-03,4.6586,22.72,65.92,2.71,0.0,5.4418
2018-12-04,2.9578,21.18,82.9,2.01,2.43,5.2598
2018-12-05,4.5079,23.11,76.96,1.29,0.76,5.3273
2018-12-06,4.6361,24.41,66.24,2.34,0.03,5.5721
2018-12-07,4.4266,23.73,65.33,2.69,0.0,5.5591
2018-12-08,4.7419,23.43,67.43,2.91,0.0,5.3628
2018-12-09,5.3465,23.18,63.51,2.57,0.0,5.3834
2018-12-10,4.6375,23.51,63.67,1.55,0.0,5.1118
2018-12-11,4.2948,23.26,62.18,1.75,0.0,4.765
2018-12-12,4.3666,23.6,61.74,1.35,0.0,4.9687
2018-12-13,3.6838,23.47,62.48,1.79,0.0,4.6675
2018-12-14,4.9058,23.17,57.02,2.69,0.0,5.2567
2018-12-15,5.0981,21.94,62.83,3.62,0.0,5.6074
2018-12-16,4.002,20.43,62.34,3.0,0.0,5.4715
2018-12-17,4.0342,21.07,53.66,2.42,0.0,5.5534
2018-12-18,5.6354,20.96,41.97,2.09,0.0,5.6532
2018-12-19,4.1702,19.26,62.05,1.42,0.0,5.1389
2018-12-20,4.8859,21.6,60.99,1.75,0.0,5.081
2018-12-21,4.4045,23.34,61.32,1.66,0.0,5.105
2018-12-22,4.5655,23.87,61.12,2.46,0.0,4.985
2018-12-23,4.003,24.33,63.69,2.92,0.01,5.2754
2018-12-24,4.2362,24.54,59.08,2.54,0.0,5.2978
2018-12-25,5.1103,24.17,56.54,2.37,0.0,5.2836
2018-12-26,5.5039,23.86,54.42,1.63,0.0,5.5166
2018-12-27,4.5962,23.88,54.58,1.82,0.0,5.153
2018-12-28,4.1266,22.97,57.72,1.54,1.13,5.1072
2018-12-29,3.5983,22.65,56.31,2.68,0.42,4.9963
2018-12-30,4.1731,20.91,57.29,2.86,0.0,4.7906
2018-12-31,5.3292,20.9,52.87,2.68,0.0,5.3986
2019-01-01,6.0528,19.39,47.59,2.5,0.0,6.079
2019-01-02,6.0701,19.22,49.99,2.89,0.0,6.102
2019-01-03,6.012,19.63,49.04,2.76,0.0,6.0797
2019-01-04,6.0348,19.57,51.83,3.11,0.0,6.0538
2019-01-05,6.1406,19.89,52.66,2.38,0.0,6.1663
2019-01-06,5.8553,20.9,52.72,2.15,0.0,5.91
2019-01-07,5.9726,21.08,51.33,2.47,0.0,5.9892
2019-01-08,5.9674,21.1,45.71,2.25,0.0,5.9796
2019-01-09,6.0674,21.1,45.27,2.31,0.0,6.0816
2019-01-10,6.036,21.26,49.96,2.35,0.0,6.0581
2019-01-11,5.9666,21.44,51.42,1.87,0.0,5.982
2019-01-12,5.2538,21.56,53.2,2.39,0.0,5.7043
2019-01-13,5.8834,21.27,46.41,2.03,0.0,6.0974
2019-01-14,5.8483,20.96,46.86,2.26,0.0,5.9765
2019-01-15,5.4348,20.81,40.55,2.76,0.0,6.1507
2019-01-16,6.1013,21.07,49.88,2.61,0.0,6.1111
2019-01-17,5.665,21.62,54.83,2.73,0.0,5.693
2019-01-18,5.6474,21.4,54.26,2.86,0.0,5.6959
2019-01-19,6.0946,21.18,48.29,2.8,0.0,6.1097
2019-01-20,5.375,20.87,46.93,2.67,0.0,6.173
2019-01-21,5.5894,21.09,46.58,2.5,0.0,6.281
2019-01-22,6.0343,21.51,49.54,1.38,0.0,6.0756
2019-01-23,5.9203,22.62,54.38,1.6,0.0,5.9587
2019-01-24,5.807,23.27,54.09,2.15,0.0,5.9268
2019-01-25,5.1362,24.02,57.45,2.91,0.0,5.663
2019-01-26,4.4585,24.74,59.07,2.52,0.0,5.6772
2019-01-27,4.4333,23.85,64.32,2.56,0.67,5.7036
2019-01-28,4.4242,23.08,66.06,2.34,8.05,5.4336
2019-01-29,5.1739,21.44,67.19,2.75,1.81,6.0953
2019-01-30,5.7641,21.44,59.51,2.61,0.0,5.9575
2019-01-31,5.7912,20.89,55.22,2.73,0.0,6.0264
2019-02-01,5.7806,21.46,58.57,2.29,0.0,6.1214
2019-02-02,5.6537,22.51,55.15,2.35,0.0,6.1181
2019-02-03,6.1123,23.25,55.21,2.34,0.0,6.2616
2019-02-04,6.3456,24.19,54.52,3.08,0.0,6.3718
2019-02-05,4.9658,23.45,54.81,2.78,0.0,5.9767
2019-02-06,6.019,24.28,48.04,2.35,0.0,6.0422
2019-02-07,5.4425,25.01,51.73,2.66,0.0,6.0204
2019-02-08,5.9033,25.99,51.21,1.82,0.0,6.0245
2019-02-09,4.9248,25.92,55.73,1.84,5.85,5.8822
2019-02-10,4.8583,22.89,77.58,2.27,11.56,6.0523
2019-02-11,5.429,23.8,66.81,3.7,0.02,6.2174
2019-02-12,6.4673,23.04,60.17,3.95,0.0,6.5196
2019-02-13,6.6058,22.92,58.2,3.38,0.0,6.6458
2019-02-14,6.57,23.71,57.93,3.08,0.0,6.703
2019-02-15,6.0072,24.88,58.93,1.58,0.0,6.4483
2019-02-16,5.7305,25.62,55.77,1.88,0.0,6.1745
2019-02-17,6.4502,25.73,49.13,2.02,0.0,6.6161
2019-02-18,6.8705,25.46,35.37,1.19,0.0,6.899
2019-02-19,5.8001,27.0,55.5,3.14,0.01,6.2402
2019-02-20,6.6202,26.0,52.57,3.74,0.0,6.6758
2019-02-21,6.9526,24.59,50.06,3.57,0.0,6.9626
2019-02-22,7.2026,24.11,38.78,3.44,0.0,7.2216
2019-02-23,7.3085,24.77,29.76,3.35,0.0,7.3162
2019-02-24,7.2946,25.2,32.28,3.27,0.0,7.3363
2019-02-25,7.2631,25.26,32.77,2.09,0.0,7.297
2019-02-26,6.9566,25.89,37.6,1.67,0.0,6.9922
2019-02-27,6.2786,27.58,44.95,1.95,0.0,6.7471
2019-02-28,6.6288,27.18,37.1,1.9,0.0,6.8611
2019-03-01,6.5345,28.17,49.33,2.1,0.01,6.8698
2019-03-02,5.6122,27.78,51.76,3.4,0.08,6.1565
2019-03-03,5.623,27.36,50.39,2.06,0.0,6.455
2019-03-04,6.492,28.5,45.33,1.94,0.0,6.7812
2019-03-05,5.8946,30.15,34.61,1.47,0.0,6.5832
2019-03-06,6.7663,29.71,29.14,1.62,0.0,6.9394
2019-03-07,7.219,29.69,23.99,1.43,0.0,7.2799
2019-03-08,7.0735,29.33,34.2,1.71,0.0,7.175
2019-03-09,6.0084,29.17,44.65,2.73,0.01,6.5354
2019-03-10,6.0242,29.63,42.87,2.68,0.0,6.4162
2019-03-11,6.7082,28.86,38.47,3.5,0.0,6.888
2019-03-12,7.2264,27.44,36.17,3.08,0.0,7.3087
2019-03-13,6.9617,26.95,30.31,3.59,0.0,6.9751
2019-03-14,7.2888,27.01,29.49,3.66,0.0,7.3282
2019-03-15,7.363,27.0,30.3,3.37,0.0,7.363
2019-03-16,7.3459,26.5,34.67,3.34,0.0,7.3632
2019-03-17,7.4683,26.16,36.41,2.61,0.0,7.4866
2019-03-18,7.237,27.1,46.42,2.5,0.0,7.2826
2019-03-19,6.9595,28.42,45.32,2.53,0.0,7.0726
2019-03-20,6.5566,28.45,42.4,3.42,0.0,6.7987
2019-03-21,6.9979,28.18,37.47,2.43,0.0,7.0392
2019-03-22,6.965,28.47,38.41,2.09,0.0,7.1239
2019-03-23,6.8854,29.53,40.52,2.07,0.0,7.0442
2019-03-24,6.8436,30.09,31.9,3.01,0.0,7.0862
2019-03-25,7.3013,29.12,35.09,3.2,0.0,7.3394
2019-03-26,7.4179,28.71,35.38,3.13,0.0,7.422
2019-03-27,7.3426,28.8,30.99,2.97,0.0,7.452
2019-03-28,7.5811,29.07,32.74,3.01,0.0,7.5886
2019-03-29,6.7963,29.96,25.75,2.13,0.0,7.194
2019-03-30,7.1561,29.76,28.82,2.69,0.0,7.1734
2019-03-31,7.2372,29.99,28.85,2.14,0.0,7.3673
2019-04-01,7.241,30.39,26.92,2.72,0.0,7.3714
2019-04-02,6.437,30.11,33.38,2.6,0.0,7.183
2019-04-03,6.9518,29.93,35.5,3.42,0.01,7.2468
2019-04-04,7.5756,28.76,34.85,3.26,0.0,7.6078
2019-04-05,7.1842,29.49,39.08,2.74,0.0,7.519
2019-04-06,7.3658,29.47,32.64,2.86,0.0,7.529
2019-04-07,6.889,29.43,33.61,2.74,0.0,7.2754
2019-04-08,6.8647,29.83,42.81,2.63,0.59,7.2456
2019-04-09,6.113,29.94,44.05,2.34,1.57,6.9437
2019-04-10,6.9125,30.74,38.23,3.3,0.11,7.2991
2019-04-11,6.9917,29.09,39.5,1.9,0.03,7.3654
2019-04-12,7.2154,30.47,31.0,2.38,0.0,7.5048
2019-04-13,7.5554,29.62,34.78,2.85,0.0,7.6258
2019-04-14,7.4347,29.81,28.78,3.38,0.0,7.5432
2019-04-15,7.6754,29.21,25.55,2.28,0.0,7.7237
2019-04-16,7.4719,30.22,34.87,2.26,0.0,7.6106
2019-04-17,5.7324,29.01,49.81,2.0,3.84,7.2967
2019-04-18,6.5635,29.4,48.32,2.23,5.62,7.1995
2019-04-19,6.7178,29.3,51.72,1.54,2.67,7.3495
2019-04-20,6.3998,27.12,62.65,2.06,3.01,7.385
2019-04-21,6.5837,27.73,59.89,1.77,0.77,7.247
2019-04-22,6.2179,28.29,54.86,2.04,3.61,7.097
2019-04-23,6.5909,26.47,57.91,2.43,1.71,7.0594
2019-04-24,7.224,28.55,44.22,2.8,0.0,7.4717
2019-04-25,6.8635,28.61,37.87,2.38,0.0,7.2924
2019-04-26,6.1378,29.78,41.16,3.03,0.0,7.068
2019-04-27,6.1351,29.8,38.71,2.58,0.01,6.9046
2019-04-28,4.8638,30.09,41.63,2.62,0.0,7.0889
2019-04-29,5.3647,30.09,40.32,1.93,0.0,6.6017
2019-04-30,5.28,29.22,55.06,2.76,15.07,6.5165
2019-05-01,4.5468,26.95,65.41,3.48,25.11,6.6024
2019-05-02,6.4025,27.7,55.45,3.77,0.0,7.1554
2019-05-03,7.0238,28.06,55.63,3.12,0.0,7.4184
2019-05-04,6.5066,27.8,52.89,2.17,0.0,7.1794
2019-05-05,6.5436,28.99,54.3,1.3,0.57,6.8184
2019-05-06,6.8304,29.32,54.01,1.22,0.97,7.2634
2019-05-07,5.4624,28.0,59.92,2.73,8.89,6.8551
2019-05-08,5.8327,25.87,71.34,3.37,3.22,6.8208
2019-05-09,6.143,27.74,60.19,2.63,2.16,7.0042
2019-05-10,6.7176,28.93,54.59,2.17,0.56,7.1602
2019-05-11,6.222,28.89,55.87,1.41,0.55,6.9864
2019-05-12,6.0134,29.02,57.21,1.12,1.5,6.81
2019-05-13,6.1742,28.8,58.32,1.41,1.1,6.7699
2019-05-14,6.3727,28.12,58.69,2.08,2.83,6.7265
2019-05-15,6.0,27.98,63.19,1.77,4.6,6.7421
2019-05-16,6.4524,28.95,58.54,1.43,1.76,6.7351
2019-05-17,6.072,27.67,63.83,1.08,7.82,6.8078
2019-05-18,6.7872,28.2,60.42,1.42,0.98,7.0961
2019-05-19,7.0157,29.95,52.18,1.59,2.84,7.1676
2019-05-20,6.8467,29.38,50.65,1.94,0.0,7.135
2019-05-21,6.821,29.47,44.78,2.03,0.18,7.0562
2019-05-22,6.4687,28.14,60.99,1.56,2.88,6.9907
2019-05-23,5.7468,27.82,63.8,1.15,1.96,6.7306
2019-05-24,6.2602,28.73,61.78,1.41,0.48,6.9917
2019-05-25,6.6226,27.45,67.34,2.98,6.11,6.949
2019-05-26,6.948,27.23,70.72,2.37,10.91,7.1246
2019-05-27,7.0174,28.51,64.19,1.82,3.45,7.1239
2019-05-28,6.4368,29.42,57.83,1.4,2.13,6.8422
2019-05-29,6.5774,25.79,74.72,2.72,4.32,6.7325
2019-05-30,6.2378,26.34,69.01,2.19,3.02,6.7003
2019-05-31,6.1138,25.04,77.79,2.57,3.14,6.5825
2019-06-01,6.3084,26.51,70.54,2.51,1.86,6.7114
2019-06-02,5.1773,28.06,67.29,2.21,9.63,6.6262
2019-06-03,5.4965,25.65,73.9,2.62,0.15,6.7478
2019-06-04,6.2563,26.68,71.67,2.12,6.3,6.7442
2019-06-05,5.5483,26.2,73.97,1.65,11.35,6.7097
2019-06-06,6.625,26.7,72.44,1.52,1.27,6.8724
2019-06-07,5.5123,26.88,71.73,0.94,4.02,6.4884
2019-06-08,5.5762,26.03,71.51,2.4,0.97,6.6398
2019-06-09,6.6722,26.85,63.42,3.86,0.39,7.115
2019-06-10,5.215,25.51,67.58,3.7,0.0,6.9934
2019-06-11,5.2313,25.89,66.14,5.17,0.0,7.0099
2019-06-12,3.9348,26.27,67.78,5.6,0.0,7.1525
2019-06-13,4.9843,25.17,69.13,5.24,0.0,7.2269
2019-06-14,5.537,25.47,63.51,4.93,0.26,7.1647
2019-06-15,7.0068,26.52,64.54,4.19,0.72,7.2924
2019-06-16,6.7903,26.74,64.81,3.89,0.03,7.237
2019-06-17,5.9844,26.15,65.73,4.05,0.0,7.1813
2019-06-18,5.5543,26.41,65.7,3.7,0.08,7.2204
2019-06-19,6.5938,27.34,64.34,4.13,3.25,7.2888
2019-06-20,6.2986,26.21,61.81,4.7,0.68,7.2473
2019-06-21,4.7218,24.85,66.74,3.75,0.01,6.9715
2019-06-22,5.4341,24.8,71.34,4.23,1.95,7.1796
2019-06-23,4.8394,24.43,72.17,3.85,4.16,7.1294
2019-06-24,5.431,25.39,67.82,3.55,3.7,7.1556
2019-06-25,5.5745,25.7,64.34,3.48,0.43,7.0781
2019-06-26,4.752,24.57,73.57,3.34,0.8,7.0831
2019-06-27,5.5615,25.55,71.08,4.23,2.9,7.1177
2019-06-28,6.7193,25.2,70.39,4.68,0.16,7.2924
2019-06-29,5.8886,24.7,71.39,4.73,0.0,7.1962
2019-06-30,4.8502,24.8,71.32,4.76,0.02,7.0596
2019-07-01,5.8519,26.44,66.56,4.72,0.04,7.0613
2019-07-02,5.7761,25.66,69.93,4.66,0.01,7.0992
2019-07-03,5.4576,25.8,68.97,4.95,0.0,7.2854
2019-07-04,5.1264,25.68,69.94,5.15,0.21,7.1364
2019-07-05,4.319,25.02,73.9,5.43,1.19,7.1009
2019-07-06,4.6469,24.49,74.91,5.56,0.46,7.2634
2019-07-07,5.5762,24.98,70.3,5.46,0.13,7.1292
2019-07-08,5.4574,25.36,68.88,5.61,0.01,7.1719
2019-07-09,4.8977,24.3,75.0,4.73,0.34,7.1371
2019-07-10,4.9164,24.65,67.56,5.24,0.79,7.253
2019-07-11,5.1816,23.95,69.44,4.52,1.4,7.1911
2019-07-12,5.8006,25.63,64.16,2.42,2.13,7.1916
2019-07-13,4.854,25.54,66.39,3.08,10.17,7.0639
2019-07-14,5.9203,24.73,75.26,2.9,8.29,7.2432
2019-07-15,5.898,24.86,68.37,3.26,2.93,7.2598
2019-07-16,5.1401,24.43,69.76,3.28,0.86,7.3603
2019-07-17,4.8902,23.89,70.55,3.66,1.11,7.1033
2019-07-18,5.0962,21.57,80.68,3.93,7.38,7.081
2019-07-19,4.6639,22.87,79.49,3.42,1.17,6.919
2019-07-20,4.241,24.3,74.05,4.22,0.19,7.3152
2019-07-21,4.429,24.64,73.42,5.2,0.32,7.3058
2019-07-22,3.2417,23.42,78.97,4.77,4.44,7.2502
2019-07-23,4.4222,23.17,75.84,4.7,4.55,7.1616
2019-07-24,5.7067,23.78,75.32,4.12,1.27,7.2048
2019-07-25,4.6241,24.26,72.59,3.85,5.3,6.8501
2019-07-26,2.7324,23.28,75.93,4.25,0.32,6.7882
2019-07-27,5.0167,23.72,73.14,4.42,0.05,7.1273
2019-07-28,5.1007,24.06,72.85,4.92,1.04,6.871
2019-07-29,4.5271,24.02,74.56,4.49,0.27,7.163
2019-07-30,4.105,23.79,69.86,4.68,0.0,7.1196
2019-07-31,5.9664,24.43,67.31,4.34,0.0,7.2854
2019-08-01,6.0024,25.67,67.37,4.46,0.06,7.3894
2019-08-02,4.0642,24.27,69.55,5.3,0.01,7.3126
2019-08-03,4.8218,23.82,73.98,5.14,0.05,7.0666
2019-08-04,4.3421,23.43,66.71,5.24,0.09,7.0514
2019-08-05,3.7949,22.36,80.28,5.77,2.25,7.0997
2019-08-06,2.8121,23.11,75.53,6.07,1.96,6.9658
2019-08-07,3.2587,23.68,75.88,6.96,1.76,6.8954
2019-08-08,2.7955,23.89,77.24,7.34,6.17,6.7195
2019-08-09,3.1082,24.17,74.34,6.97,2.08,6.6797
2019-08-10,3.2138,24.02,71.62,6.56,0.01,6.707
2019-08-11,4.2703,24.36,71.46,5.06,2.02,6.8124
2019-08-12,4.6555,23.76,73.24,4.79,5.87,6.6173
2019-08-13,4.6646,24.54,71.96,4.37,0.5,6.4154
2019-08-14,4.6894,24.2,75.73,3.87,3.84,6.9758
2019-08-15,4.6464,24.03,75.6,3.92,0.45,7.1777
2019-08-16,4.1472,23.9,77.52,3.64,16.26,6.9986
2019-08-17,2.7948,23.36,80.64,3.79,19.01,6.9934
2019-08-18,2.7619,22.39,85.36,3.08,27.56,6.877
2019-08-19,5.8495,23.65,82.15,1.87,15.85,6.9648
2019-08-20,3.7591,23.17,86.54,2.36,10.45,7.0361
2019-08-21,4.3759,21.88,87.52,3.74,8.05,6.8801
2019-08-22,3.6492,21.83,84.84,3.53,2.62,7.0603
2019-08-23,4.8382,22.1,84.0,4.31,1.46,7.0123
2019-08-24,4.7714,22.54,81.37,3.85,0.04,7.0807
2019-08-25,5.1653,22.46,79.44,4.06,0.23,6.9283
2019-08-26,4.9375,23.29,76.13,4.21,0.2,7.0709
2019-08-27,5.6124,23.24,76.33,3.63,0.03,7.1676
2019-08-28,5.4566,23.04,78.47,3.66,0.3,7.1525
2019-08-29,5.2903,23.66,79.89,3.43,3.85,7.2053
2019-08-30,5.3942,23.09,78.8,4.38,0.46,7.1808
2019-08-31,3.7051,23.45,77.84,4.34,0.04,6.9038
2019-09-01,3.9943,22.41,81.9,3.86,0.36,6.9655
2019-09-02,3.8633,22.88,79.99,4.09,7.76,6.9168
2019-09-03,3.96,23.2,79.63,4.35,4.51,7.0135
2019-09-04,3.8998,22.22,79.46,4.82,1.21,6.8947
2019-09-05,4.3414,23.13,77.7,5.1,2.01,6.9902
2019-09-06,4.386,23.6,80.14,4.9,1.22,7.0006
2019-09-07,4.9296,23.98,76.91,5.07,0.26,7.0577
2019-09-08,4.6946,23.8,77.31,4.65,0.12,7.0411
2019-09-09,4.8281,23.25,78.79,4.25,0.02,6.9302
2019-09-10,5.2289,24.65,77.27,3.38,0.74,6.9905
2019-09-11,4.1736,24.34,78.91,3.2,0.74,6.6516
2019-09-12,5.544,23.02,83.37,3.18,10.96,6.7994
2019-09-13,5.6491,23.25,80.99,2.82,4.37,6.9154
2019-09-14,5.6758,23.87,78.78,2.61,2.45,6.8081
2019-09-15,4.9426,23.96,78.29,2.48,5.06,6.7997
2019-09-16,4.1347,23.65,78.65,3.52,10.02,7.0025
2019-09-17,4.1688,22.65,85.31,2.68,11.92,6.7721
2019-09-18,4.3927,22.83,85.46,2.67,8.75,6.7464
2019-09-19,4.9879,22.15,87.2,2.42,5.04,6.6401
2019-09-20,5.0683,23.15,78.25,1.89,2.27,6.6336
2019-09-21,6.6715,24.73,76.81,1.42,1.48,6.9149
2019-09-22,4.3368,22.44,91.09,1.43,16.52,6.7174
2019-09-23,5.7082,23.09,86.71,1.66,19.09,6.8638
2019-09-24,5.2344,21.82,92.87,1.73,28.09,6.6564
2019-09-25,4.8974,22.41,91.34,2.46,12.36,6.5335
2019-09-26,5.0606,22.35,85.8,3.41,1.78,6.5858
2019-09-27,5.7317,22.82,83.16,1.38,0.57,6.6874
2019-09-28,5.7031,22.96,83.7,1.87,1.59,6.5066
2019-09-29,6.2405,22.73,82.23,2.16,0.04,6.6475
2019-09-30,5.3484,21.79,84.1,2.12,0.0,6.7613
2019-10-01,5.5339,23.19,80.56,1.17,9.26,6.773
2019-10-02,6.3787,23.68,82.53,1.09,8.87,6.9007
2019-10-03,6.1735,23.66,84.2,1.17,11.65,6.5568
2019-10-04,5.8481,23.31,85.89,1.03,21.86,6.4841
2019-10-05,5.8548,22.51,90.29,1.27,10.15,6.5527
2019-10-06,5.2793,22.68,86.84,1.42,2.51,6.4253
2019-10-07,5.3477,22.86,86.5,0.95,9.54,6.4555
2019-10-08,5.8968,23.64,84.61,0.71,7.71,6.4486
2019-10-09,5.4876,23.14,88.95,0.64,3.96,6.2702
2019-10-10,4.8216,23.0,85.55,1.08,0.87,5.9798
2019-10-11,5.2058,23.05,86.44,1.5,0.31,6.264
2019-10-12,5.4833,23.29,84.7,1.89,0.43,6.3041
2019-10-13,5.5776,23.48,84.7,1.74,0.52,6.4445
2019-10-14,6.108,23.5,85.57,1.81,0.54,6.4579
2019-10-15,4.8523,22.96,87.76,2.07,3.02,6.415
2019-10-16,4.5617,22.43,86.39,2.3,7.26,6.4608
2019-10-17,3.8986,22.23,86.35,2.07,2.25,6.4068
2019-10-18,4.1004,22.43,88.37,2.39,7.8,6.2278
2019-10-19,4.9406,22.53,86.89,2.36,4.71,6.2182
2019-10-20,4.2043,22.25,87.89,2.27,14.5,6.03
2019-10-21,3.8882,21.85,88.43,1.57,6.6,6.1536
2019-10-22,3.2974,22.47,87.67,1.64,18.74,6.281
2019-10-23,4.8797,21.9,87.22,2.45,3.88,6.389
2019-10-24,4.8197,21.56,87.02,3.1,0.14,6.1202
2019-10-25,4.056,21.62,87.01,2.72,3.53,6.3067
2019-10-26,4.4897,22.03,87.17,2.17,0.71,6.2263
2019-10-27,4.7748,22.13,85.24,1.06,12.3,6.3514
2019-10-28,4.7294,22.14,87.29,2.22,1.61,6.2371
2019-10-29,3.5299,20.13,87.02,2.73,6.33,6.3319
2019-10-30,3.5412,21.51,90.7,3.09,3.25,6.2306
2019-10-31,3.8345,21.83,89.22,3.4,2.71,6.102
2019-11-01,6.0218,22.09,85.33,1.53,0.55,6.2878
2019-11-02,5.4173,22.38,86.11,1.73,0.02,6.1903
2019-11-03,5.5654,22.07,84.52,1.58,0.0,6.0446
2019-11-04,5.9935,21.91,80.53,1.42,0.0,6.0696
2019-11-05,5.934,22.56,79.07,1.34,0.0,6.0091
2019-11-06,5.3422,23.0,78.29,1.1,0.0,5.7362
2019-11-07,4.717,22.68,82.16,0.82,6.14,5.5037
2019-11-08,4.0238,22.64,87.98,1.1,4.54,5.3376
2019-11-09,4.5406,22.58,88.71,1.42,7.7,5.4866
2019-11-10,4.6865,22.72,84.1,1.35,3.46,5.4374
2019-11-11,4.3435,21.5,81.84,1.66,0.0,5.3513
2019-11-12,5.3923,21.45,83.66,2.09,0.0,5.7754
2019-11-13,5.6755,21.13,83.7,2.39,0.0,5.9693
2019-11-14,3.9312,21.85,87.44,2.38,7.62,5.8694
2019-11-15,3.9794,22.33,85.87,1.95,0.61,5.9258
2019-11-16,4.5384,22.46,84.5,2.38,0.07,5.7876
2019-11-17,5.5025,21.26,80.22,1.97,0.01,5.9054
2019-11-18,4.368,22.32,86.49,2.58,0.01,5.7905
2019-11-19,5.3916,22.74,83.0,1.46,0.1,5.9285
2019-11-20,3.9617,22.3,88.28,2.09,2.91,5.6962
2019-11-21,3.792,22.29,86.31,2.68,0.97,5.7446
2019-11-22,3.5446,20.59,83.03,2.84,0.0,5.7401
2019-11-23,5.5462,19.88,82.21,2.66,0.0,5.957
2019-11-24,5.4026,20.6,83.27,2.61,0.0,5.8061
2019-11-25,4.4402,20.91,82.63,2.92,0.0,5.6213
2019-11-26,5.813,20.44,82.43,3.11,0.55,5.9426
2019-11-27,3.2671,21.38,85.63,3.02,1.95,5.5879
2019-11-28,3.3737,21.97,85.81,3.38,0.63,5.7283
2019-11-29,3.2599,22.12,84.76,3.01,0.35,5.6856
2019-11-30,2.8169,22.27,86.67,3.29,2.1,5.6774
2019-12-01,2.3028,22.16,87.65,3.41,6.59,5.4127
2019-12-02,2.7305,21.21,86.76,2.81,1.12,5.413
2019-12-03,2.7662,20.92,84.75,3.18,0.36,5.4365
2019-12-04,4.2569,21.1,82.37,3.55,0.02,5.3957
2019-12-05,4.3882,20.49,80.91,3.41,0.0,5.3388
2019-12-06,3.8453,19.91,78.65,3.17,0.0,5.2978
2019-12-07,3.7567,20.81,82.29,2.98,0.2,5.6261
2019-12-08,2.8495,21.47,80.75,2.91,0.05,5.5186
2019-12-09,5.2723,20.85,78.64,2.92,0.0,5.8949
2019-12-10,5.2198,20.8,78.37,2.46,0.0,5.8102
2019-12-11,5.1691,21.24,76.79,2.02,0.0,5.5834
2019-12-12,5.3011,21.39,75.28,1.77,0.0,5.7542
2019-12-13,5.1132,22.17,78.39,2.21,0.01,5.527
2019-12-14,2.4288,21.67,83.11,2.7,3.93,5.3724
2019-12-15,4.6054,21.46,78.76,2.75,0.23,5.4965
2019-12-16,5.161,21.58,79.13,2.63,0.54,5.6712
2019-12-17,3.9307,21.11,77.04,3.26,0.14,5.2656
2019-12-18,4.3565,21.3,76.76,3.12,0.0,5.5344
2019-12-19,3.2707,21.26,75.44,3.21,0.0,5.6016
2019-12-20,4.1393,20.97,76.17,2.54,0.0,5.4439
2019-12-21,4.5269,21.14,79.4,2.3,0.0,5.3921
2019-12-22,4.867,22.05,74.85,2.29,0.0,5.3633
2019-12-23,4.225,21.52,72.46,2.21,0.0,5.1278
2019-12-24,4.1256,21.87,72.9,2.23,0.01,5.2855
2019-12-25,2.5464,22.78,76.42,2.37,0.0,5.207
2019-12-26,4.6762,23.64,69.89,1.66,0.0,5.257
2019-12-27,4.9793,22.82,69.06,2.19,0.0,5.4408
2019-12-28,5.2058,22.07,73.57,2.5,0.0,5.4706
2019-12-29,4.7326,22.21,71.97,2.6,0.0,5.2579
2019-12-30,4.9562,22.15,72.31,2.32,0.0,5.3328
2019-12-31,4.4822,22.7,73.87,2.46,0.03,5.0422
2020-01-01,3.2345,22.9,74.47,2.45,0.05,5.1708
2020-01-02,4.0279,23.45,73.02,2.32,0.0,5.4521
2020-01-03,4.9488,23.88,72.03,1.85,0.0,5.3926
2020-01-04,4.745,24.38,72.06,1.39,0.0,5.3664
2020-01-05,4.6673,24.15,74.21,1.86,0.0,5.2692
2020-01-06,3.7903,23.64,72.34,3.25,0.13,5.5229
2020-01-07,4.9126,22.47,70.75,3.05,0.04,5.6393
2020-01-08,5.6791,22.33,69.04,1.88,0.01,5.7655
2020-01-09,5.4005,22.58,69.05,1.74,0.0,5.5601
2020-01-10,5.5524,21.96,71.28,3.18,0.0,5.6122
2020-01-11,6.0418,21.19,65.59,3.0,0.0,6.0638
2020-01-12,5.4324,21.36,68.71,2.71,0.0,5.7794
2020-01-13,5.1994,21.96,68.12,1.22,0.0,5.4518
2020-01-14,5.7816,21.46,63.42,2.0,0.0,5.8049
2020-01-15,5.9974,20.44,60.38,2.46,0.0,6.0166
2020-01-16,5.9659,20.43,64.36,2.35,0.0,5.9832
2020-01-17,5.8462,21.52,66.75,2.6,0.0,5.8956
2020-01-18,4.3253,23.1,71.85,3.11,0.08,5.7571
2020-01-19,5.0335,23.48,68.94,2.45,0.01,5.8183
2020-01-20,5.8985,23.02,61.73,2.85,0.0,5.9198
2020-01-21,6.1747,21.87,59.43,3.01,0.0,6.18
2020-01-22,6.1577,21.97,64.36,3.37,0.0,6.2078
2020-01-23,6.0622,22.6,62.42,3.12,0.0,6.2016
2020-01-24,6.3374,22.12,56.4,2.68,0.0,6.3682
2020-01-25,6.4589,21.42,50.77,2.18,0.0,6.5069
2020-01-26,6.4049,22.09,54.92,2.11,0.0,6.4154
2020-01-27,6.1754,22.83,54.76,2.03,0.0,6.2052
2020-01-28,5.9141,23.76,56.05,2.31,0.0,6.0854
2020-01-29,6.2148,23.81,56.6,1.95,0.0,6.251
2020-01-30,6.2995,24.26,55.7,1.52,0.0,6.3499
2020-01-31,6.3,24.1,56.0,2.25,0.0,6.336
2020-02-01,5.8836,23.78,60.85,3.52,0.0,6.0154
2020-02-02,5.9791,23.64,58.44,3.53,0.0,6.1675
2020-02-03,6.4126,23.56,55.58,2.97,0.0,6.4224
2020-02-04,6.3211,23.61,57.31,2.93,0.0,6.36
2020-02-05,5.4391,23.76,57.31,2.66,0.0,5.8906
2020-02-06,5.6782,24.04,54.94,2.21,0.0,6.06
2020-02-07,5.3182,24.51,56.61,2.74,0.0,5.7658
2020-02-08,5.8445,25.4,51.98,1.99,0.0,6.1368
2020-02-09,5.4271,24.3,58.96,3.39,0.0,5.994
2020-02-10,5.7974,24.52,55.74,3.82,0.0,5.9995
2020-02-11,6.5021,24.09,55.04,4.04,0.0,6.5597
2020-02-12,5.7079,23.36,52.52,3.48,0.0,6.2474
2020-02-13,6.575,23.71,50.17,2.67,0.0,6.6154
2020-02-14,6.4553,24.31,48.29,1.78,0.0,6.5148
2020-02-15,6.6122,24.72,39.26,1.75,0.0,6.6187
2020-02-16,6.8246,24.08,37.45,2.81,0.0,6.8294
2020-02-17,7.0543,23.31,36.45,2.71,0.0,7.0632
2020-02-18,7.0087,23.72,45.81,3.07,0.0,7.044
2020-02-19,6.5297,24.3,52.06,2.73,0.0,6.7478
2020-02-20,6.9444,24.14,46.66,3.23,0.0,6.9902
2020-02-21,7.0771,23.92,44.1,3.14,0.0,7.1002
2020-02-22,6.84,24.36,52.06,3.22,0.0,6.9043
2020-02-23,6.1128,25.06,49.12,3.07,0.0,6.7752
2020-02-24,5.2531,25.39,50.2,3.1,0.0,6.6072
2020-02-25,6.7718,25.86,49.88,2.2,0.0,6.8779
2020-02-26,6.2582,26.47,52.76,2.92,0.0,6.6314
2020-02-27,5.3878,25.84,55.98,2.72,0.0,6.2155
2020-02-28,5.447,26.17,52.54,3.31,0.0,6.2503
2020-02-29,6.1402,26.53,50.11,2.83,0.0,6.318
2020-03-01,6.161,26.96,49.61,2.81,0.08,6.5755
2020-03-02,4.2005,26.22,52.17,1.7,0.13,5.7674
2020-03-03,5.651,27.66,47.46,1.66,0.06,6.125
2020-03-04,5.3194,27.98,47.82,1.0,0.11,6.0454
2020-03-05,5.7499,27.55,50.19,2.93,0.69,6.2203
2020-03-06,5.5457,27.23,52.74,2.53,0.85,6.157
2020-03-07,5.0498,25.12,64.66,2.59,2.27,6.2501
2020-03-08,5.7888,27.45,56.57,2.53,0.01,6.552
2020-03-09,5.6388,27.77,51.25,2.48,0.0,6.3614
2020-03-10,6.5527,27.82,41.35,2.79,0.0,6.685
2020-03-11,6.6698,27.55,45.62,2.52,0.0,6.9365
2020-03-12,6.8359,27.49,38.87,2.69,0.0,6.9043
2020-03-13,7.1986,26.77,37.82,3.12,0.0,7.2127
2020-03-14,7.3507,27.04,46.07,2.95,0.0,7.3728
2020-03-15,7.1602,27.67,48.5,3.19,0.0,7.17
2020-03-16,7.051,27.78,47.28,3.3,0.0,7.0603
2020-03-17,7.4098,27.15,44.42,3.77,0.0,7.4662
2020-03-18,7.5163,26.86,39.12,3.09,0.0,7.5192
2020-03-19,7.2842,27.67,36.58,2.07,0.0,7.35
2020-03-20,5.5891,27.68,41.86,2.13,1.09,6.5383
2020-03-21,6.6432,28.43,38.96,1.78,0.04,6.9283
2020-03-22,6.5832,29.08,39.06,1.79,0.0,6.9017
2020-03-23,5.2282,28.9,40.77,2.58,2.89,6.354
2020-03-24,6.7022,28.3,39.59,2.94,0.09,6.7536
2020-03-25,6.0314,27.52,46.03,3.14,0.0,6.8174
2020-03-26,6.7706,27.58,44.67,3.49,0.0,7.2089
2020-03-27,7.1666,26.97,45.85,3.25,0.0,7.4129
2020-03-28,7.4393,26.95,36.73,2.97,0.0,7.5204
2020-03-29,7.5754,27.1,32.77,2.82,0.0,7.6258
2020-03-30,7.644,27.53,32.87,3.42,0.0,7.657
2020-03-31,7.5634,27.62,34.73,3.24,0.0,7.5919
2020-04-01,7.5744,28.3,37.97,2.98,0.0,7.6454
2020-04-02,7.321,29.21,38.23,2.91,0.0,7.3519
2020-04-03,7.3682,28.88,39.58,3.38,0.0,7.4388
2020-04-04,7.6745,28.27,41.6,2.8,0.0,7.7311
2020-04-05,7.2406,29.15,47.38,2.94,0.1,7.4292
2020-04-06,5.9726,28.42,53.76,1.9,2.52,6.707
2020-04-07,4.3315,24.66,64.53,2.0,7.19,6.1176
2020-04-08,6.0852,27.53,53.9,0.78,0.95,6.8234
2020-04-09,6.3835,26.7,61.57,2.28,9.77,6.9418
2020-04-10,6.0046,26.86,55.4,2.77,0.41,7.5187
2020-04-11,7.0644,26.52,55.21,2.96,0.0,7.1609
2020-04-12,7.278,27.21,47.92,2.76,0.0,7.4227
2020-04-13,7.3046,27.78,41.07,3.32,0.0,7.5026
2020-04-14,7.7126,27.54,35.37,3.76,0.0,7.7148
2020-04-15,7.7942,27.19,38.87,2.76,0.0,7.8269
2020-04-16,7.4592,28.34,45.84,3.02,0.0,7.4825
2020-04-17,7.0402,29.48,46.87,3.26,0.0,7.3464
2020-04-18,6.6456,29.78,45.41,3.6,0.0,7.1338
2020-04-19,7.0226,29.34,46.8,3.81,0.0,7.3183
2020-04-20,7.5646,28.78,45.44,3.56,0.0,7.6205
2020-04-21,7.5672,28.88,39.62,2.36,0.0,7.685
2020-04-22,6.6914,29.84,46.22,2.43,0.0,7.1513
2020-04-23,6.5873,30.2,47.33,2.07,1.45,7.2166
2020-04-24,5.1761,28.8,55.44,1.81,2.17,6.6432
2020-04-25,5.5548,27.87,62.28,1.78,0.79,6.7817
2020-04-26,5.6143,28.37,56.88,2.96,1.76,6.6482
2020-04-27,5.5222,27.47,60.22,2.03,1.09,6.7723
2020-04-28,5.7866,26.61,71.49,2.16,21.68,6.72
2020-04-29,3.0828,23.42,79.26,2.53,11.6,7.129
2020-04-30,6.9223,27.24,60.38,2.07,0.02,7.1575
2020-05-01,6.5638,27.99,60.05,1.8,0.7,7.0838
2020-05-02,6.0583,28.72,57.0,1.6,0.05,6.6943
2020-05-03,6.4217,28.56,55.36,1.95,0.25,6.755
2020-05-04,7.0392,29.79,49.48,2.2,0.06,7.1508
2020-05-05,6.9972,29.44,50.8,2.33,0.0,7.2576
2020-05-06,6.0559,28.44,55.64,2.17,0.12,7.1095
2020-05-07,5.755,28.37,59.4,1.36,0.4,6.955
2020-05-08,6.0317,28.37,57.61,2.02,0.13,7.1244
2020-05-09,7.2509,29.52,49.17,2.9,0.0,7.4398
2020-05-10,6.8566,28.75,49.7,3.23,0.0,7.3051
2020-05-11,5.9592,28.58,49.49,3.18,0.0,7.2398
2020-05-12,6.3485,27.77,53.57,2.67,0.0,7.2355
2020-05-13,6.1896,29.06,39.19,2.15,0.04,7.0872
2020-05-14,6.5933,29.42,46.45,2.6,0.03,7.2334
2020-05-15,6.3679,30.03,39.97,2.57,0.0,7.3277
2020-05-16,5.1895,30.25,40.33,2.87,0.0,7.027
2020-05-17,5.4322,28.65,54.06,2.28,2.51,6.5664
2020-05-18,5.0626,25.75,70.22,5.31,2.34,6.6276
2020-05-19,5.5555,27.45,61.87,5.46,0.17,6.7884
2020-05-20,6.1322,28.54,57.06,4.35,0.0,7.0466
2020-05-21,6.667,28.75,55.83,3.61,0.95,7.1023
2020-05-22,6.456,28.85,49.33,3.67,0.02,7.189
2020-05-23,6.2522,30.62,42.06,1.73,0.0,7.1143
2020-05-24,6.7138,30.82,45.97,2.38,4.31,7.2806
2020-05-25,6.6365,28.98,61.46,1.5,3.89,7.0584
2020-05-26,6.6386,28.8,64.73,1.75,3.2,6.9566
2020-05-27,5.9909,27.39,73.56,1.88,9.34,6.7423
2020-05-28,6.6722,27.16,71.57,1.88,5.72,7.2355
2020-05-29,6.8846,24.53,80.29,2.52,20.41,7.1239
2020-05-30,5.6004,25.68,72.94,1.32,1.5,6.9624
2020-05-31,6.1913,26.36,70.31,2.35,0.46,7.0697
2020-06-01,5.7701,25.15,77.56,2.49,2.68,7.1203
2020-06-02,5.6009,25.15,72.43,3.09,0.43,7.1844
2020-06-03,5.4535,24.3,77.64,3.56,0.03,7.247
2020-06-04,5.5493,24.02,78.72,3.49,0.0,7.1582
2020-06-05,6.0542,25.25,71.74,3.42,0.55,7.1561
2020-06-06,5.9801,24.44,75.63,3.29,3.83,7.1722
2020-06-07,5.5471,25.87,66.94,3.85,0.24,7.074
2020-06-08,6.5184,25.05,65.29,4.27,0.03,7.3222
2020-06-09,6.091,25.28,60.98,4.02,0.0,7.1971
2020-06-10,5.3026,25.65,69.2,4.73,0.85,7.2331
2020-06-11,4.2274,23.66,79.47,4.75,4.2,7.3368
2020-06-12,4.4018,23.45,74.27,5.66,7.75,7.0087
2020-06-13,5.04,24.58,67.73,5.48,0.64,7.1635
2020-06-14,5.4034,24.0,70.56,5.88,0.14,7.2974
2020-06-15,5.6966,25.78,69.53,4.97,0.32,7.2835
2020-06-16,5.1852,25.49,71.59,4.86,0.09,7.1849
2020-06-17,4.1702,24.61,75.14,4.41,0.13,7.2305
2020-06-18,4.1693,24.59,71.15,4.55,0.03,7.175
2020-06-19,5.6662,24.38,70.6,4.07,0.01,7.313
2020-06-20,5.6314,24.55,68.52,4.1,0.01,7.1297
2020-06-21,5.694,25.11,69.26,4.0,1.85,7.2358
2020-06-22,5.8495,24.33,70.86,4.32,1.16,7.2293
2020-06-23,6.1884,24.07,66.03,3.79,7.12,7.3126
2020-06-24,6.3497,24.52,71.79,2.91,25.58,7.2413
2020-06-25,5.7286,23.82,81.57,1.45,47.52,7.2274
2020-06-26,5.3011,24.3,80.08,2.01,5.25,7.1426
2020-06-27,5.5315,23.79,84.36,2.46,35.49,7.1302
2020-06-28,4.8202,23.98,85.66,2.92,11.97,7.0198
2020-06-29,4.6474,23.74,86.5,2.43,7.08,6.8966
2020-06-30,5.6047,23.74,83.26,2.95,8.13,7.291
2020-07-01,5.0206,23.0,81.09,3.67,0.0,6.8921
2020-07-02,3.8534,22.14,82.79,4.67,3.94,7.009
2020-07-03,4.9865,22.49,84.76,4.32,9.97,7.2314
2020-07-04,4.513,23.18,79.35,5.32,2.67,7.0056
2020-07-05,4.0426,22.36,79.64,4.75,0.76,7.0332
2020-07-06,4.3253,23.37,79.56,4.35,0.19,7.1462
2020-07-07,5.3359,23.2,80.51,4.4,0.76,7.188
2020-07-08,4.7712,22.58,87.31,2.5,8.26,7.2137
2020-07-09,5.7799,22.4,87.5,2.27,35.45,7.2106
2020-07-10,4.4544,22.89,82.82,2.55,9.28,7.2163
2020-07-11,5.8025,22.67,83.92,2.32,0.67,6.9869
2020-07-12,6.1562,23.64,83.22,2.65,3.42,7.213
2020-07-13,5.2937,22.78,84.59,2.68,1.13,7.0534
2020-07-14,4.0553,22.95,85.22,3.16,0.28,7.0457
2020-07-15,3.5616,22.87,83.14,4.02,5.46,7.1278
2020-07-16,3.5496,22.76,83.55,3.9,7.52,7.1827
2020-07-17,3.5664,22.76,83.34,3.29,0.25,7.0574
2020-07-18,4.6315,23.48,82.59,2.17,8.63,7.2516
2020-07-19,5.1804,23.63,81.2,1.89,12.23,6.8916
2020-07-20,5.4648,23.17,87.36,2.05,9.86,6.9175
2020-07-21,6.78,23.83,81.11,1.8,0.38,7.2406
2020-07-22,5.839,23.77,82.51,2.16,0.81,7.0339
2020-07-23,5.4989,23.25,85.64,0.86,11.96,7.0512
2020-07-24,3.9386,23.35,83.97,1.98,10.01,7.1184
2020-07-25,5.4946,22.66,83.72,1.69,7.82,7.157
2020-07-26,5.2961,22.35,83.94,2.89,0.39,7.2888
2020-07-27,5.9297,23.24,80.8,3.24,1.55,7.0872
2020-07-28,5.8102,23.29,84.96,2.67,7.59,7.1069
2020-07-29,3.366,22.27,88.98,2.45,1.59,7.0702
2020-07-30,5.2687,22.73,90.38,2.19,5.26,7.2446
2020-07-31,5.2519,23.08,85.49,2.27,7.3,7.1522
2020-08-01,4.5209,22.58,87.63,3.07,31.93,7.2254
2020-08-02,4.9162,22.03,89.32,3.99,4.17,7.2622
2020-08-03,3.6432,22.73,85.0,4.93,1.49,6.9132
2020-08-04,3.0629,22.3,83.42,6.1,2.87,7.0937
2020-08-05,3.7222,22.59,83.12,7.06,2.86,7.0279
2020-08-06,4.3046,23.96,81.94,5.67,0.79,6.9233
2020-08-07,4.0361,23.56,83.79,5.04,0.19,7.0248
2020-08-08,4.1198,22.51,84.63,4.61,4.44,6.8671
2020-08-09,3.4442,21.87,86.26,4.2,4.99,6.5484
2020-08-10,4.3457,22.33,86.08,3.26,0.46,6.7913
2020-08-11,4.1762,22.97,83.58,3.83,3.18,6.7284
2020-08-12,4.0426,22.65,84.96,3.9,0.05,6.8258
2020-08-13,4.9558,22.65,84.07,3.78,0.02,6.8897
2020-08-14,3.8268,22.6,83.16,4.17,0.01,7.0099
2020-08-15,3.791,22.95,81.8,4.34,0.02,6.8402
2020-08-16,2.4701,23.08,83.38,3.85,0.24,6.7142
2020-08-17,3.7464,23.19,83.77,3.61,1.48,6.6022
2020-08-18,4.2571,23.43,83.48,3.6,1.21,6.7123
2020-08-19,3.9821,23.23,83.9,3.55,0.22,6.9324
2020-08-20,3.8623,23.11,83.62,3.59,0.01,7.115
2020-08-21,4.6135,23.48,83.13,3.24,0.04,6.9158
2020-08-22,5.4228,23.57,84.3,2.79,7.57,6.9626
2020-08-23,4.717,23.27,85.14,2.22,9.1,6.9857
2020-08-24,5.3743,23.91,81.95,1.74,8.34,7.0699
2020-08-25,6.7898,24.36,78.41,1.69,0.01,7.3296
2020-08-26,5.3866,23.34,83.14,1.73,4.47,7.0246
2020-08-27,5.6844,23.27,81.86,2.07,1.03,7.0572
2020-08-28,6.9991,23.72,77.83,2.35,0.0,7.2917
2020-08-29,6.9439,24.32,78.54,2.35,0.0,7.1906
2020-08-30,6.2784,23.94,82.97,1.83,7.28,7.271
2020-08-31,5.6227,23.69,84.14,1.95,9.41,7.2067
2020-09-01,5.1396,22.44,89.98,3.01,7.55,7.0541
2020-09-02,3.3914,22.4,91.18,3.0,22.14,6.8585
2020-09-03,4.4666,22.88,87.99,2.03,6.71,6.8184
2020-09-04,5.3242,23.86,84.27,1.65,2.05,6.9718
2020-09-05,4.4822,24.15,83.49,1.74,0.98,7.0716
2020-09-06,4.9126,23.79,86.35,1.52,0.69,6.8398
2020-09-07,5.2342,23.32,87.11,2.43,9.06,7.0337
2020-09-08,5.603,23.73,82.57,1.35,9.51,7.1107
2020-09-09,4.9075,23.29,86.64,1.98,20.55,7.0058
2020-09-10,4.6118,22.0,89.57,1.7,6.35,6.9893
2020-09-11,4.0985,21.92,88.22,3.8,1.35,7.091
2020-09-12,3.4114,21.25,88.17,3.68,4.1,6.859
2020-09-13,2.9513,20.61,86.31,3.91,10.54,6.9014
2020-09-14,3.7538,21.65,82.84,4.36,12.56,7.0994
2020-09-15,4.1633,22.46,84.51,3.63,1.74,6.8551
2020-09-16,4.4275,22.9,85.4,3.41,0.09,6.8923
2020-09-17,5.0448,22.86,84.72,3.26,0.72,6.9252
2020-09-18,4.6742,22.39,86.2,4.01,7.11,7.0205
2020-09-19,3.6154,22.23,87.62,4.03,6.38,7.0387
2020-09-20,2.6986,20.89,87.42,5.39,4.0,6.9091
2020-09-21,4.0522,20.96,84.69,5.59,1.35,6.7879
2020-09-22,3.7769,20.78,81.51,4.85,0.14,6.8338
2020-09-23,5.3971,21.84,81.49,3.77,0.03,7.0951
2020-09-24,5.3213,22.16,82.21,3.01,0.01,7.0078
2020-09-25,5.4247,21.62,87.8,1.72,18.02,6.8093
2020-09-26,3.4838,20.56,90.92,2.99,1.63,6.8359
2020-09-27,4.8427,21.91,86.51,2.08,0.03,6.8422
2020-09-28,5.5474,23.13,84.05,1.91,1.71,6.7958
2020-09-29,4.783,22.87,88.84,2.38,33.52,6.6634
2020-09-30,4.5739,21.98,89.06,2.57,5.92,6.5479
2020-10-01,5.8486,21.7,83.0,2.98,0.12,6.845
2020-10-02,5.3808,22.67,83.55,1.77,1.88,6.5995
2020-10-03,5.3964,22.32,87.43,2.96,2.14,6.6286
2020-10-04,4.3543,21.21,88.17,2.84,1.59,6.5446
2020-10-05,5.5855,22.19,83.11,2.69,0.03,6.5818
2020-10-06,6.1733,22.85,83.22,1.93,1.59,6.6674
2020-10-07,5.6129,23.07,85.24,1.95,1.9,6.4954
2020-10-08,5.574,22.61,83.94,1.3,1.3,6.1814
2020-10-09,4.6536,23.04,82.39,0.71,12.26,5.9395
2020-10-10,5.2008,22.27,92.1,1.97,37.01,6.4438
2020-10-11,3.2066,21.59,89.92,2.76,4.17,5.9806
2020-10-12,2.9688,21.72,89.01,3.54,15.35,5.8673
2020-10-13,2.669,21.1,92.11,3.67,4.78,5.9078
2020-10-14,3.895,21.4,86.4,4.5,0.44,6.162
2020-10-15,4.9582,21.76,87.14,3.34,0.13,6.27
2020-10-16,5.939,22.2,85.7,2.06,0.09,6.1788
2020-10-17,5.0064,21.89,80.82,1.26,2.76,6.138
2020-10-18,4.0944,22.34,86.43,1.18,3.25,6.3084
2020-10-19,4.0258,22.12,90.27,1.43,14.6,6.3713
2020-10-20,2.7972,22.16,89.89,1.46,19.0,6.245
2020-10-21,3.6094,22.28,89.87,1.6,13.07,5.9419
2020-10-22,4.3627,22.08,89.96,1.41,9.18,6.1495
2020-10-23,3.8369,22.14,90.8,1.27,3.49,5.8634
2020-10-24,3.9502,22.48,88.97,1.28,4.6,6.0257
2020-10-25,4.6457,22.88,82.45,0.75,1.02,5.9554
2020-10-26,5.7588,22.66,83.5,1.25,0.05,5.8968
2020-10-27,5.5627,21.55,84.09,1.7,0.0,5.797
2020-10-28,5.7504,21.29,84.62,1.92,0.0,5.9246
2020-10-29,4.8434,20.89,86.68,1.98,1.32,5.9249
2020-10-30,5.569,21.39,82.93,1.7,0.15,6.054
2020-10-31,5.4931,21.95,78.4,1.3,0.0,5.8718
2020-11-01,5.4089,22.27,79.5,1.02,0.01,5.6119
2020-11-02,4.7222,22.58,83.66,1.2,0.29,5.333
2020-11-03,4.7863,22.59,84.78,1.66,0.01,5.3743
2020-11-04,4.3217,22.92,86.05,1.68,0.02,5.2126
2020-11-05,4.6877,22.52,85.14,2.02,5.46,5.7482
2020-11-06,5.4072,22.45,84.81,1.84,3.69,6.0254
2020-11-07,5.6978,22.78,86.83,2.04,0.68,6.1742
2020-11-08,4.2113,22.39,87.45,2.61,0.96,5.7682
2020-11-09,5.4926,21.04,84.98,2.16,0.04,5.7821
2020-11-10,6.2038,18.78,80.12,2.06,0.0,6.4152
2020-11-11,5.352,19.53,87.42,2.46,5.59,6.2297
2020-11-12,4.2662,21.62,90.33,2.55,5.94,5.7528
2020-11-13,2.6472,21.97,88.69,2.75,7.06,5.7379
2020-11-14,4.7666,21.82,87.42,2.94,0.62,5.8613
2020-11-15,2.9342,22.17,89.26,2.96,6.84,6.0173
2020-11-16,2.7199,21.84,90.03,2.88,8.59,5.7864
2020-11-17,3.5964,21.55,88.11,2.93,3.42,5.5793
2020-11-18,4.1693,21.71,87.6,2.34,0.25,5.6633
2020-11-19,4.8626,21.53,86.34,2.58,0.02,5.8248
2020-11-20,5.8433,20.59,83.11,2.18,0.0,6.0797
2020-11-21,6.2138,19.0,77.15,1.6,0.0,6.2549
2020-11-22,5.6837,18.12,75.36,1.62,0.0,6.2028
2020-11-23,4.757,18.26,81.3,1.74,0.0,5.7542
2020-11-24,4.0668,20.32,87.02,2.24,0.06,5.1413
2020-11-25,3.1382,21.03,88.48,3.41,3.83,5.3777
2020-11-26,0.9077,19.14,94.28,5.85,41.51,5.7715
2020-11-27,4.0039,19.59,89.7,3.75,2.58,5.6909
2020-11-28,3.5779,20.54,87.51,2.23,1.08,5.441
2020-11-29,2.7113,20.98,87.76,2.49,0.39,5.6299
2020-11-30,4.1129,20.7,86.76,2.81,0.31,5.6186
2020-12-01,5.3174,19.59,82.3,2.46,0.0,6.0079
2020-12-02,4.3392,19.78,83.6,2.9,1.09,5.8169
2020-12-03,2.0633,19.92,91.82,3.49,5.53,5.6765
2020-12-04,1.962,20.71,91.11,3.36,2.61,5.5054
2020-12-05,2.5867,21.06,87.34,2.97,1.22,5.759
2020-12-06,2.6088,21.54,88.1,3.33,4.91,5.6575
2020-12-07,2.897,21.78,88.47,3.29,6.05,5.5126
2020-12-08,3.1066,21.34,88.22,3.09,3.41,5.465
2020-12-09,3.8134,21.25,87.39,2.66,1.06,5.6635
2020-12-10,5.6719,19.48,79.21,1.75,0.01,5.7048
2020-12-11,5.7552,18.85,78.66,1.66,0.0,5.8097
2020-12-12,5.4924,18.4,79.62,1.68,0.0,5.6539
2020-12-13,5.1953,18.5,79.33,1.41,0.0,5.4972
2020-12-14,5.3928,18.94,81.44,1.83,0.0,5.5332
2020-12-15,5.3371,18.89,81.72,2.41,0.0,5.5044
2020-12-16,3.3924,20.52,85.5,2.6,0.54,5.3292
2020-12-17,2.5212,20.94,86.22,2.84,0.06,5.2291
2020-12-18,5.478,19.42,86.32,2.52,0.0,5.6026
2020-12-19,4.4191,19.85,85.2,2.87,0.0,5.3366
2020-12-20,4.0308,19.09,82.98,2.9,0.0,5.1754
2020-12-21,5.7746,17.2,81.97,2.46,0.0,5.8114
2020-12-22,5.2901,18.04,79.68,2.02,0.0,5.4377
2020-12-23,4.3637,19.19,79.83,1.8,0.0,5.2162
2020-12-24,4.7278,20.14,81.48,1.78,0.0,5.1415
2020-12-25,5.0695,20.11,82.8,2.13,0.0,5.5301
2020-12-26,5.6431,18.68,80.49,2.21,0.0,5.6515
2020-12-27,5.815,18.28,79.97,1.96,0.0,5.8627
2020-12-28,5.0088,18.67,74.68,1.38,0.0,5.6878
2020-12-29,5.0254,19.89,78.82,2.28,0.05,5.394
2020-12-30,4.7885,21.09,84.03,2.81,0.98,5.423
2020-12-31,2.5745,21.08,84.78,3.42,1.17,5.1787
2021-01-01,4.9915,18.87,81.29,2.95,0.16,5.6184
2021-01-02,4.0044,19.86,84.14,2.71,0.29,5.6189
2021-01-03,3.0974,20.95,82.54,2.92,0.15,5.5272
2021-01-04,2.0726,21.01,80.6,3.27,0.06,5.5231
2021-01-05,3.9046,20.98,86.53,2.57,0.48,5.5104
2021-01-06,2.7034,21.7,86.4,2.32,13.31,5.335
2021-01-07,2.8642,21.16,87.96,2.27,4.22,5.2294
2021-01-08,3.1774,22.02,85.13,2.38,0.16,5.143
2021-01-09,2.2937,22.21,83.32,2.7,0.05,5.5092
2021-01-10,3.8933,21.39,82.98,2.64,0.0,5.5027
2021-01-11,2.826,20.86,82.66,2.53,0.01,5.5776
2021-01-12,2.5402,20.05,82.01,3.19,0.09,5.7672
2021-01-13,4.6414,20.66,77.67,3.26,0.12,5.8416
2021-01-14,3.5726,20.41,79.63,2.84,0.22,5.754
2021-01-15,4.506,21.23,76.72,2.7,0.04,5.8306
2021-01-16,4.7546,21.45,72.58,2.43,0.0,5.7012
2021-01-17,5.1989,21.12,74.65,2.43,0.0,5.6532
2021-01-18,6.0936,20.16,73.55,2.73,0.0,6.1224
2021-01-19,5.8133,20.17,74.28,2.29,0.0,5.988
2021-01-20,5.6604,20.87,71.24,1.31,0.0,5.909
2021-01-21,5.7002,22.27,71.25,0.9,0.0,6.0394
2021-01-22,4.9126,22.55,72.91,1.82,0.0,5.73
2021-01-23,5.3772,21.83,71.33,1.86,0.0,5.7418
2021-01-24,5.8553,21.05,69.06,1.78,0.0,5.9938
2021-01-25,6.2026,19.72,66.74,2.12,0.0,6.2371
2021-01-26,6.425,19.64,61.53,2.08,0.0,6.455
2021-01-27,6.2021,19.19,65.51,2.33,0.0,6.2798
2021-01-28,6.0614,20.04,68.92,2.88,0.0,6.1296
2021-01-29,5.6035,21.06,69.02,2.61,0.0,5.8934
2021-01-30,5.4228,21.74,67.06,1.97,0.0,5.5174
2021-01-31,6.0684,21.63,62.62,2.85,0.0,6.107
2021-02-01,6.3682,20.36,60.89,2.99,0.0,6.3876
2021-02-02,6.2227,20.87,66.47,3.1,0.0,6.269
2021-02-03,5.4521,21.49,68.2,2.86,0.0,5.9945
2021-02-04,6.1925,21.07,63.85,2.41,0.0,6.2057
2021-02-05,6.2719,20.61,63.04,2.06,0.0,6.3192
2021-02-06,6.4274,20.6,60.9,2.66,0.0,6.4363
2021-02-07,6.7142,20.16,50.85,3.05,0.0,6.7428
2021-02-08,6.7346,19.81,58.62,2.97,0.0,6.7409
2021-02-09,6.5561,19.69,61.61,3.03,0.0,6.6403
2021-02-10,6.888,19.5,55.57,2.25,0.0,6.9094
2021-02-11,6.7908,20.07,58.48,2.42,0.0,6.8362
2021-02-12,6.9007,20.3,57.87,2.47,0.0,6.9386
2021-02-13,6.8033,20.54,57.24,2.26,0.0,6.8846
2021-02-14,6.7879,20.8,55.54,1.6,0.0,6.8126
2021-02-15,6.5141,21.85,55.69,1.41,0.0,6.5534
2021-02-16,5.8013,22.52,57.46,1.92,0.0,6.2141
2021-02-17,5.363,22.71,56.9,2.75,0.0,6.0216
2021-02-18,4.9469,22.23,60.86,3.45,0.01,5.7953
2021-02-19,4.6246,22.06,62.7,2.82,6.02,5.9794
2021-02-20,4.3603,21.47,73.36,3.22,9.12,6.2513
2021-02-21,3.9626,20.95,74.29,3.69,2.17,6.505
2021-02-22,5.8202,22.36,63.27,2.21,0.15,6.8251
2021-02-23,6.7205,23.46,61.13,2.42,0.03,6.8218
2021-02-24,6.8302,23.55,57.56,1.94,0.0,6.8424
2021-02-25,6.869,23.98,54.32,1.87,0.0,6.8832
2021-02-26,6.8443,23.89,50.27,1.76,0.0,6.8657
2021-02-27,6.6626,24.5,49.84,2.08,0.0,6.7834
2021-02-28,6.8414,24.14,48.03,2.89,0.0,6.8609
2021-03-01,7.104,23.39,50.3,2.27,0.0,7.1057
2021-03-02,6.6662,23.94,51.82,2.86,0.0,6.835
2021-03-03,7.0452,23.73,45.48,3.21,0.0,7.0502
2021-03-04,7.4069,22.64,48.88,3.4,0.0,7.4141
2021-03-05,7.4606,23.17,47.2,2.17,0.0,7.4777
2021-03-06,7.3567,24.47,46.94,2.07,0.0,7.3766
2021-03-07,7.2336,24.6,49.87,2.26,0.0,7.2912
2021-03-08,7.4503,24.44,49.27,2.9,0.0,7.4539
2021-03-09,7.4508,24.54,48.44,3.25,0.0,7.4971
2021-03-10,7.206,25.74,53.42,2.16,0.0,7.3949
2021-03-11,6.965,26.65,51.34,2.92,0.03,7.249
2021-03-12,7.1318,25.5,45.2,2.88,0.04,7.4254
2021-03-13,7.5545,24.75,45.44,2.71,0.0,7.5598
2021-03-14,7.5072,25.4,47.05,2.9,0.0,7.5113
2021-03-15,7.0687,25.79,43.48,2.14,0.0,7.3978
2021-03-16,7.2629,26.34,41.85,2.48,0.0,7.3277
2021-03-17,6.7318,26.25,38.61,2.89,0.0,7.0382
2021-03-18,6.4022,25.43,46.56,3.07,0.0,6.9372
2021-03-19,7.2113,25.29,41.81,3.09,0.0,7.2866
2021-03-20,6.7099,25.85,36.75,3.08,0.0,7.2636
2021-03-21,7.1621,26.3,37.38,2.81,0.0,7.1894
2021-03-22,7.2072,27.02,38.25,2.89,0.0,7.3418
2021-03-23,7.2185,27.4,42.89,2.91,0.0,7.2578
2021-03-24,6.9242,27.75,43.64,3.09,0.0,7.1311
2021-03-25,6.0886,27.68,40.0,2.74,0.02,6.9242
2021-03-26,6.9454,28.31,39.19,3.3,0.0,7.0073
2021-03-27,6.534,26.96,47.38,3.02,0.0,6.8897
2021-03-28,5.0798,26.84,46.37,2.32,0.0,6.5782
2021-03-29,5.4106,28.28,41.15,2.67,0.0,6.4934
2021-03-30,6.2359,29.12,37.04,2.86,0.0,6.7481
2021-03-31,6.6084,30.7,29.83,2.48,0.0,6.9031
2021-04-01,7.3726,29.02,30.24,3.05,0.0,7.4304
2021-04-02,7.6781,28.95,30.31,2.57,0.0,7.739
2021-04-03,6.961,30.67,31.43,1.74,0.0,7.4191
2021-04-04,6.3509,30.1,32.16,2.56,0.15,7.2626
2021-04-05,6.3437,30.06,38.93,2.83,0.15,6.8966
2021-04-06,6.415,28.84,44.42,3.33,0.0,6.6742
2021-04-07,7.0306,29.07,38.33,2.84,0.0,7.1323
2021-04-08,6.0689,28.62,31.95,3.18,0.0,6.9703
2021-04-09,6.5467,28.41,37.74,3.23,0.0,6.9211
2021-04-10,6.7781,28.21,44.51,3.81,0.0,6.9677
2021-04-11,6.2314,28.45,47.89,3.16,0.0,7.0769
2021-04-12,5.7744,28.5,50.64,3.16,1.77,7.2125
2021-04-13,5.7048,27.98,51.56,2.76,1.49,7.085
2021-04-14,4.9174,26.99,57.58,1.58,6.21,6.9545
2021-04-15,5.6194,24.89,73.13,1.47,13.55,7.211
2021-04-16,6.3461,26.11,63.5,2.21,0.15,7.1455
2021-04-17,6.155,26.98,59.81,1.78,0.01,6.9602
2021-04-18,6.3823,27.32,56.76,2.05,0.0,6.8959
2021-04-19,6.2316,27.3,60.5,1.37,0.51,6.8395
2021-04-20,5.291,26.79,61.44,1.51,0.91,6.7435
2021-04-21,6.0094,26.57,66.22,1.16,5.12,6.6036
2021-04-22,6.0653,27.07,61.35,0.99,0.91,6.7932
2021-04-23,5.5466,25.97,66.39,1.14,25.15,6.5369
2021-04-24,5.837,26.57,65.13,1.12,5.78,6.5897
2021-04-25,5.9386,27.16,59.96,2.41,1.04,6.7675
2021-04-26,6.4481,25.62,65.95,1.95,0.02,6.6293
2021-04-27,6.0593,26.66,61.03,1.7,0.0,6.99
2021-04-28,6.5498,27.07,58.54,1.92,0.01,6.8556
2021-04-29,6.3072,27.76,55.64,1.88,0.05,7.0414
2021-04-30,5.7686,26.77,61.4,1.99,0.95,6.606
2021-05-01,6.3624,26.69,64.91,2.51,2.14,6.8767
2021-05-02,5.8303,26.86,62.4,1.81,0.04,7.0522
2021-05-03,5.5788,27.28,60.82,2.14,0.11,6.8057
2021-05-04,5.2742,27.55,61.03,2.19,0.03,6.9775
2021-05-05,6.5052,28.23,58.02,2.27,0.02,7.0927
2021-05-06,6.126,28.07,57.91,2.83,0.01,7.1976
2021-05-07,5.735,27.79,59.65,2.99,1.44,7.1849
2021-05-08,5.7732,27.96,57.84,2.82,0.0,7.1201
2021-05-09,6.768,28.64,56.78,2.17,0.01,7.4256
2021-05-10,5.0777,28.4,59.52,1.94,0.26,6.8976
2021-05-11,5.9186,27.27,66.44,1.46,0.23,6.7884
2021-05-12,4.9356,27.02,70.17,1.24,13.46,6.8731
2021-05-13,5.8541,26.0,75.75,1.18,7.8,7.0555
2021-05-14,6.4253,27.2,65.0,3.49,2.78,7.2972
2021-05-15,3.0389,24.81,75.47,4.59,0.96,6.8825
2021-05-16,4.0442,25.6,74.03,4.32,0.14,6.6271
2021-05-17,6.4078,26.98,67.47,2.71,0.26,7.242
2021-05-18,6.9132,26.55,68.18,2.66,0.45,7.4489
2021-05-19,6.6475,25.33,80.84,2.74,75.59,7.4866
2021-05-20,4.981,24.37,79.53,2.52,20.55,7.1513
2021-05-21,5.1454,23.76,80.22,2.75,14.05,7.1957
2021-05-22,5.8598,24.23,78.4,3.1,3.21,7.0517
2021-05-23,6.2494,24.76,76.87,3.35,0.51,7.1938
2021-05-24,6.6427,23.97,75.43,3.26,0.06,7.2746
2021-05-25,5.419,23.04,85.96,3.33,9.37,6.7318
2021-05-26,5.8411,24.1,76.2,4.85,0.3,6.8076
2021-05-27,6.7754,24.33,74.16,3.75,0.01,7.1878
2021-05-28,7.2319,25.25,70.03,3.91,0.0,7.3562
2021-05-29,7.2041,25.36,70.37,3.24,4.03,7.4028
2021-05-30,7.1364,25.2,72.95,3.36,3.02,7.4887
2021-05-31,7.2026,25.59,73.43,3.26,0.56,7.4707
2021-06-01,6.6458,25.85,74.98,2.42,4.62,7.369
2021-06-02,6.5155,25.23,77.55,1.84,1.42,7.3464
2021-06-03,5.365,24.72,79.01,0.65,15.48,6.6427
2021-06-04,4.6975,23.61,86.32,2.41,21.55,6.5722
2021-06-05,4.7431,22.23,84.36,1.96,12.96,6.8976
2021-06-06,5.9938,24.09,72.91,2.07,0.19,7.1359
2021-06-07,7.1978,23.23,78.89,2.66,0.63,7.4381
2021-06-08,7.0994,24.83,72.28,3.22,0.03,7.5648
2021-06-09,6.1188,24.15,77.55,3.85,1.42,7.4604
2021-06-10,5.723,24.29,74.73,4.13,0.02,7.4249
2021-06-11,5.3808,23.32,77.79,4.16,0.0,7.4873
2021-06-12,4.8626,22.52,75.53,5.44,1.69,7.2355
2021-06-13,4.6423,22.95,72.7,5.48,1.37,7.1275
2021-06-14,3.9641,22.68,77.64,6.3,0.65,7.0529
2021-06-15,4.284,22.59,79.81,5.18,0.98,7.0481
2021-06-16,4.4213,23.88,75.01,5.29,0.73,6.8251
2021-06-17,5.3688,23.84,78.15,5.03,0.9,6.689
2021-06-18,4.6267,23.1,78.68,4.85,0.01,6.5136
2021-06-19,5.2733,23.52,79.59,4.53,0.01,6.8047
2021-06-20,5.8351,23.76,76.14,3.7,0.0,6.9396
2021-06-21,5.929,24.33,74.53,3.43,0.04,6.8784
2021-06-22,5.2855,24.13,75.69,2.88,0.17,6.8731
2021-06-23,5.6885,24.49,75.38,2.94,4.74,6.7855
2021-06-24,5.8682,24.26,74.27,3.6,1.19,7.195
2021-06-25,6.6238,23.58,74.05,3.77,0.0,7.2017
2021-06-26,4.2926,23.69,74.48,4.02,1.19,6.9667
2021-06-27,3.8467,21.82,74.63,3.73,0.53,6.9382
2021-06-28,5.3671,24.15,68.14,1.95,0.18,7.1616
2021-06-29,6.3917,25.75,70.26,1.98,0.19,7.1134
2021-06-30,6.5964,25.61,76.84,1.97,1.57,7.1736
2021-07-01,3.3391,23.77,87.65,2.04,30.0,6.6487
2021-07-02,5.6177,23.53,84.52,2.61,4.36,7.1246
2021-07-03,5.1084,23.68,80.84,2.01,2.83,7.1518
2021-07-04,5.5973,23.3,83.4,1.95,34.49,7.1268
2021-07-05,6.3557,24.04,79.99,1.63,2.07,7.2785
2021-07-06,5.7619,23.77,84.16,1.8,0.46,7.2586
2021-07-07,4.9903,23.06,86.64,2.13,0.92,7.1078
2021-07-08,6.0353,23.18,85.38,2.57,8.63,7.2948
2021-07-09,5.1504,23.25,84.45,3.44,13.18,7.0409
2021-07-10,4.3805,21.77,82.02,4.18,0.91,7.043
2021-07-11,4.1513,21.44,82.45,4.54,0.04,7.0819
2021-07-12,4.488,21.76,81.82,4.73,0.08,7.1856
2021-07-13,3.5772,23.28,81.39,4.97,2.36,7.3301
2021-07-14,2.9892,22.86,84.45,4.99,14.16,6.7882
2021-07-15,2.6532,22.54,83.56,4.62,6.93,7.1419
2021-07-16,4.842,23.49,82.08,3.68,10.03,7.1861
2021-07-17,4.661,22.87,86.8,3.45,27.91,6.8515
2021-07-18,3.1682,22.52,88.74,4.55,9.26,7.2362
2021-07-19,4.3361,23.4,81.26,4.58,2.47,6.8443
2021-07-20,5.279,23.27,80.76,5.4,0.62,7.1234
2021-07-21,2.9873,23.1,80.93,5.18,1.19,7.1407
2021-07-22,2.6215,22.42,83.54,6.43,1.19,6.9538
2021-07-23,2.5178,23.44,79.71,5.53,0.36,6.7824
2021-07-24,4.7614,23.8,80.99,4.53,3.23,6.8952
2021-07-25,5.0815,22.95,84.99,4.52,20.32,7.116
2021-07-26,4.9579,22.92,83.06,4.28,4.25,7.0099
2021-07-27,5.371,23.17,80.97,4.31,1.38,7.2442
2021-07-28,5.6258,23.61,78.15,4.65,0.04,7.3994
2021-07-29,5.3669,23.23,79.96,4.48,0.0,7.4647
2021-07-30,5.3597,22.82,82.26,4.21,0.0,7.2907
2021-07-31,4.8667,23.24,80.53,4.24,0.07,7.1964
2021-08-01,4.6745,23.3,79.24,4.32,0.01,6.7457
2021-08-02,5.1634,23.14,76.92,4.53,0.1,7.0399
2021-08-03,4.4971,23.27,79.09,4.13,0.16,7.1146
2021-08-04,3.9372,23.44,79.82,4.52,0.16,6.7034
2021-08-05,4.1294,23.58,79.41,4.54,2.28,7.1321
2021-08-06,4.7016,23.92,79.98,4.29,6.58,6.8726
2021-08-07,5.484,24.01,81.77,3.62,2.1,7.032
2021-08-08,6.0499,24.11,80.69,2.27,0.81,7.0493
2021-08-09,5.8111,24.12,81.35,2.38,6.82,7.1846
2021-08-10,4.127,22.65,86.33,3.28,14.78,7.1074
2021-08-11,4.8962,23.5,82.8,2.59,0.77,6.8995
2021-08-12,3.563,22.74,85.15,3.35,0.99,6.7982
2021-08-13,4.6555,23.14,82.43,3.45,4.65,6.8986
2021-08-14,5.2872,22.52,83.69,3.39,0.47,6.8294
2021-08-15,4.6128,22.19,81.94,3.73,0.01,6.9684
2021-08-16,4.3922,22.87,79.91,3.24,4.15,7.1503
2021-08-17,4.4309,23.51,78.24,3.0,1.18,7.0524
2021-08-18,4.824,22.99,77.37,3.33,0.79,7.0267
2021-08-19,4.9817,22.29,77.31,3.99,1.46,7.1285
2021-08-20,5.813,22.36,79.88,2.57,6.54,7.2379
2021-08-21,4.4621,22.4,81.17,1.66,7.71,6.9823
2021-08-22,5.7125,23.2,79.65,1.3,4.09,7.1542
2021-08-23,5.0496,23.02,85.11,1.15,1.31,6.9137
2021-08-24,6.0187,23.54,80.21,1.88,5.74,7.2564
2021-08-25,5.7538,23.62,80.26,2.49,2.19,7.3716
2021-08-26,6.21,24.0,82.53,1.43,2.48,7.3334
2021-08-27,4.9428,23.41,86.0,2.39,19.32,7.1647
2021-08-28,4.2442,22.79,83.01,3.26,6.15,7.1866
2021-08-29,3.5102,22.48,77.98,3.85,2.53,6.899
2021-08-30,4.469,22.0,80.41,3.74,0.24,6.9922
2021-08-31,5.497,23.3,77.63,2.84,0.55,6.8892
2021-09-01,5.2596,23.25,80.0,1.91,9.29,6.949
2021-09-02,4.0392,22.49,87.06,1.77,18.05,7.0898
2021-09-03,4.003,22.6,80.97,2.73,10.82,7.0639
2021-09-04,3.6026,22.14,86.15,3.02,4.79,6.8978
2021-09-05,4.351,22.58,83.12,3.86,4.62,7.0114
2021-09-06,4.812,21.93,80.18,4.61,6.25,6.9161
2021-09-07,4.2259,22.02,81.85,4.14,0.45,6.9485
2021-09-08,4.7215,22.68,83.53,3.82,1.71,7.0226
2021-09-09,5.4166,23.0,81.33,3.3,0.18,7.1501
2021-09-10,5.1502,22.98,82.59,3.27,0.0,7.141
2021-09-11,4.969,22.93,83.35,3.65,0.09,7.0853
2021-09-12,4.7962,23.13,82.17,4.34,0.36,7.0462
2021-09-13,4.3231,23.1,83.4,4.63,0.08,6.858
2021-09-14,4.9406,23.62,82.0,3.42,0.01,6.8472
2021-09-15,5.3777,23.5,82.63,2.69,0.51,6.9089
2021-09-16,5.7838,23.54,82.44,2.62,0.02,6.8059
2021-09-17,6.6881,23.87,79.02,2.21,0.09,6.9053
2021-09-18,5.9998,24.22,76.14,1.75,0.11,6.7385
2021-09-19,6.0173,23.56,82.01,1.43,14.74,6.823
2021-09-20,4.8094,23.36,85.24,1.44,16.66,6.7426
2021-09-21,5.9503,23.07,83.55,2.5,4.29,6.9576
2021-09-22,4.9217,23.12,83.0,2.48,3.63,6.8225
2021-09-23,4.9896,23.03,83.65,2.01,4.67,6.7543
2021-09-24,5.4504,23.78,82.11,1.81,2.69,6.9566
2021-09-25,4.6298,23.18,85.86,1.95,12.66,6.8755
2021-09-26,4.9788,21.95,86.96,2.75,1.26,7.043
2021-09-27,4.643,22.83,82.78,3.8,2.01,6.9002
2021-09-28,4.4962,21.58,84.45,3.51,1.64,6.7697
2021-09-29,5.2126,22.27,81.71,2.84,7.15,6.7838
2021-09-30,5.586,23.26,78.63,1.32,1.49,6.8561
2021-10-01,4.2794,23.7,82.97,1.58,1.41,6.5143
2021-10-02,4.6603,23.33,85.5,1.97,4.28,6.6653
2021-10-03,4.7945,23.14,83.19,2.12,7.85,6.8882
2021-10-04,5.4202,22.97,85.5,1.54,14.57,6.6974
2021-10-05,3.6346,23.05,87.12,1.41,20.18,6.7822
2021-10-06,3.4462,22.78,87.53,1.58,4.32,6.4944
2021-10-07,5.6971,24.06,81.66,1.43,2.75,6.6427
2021-10-08,4.5924,23.33,88.97,1.85,10.82,6.5964
2021-10-09,3.2652,22.96,88.74,2.53,6.57,6.6576
2021-10-10,5.4329,22.77,87.04,2.18,5.55,6.7073
2021-10-11,4.7558,23.23,84.75,1.47,7.83,6.3893
2021-10-12,4.9682,22.59,87.1,1.51,10.82,6.5076
2021-10-13,4.7009,22.56,87.22,2.37,3.53,6.7704
2021-10-14,5.293,23.36,82.94,1.54,15.48,6.7046
2021-10-15,4.0649,23.4,86.61,0.79,16.17,6.3336
2021-10-16,4.4722,23.58,87.46,1.62,8.15,6.0266
2021-10-17,4.0879,22.22,90.53,1.67,3.48,6.1212
2021-10-18,3.5426,23.13,87.69,2.3,2.52,6.1246
2021-10-19,5.2997,22.87,84.43,1.32,3.61,6.1586
2021-10-20,3.7586,23.16,86.4,1.33,4.2,5.5241
2021-10-21,4.9613,22.99,89.36,1.04,4.89,5.7187
2021-10-22,5.4372,23.17,86.9,1.36,2.8,6.299
2021-10-23,5.1478,22.89,86.19,1.51,5.4,6.2381
2021-10-24,5.5769,22.46,85.0,0.97,5.53,6.2741
2021-10-25,3.8482,22.13,86.76,1.72,0.44,5.899
2021-10-26,3.9588,22.41,85.3,1.39,0.6,5.8406
2021-10-27,3.8105,21.92,84.5,1.84,0.09,5.5505
2021-10-28,4.1246,21.65,82.91,1.89,0.01,5.7509
2021-10-29,3.6852,21.39,87.46,2.08,2.71,6.1294
2021-10-30,4.0531,22.05,87.82,2.51,3.11,6.2719
2021-10-31,3.9818,22.04,88.62,2.16,1.77,6.1385
2021-11-01,3.6523,21.71,89.69,2.22,2.04,6.1286
2021-11-02,3.4872,21.42,88.4,3.19,3.39,6.1726
2021-11-03,3.5174,21.73,87.75,2.41,0.97,6.0235
2021-11-04,4.0723,22.05,88.06,1.81,17.84,5.862
2021-11-05,3.919,22.22,85.96,0.9,8.81,5.7792
2021-11-06,4.4467,21.69,88.94,1.6,1.55,5.8615
2021-11-07,3.3211,21.56,90.23,2.33,5.42,5.4797
2021-11-08,2.0652,20.57,93.34,2.03,2.21,5.1139
2021-11-09,3.9665,20.54,89.66,1.65,0.27,5.4766
2021-11-10,2.6122,19.8,86.38,2.05,3.0,5.5661
2021-11-11,2.0419,18.65,90.86,4.01,19.01,5.5154
2021-11-12,1.8554,19.87,92.88,3.75,10.91,5.947
2021-11-13,2.31,22.57,84.72,0.79,5.19,5.6777
2021-11-14,3.4291,22.32,90.28,1.2,5.24,5.6251
2021-11-15,3.8275,22.98,88.16,1.23,22.96,5.6683
2021-11-16,3.521,22.48,89.35,2.23,5.99,5.4559
2021-11-17,4.0231,22.08,89.94,1.69,5.58,5.604
2021-11-18,0.96,19.7,92.65,3.34,34.11,5.8334
2021-11-19,2.3006,21.89,93.42,3.65,20.05,5.64
2021-11-20,3.1109,22.08,91.97,2.58,5.01,5.5639
2021-11-21,4.2996,21.76,82.52,1.78,5.44,5.5402
2021-11-22,3.7742,21.55,87.6,1.51,0.6,5.6285
2021-11-23,5.0179,22.13,88.97,1.67,0.25,5.7809
2021-11-24,4.6042,21.98,86.12,1.88,2.97,5.7144
2021-11-25,4.1134,21.12,88.19,2.49,0.72,5.6117
2021-11-26,3.2292,21.29,87.03,2.81,1.97,5.3782
2021-11-27,2.2764,20.8,89.97,3.1,1.0,5.3244
2021-11-28,2.6657,20.03,91.44,3.07,5.2,5.4814
2021-11-29,2.2615,20.25,90.37,3.08,2.14,5.3784
2021-11-30,3.8858,21.02,88.26,2.67,1.13,5.5435
2021-12-01,3.4258,21.71,87.75,3.1,0.13,5.6014
2021-12-02,3.294,21.8,85.94,2.12,0.08,5.4322
2021-12-03,3.7639,21.18,84.92,1.21,0.1,5.2097
2021-12-04,3.9031,21.72,80.07,0.65,0.19,5.2342
2021-12-05,4.1981,22.22,82.17,1.15,0.16,5.2786
2021-12-06,3.3298,21.46,86.94,1.23,0.71,4.8206
2021-12-07,3.7644,21.62,85.32,2.11,0.08,5.0971
2021-12-08,5.1072,20.68,82.77,2.03,0.03,5.2978
2021-12-09,3.1114,21.88,85.37,1.68,4.38,5.3914
2021-12-10,5.5123,20.57,85.14,2.58,0.23,5.6926
2021-12-11,3.6218,20.82,87.6,2.82,0.35,5.5838
2021-12-12,3.5129,20.66,87.26,3.1,0.54,5.5879
2021-12-13,3.2383,20.9,87.83,2.83,1.43,5.5903
2021-12-14,3.4613,20.11,87.69,2.93,0.55,5.3683
2021-12-15,3.2666,20.14,85.28,2.69,0.02,5.0904
2021-12-16,4.663,19.96,84.29,2.51,0.0,4.9495
2021-12-17,5.1302,19.69,82.23,1.97,0.0,5.1434
2021-12-18,4.9493,18.22,80.39,2.26,0.0,5.1571
2021-12-19,5.3734,17.08,79.4,2.28,0.0,5.4706
2021-12-20,5.5649,17.15,81.45,2.05,0.0,5.5992
2021-12-21,5.2625,18.15,74.0,1.02,0.0,5.3352
2021-12-22,4.8286,17.69,78.01,1.32,0.0,5.0122
2021-12-23,5.0614,17.96,76.31,1.27,0.0,5.1098
2021-12-24,5.3522,17.61,73.09,1.35,0.0,5.4866
2021-12-25,5.477,18.31,77.05,1.44,0.0,5.6945
2021-12-26,5.3986,18.7,80.71,1.76,0.0,5.5704
2021-12-27,5.6186,18.48,81.15,2.0,0.0,5.6818
2021-12-28,5.4958,18.48,82.94,2.21,0.0,5.795
2021-12-29,5.2567,18.96,82.45,2.23,0.0,5.8286
2021-12-30,4.4986,19.49,83.39,2.71,1.49,5.8334
2021-12-31,2.7641,20.63,86.54,3.6,3.07,5.4732
2022-01-01,3.5268,20.72,85.66,3.33,1.16,5.4732
2022-01-02,5.2426,20.2,83.39,2.99,0.06,5.6393
2022-01-03,5.2183,19.63,78.96,2.15,0.0,5.4547
2022-01-04,5.2294,19.48,81.36,2.08,0.0,5.5063
2022-01-05,5.3335,19.59,77.66,1.11,0.0,5.4115
2022-01-06,5.3654,19.83,80.79,1.92,0.0,5.5109
2022-01-07,4.7546,20.39,81.7,2.24,0.0,5.3422
2022-01-08,4.2442,20.76,81.81,1.94,0.0,5.4134
2022-01-09,4.8134,20.89,80.97,2.05,0.0,5.4674
2022-01-10,4.9646,20.22,77.92,2.16,0.0,5.4934
2022-01-11,5.4473,20.61,77.77,2.05,0.0,5.508
2022-01-12,4.7006,21.12,80.29,2.02,0.0,5.4418
2022-01-13,5.2094,21.43,79.51,1.9,0.0,5.7235
2022-01-14,5.0172,21.59,78.49,1.52,0.03,5.7118
2022-01-15,5.3712,22.13,73.33,0.94,0.02,5.874
2022-01-16,4.674,21.72,78.88,2.47,0.03,5.6746
2022-01-17,4.9822,21.22,78.42,2.78,0.01,5.4799
2022-01-18,5.0851,20.6,75.65,2.22,0.0,5.6662
2022-01-19,5.687,20.16,72.14,1.8,0.0,5.8138
2022-01-20,5.9009,20.17,63.92,1.37,0.0,5.9122
2022-01-21,5.9647,21.21,63.12,1.35,0.0,5.9851
2022-01-22,6.143,20.62,65.11,1.62,0.0,6.1886
2022-01-23,6.1901,20.01,69.45,1.66,0.01,6.2405
2022-01-24,6.3115,20.13,62.8,1.48,0.0,6.4106
2022-01-25,5.5433,20.92,71.47,1.07,0.35,6.0526
2022-01-26,4.7976,21.42,81.19,1.99,0.49,5.574
2022-01-27,4.5398,21.49,75.83,2.82,0.03,5.8368
2022-01-28,3.7793,20.75,73.84,3.33,0.01,5.945
2022-01-29,4.4222,21.24,74.44,2.95,0.0,5.8908
2022-01-30,5.0426,22.71,71.88,0.88,0.0,5.9393
2022-01-31,5.6866,23.6,69.69,1.19,0.0,6.0192
2022-02-01,5.3765,23.02,70.03,1.71,0.0,5.9196
2022-02-02,5.7886,22.24,65.8,1.7,0.0,5.893
2022-02-03,4.8977,21.57,69.01,1.78,0.0,5.6266
2022-02-04,6.3701,22.14,63.54,1.84,0.0,6.3878
2022-02-05,6.1272,22.14,66.78,1.88,0.0,6.2671
2022-02-06,4.8401,22.92,71.58,2.71,0.0,5.6268
2022-02-07,5.3405,22.54,69.43,1.67,0.0,6.0554
2022-02-08,5.471,22.43,66.73,1.69,0.0,6.1001
2022-02-09,6.0715,21.81,66.42,2.7,0.0,6.3454
2022-02-10,6.2914,21.45,57.94,2.46,0.0,6.5117
2022-02-11,6.4018,21.69,56.93,3.57,0.0,6.6694
2022-02-12,6.2873,22.06,63.41,3.11,0.0,6.5618
2022-02-13,6.0274,21.41,61.85,2.7,0.0,6.4056
2022-02-14,5.3316,21.72,63.43,2.08,0.0,5.9741
2022-02-15,5.0004,22.15,66.03,2.18,0.0,5.724
2022-02-16,5.3117,22.76,62.5,1.5,0.0,6.0718
2022-02-17,5.9364,22.68,62.15,1.89,0.0,6.1063
2022-02-18,6.3096,22.71,61.18,3.01,0.0,6.4049
2022-02-19,6.5026,22.97,58.34,3.08,0.0,6.6067
2022-02-20,6.6029,23.8,55.62,1.29,0.0,6.6144
2022-02-21,6.4308,24.62,60.03,1.38,0.0,6.4678
2022-02-22,5.5358,24.97,56.08,2.6,0.0,5.9906
2022-02-23,6.6211,23.45,58.48,3.46,0.0,6.6338
2022-02-24,7.0562,22.54,54.16,2.5,0.0,7.0639
2022-02-25,6.8947,22.44,49.27,2.82,0.0,6.9698
2022-02-26,7.3152,21.63,54.72,2.74,0.0,7.331
2022-02-27,7.1381,23.31,58.58,2.45,0.0,7.1633
2022-02-28,7.3008,22.87,53.38,2.22,0.0,7.3121
2022-03-01,7.14,23.43,49.46,2.9,0.0,7.3666
2022-03-02,6.4236,22.92,38.76,3.19,0.0,7.4501
2022-03-03,6.8455,22.8,40.86,3.57,0.0,7.2718
2022-03-04,7.0046,23.39,36.74,3.48,0.0,7.2439
2022-03-05,7.0596,23.82,45.38,3.57,0.0,7.254
2022-03-06,6.4162,23.9,52.91,3.96,0.0,7.1138
2022-03-07,4.1146,23.23,54.4,3.83,0.02,7.0234
2022-03-08,6.7735,24.97,49.96,3.05,0.0,6.821
2022-03-09,6.6766,25.82,45.63,2.58,0.0,6.822
2022-03-10,7.0646,25.83,40.23,3.4,0.0,7.0752
2022-03-11,6.9007,25.63,32.85,3.74,0.0,7.051
2022-03-12,7.2238,25.81,30.83,3.56,0.0,7.2718
2022-03-13,6.8018,25.37,34.05,3.4,0.0,6.9732
2022-03-14,6.575,26.4,37.56,2.54,0.0,6.6036
2022-03-15,5.9398,26.72,35.25,2.08,0.0,6.6542
2022-03-16,6.1219,26.47,36.02,2.46,0.0,6.7265
2022-03-17,5.9064,27.12,30.23,2.63,0.0,6.8854
2022-03-18,6.168,27.81,33.16,1.92,0.0,6.743
2022-03-19,5.8178,28.46,35.43,1.78,0.0,6.3818
2022-03-20,4.8415,26.19,57.19,1.83,0.97,6.2158
2022-03-21,5.9177,26.76,58.02,1.25,5.15,6.3636
2022-03-22,4.8502,26.26,62.97,1.54,5.57,5.9909
2022-03-23,4.9973,27.65,54.59,1.85,0.1,5.5992
2022-03-24,4.8478,27.35,56.16,1.17,0.06,5.9554
2022-03-25,4.6968,27.88,49.84,2.04,0.01,5.9035
2022-03-26,5.6491,28.27,49.76,2.42,0.03,6.3264
2022-03-27,6.0137,28.81,48.62,3.37,0.01,6.3924
2022-03-28,6.2642,28.85,47.73,2.88,0.0,6.5808
2022-03-29,6.1651,29.64,43.4,2.45,0.0,6.5194
2022-03-30,5.8032,30.0,40.22,2.28,0.02,6.4488
2022-03-31,6.1174,30.16,38.39,2.48,0.0,6.3706
2022-04-01,5.2836,29.91,38.47,2.96,0.1,6.4466
2022-04-02,5.8104,28.72,43.09,3.06,0.22,6.5153
2022-04-03,6.5561,28.59,44.73,3.55,0.0,7.1388
2022-04-04,6.6389,28.61,46.34,3.48,0.0,7.0771
2022-04-05,6.7867,28.07,44.87,3.88,0.0,7.0524
2022-04-06,6.9869,28.11,40.52,3.37,0.04,7.3469
2022-04-07,6.9281,27.39,48.96,3.34,2.48,7.1662
2022-04-08,6.1442,28.1,52.25,3.18,1.19,7.0478
2022-04-09,6.191,27.96,53.89,2.79,0.11,7.0363
2022-04-10,4.5398,28.56,44.78,3.22,0.0,7.1326
2022-04-11,6.2246,27.88,47.5,2.66,0.0,7.265
2022-04-12,5.531,29.05,44.14,2.9,0.01,7.3961
2022-04-13,4.0855,27.56,56.46,2.72,2.69,7.0721
2022-04-14,4.6085,25.23,62.32,1.99,14.91,7.3318
2022-04-15,6.876,27.76,56.89,0.77,0.07,7.5062
2022-04-16,6.9562,28.72,54.39,1.71,3.15,7.3778
2022-04-17,6.5347,26.82,65.49,1.98,13.3,7.1844
2022-04-18,6.0984,26.48,60.74,2.54,8.37,6.9413
2022-04-19,6.1814,26.05,66.78,2.02,2.04,6.6979
2022-04-20,6.7738,28.1,55.37,2.23,0.03,6.9274
2022-04-21,7.1846,27.45,59.52,2.71,0.0,7.253
2022-04-22,6.8038,26.78,61.66,2.66,0.01,7.3819
2022-04-23,5.496,25.93,65.9,2.6,1.07,7.0872
2022-04-24,6.4428,27.73,52.58,2.09,0.01,7.421
2022-04-25,7.0882,27.65,53.84,2.06,0.0,7.2746
2022-04-26,7.1462,28.44,46.97,2.25,0.01,7.2924
2022-04-27,7.385,28.83,50.75,2.85,0.0,7.4054
2022-04-28,7.2876,29.18,49.88,2.56,0.0,7.3625
2022-04-29,6.7858,29.94,47.9,3.25,0.01,7.1086
2022-04-30,6.6233,29.98,49.96,1.91,0.64,6.9283
2022-05-01,6.1174,30.31,52.38,1.52,9.84,6.7646
2022-05-02,6.8995,28.76,62.16,1.95,6.72,7.1921
2022-05-03,6.8794,27.77,63.48,1.89,3.23,7.0529
2022-05-04,6.1505,28.44,60.84,2.07,1.02,6.7558
2022-05-05,5.2037,27.11,65.39,1.74,2.93,6.0571
2022-05-06,6.4536,27.4,62.09,1.26,7.53,6.7586
2022-05-07,6.0329,27.35,64.03,1.61,12.12,6.7922
2022-05-08,5.4852,27.81,62.57,1.82,1.56,6.4754
2022-05-09,4.6522,27.31,65.58,2.15,3.55,6.2102
2022-05-10,2.1125,26.4,68.95,3.87,7.82,6.6578
2022-05-11,3.7409,25.2,73.35,5.32,8.85,6.7865
2022-05-12,1.7938,24.54,76.26,4.25,2.19,5.9686
2022-05-13,3.7313,25.61,73.96,3.11,1.32,6.7997
2022-05-14,4.4462,25.35,76.35,2.48,5.0,6.527
2022-05-15,5.4336,24.21,84.68,2.32,14.04,6.7894
2022-05-16,3.0094,25.13,81.11,2.37,26.3,5.7881
2022-05-17,4.2245,25.1,71.44,1.17,50.97,6.2333
2022-05-18,3.583,24.38,79.89,1.41,12.48,6.4853
2022-05-19,2.3282,22.64,87.21,3.55,1.89,6.635
2022-05-20,4.8797,22.05,82.12,4.59,1.17,6.7248
2022-05-21,4.9402,23.51,75.97,4.34,0.59,6.7764
2022-05-22,4.8965,24.39,77.29,4.36,0.02,6.8556
2022-05-23,6.6266,25.31,75.7,3.36,0.0,7.3255
2022-05-24,7.1232,26.15,73.19,2.58,0.0,7.3666
2022-05-25,6.1416,26.3,71.36,1.69,0.05,7.2751
2022-05-26,6.2177,25.46,73.94,2.38,0.5,6.9686
2022-05-27,7.0229,24.38,76.25,3.1,0.12,7.1518
2022-05-28,7.2216,24.5,73.33,3.46,0.01,7.379
2022-05-29,7.3958,24.83,69.24,3.05,0.01,7.5926
2022-05-30,6.2436,25.28,71.11,2.6,6.19,7.3781
2022-05-31,5.8433,23.55,78.83,2.88,1.95,7.2163
2022-06-01,6.0283,23.49,79.46,3.4,0.18,7.0502
2022-06-02,6.1488,25.09,73.28,2.21,0.15,6.9818
2022-06-03,6.7824,24.96,74.95,2.06,3.77,6.8962
2022-06-04,6.7843,24.32,75.55,2.44,5.06,6.8791
2022-06-05,6.3965,24.87,76.26,1.45,8.16,6.6962
2022-06-06,5.9563,24.37,76.62,1.55,6.53,6.6938
2022-06-07,4.518,24.71,76.44,2.74,1.66,6.5585
2022-06-08,6.7205,24.56,75.07,3.65,0.03,7.0656
2022-06-09,6.4265,25.28,70.31,3.83,0.01,7.1146
2022-06-10,6.0514,24.79,72.59,4.22,0.01,7.3243
2022-06-11,6.245,24.6,70.64,3.93,0.01,7.1518
2022-06-12,6.2458,23.66,71.84,3.42,1.12,7.247
2022-06-13,6.0929,24.04,73.8,2.56,2.69,7.3462
2022-06-14,6.8002,24.15,78.12,2.77,16.45,7.3303
2022-06-15,4.8967,23.32,80.65,2.65,17.03,7.1981
2022-06-16,5.9342,23.18,84.05,1.47,8.7,7.1119
2022-06-17,6.0821,21.74,84.67,1.56,35.02,7.0908
2022-06-18,5.3758,22.02,86.81,1.62,5.41,7.0358
2022-06-19,5.7353,23.17,86.05,2.1,20.12,7.1474
2022-06-20,5.3738,23.2,79.53,3.19,5.87,7.1674
2022-06-21,4.8444,23.01,81.91,3.41,2.26,7.1287
2022-06-22,3.9394,22.32,85.63,2.65,1.74,7.063
2022-06-23,4.4534,23.15,80.31,3.16,0.11,6.8328
2022-06-24,6.0874,22.26,84.76,4.11,0.01,7.284
2022-06-25,3.9571,22.67,81.21,4.29,0.49,6.7586
2022-06-26,5.2819,23.12,79.43,4.61,0.02,7.014
2022-06-27,4.843,23.81,76.61,4.35,0.0,6.8794
2022-06-28,5.1413,23.95,77.12,3.54,0.01,6.9823
2022-06-29,5.5906,24.13,79.52,3.17,6.76,7.1786
2022-06-30,4.4868,23.57,82.75,3.63,3.4,7.0277
2022-07-01,4.8552,23.2,84.03,3.66,1.23,6.7942
2022-07-02,4.7966,22.83,84.87,3.59,0.25,6.6936
2022-07-03,4.0721,23.52,81.4,4.16,0.02,6.9854
2022-07-04,3.8208,22.44,83.42,4.97,0.67,6.6506
2022-07-05,3.5762,22.37,84.1,4.73,2.16,6.5386
2022-07-06,2.635,22.56,81.81,4.42,1.58,6.4471
2022-07-07,3.1642,22.55,83.8,4.64,4.29,6.6077
2022-07-08,3.9317,22.27,82.37,5.09,2.47,6.8306
2022-07-09,3.1046,22.61,83.41,5.11,4.81,6.8618
2022-07-10,3.5081,22.93,80.17,5.34,0.94,6.515
2022-07-11,2.8495,23.11,80.01,5.07,2.12,6.0902
2022-07-12,4.7652,22.79,80.38,5.9,0.81,6.756
2022-07-13,3.7022,22.87,78.86,7.08,1.14,6.5846
2022-07-14,3.4697,22.43,78.31,7.49,0.44,7.0478
2022-07-15,4.0687,23.32,76.98,5.96,0.19,6.9103
2022-07-16,3.9778,23.57,80.63,4.85,11.71,6.8868
2022-07-17,4.1066,23.09,81.89,5.17,4.27,6.7238
2022-07-18,3.397,22.68,82.1,4.04,4.04,6.9173
2022-07-19,5.963,22.95,82.54,2.46,0.52,7.1369
2022-07-20,5.4278,23.77,81.67,2.13,22.88,6.9158
2022-07-21,5.0395,23.26,84.52,2.39,6.52,7.1719
2022-07-22,3.7154,22.51,86.68,2.75,7.44,6.6869
2022-07-23,4.1777,22.84,82.61,3.34,0.1,6.8342
2022-07-24,4.1309,22.99,80.88,3.48,0.03,7.0195
2022-07-25,5.3834,22.91,80.91,2.69,1.29,7.0934
2022-07-26,4.7441,22.22,84.1,2.8,3.95,7.0106
2022-07-27,4.7338,22.88,85.09,2.1,6.1,7.0954
2022-07-28,5.7974,24.1,78.61,1.18,1.5,7.2394
2022-07-29,5.9801,23.39,80.18,1.17,5.15,7.003
2022-07-30,5.9842,24.39,76.57,0.85,10.64,7.1782
2022-07-31,4.9865,24.02,84.58,1.24,13.87,7.051
2022-08-01,5.6124,23.93,84.35,1.95,26.64,7.0505
2022-08-02,4.5526,23.89,83.76,1.68,14.82,6.497
2022-08-03,3.2885,22.77,83.4,1.96,27.73,6.827
2022-08-04,2.3064,22.06,85.69,1.22,11.6,6.7469
2022-08-05,3.012,22.62,84.42,5.51,5.41,7.0728
2022-08-06,3.3806,22.5,84.33,5.68,4.52,7.0339
2022-08-07,3.1507,22.28,86.36,5.34,2.11,7.0361
2022-08-08,3.4805,22.39,85.48,5.82,1.59,6.8635
2022-08-09,3.852,22.49,81.48,6.36,0.56,7.0133
2022-08-10,4.9406,22.1,81.41,5.77,0.11,7.2137
2022-08-11,4.6963,22.64,82.13,4.96,0.4,7.1935
2022-08-12,4.6507,22.86,81.25,4.46,0.09,7.2787
2022-08-13,5.5267,22.2,82.48,3.59,0.01,7.2144
2022-08-14,4.6058,22.82,78.98,3.93,0.0,7.1338
2022-08-15,5.1346,23.63,78.49,3.01,0.01,6.9706
2022-08-16,6.3144,24.23,76.83,1.65,0.02,7.0918
2022-08-17,5.9726,24.05,79.47,2.37,0.26,7.1556
2022-08-18,5.0671,22.91,86.48,3.17,238.99,7.0716
2022-08-19,4.7652,23.02,84.18,3.65,23.68,7.014
2022-08-20,4.8173,22.87,83.98,3.52,0.02,6.889
2022-08-21,4.5955,22.87,85.15,3.63,5.33,6.9348
2022-08-22,4.3805,22.83,85.48,3.95,2.93,7.0951
2022-08-23,5.5862,23.28,83.66,3.55,1.03,7.0498
2022-08-24,4.343,22.86,84.98,3.25,5.15,6.8033
2022-08-25,3.9221,22.28,86.29,2.89,18.22,6.1992
2022-08-26,4.3651,22.0,90.52,2.34,44.42,6.8417
2022-08-27,4.2254,22.02,89.28,2.74,12.91,6.8986
2022-08-28,5.4823,22.53,86.92,2.6,13.11,7.0702
2022-08-29,3.9293,22.84,89.66,1.89,29.57,6.737
2022-08-30,5.5318,23.67,86.74,1.92,1.59,6.8194
2022-08-31,4.9387,22.53,90.56,1.78,4.88,6.8465
2022-09-01,3.2592,23.1,83.85,1.01,3.5,7.188
2022-09-02,5.0748,23.3,85.24,1.61,5.13,7.0279
2022-09-03,5.6035,24.24,82.53,0.75,8.36,7.0411
2022-09-04,5.4401,23.57,89.64,1.19,45.37,6.9806
2022-09-05,5.8433,24.12,83.96,0.79,19.12,7.0606
2022-09-06,4.8178,23.13,86.43,1.31,26.9,6.9826
2022-09-07,4.374,22.26,88.64,1.47,9.56,6.979
2022-09-08,2.8634,22.06,89.52,2.79,8.73,7.0639
2022-09-09,4.4225,22.3,90.33,3.03,0.41,6.9576
2022-09-10,3.8506,22.27,88.73,3.81,0.67,6.9864
2022-09-11,3.9451,21.95,88.36,4.27,0.06,6.9734
2022-09-12,5.0959,22.07,86.68,4.78,0.0,7.0858
2022-09-13,4.5883,22.48,87.81,3.39,2.2,7.0627
2022-09-14,4.963,22.21,88.65,2.59,4.68,7.0942
2022-09-15,5.0366,21.9,88.61,2.66,0.92,6.9797
2022-09-16,5.2495,22.62,87.24,2.73,0.03,7.0987
2022-09-17,6.0192,22.37,87.76,2.41,0.0,7.1342
2022-09-18,5.6083,22.75,86.23,2.56,0.13,6.8194
2022-09-19,5.1706,22.52,86.55,3.05,0.01,6.817
2022-09-20,5.4958,21.41,82.76,2.85,0.0,7.1119
2022-09-21,5.5558,22.02,84.6,2.69,0.01,7.1124
2022-09-22,6.3554,22.14,81.47,2.89,0.0,6.9346
2022-09-23,6.0329,21.42,84.75,2.56,0.0,7.1561
2022-09-24,5.622,22.26,84.27,2.64,2.48,7.1218
2022-09-25,6.0154,22.68,82.71,2.33,0.46,7.1297
2022-09-26,4.5874,23.04,86.46,2.3,2.84,6.7927
2022-09-27,4.523,22.21,87.8,2.1,2.39,6.7874
2022-09-28,4.2722,22.47,85.5,2.29,2.87,6.6358
2022-09-29,4.5475,21.87,87.46,2.2,1.78,6.7241
2022-09-30,4.0219,21.27,89.82,2.9,9.58,6.5755
2022-10-01,3.3346,21.54,87.97,3.36,4.84,6.3386
2022-10-02,3.9888,21.43,86.06,3.17,0.21,6.4181
2022-10-03,3.6454,22.07,86.38,3.2,0.01,6.5018
2022-10-04,4.7705,22.02,88.88,2.55,0.01,6.0398
2022-10-05,4.0678,21.64,91.06,2.27,14.08,6.0202
2022-10-06,3.5292,21.97,87.63,2.21,0.55,5.9352
2022-10-07,5.9002,22.16,85.87,1.78,0.54,6.6168
2022-10-08,5.105,21.47,87.17,1.68,2.28,6.7553
2022-10-09,3.1147,22.0,89.22,1.81,6.41,6.4819
2022-10-10,3.2402,23.23,88.5,2.04,21.57,5.957
2022-10-11,3.4406,22.98,89.62,2.1,7.53,6.0317
2022-10-12,3.7709,22.99,88.71,1.49,4.13,6.3708
2022-10-13,4.6682,22.91,88.68,1.13,19.08,6.251
2022-10-14,4.7856,23.62,84.27,1.1,10.06,6.3794
2022-10-15,4.0493,22.98,88.47,1.33,14.02,6.3614
2022-10-16,4.0459,23.36,88.52,1.98,21.75,6.2244
2022-10-17,4.7184,23.43,89.33,1.97,2.89,6.3946
2022-10-18,4.8494,23.19,87.66,1.45,5.91,6.3271
2022-10-19,5.0278,23.06,85.27,1.03,17.21,6.3842
2022-10-20,5.1739,22.95,86.27,1.62,21.66,6.2069
2022-10-21,4.5305,22.45,87.28,1.88,1.06,6.2942
2022-10-22,5.1178,21.98,87.45,2.04,0.33,6.024
2022-10-23,5.9285,20.94,83.79,1.85,0.01,6.2136
2022-10-24,6.2114,18.96,76.05,2.19,0.0,6.6026
2022-10-25,6.6293,19.07,70.96,1.56,0.0,6.6888
2022-10-26,6.4344,19.7,71.17,1.13,0.0,6.4901
2022-10-27,6.4078,19.66,78.36,1.62,0.01,6.4872
2022-10-28,4.165,20.95,86.9,2.16,0.38,5.9244
2022-10-29,3.9089,21.67,87.82,2.44,3.85,5.9023
2022-10-30,3.5419,21.64,86.69,2.22,0.26,5.7809
2022-10-31,5.4024,20.31,88.26,1.89,0.0,5.7838
2022-11-01,2.9849,20.21,93.18,2.27,9.71,5.555
2022-11-02,2.6011,20.12,89.63,2.33,5.57,5.9779
2022-11-03,2.9981,20.3,85.56,2.4,5.47,5.9266
2022-11-04,3.8054,20.56,86.1,2.49,1.62,6.1308
2022-11-05,5.2735,20.62,84.18,2.24,0.85,6.1481
2022-11-06,3.8446,20.77,88.35,2.2,0.72,5.7946
2022-11-07,5.7938,20.02,82.15,2.03,0.1,5.8421
2022-11-08,5.3198,20.75,87.6,2.15,0.0,5.7305
2022-11-09,5.0839,21.37,84.77,1.92,0.0,5.7362
2022-11-10,5.3381,21.39,84.91,2.39,0.88,5.7293
2022-11-11,1.2696,20.02,88.59,3.57,7.09,5.6786
2022-11-12,1.4719,20.35,91.92,2.95,11.57,5.6021
2022-11-13,2.9081,20.77,89.24,2.53,5.72,5.7948
2022-11-14,4.5689,21.33,88.72,1.63,1.74,5.9002
2022-11-15,4.3997,21.59,87.62,1.5,1.1,5.5183
2022-11-16,5.0131,20.8,86.23,1.64,0.0,5.5286
2022-11-17,5.3782,18.65,78.06,1.85,0.0,5.7626
2022-11-18,5.7118,17.62,75.28,1.78,0.0,6.1181
2022-11-19,5.1041,17.79,79.84,2.0,0.0,5.8116
2022-11-20,4.6306,17.37,77.83,1.53,0.0,5.7439
2022-11-21,5.4324,16.92,87.67,1.69,0.03,5.7422
2022-11-22,2.3455,20.16,89.71,1.58,3.96,5.4725
2022-11-23,2.621,21.37,89.41,1.63,7.75,5.1833
2022-11-24,1.8593,21.63,87.46,2.25,2.37,5.1869
2022-11-25,4.5974,21.4,86.21,2.04,0.58,5.3846
2022-11-26,5.1242,21.57,84.52,1.63,0.08,5.485
2022-11-27,4.1122,21.94,83.69,1.06,0.03,5.3237
2022-11-28,3.3878,22.06,85.45,1.14,0.05,4.4434
2022-11-29,3.5573,21.26,83.85,1.9,0.02,4.3994
2022-11-30,5.1139,18.66,78.73,1.75,0.0,5.399
2022-12-01,3.4111,20.8,87.83,1.95,0.3,5.1346
2022-12-02,4.3243,21.93,86.09,2.02,0.12,5.4739
2022-12-03,5.1905,21.77,85.71,2.26,0.0,5.735
2022-12-04,5.034,21.29,86.33,2.34,0.01,5.61
2022-12-05,4.0178,20.85,87.18,2.23,0.03,4.9769
2022-12-06,3.2738,20.64,84.93,1.79,0.0,4.7304
2022-12-07,3.9799,19.11,80.51,2.16,0.0,5.454
2022-12-08,3.7375,17.31,77.64,2.05,0.03,5.4886
2022-12-09,2.4468,17.79,83.38,3.42,7.26,5.6945
2022-12-10,1.5281,19.26,93.76,5.04,34.95,5.4547
2022-12-11,1.9121,21.04,90.83,3.02,9.96,5.3854
2022-12-12,2.6482,20.8,92.76,2.88,29.05,5.0698
2022-12-13,3.367,21.12,89.84,3.03,7.23,5.2562
2022-12-14,3.8078,20.79,86.79,2.3,0.86,5.4739
2022-12-15,5.8819,20.03,79.32,1.84,0.03,5.9122
2022-12-16,5.8961,19.25,76.11,1.83,0.0,5.9124
2022-12-17,5.2687,19.9,84.12,1.99,0.0,5.4031
2022-12-18,4.1582,20.55,86.92,2.52,0.0,4.9704
2022-12-19,5.2879,17.88,84.75,2.22,0.0,5.5572
2022-12-20,5.1331,18.84,81.31,1.85,0.0,5.4415
2022-12-21,5.4612,18.39,75.49,1.86,0.0,5.7437
2022-12-22,5.8138,17.5,77.37,2.12,0.0,5.8339
2022-12-23,5.5642,19.35,84.27,2.06,0.0,5.5877
2022-12-24,5.6129,20.47,83.55,2.0,0.01,5.6458
2022-12-25,2.4022,21.29,87.92,3.1,5.17,5.5238
2022-12-26,2.9023,21.19,87.28,3.09,1.09,5.3818
2022-12-27,2.8742,21.09,87.3,2.58,0.5,5.4523
2022-12-28,5.2877,21.5,85.92,2.05,0.07,5.7269
2022-12-29,5.6518,20.79,82.26,1.97,0.0,5.8373
2022-12-30,5.8915,19.25,78.02,1.66,0.0,5.9441
2022-12-31,5.9016,18.84,73.82,1.23,0.0,5.9148
2023-01-01,5.7029,18.53,76.63,1.6,0.0,5.7408
2023-01-02,5.8274,18.57,81.34,2.39,0.0,5.8454
2023-01-03,5.2486,18.94,80.9,2.14,0.0,5.5978
2023-01-04,5.4226,19.22,80.99,2.35,0.0,5.6592
2023-01-05,4.123,18.78,81.13,2.92,0.0,5.4182
2023-01-06,4.7527,18.89,83.05,3.19,0.0,5.3508
2023-01-07,4.7933,19.36,82.9,2.77,0.0,5.4214
2023-01-08,4.8257,19.3,80.76,2.04,0.0,5.1264
2023-01-09,5.7802,18.05,71.84,1.94,0.0,5.8058
2023-01-10,6.0768,16.62,74.99,2.28,0.0,6.1488
2023-01-11,6.15,17.17,71.12,1.61,0.0,6.191
2023-01-12,6.2726,17.92,65.4,1.39,0.0,6.2875
2023-01-13,5.2858,18.12,71.58,1.23,0.0,6.0298
2023-01-14,6.0014,17.89,68.49,1.29,0.0,6.2338
2023-01-15,6.2244,17.84,68.45,1.3,0.0,6.2952
2023-01-16,6.131,18.39,68.26,1.56,0.0,6.2714
2023-01-17,6.2244,18.05,70.56,1.43,0.0,6.2966
2023-01-18,6.2028,18.29,73.7,1.92,0.0,6.2921
2023-01-19,6.3518,18.23,70.27,2.16,0.0,6.3864
2023-01-20,5.6059,18.16,79.29,2.39,0.0,6.007
2023-01-21,4.9771,19.34,76.61,2.21,0.0,5.8982
2023-01-22,5.531,18.87,70.86,2.51,0.0,5.994
2023-01-23,4.6157,20.13,79.09,2.71,0.01,5.7358
2023-01-24,3.8263,20.98,75.82,2.19,0.18,5.6208
2023-01-25,5.7528,19.7,72.94,2.16,0.04,5.8267
2023-01-26,6.0672,19.3,70.88,2.18,0.0,6.2124
2023-01-27,6.1668,18.98,67.89,2.47,0.0,6.1769
2023-01-28,6.2993,18.54,63.64,2.5,0.0,6.3314
2023-01-29,6.0355,19.14,67.93,2.71,0.0,6.1325
2023-01-30,4.2458,20.89,76.99,2.41,0.0,5.8238
2023-01-31,5.0597,21.23,70.23,2.56,0.0,6.0415
2023-02-01,5.347,21.21,65.42,2.72,0.0,5.8637
2023-02-02,4.085,20.91,66.39,2.99,0.0,6.0175
2023-02-03,2.609,21.8,68.59,2.92,0.02,5.9506
2023-02-04,6.2198,22.43,66.01,3.11,0.25,6.269
2023-02-05,6.3878,22.26,59.22,2.1,0.0,6.4781
2023-02-06,6.023,21.4,63.84,1.83,0.0,6.4949
2023-02-07,6.2628,21.2,63.89,0.96,0.0,6.3108
2023-02-08,6.0336,22.06,61.95,2.06,0.0,6.1469
2023-02-09,6.3113,21.74,61.56,2.25,0.0,6.3482
2023-02-10,6.2729,21.82,62.36,2.27,0.0,6.5237
2023-02-11,6.0737,21.94,56.14,2.29,0.0,6.6175
2023-02-12,6.7478,22.52,51.88,2.42,0.0,6.761
2023-02-13,6.8412,21.99,49.12,2.72,0.0,6.8458
2023-02-14,6.9161,21.57,54.11,2.13,0.0,6.919
2023-02-15,6.9379,21.49,53.67,2.14,0.0,6.943
2023-02-16,6.7296,21.76,52.86,2.83,0.0,6.841
2023-02-17,6.8825,21.42,57.93,2.46,0.0,6.8856
2023-02-18,6.9046,21.63,58.81,2.21,0.0,6.9077
2023-02-19,6.7764,22.06,59.3,2.16,0.0,6.8287
2023-02-20,6.8902,22.33,53.76,1.65,0.0,6.9449
2023-02-21,6.9132,22.52,52.44,1.99,0.0,6.9168
2023-02-22,6.7018,22.47,52.07,2.77,0.0,6.7918
2023-02-23,7.2785,21.61,51.75,3.03,0.0,7.2857
2023-02-24,7.356,21.69,47.05,2.48,0.0,7.368
2023-02-25,7.3694,22.58,39.21,2.92,0.0,7.3843
2023-02-26,7.0548,22.51,43.36,3.25,0.0,7.1218
2023-02-27,7.326,21.53,50.01,3.18,0.0,7.3351
2023-02-28,6.7126,22.07,51.97,2.9,0.0,6.7416
2023-03-01,6.1747,23.85,56.23,3.27,0.0,6.7786
2023-03-02,7.3762,22.13,45.57,3.59,0.0,7.3894
2023-03-03,7.4138,22.1,43.88,3.73,0.0,7.4174
2023-03-04,7.2722,22.63,38.93,3.68,0.0,7.2746
2023-03-05,7.2682,22.93,39.07,3.49,0.0,7.2773
2023-03-06,7.3735,23.01,38.91,3.54,0.0,7.4203
2023-03-07,5.988,23.21,39.53,3.5,0.0,7.2806
2023-03-08,7.2466,23.36,44.32,3.58,0.0,7.3366
2023-03-09,5.6316,22.66,46.32,3.0,0.0,6.8275
2023-03-10,6.1956,23.39,46.29,3.41,0.0,7.0505
2023-03-11,7.0786,24.05,49.61,3.51,0.0,7.0853
2023-03-12,7.3025,24.13,50.79,3.56,0.0,7.3157
2023-03-13,6.876,25.23,49.79,3.23,0.0,7.1309
2023-03-14,6.6473,25.92,42.04,2.33,0.0,6.797
2023-03-15,6.4027,26.64,46.19,2.67,0.0,6.5088
2023-03-16,5.2111,26.32,55.69,2.02,0.43,6.0907
2023-03-17,5.6059,24.0,70.81,2.1,17.9,6.8846
2023-03-18,5.8128,24.65,71.42,2.8,6.89,6.9492
2023-03-19,6.1104,24.85,67.81,1.78,7.89,6.9869
2023-03-20,6.5107,24.89,57.62,2.05,1.48,7.2478
2023-03-21,7.2398,24.04,47.21,1.93,0.02,7.5458
2023-03-22,6.8911,24.77,47.31,1.2,0.0,7.44
2023-03-23,6.6185,26.83,52.1,1.24,0.2,7.2017
2023-03-24,6.0437,26.81,57.34,1.68,0.93,6.9218
2023-03-25,5.4372,25.7,67.57,2.17,1.49,6.4253
2023-03-26,5.3275,25.73,65.58,1.36,0.89,6.2155
2023-03-27,6.7082,26.6,58.1,1.63,0.43,7.0637
2023-03-28,6.9396,27.5,53.03,1.65,0.05,7.2168
2023-03-29,5.6146,27.77,55.6,2.04,0.55,6.6804
2023-03-30,5.6237,27.29,55.19,1.0,0.76,6.9245
2023-03-31,6.5534,27.59,50.58,1.18,0.0,7.1395
2023-04-01,5.9962,27.12,53.43,1.4,0.21,6.9346
2023-04-02,6.1418,27.67,53.21,1.62,0.53,7.1002
2023-04-03,6.4822,28.34,48.42,1.64,0.2,7.2828
2023-04-04,4.535,26.26,62.97,1.54,7.53,6.7822
2023-04-05,5.7758,27.05,59.49,1.67,0.68,6.6331
2023-04-06,6.2448,27.19,52.24,2.33,0.08,6.8458
2023-04-07,6.8515,26.87,52.28,3.03,0.0,7.3039
2023-04-08,7.4998,26.54,50.93,3.69,0.0,7.5677
2023-04-09,7.5518,26.71,48.02,3.06,0.0,7.6272
2023-04-10,7.4578,27.36,46.57,3.23,0.0,7.5912
2023-04-11,7.6774,27.58,34.86,2.64,0.0,7.7443
2023-04-12,7.7203,27.02,33.87,2.5,0.0,7.7261
2023-04-13,7.823,28.88,27.2,2.77,0.0,7.824
2023-04-14,7.5041,28.34,28.79,2.6,0.0,7.5926
2023-04-15,6.4903,28.42,30.05,2.35,0.0,7.2648
2023-04-16,7.2031,27.88,33.91,2.5,0.0,7.4052
2023-04-17,7.4945,28.3,31.27,3.01,0.0,7.5182
2023-04-18,7.7304,28.72,33.73,2.82,0.0,7.7338
2023-04-19,7.5569,29.02,35.1,1.98,0.0,7.6034
2023-04-20,7.2298,30.24,34.99,1.51,0.0,7.3462
2023-04-21,6.5254,30.16,41.28,1.96,0.36,6.9936
2023-04-22,5.905,29.62,46.07,1.75,2.74,6.7313
2023-04-23,6.2388,28.42,54.25,1.87,2.06,6.785
2023-04-24,6.6379,28.21,52.99,3.37,0.35,7.0514
2023-04-25,6.0353,27.88,49.99,2.51,0.43,7.159
2023-04-26,5.6023,28.07,51.17,2.42,0.01,7.0274
2023-04-27,5.8138,28.51,49.52,2.47,0.0,6.8222
2023-04-28,6.3278,29.09,46.23,3.23,0.01,7.0164
2023-04-29,5.3393,27.96,56.71,2.72,12.69,7.1033
2023-04-30,5.9381,26.51,67.15,1.99,1.95,7.2631
2023-05-01,4.5295,24.41,78.9,2.05,17.21,6.5376
2023-05-02,5.8598,25.42,73.04,1.18,2.14,7.0058
2023-05-03,4.8034,25.56,73.72,2.14,1.87,7.1426
2023-05-04,5.4343,24.75,75.59,1.16,8.44,7.039
2023-05-05,5.0974,23.04,84.99,1.72,22.85,6.9386
2023-05-06,5.0362,23.83,80.99,1.53,3.83,6.8006
2023-05-07,3.817,24.48,80.3,1.98,15.73,6.7836
2023-05-08,4.5732,24.6,79.76,1.53,5.71,6.9607
2023-05-09,6.2863,26.62,71.52,1.5,0.48,7.1638
2023-05-10,6.4846,27.29,65.02,1.88,0.04,6.9511
2023-05-11,5.8642,27.79,63.65,1.66,0.01,6.575
2023-05-12,5.7077,28.05,63.55,1.73,5.17,6.6286
2023-05-13,5.0808,27.4,65.87,3.17,0.0,6.2794
2023-05-14,6.7879,28.21,64.77,3.19,0.0,7.1546
2023-05-15,7.2259,28.35,62.61,2.69,0.3,7.2686
2023-05-16,7.314,28.66,59.2,2.14,0.26,7.4162
2023-05-17,6.7517,29.4,48.21,0.94,0.83,7.2842
2023-05-18,6.0106,29.29,52.95,1.82,0.06,7.0553
2023-05-19,6.5434,27.4,64.8,1.46,0.01,6.9146
2023-05-20,6.6142,27.63,65.0,2.05,1.85,6.9514
2023-05-21,6.4462,27.7,67.02,1.21,10.02,6.8798
2023-05-22,6.4027,28.0,63.47,1.72,2.9,6.721
2023-05-23,6.5326,27.18,64.86,1.48,4.04,6.9142
2023-05-24,6.5801,26.34,67.66,1.93,0.78,6.7666
2023-05-25,6.5818,26.66,68.18,1.98,2.64,6.9228
2023-05-26,6.7606,27.38,64.95,2.3,1.23,7.1642
2023-05-27,7.1863,27.63,63.38,2.18,0.43,7.3152
2023-05-28,6.588,27.92,60.34,2.03,0.1,7.1674
2023-05-29,6.0206,28.34,58.54,1.91,0.01,7.0646
2023-05-30,5.2992,26.22,70.95,1.82,11.13,6.4591
2023-05-31,5.9885,26.78,66.95,0.84,15.29,6.4224
2023-06-01,5.9275,26.1,70.34,1.99,8.32,6.81
2023-06-02,5.9592,25.76,65.18,2.36,1.39,6.6602
2023-06-03,6.3384,28.04,63.65,2.7,0.0,6.7195
2023-06-04,5.3239,27.85,64.81,2.53,0.01,6.7058
2023-06-05,6.5095,26.24,71.14,2.91,0.01,6.9266
2023-06-06,7.0961,27.02,69.33,2.97,0.77,7.3668
2023-06-07,6.6794,26.66,70.21,3.34,1.66,7.2526
2023-06-08,6.798,25.07,74.53,3.02,0.48,7.2343
2023-06-09,6.8674,26.07,69.63,3.61,5.86,7.3219
2023-06-10,6.5873,25.97,67.01,4.78,0.16,7.4952
2023-06-11,5.85,26.26,66.54,4.27,0.01,7.3714
2023-06-12,6.4565,25.89,73.9,3.77,17.72,7.3262
2023-06-13,6.7867,26.43,69.74,3.76,0.06,7.2972
2023-06-14,6.535,26.15,69.55,4.29,0.36,7.2115
2023-06-15,6.5539,27.04,65.7,3.82,0.03,7.2991
2023-06-16,7.2182,27.25,64.4,3.78,0.03,7.4698
2023-06-17,6.0216,26.7,66.91,3.55,0.04,6.9787
2023-06-18,3.7478,25.18,72.95,3.67,0.09,6.8633
2023-06-19,4.061,24.95,74.63,3.22,3.0,6.8023
2023-06-20,2.9738,24.58,77.28,2.15,11.28,6.5395
2023-06-21,3.7366,23.83,80.71,2.04,17.12,6.6343
2023-06-22,5.7542,25.19,72.44,2.42,10.89,6.9506
2023-06-23,5.4026,24.35,70.19,3.43,2.47,6.8323
2023-06-24,4.3886,23.46,80.66,3.57,0.1,6.9206
2023-06-25,5.3198,23.97,79.43,3.22,1.31,6.8755
2023-06-26,4.506,24.06,69.79,3.99,0.41,7.0207
2023-06-27,5.1209,24.13,69.59,3.82,1.07,7.0433
2023-06-28,5.0429,24.59,67.44,4.13,0.04,7.1496
2023-06-29,4.644,24.14,73.18,3.95,15.3,6.9002
2023-06-30,5.9441,24.74,68.23,4.32,0.21,7.056
2023-07-01,5.7271,24.36,69.36,4.17,1.11,6.9206
2023-07-02,4.2305,23.45,78.99,4.28,2.35,6.9065
2023-07-03,5.2601,23.74,79.68,4.31,2.0,6.6634
2023-07-04,3.4733,23.55,81.15,4.86,4.77,6.5822
2023-07-05,3.7082,22.76,78.77,5.29,0.82,6.8246
2023-07-06,3.7759,23.17,74.78,5.82,0.11,6.798
2023-07-07,4.116,24.12,75.76,4.39,2.34,7.1052
2023-07-08,3.7586,23.91,75.39,3.96,1.67,7.0404
2023-07-09,4.4234,24.37,74.53,3.51,1.12,7.1369
2023-07-10,4.0423,23.88,77.24,3.09,4.22,6.7517
2023-07-11,3.4778,24.05,72.74,4.32,8.85,6.4538
2023-07-12,5.4216,23.94,70.69,4.31,6.89,6.8306
2023-07-13,4.6517,23.93,72.57,4.21,7.74,7.0085
2023-07-14,4.9118,23.93,75.52,4.22,0.45,7.1686
2023-07-15,5.2253,24.2,73.86,3.91,0.88,7.0272
2023-07-16,4.5708,24.78,74.88,3.61,0.04,7.2478
2023-07-17,4.8931,24.72,74.93,4.3,0.08,7.0039
2023-07-18,5.2358,25.01,71.83,5.38,0.01,7.0807
2023-07-19,4.0546,24.22,74.78,6.33,0.1,6.7339
2023-07-20,5.0158,24.37,73.51,6.57,0.1,6.5683
2023-07-21,3.931,23.92,78.03,6.43,0.07,6.5587
2023-07-22,3.3271,24.12,74.01,6.27,2.62,6.7109
2023-07-23,3.1944,24.13,74.91,5.94,1.33,6.6929
2023-07-24,2.8824,23.11,82.1,5.2,6.94,6.7786
2023-07-25,2.6203,22.19,83.33,5.09,9.18,6.8064
2023-07-26,2.8092,22.54,83.91,5.38,4.37,6.6427
2023-07-27,4.1527,22.44,79.91,5.81,0.14,6.8873
2023-07-28,4.3313,24.12,74.43,5.47,0.33,7.0961
2023-07-29,4.6901,24.68,72.27,5.47,0.1,7.1326
2023-07-30,5.7288,25.12,70.97,5.01,0.01,7.0433
2023-07-31,5.1163,25.44,70.58,4.66,0.0,6.9986
2023-08-01,5.0902,24.98,71.59,5.14,0.0,7.1834
2023-08-02,5.3441,24.9,70.25,5.33,0.0,7.0824
2023-08-03,5.3246,25.23,70.11,5.02,0.0,7.0625
2023-08-04,5.0957,25.23,70.8,4.49,0.05,7.1213
2023-08-05,5.1053,25.21,69.67,4.43,0.01,7.1532
2023-08-06,5.3249,25.2,72.48,3.63,0.75,7.1011
2023-08-07,5.4132,25.48,68.55,3.55,0.79,7.0505
2023-08-08,5.069,25.42,69.1,2.96,0.04,6.8777
2023-08-09,5.5442,25.69,69.25,2.56,3.61,7.0402
2023-08-10,5.4612,24.72,75.78,2.23,8.78,6.9298
2023-08-11,5.0342,24.78,75.53,1.8,6.87,6.8722
2023-08-12,4.1976,24.95,72.26,2.63,0.46,6.846
2023-08-13,5.778,25.38,68.72,2.9,0.11,6.7778
2023-08-14,5.555,24.76,68.83,2.59,0.02,6.8772
2023-08-15,6.7279,25.05,69.23,2.21,0.21,7.2458
2023-08-16,6.8606,25.83,67.96,2.54,0.17,7.2804
2023-08-17,5.9405,25.63,67.5,3.56,0.0,7.1299
2023-08-18,4.8977,24.88,69.41,4.24,0.0,6.9259
2023-08-19,4.332,25.06,70.47,4.43,3.68,6.7865
2023-08-20,5.0448,25.73,68.72,3.7,0.08,7.1167
2023-08-21,6.2714,26.15,65.07,3.1,0.02,7.2499
2023-08-22,5.4826,25.78,70.76,1.58,1.32,7.051
2023-08-23,5.6544,25.72,70.03,1.81,0.87,7.0404
2023-08-24,6.0115,25.7,66.44,2.59,0.01,7.211
2023-08-25,6.3418,26.59,65.04,2.12,0.0,7.175
2023-08-26,5.995,24.83,74.07,2.25,2.1,7.2612
2023-08-27,5.2138,25.34,71.7,1.94,4.62,7.3099
2023-08-28,6.2222,26.0,65.56,2.56,0.19,7.3932
2023-08-29,5.6503,26.2,65.39,2.66,0.42,7.247
2023-08-30,6.2851,26.3,69.32,2.68,5.91,7.2907
2023-08-31,4.8826,24.33,78.26,1.82,24.84,7.1273
2023-09-01,5.8205,24.07,85.11,1.44,18.54,7.1549
2023-09-02,5.1139,23.26,83.89,2.81,13.36,7.0855
2023-09-03,5.5742,23.12,79.31,2.8,2.88,6.9864
2023-09-04,4.1539,22.15,78.67,4.43,1.67,6.6797
2023-09-05,4.0738,23.34,78.72,3.85,7.96,6.8009
2023-09-06,4.4597,23.08,80.92,3.25,3.59,6.9694
2023-09-07,4.8653,23.22,77.75,3.83,2.34,6.9564
2023-09-08,4.9495,23.62,76.77,4.1,0.31,6.9792
2023-09-09,6.0307,23.68,76.62,3.76,0.81,7.075
2023-09-10,5.5183,24.0,77.58,3.49,0.44,6.7152
2023-09-11,4.5161,23.54,79.91,3.71,0.42,6.9492
2023-09-12,5.5428,24.02,76.38,3.65,0.87,7.0613
2023-09-13,5.1931,24.45,72.22,3.95,4.49,6.9996
2023-09-14,4.5266,24.24,74.66,3.62,0.56,6.9919
2023-09-15,4.7122,23.3,76.84,3.92,0.22,7.0526
2023-09-16,4.4875,24.14,77.79,3.68,22.37,6.9917
2023-09-17,4.6802,24.23,79.41,2.9,10.14,7.027
2023-09-18,5.2526,23.93,81.3,2.75,12.75,6.9456
2023-09-19,5.9942,24.37,78.67,2.74,2.29,6.8976
2023-09-20,5.6381,23.65,82.25,2.36,8.95,6.8568
2023-09-21,4.7813,22.21,87.94,1.58,17.78,6.9658
2023-09-22,5.8013,24.01,83.03,1.5,1.08,6.822
2023-09-23,5.6866,23.3,87.69,1.75,1.14,6.7987
2023-09-24,5.556,22.78,88.99,2.35,17.96,6.8004
2023-09-25,4.7494,21.94,88.87,2.64,3.51,6.834
2023-09-26,5.5946,23.29,84.1,2.11,6.22,6.7157
2023-09-27,5.2157,23.42,80.3,2.76,1.5,6.8767
2023-09-28,4.5271,22.35,85.74,2.76,2.7,6.913
2023-09-29,4.6721,22.86,84.89,3.31,0.89,6.7546
2023-09-30,4.0836,22.5,78.31,3.86,1.65,6.678
2023-10-01,4.2302,23.34,79.94,4.06,0.26,6.7982
2023-10-02,5.1854,23.5,78.2,3.73,0.35,6.5328
2023-10-03,6.2395,23.81,76.74,2.53,0.0,6.8508
2023-10-04,6.295,24.2,74.55,1.57,0.12,6.7778
2023-10-05,5.927,23.68,82.26,1.97,0.22,6.6086
2023-10-06,4.8036,23.46,81.41,1.45,0.43,6.3367
2023-10-07,4.3272,24.45,79.65,1.17,2.23,6.0902
2023-10-08,4.2598,24.43,76.24,0.83,1.88,5.814
2023-10-09,4.2154,24.19,84.04,1.01,12.02,5.8142
2023-10-10,4.8055,23.86,86.72,0.67,16.63,5.9926
2023-10-11,4.1837,23.17,86.39,1.98,5.73,5.8414
2023-10-12,4.8533,22.99,77.04,2.1,0.13,6.0886
2023-10-13,6.4325,22.71,72.33,1.98,0.02,6.5352
2023-10-14,5.5495,22.82,76.59,1.71,0.82,6.0778
2023-10-15,4.9279,23.45,76.4,1.61,1.97,5.9971
2023-10-16,4.5686,23.08,83.74,1.81,7.93,5.7775
2023-10-17,5.2608,23.9,78.52,1.5,0.18,6.0089
2023-10-18,5.6674,23.39,77.75,1.77,0.19,5.9186
2023-10-19,5.5567,23.58,72.69,1.9,0.0,5.7571
2023-10-20,5.7401,23.84,74.35,2.02,0.0,5.8404
2023-10-21,5.0554,23.92,75.04,2.22,0.03,5.5474
2023-10-22,5.2879,23.93,72.35,1.88,0.01,5.7156
2023-10-23,5.0347,23.34,62.23,1.86,0.0,5.5346
2023-10-24,6.0686,22.58,54.78,1.51,0.0,6.0953
2023-10-25,6.0418,22.76,65.71,1.31,0.0,6.0799
2023-10-26,5.7178,22.9,66.52,1.45,0.0,5.9311
2023-10-27,5.2224,23.76,70.61,2.03,0.0,5.8171
2023-10-28,5.0208,24.11,74.2,2.11,0.02,6.0372
2023-10-29,4.6678,23.96,78.45,2.11,0.73,6.0754
2023-10-30,3.9946,22.43,84.5,2.31,4.87,5.9174
2023-10-31,3.9187,22.52,80.85,1.74,0.68,5.3753
2023-11-01,4.6082,23.75,71.07,1.91,0.01,5.6897
2023-11-02,4.5722,24.33,75.63,2.08,0.0,6.0094
2023-11-03,4.9548,24.67,75.46,2.34,1.43,5.909
2023-11-04,4.0858,23.59,80.72,1.95,9.78,5.9983
2023-11-05,4.133,23.38,80.82,2.87,2.41,5.893
2023-11-06,4.4671,22.57,84.05,1.18,15.2,5.9083
2023-11-07,4.3015,22.92,87.44,1.73,14.83,5.8826
2023-11-08,4.0548,23.21,83.33,1.69,2.75,5.9191
2023-11-09,3.9648,21.91,82.61,2.25,1.97,5.7379
2023-11-10,4.015,22.32,80.06,2.06,0.66,5.6232
2023-11-11,5.7122,22.73,70.21,2.57,0.0,5.7506
2023-11-12,5.2006,21.8,72.96,2.68,0.0,5.802
2023-11-13,5.201,22.17,75.51,2.7,0.06,5.5716
2023-11-14,2.4343,21.24,74.86,2.68,0.2,5.3172
2023-11-15,4.4009,22.41,74.97,1.91,0.03,5.1862
2023-11-16,4.2127,23.53,68.97,1.24,0.0,5.2073
2023-11-17,4.5041,23.99,72.46,1.78,0.0,5.4058
2023-11-18,4.6318,24.23,69.92,2.62,0.0,5.8414
2023-11-19,5.5805,23.69,71.31,3.12,0.0,5.7698
2023-11-20,5.2898,23.29,73.29,2.78,0.0,5.7773
2023-11-21,4.201,23.3,81.16,2.87,0.33,5.6731
2023-11-22,3.5585,23.81,82.39,2.47,6.48,5.5481
2023-11-23,3.3595,23.1,79.89,2.65,2.8,5.5757
2023-11-24,3.8023,23.59,80.53,2.35,2.44,5.5961
2023-11-25,3.4529,23.2,80.64,2.75,1.3,5.719
2023-11-26,3.9814,22.95,75.62,3.52,0.42,5.2862
2023-11-27,4.5108,23.29,76.21,2.82,0.47,5.677
2023-11-28,4.2965,23.55,74.94,2.41,0.14,5.6422
2023-11-29,3.8786,23.02,79.49,2.54,2.4,5.4343
2023-11-30,3.3142,22.83,78.56,2.5,1.96,5.5198
2023-12-01,2.6602,23.01,77.08,2.14,0.4,5.5937
2023-12-02,4.1887,23.1,76.81,3.23,2.97,5.7437
2023-12-03,2.7982,22.99,83.8,3.72,3.13,5.4893
2023-12-04,2.0162,22.51,80.6,3.91,4.86,5.6054
2023-12-05,3.8194,22.96,74.96,3.04,1.48,5.6669
2023-12-06,4.9594,23.94,69.85,1.16,0.79,5.6258
2023-12-07,4.2156,24.4,75.7,0.79,2.5,5.2042
2023-12-08,3.2693,22.91,83.37,1.88,0.14,5.2397
2023-12-09,3.2666,22.14,79.77,2.57,0.13,5.16
2023-12-10,4.2269,23.37,71.79,2.35,0.03,5.1334
2023-12-11,4.1201,22.86,70.75,1.85,0.04,5.2574
2023-12-12,3.7735,22.07,70.08,2.15,0.03,5.077
2023-12-13,4.3351,20.93,69.8,2.35,0.0,5.2025
2023-12-14,4.789,20.79,68.88,2.45,0.0,5.4082
2023-12-15,4.2142,22.24,74.55,2.43,0.12,5.448
2023-12-16,3.6168,23.62,76.17,3.24,0.19,5.4194
2023-12-17,2.4715,22.44,76.16,3.45,0.06,5.2606
2023-12-18,2.2968,21.89,76.92,3.35,0.03,4.7482
2023-12-19,5.1031,21.65,70.29,3.48,0.0,5.4326
2023-12-20,3.359,21.8,69.16,2.94,0.0,5.5159
2023-12-21,4.2046,22.6,71.23,2.23,0.0,5.3534
2023-12-22,4.6356,22.57,66.5,1.8,0.0,5.2126
2023-12-23,5.1521,20.65,63.98,2.23,0.0,5.4912
2023-12-24,5.5066,21.33,69.65,2.62,0.0,5.6249
2023-12-25,3.5414,22.57,69.52,3.03,0.01,5.5572
2023-12-26,5.8891,21.15,64.59,2.83,0.0,5.9184
2023-12-27,6.0295,21.1,65.59,2.9,0.0,6.0427
2023-12-28,4.6913,21.81,71.73,3.22,0.0,5.7749
2023-12-29,3.3857,22.39,71.92,3.18,0.0,5.574
2023-12-30,5.0501,22.3,64.82,2.88,0.01,5.8394
2023-12-31,5.4226,21.19,64.84,2.71,0.0,5.8368
