date,ALLSKY_SFC_SW_DWN,T2M,RH2M,WS2M,PRECTOTCORR,CLRSKY_SFC_SW_DWN
2018-01-01,4.3438,17.32,34.2,1.28,0.0,4.3582
2018-01-02,4.2209,16.34,33.09,1.55,0.0,4.2298
2018-01-03,4.4131,15.24,28.51,1.51,0.0,4.471
2018-01-04,4.5545,16.65,23.68,1.36,0.0,4.5804
2018-01-05,4.4465,17.42,25.78,1.47,0.0,4.4592
2018-01-06,4.3963,17.06,29.66,1.41,0.0,4.3978
2018-01-07,4.525,16.19,30.23,1.31,0.0,4.5331
2018-01-08,4.5528,16.17,30.57,1.58,0.0,4.5626
2018-01-09,4.5912,16.52,28.25,1.31,0.0,4.6039
2018-01-10,4.595,17.71,21.44,1.21,0.0,4.6207
2018-01-11,4.5437,18.42,19.46,1.49,0.0,4.5768
2018-01-12,4.5588,18.99,24.12,1.67,0.0,4.6116
2018-01-13,3.7279,20.6,27.11,1.34,0.0,4.05
2018-01-14,4.1266,22.34,37.45,1.33,0.0,4.163
2018-01-15,4.7227,20.76,32.99,1.4,0.0,4.7249
2018-01-16,5.0321,19.51,20.17,1.41,0.0,5.0534
2018-01-17,4.8408,19.46,21.63,1.61,0.0,4.8727
2018-01-18,4.9349,20.15,21.03,0.98,0.0,4.9433
2018-01-19,4.949,20.91,24.64,1.16,0.0,4.9642
2018-01-20,4.9392,20.38,27.85,1.33,0.0,4.9423
2018-01-21,4.9673,19.67,28.78,1.28,0.0,4.9805
2018-01-22,4.8134,20.08,31.0,1.43,0.0,4.8144
2018-01-23,3.8964,19.63,33.16,3.3,0.0,4.2905
2018-01-24,5.034,16.55,24.78,2.38,0.0,5.035
2018-01-25,4.9606,15.59,20.64,1.41,0.0,4.9711
2018-01-26,5.2106,16.39,28.12,1.56,0.0,5.2248
2018-01-27,5.2529,18.67,20.65,1.06,0.0,5.2774
2018-01-28,5.2721,18.82,19.97,1.39,0.0,5.2874
2018-01-29,4.9776,19.3,22.75,1.59,0.0,5.0486
2018-01-30,5.2778,20.54,22.1,1.66,0.0,5.3441
2018-01-31,5.3854,21.74,19.8,1.89,0.0,5.4002
2018-02-01,5.1701,22.18,20.34,1.51,0.0,5.2613
2018-02-02,5.0633,22.88,19.9,1.4,0.0,5.1432
2018-02-03,5.1206,22.06,22.38,1.64,0.0,5.1228
2018-02-04,4.878,20.57,30.51,1.79,0.0,4.8962
2018-02-05,4.2739,21.76,29.69,1.94,0.0,4.711
2018-02-06,3.2201,21.1,27.15,1.78,0.0,4.6961
2018-02-07,1.6771,21.25,30.56,1.16,0.0,4.5046
2018-02-08,4.7225,22.17,31.65,1.56,0.0,4.8581
2018-02-09,5.118,21.06,26.71,1.81,0.0,5.3275
2018-02-10,5.1331,20.93,26.25,2.48,0.0,5.3719
2018-02-11,3.521,21.47,42.54,2.21,2.16,4.9747
2018-02-12,3.7565,20.6,69.83,2.23,6.61,4.681
2018-02-13,2.8608,19.22,70.05,1.35,0.64,4.267
2018-02-14,5.2567,18.11,49.28,1.76,0.0,5.5078
2018-02-15,5.8296,19.48,35.97,1.3,0.0,5.9206
2018-02-16,5.831,21.12,33.01,1.31,0.0,5.8445
2018-02-17,5.52,22.4,29.05,1.25,0.0,5.7058
2018-02-18,5.6215,23.39,27.21,1.17,0.0,5.6753
2018-02-19,5.4689,22.64,31.41,1.36,0.0,5.5591
2018-02-20,5.8279,23.33,26.63,1.35,0.0,5.8752
2018-02-21,6.085,24.51,23.11,0.99,0.0,6.0907
2018-02-22,5.8567,25.57,21.14,0.98,0.0,5.9182
2018-02-23,5.7125,25.52,24.34,1.41,0.0,5.7362
2018-02-24,4.7206,26.47,28.5,1.43,0.0,5.0268
2018-02-25,4.9594,25.65,28.51,1.95,0.0,5.1869
2018-02-26,6.0305,24.28,27.2,2.13,0.0,6.049
2018-02-27,5.9578,24.82,23.83,1.42,0.0,6.3679
2018-02-28,6.1687,26.4,27.42,1.21,0.0,6.1884
2018-03-01,5.4307,27.01,26.4,1.57,0.0,5.8195
2018-03-02,5.5663,27.75,24.36,1.3,0.0,5.6083
2018-03-03,6.1589,26.8,22.27,2.88,0.0,6.1644
2018-03-04,4.5888,27.08,24.72,2.25,0.03,5.4374
2018-03-05,5.1026,25.98,28.9,1.92,0.11,5.6383
2018-03-06,5.9261,25.38,25.88,1.82,0.0,6.1495
2018-03-07,4.7354,25.34,19.35,1.4,0.04,5.945
2018-03-08,4.2732,25.16,35.57,2.11,1.99,5.3678
2018-03-09,5.7106,26.48,33.7,1.27,0.0,5.8063
2018-03-10,5.1854,27.67,25.03,1.66,0.0,5.8258
2018-03-11,5.8198,27.93,21.68,1.53,0.0,5.9225
2018-03-12,6.774,27.02,14.88,1.61,0.0,6.7771
2018-03-13,6.6703,28.71,13.28,1.64,0.0,6.689
2018-03-14,5.3614,27.78,19.99,1.99,0.0,5.928
2018-03-15,4.189,26.46,22.47,2.41,0.08,6.3127
2018-03-16,6.3938,25.79,23.79,2.1,0.0,6.5738
2018-03-17,6.3086,27.12,23.19,1.06,0.0,6.677
2018-03-18,6.7678,26.91,17.2,1.83,0.0,6.7834
2018-03-19,5.1814,28.05,27.03,2.39,0.01,5.82
2018-03-20,4.9318,29.09,31.52,1.8,0.02,5.8754
2018-03-21,6.8904,27.62,23.6,3.21,0.0,6.8954
2018-03-22,7.0615,25.92,23.55,2.75,0.0,7.0625
2018-03-23,6.8251,25.87,22.9,2.37,0.0,6.979
2018-03-24,7.2569,26.82,21.28,2.31,0.0,7.2842
2018-03-25,7.297,27.67,17.12,1.74,0.0,7.3138
2018-03-26,7.363,28.15,14.85,2.0,0.0,7.3766
2018-03-27,7.3656,30.32,9.71,1.02,0.0,7.3908
2018-03-28,7.0723,29.39,11.83,2.12,0.0,7.2494
2018-03-29,7.3874,30.09,10.71,2.08,0.0,7.4333
2018-03-30,7.5038,30.22,10.02,2.56,0.0,7.5173
2018-03-31,7.3805,29.7,10.01,2.22,0.0,7.4256
2018-04-01,7.1261,29.03,13.08,2.31,0.0,7.207
2018-04-02,7.0308,29.19,18.04,1.72,0.0,7.0354
2018-04-03,6.9134,30.35,17.1,1.84,0.0,7.0368
2018-04-04,7.0246,31.47,15.43,2.19,0.0,7.0985
2018-04-05,6.9794,31.63,16.33,2.88,0.0,7.2034
2018-04-06,4.9694,31.21,19.13,3.05,0.0,6.7099
2018-04-07,6.7462,31.09,20.21,2.49,0.0,6.9499
2018-04-08,5.3266,30.24,26.48,1.87,0.17,6.8904
2018-04-09,6.2652,31.28,23.39,1.82,0.12,6.8014
2018-04-10,5.946,32.72,20.4,1.21,0.14,6.5839
2018-04-11,6.3156,32.07,26.82,2.48,1.85,6.7781
2018-04-12,5.7746,31.8,27.33,2.06,0.13,6.6643
2018-04-13,6.1934,32.23,24.73,2.0,0.13,6.954
2018-04-14,6.017,32.26,25.44,1.92,0.0,6.9238
2018-04-15,6.7246,32.93,22.85,2.49,0.0,6.8978
2018-04-16,7.2113,33.15,20.3,2.72,0.0,7.26
2018-04-17,7.1928,33.59,21.53,3.49,0.0,7.4215
2018-04-18,7.8166,32.45,15.72,2.85,0.0,7.8206
2018-04-19,7.6505,32.65,15.49,1.78,0.0,7.6882
2018-04-20,7.4942,33.17,17.81,3.93,0.0,7.5413
2018-04-21,7.4789,31.61,19.32,3.24,0.0,7.5077
2018-04-22,7.3466,31.07,13.46,1.99,0.0,7.5648
2018-04-23,8.0676,30.85,9.85,2.47,0.0,8.071
2018-04-24,8.2973,31.51,9.18,1.95,0.0,8.3021
2018-04-25,8.2546,32.35,8.42,2.05,0.0,8.2574
2018-04-26,7.8091,32.7,11.6,3.02,0.0,7.8794
2018-04-27,7.2374,34.39,16.64,2.96,0.0,7.4849
2018-04-28,6.9506,35.97,17.8,3.82,0.0,7.1873
2018-04-29,6.9362,36.29,16.25,5.15,0.0,7.3219
2018-04-30,6.5381,35.42,20.95,4.03,0.08,7.2158
2018-05-01,7.0198,36.09,21.49,3.33,0.23,7.4549
2018-05-02,6.7886,35.67,18.51,3.58,0.0,7.5182
2018-05-03,7.4851,35.54,17.21,2.14,0.01,7.7035
2018-05-04,7.9858,33.74,17.58,3.35,0.0,7.9958
2018-05-05,6.9605,35.11,22.39,3.15,0.0,7.4597
2018-05-06,6.9038,35.45,19.48,3.95,0.0,7.1916
2018-05-07,7.9982,33.96,15.11,4.15,0.0,8.0011
2018-05-08,7.6615,32.98,18.81,4.0,0.0,7.8994
2018-05-09,7.5514,33.48,23.74,2.62,0.0,7.6728
2018-05-10,6.6737,34.52,21.2,1.83,0.0,7.4215
2018-05-11,7.0968,36.3,16.1,1.43,0.0,7.5785
2018-05-12,6.9058,36.16,18.65,3.49,0.0,7.6234
2018-05-13,7.3894,35.74,15.52,3.77,0.0,7.7114
2018-05-14,7.1635,35.78,19.26,2.69,0.1,7.4081
2018-05-15,6.234,35.79,17.1,1.82,0.02,6.7442
2018-05-16,6.504,35.99,19.97,3.52,0.01,6.9874
2018-05-17,6.7903,36.22,16.88,3.22,0.02,7.2689
2018-05-18,6.8923,35.98,16.23,4.43,0.0,7.4306
2018-05-19,7.411,35.54,16.82,3.71,0.0,7.5727
2018-05-20,7.0898,35.93,19.07,2.87,0.0,7.4978
2018-05-21,6.5244,36.78,19.31,3.42,0.0,7.1873
2018-05-22,6.001,37.53,18.31,2.88,0.0,6.9557
2018-05-23,6.6859,37.3,15.98,3.1,0.02,7.2185
2018-05-24,7.3476,37.13,12.87,4.64,0.0,7.5617
2018-05-25,7.062,36.7,11.46,3.71,0.0,7.345
2018-05-26,7.8761,36.47,15.02,2.3,0.46,7.9409
2018-05-27,7.8072,37.17,14.2,2.19,0.0,7.9982
2018-05-28,7.925,36.96,8.78,2.34,0.0,8.0489
2018-05-29,7.0903,37.39,16.05,3.82,0.0,7.4954
2018-05-30,7.3649,36.54,25.91,4.25,0.0,7.5206
2018-05-31,6.7654,36.72,25.82,3.08,0.05,7.3493
2018-06-01,6.0566,37.3,27.22,2.53,3.5,6.9758
2018-06-02,5.9383,36.25,34.03,3.14,2.72,6.875
2018-06-03,6.7378,36.52,26.46,4.16,0.01,7.0745
2018-06-04,6.1351,35.4,27.44,3.58,1.89,6.809
2018-06-05,5.5613,36.47,28.21,2.77,0.0,6.8827
2018-06-06,6.0007,37.59,33.47,2.54,0.05,6.7241
2018-06-07,5.9052,37.31,31.04,3.16,0.57,6.7865
2018-06-08,5.1089,36.7,31.45,3.91,0.84,6.7675
2018-06-09,3.3065,33.08,51.49,3.08,34.68,6.5789
2018-06-10,4.7227,29.9,69.97,2.8,6.75,6.468
2018-06-11,4.4573,31.14,61.92,4.43,5.42,6.5146
2018-06-12,6.2153,32.6,52.21,5.58,2.75,6.5887
2018-06-13,6.6677,32.21,54.0,6.2,0.0,7.0109
2018-06-14,6.9547,31.24,51.42,6.26,0.0,7.2574
2018-06-15,7.242,31.22,51.23,5.58,0.0,7.3169
2018-06-16,7.3399,31.27,50.62,4.48,0.0,7.5679
2018-06-17,6.4618,31.07,56.25,3.51,0.07,7.6373
2018-06-18,4.3512,32.09,53.49,2.86,6.4,7.0651
2018-06-19,6.143,32.22,53.76,2.25,3.95,7.0286
2018-06-20,6.1176,31.79,57.98,0.95,2.81,7.2144
2018-06-21,5.8169,33.17,52.83,1.82,0.07,7.1364
2018-06-22,6.0691,31.26,58.54,2.79,7.72,6.8563
2018-06-23,6.401,31.23,60.23,2.2,2.4,6.9926
2018-06-24,5.7866,31.38,60.1,3.04,0.3,6.817
2018-06-25,5.1101,30.46,62.55,2.35,0.49,6.7068
2018-06-26,3.7471,28.78,68.77,3.38,1.18,7.1436
2018-06-27,3.2004,28.45,71.99,3.43,10.27,7.2367
2018-06-28,2.6558,26.76,76.37,3.48,14.72,6.9581
2018-06-29,3.5731,27.3,73.62,3.92,15.91,7.1371
2018-06-30,6.6934,28.83,66.55,3.4,6.41,7.302
2018-07-01,6.1656,29.6,64.73,3.54,0.0,7.1714
2018-07-02,5.8349,29.11,63.32,4.41,0.0,7.2374
2018-07-03,4.8478,28.12,71.63,4.55,0.27,7.3728
2018-07-04,2.9345,26.58,82.75,4.71,81.15,7.207
2018-07-05,1.1246,26.56,85.8,3.1,57.27,7.0226
2018-07-06,3.6674,27.44,79.1,3.44,7.55,7.0003
2018-07-07,5.4156,28.29,75.17,3.07,9.15,6.7066
2018-07-08,6.0386,29.4,73.2,3.37,2.65,6.6307
2018-07-09,4.6387,29.23,74.98,3.86,12.9,6.461
2018-07-10,3.5333,28.07,80.52,3.19,12.69,6.3763
2018-07-11,2.7017,27.23,87.21,2.9,27.9,6.2938
2018-07-12,1.7227,26.0,90.21,3.54,9.99,5.8584
2018-07-13,2.556,25.95,88.81,4.76,5.22,6.0905
2018-07-14,3.2424,26.23,87.11,3.7,5.78,6.3571
2018-07-15,4.4688,27.15,83.32,2.44,7.0,6.6931
2018-07-16,5.345,27.34,86.19,1.3,25.6,7.0778
2018-07-17,2.4317,27.51,85.8,2.15,47.92,6.9055
2018-07-18,0.9898,26.82,87.82,3.72,25.79,7.0375
2018-07-19,2.4161,26.86,88.87,3.86,14.59,7.1014
2018-07-20,3.4039,26.46,88.91,4.46,3.55,7.0236
2018-07-21,2.1451,26.98,85.47,3.11,17.85,7.0073
2018-07-22,2.0158,25.38,90.9,5.64,15.75,6.9473
2018-07-23,0.9413,25.25,92.37,4.65,37.64,6.7656
2018-07-24,1.8835,24.9,92.91,4.84,27.62,7.1652
2018-07-25,1.1698,24.9,93.65,4.27,25.76,6.7673
2018-07-26,2.4588,24.54,89.48,4.4,5.95,6.1723
2018-07-27,2.2421,24.63,89.39,3.72,1.68,5.8212
2018-07-28,3.0566,25.7,84.6,3.53,0.12,5.2958
2018-07-29,2.9954,25.65,86.24,3.34,0.01,5.189
2018-07-30,3.492,25.47,87.97,3.22,0.06,5.6928
2018-07-31,3.7541,25.16,87.79,3.53,2.5,5.6568
2018-08-01,4.6894,25.25,87.5,3.37,0.38,5.9537
2018-08-02,4.7918,25.63,85.17,3.96,0.0,6.0242
2018-08-03,3.7066,25.33,86.1,3.73,0.0,5.9388
2018-08-04,4.9442,25.82,83.34,3.32,0.0,6.204
2018-08-05,4.4554,25.75,83.69,3.7,0.39,6.343
2018-08-06,3.6449,25.5,84.58,3.63,0.8,6.534
2018-08-07,2.574,25.75,85.0,3.2,2.82,6.001
2018-08-08,1.4002,25.62,87.76,2.76,15.14,6.6727
2018-08-09,2.9911,25.77,89.35,3.01,17.42,6.7639
2018-08-10,1.853,25.7,89.68,4.23,6.37,6.6461
2018-08-11,3.2652,25.48,88.1,3.69,3.9,6.6214
2018-08-12,4.8192,25.55,87.13,3.41,0.42,6.8647
2018-08-13,4.1069,25.79,85.54,2.45,2.44,6.7018
2018-08-14,4.3322,25.34,88.04,2.19,1.5,6.4536
2018-08-15,1.728,26.3,89.62,2.81,7.83,6.0199
2018-08-16,3.6924,25.76,92.57,3.66,14.92,6.6576
2018-08-17,4.9889,27.67,86.78,2.17,9.46,6.9019
2018-08-18,2.2543,25.61,92.77,3.05,5.71,6.5086
2018-08-19,2.2183,26.25,88.1,1.99,6.15,6.4726
2018-08-20,2.6138,25.95,93.46,2.55,73.65,6.2796
2018-08-21,3.5448,26.06,91.8,2.71,22.54,6.6322
2018-08-22,2.1134,25.01,92.97,4.16,14.51,6.473
2018-08-23,2.0474,24.47,91.61,3.94,6.39,6.5647
2018-08-24,2.6242,23.85,92.68,3.39,3.29,6.5741
2018-08-25,1.938,24.53,90.06,3.45,5.17,6.7325
2018-08-26,3.7282,24.47,88.34,3.39,3.37,6.5842
2018-08-27,4.3186,25.35,88.78,2.67,2.34,6.2729
2018-08-28,1.6798,24.27,92.8,3.04,6.93,6.2191
2018-08-29,2.7619,24.37,91.24,3.32,3.4,6.3686
2018-08-30,2.3654,25.14,89.92,3.27,8.61,6.3953
2018-08-31,1.5019,23.82,93.84,3.98,22.89,6.2837
2018-09-01,1.8094,23.66,93.64,3.0,9.06,6.0696
2018-09-02,2.2637,23.83,91.2,3.09,6.05,6.2215
2018-09-03,3.9638,24.4,89.86,3.14,1.91,6.4423
2018-09-04,2.483,23.89,90.36,3.37,9.58,6.3041
2018-09-05,3.024,23.72,92.45,3.62,15.56,6.059
2018-09-06,1.8372,22.82,93.75,3.06,20.0,5.7478
2018-09-07,1.4669,23.43,90.82,3.77,36.33,6.1442
2018-09-08,2.0218,23.84,89.7,4.55,4.45,6.1322
2018-09-09,2.9765,23.56,89.1,3.29,0.15,6.4277
2018-09-10,3.3154,23.99,87.52,2.56,0.0,6.2734
2018-09-11,4.6584,24.36,88.46,2.8,0.06,6.4121
2018-09-12,4.0138,24.52,87.64,3.1,1.81,6.2592
2018-09-13,4.8727,24.34,88.26,2.24,1.08,6.0667
2018-09-14,5.6359,24.44,83.9,1.66,0.0,6.4313
2018-09-15,5.1271,24.47,82.53,1.32,2.21,6.2849
2018-09-16,5.5639,24.41,82.67,1.49,0.05,6.4517
2018-09-17,6.2594,24.65,80.63,1.47,0.0,6.503
2018-09-18,5.8493,24.42,81.54,2.05,0.0,6.2549
2018-09-19,6.2642,24.8,79.48,1.84,0.02,6.4584
2018-09-20,6.2357,24.97,78.36,2.07,0.0,6.509
2018-09-21,3.4454,24.93,87.7,3.04,10.06,6.1154
2018-09-22,1.7105,25.62,88.84,3.61,16.19,6.0758
2018-09-23,3.8501,23.68,88.8,4.52,0.76,6.0341
2018-09-24,4.8802,23.99,85.37,2.87,0.01,6.0034
2018-09-25,5.7938,24.87,84.39,2.05,0.0,6.0672
2018-09-26,6.1608,25.46,78.49,1.83,0.0,6.306
2018-09-27,5.9023,25.39,73.3,1.2,0.0,6.4702
2018-09-28,6.2803,25.99,66.28,0.75,0.0,6.4862
2018-09-29,6.277,25.6,67.24,0.95,0.0,6.4109
2018-09-30,6.4195,25.96,62.79,0.9,0.0,6.4858
2018-10-01,6.2995,26.56,61.4,0.78,0.0,6.3638
2018-10-02,6.2326,26.61,63.46,0.89,0.0,6.3142
2018-10-03,5.7845,25.74,72.3,1.22,0.0,6.1478
2018-10-04,5.088,25.7,72.8,1.26,1.43,5.9554
2018-10-05,5.8116,26.23,67.42,0.74,0.07,6.0439
2018-10-06,5.7298,26.28,62.27,0.89,0.0,6.0413
2018-10-07,5.3352,26.29,58.88,0.87,0.0,5.8289
2018-10-08,5.4226,25.62,67.53,1.22,0.0,5.9345
2018-10-09,5.9904,25.04,67.0,1.34,0.0,6.0941
2018-10-10,5.7444,24.91,66.15,1.44,0.0,5.933
2018-10-11,5.3743,24.27,75.7,1.72,0.0,5.6734
2018-10-12,5.645,22.86,78.17,2.19,0.0,5.7127
2018-10-13,5.8416,22.98,76.55,1.42,0.0,5.9002
2018-10-14,5.8342,24.12,65.45,1.16,0.0,5.8387
2018-10-15,5.658,24.12,62.76,1.34,0.0,5.73
2018-10-16,5.4379,23.68,64.92,1.59,0.0,5.5582
2018-10-17,5.1838,23.84,64.25,1.47,0.0,5.4228
2018-10-18,5.2272,23.85,63.25,1.47,0.0,5.4874
2018-10-19,5.2776,24.48,63.0,1.34,0.0,5.4581
2018-10-20,4.9536,25.05,63.08,1.19,0.08,5.1994
2018-10-21,5.2654,23.92,64.17,1.57,0.0,5.2846
2018-10-22,5.4871,22.0,59.49,1.66,0.0,5.5058
2018-10-23,5.3381,22.81,55.51,1.16,0.0,5.3496
2018-10-24,5.1804,22.82,56.49,1.28,0.0,5.4317
2018-10-25,5.1528,22.98,56.59,1.64,0.0,5.2332
2018-10-26,4.949,23.27,59.29,1.35,0.0,5.3016
2018-10-27,4.9711,23.82,56.74,1.46,0.0,5.3023
2018-10-28,5.1245,21.94,65.92,1.81,0.0,5.2342
2018-10-29,5.2342,20.8,63.27,1.94,0.0,5.256
2018-10-30,5.2932,20.96,67.26,2.18,0.0,5.2951
2018-10-31,5.2181,21.81,69.95,2.39,0.0,5.2342
2018-11-01,5.1876,22.55,67.19,2.13,0.0,5.2157
2018-11-02,5.0594,23.09,64.88,1.31,0.0,5.2128
2018-11-03,4.1902,24.73,62.03,1.49,0.0,4.8017
2018-11-04,4.5022,25.29,58.66,1.51,0.0,4.7378
2018-11-05,4.1462,22.99,63.92,1.51,0.02,4.4239
2018-11-06,4.8218,19.85,48.27,1.67,0.0,4.8283
2018-11-07,4.3466,18.59,49.55,1.23,0.0,4.4153
2018-11-08,4.812,18.53,55.69,1.42,0.0,4.8358
2018-11-09,4.9457,19.25,52.35,1.25,0.0,4.9692
2018-11-10,4.7381,19.53,52.14,1.31,0.0,4.7899
2018-11-11,4.6848,20.06,52.64,1.22,0.0,4.7383
2018-11-12,4.7664,21.41,48.38,1.02,0.0,4.8019
2018-11-13,4.7539,23.29,37.03,1.16,0.0,4.7926
2018-11-14,4.7057,23.41,37.39,1.15,0.0,4.7227
2018-11-15,4.7059,22.54,43.84,1.16,0.0,4.7287
2018-11-16,4.4482,19.96,54.25,1.74,0.0,4.4765
2018-11-17,4.6092,21.11,42.54,1.27,0.0,4.6308
2018-11-18,4.6841,21.2,46.01,1.04,0.0,4.6867
2018-11-19,4.4136,21.61,51.06,1.57,0.0,4.4983
2018-11-20,4.211,22.84,55.19,1.26,0.0,4.3572
2018-11-21,4.4328,21.7,55.5,1.5,0.0,4.4474
2018-11-22,4.1782,20.03,61.62,1.45,0.0,4.1906
2018-11-23,4.2552,21.17,59.82,1.29,0.0,4.2672
2018-11-24,4.4095,19.71,54.35,1.63,0.0,4.4566
2018-11-25,4.6034,20.17,44.72,1.24,0.0,4.6313
2018-11-26,4.6418,19.59,50.56,1.27,0.0,4.795
2018-11-27,4.1906,19.21,55.54,1.51,0.0,4.452
2018-11-28,3.9509,18.23,61.43,1.43,0.0,4.3001
2018-11-29,4.2881,18.19,66.2,1.53,0.0,4.2948
2018-11-30,3.9089,18.41,67.42,1.47,0.0,4.0483
2018-12-01,3.9216,18.34,60.61,1.4,0.0,4.2595
2018-12-02,4.1575,18.07,53.1,1.35,0.0,4.4186
2018-12-03,3.8986,18.01,55.09,1.34,0.0,4.3334
2018-12-04,3.197,18.25,55.8,1.39,0.0,3.9624
2018-12-05,4.0303,19.31,50.81,1.25,0.0,4.0363
2018-12-06,3.731,18.12,53.58,1.5,0.0,3.8117
2018-12-07,4.224,17.44,49.11,1.48,0.0,4.2278
2018-12-08,4.0037,18.12,48.14,1.81,0.0,4.031
2018-12-09,3.613,18.48,51.62,1.38,0.05,3.8491
2018-12-10,3.797,17.87,52.19,1.8,0.0,3.8314
2018-12-11,4.3205,16.8,51.05,1.67,0.0,4.345
2018-12-12,4.1873,17.6,47.6,1.66,0.0,4.1983
2018-12-13,4.169,16.39,52.14,1.81,0.0,4.1743
2018-12-14,3.8441,15.29,57.35,2.02,0.0,3.8554
2018-12-15,4.2221,14.96,54.64,2.07,0.0,4.2547
2018-12-16,4.6291,14.37,44.12,2.26,0.0,4.6318
2018-12-17,4.3406,15.29,41.43,2.23,0.0,4.391
2018-12-18,4.2257,14.59,42.14,1.46,0.0,4.2324
2018-12-19,4.5514,14.85,37.48,1.42,0.0,4.5528
2018-12-20,4.6258,15.94,33.17,1.34,0.0,4.6618
2018-12-21,4.6586,16.03,31.78,1.24,0.0,4.6742
2018-12-22,4.6418,16.47,28.24,1.23,0.0,4.6567
2018-12-23,4.6334,16.88,29.03,1.37,0.0,4.6399
2018-12-24,4.4383,18.14,30.38,1.28,0.0,4.4436
2018-12-25,4.2014,18.84,35.93,1.5,0.0,4.2377
2018-12-26,4.0918,16.64,42.86,2.7,0.0,4.1081
2018-12-27,4.458,13.88,34.02,2.03,0.0,4.4592
2018-12-28,4.7095,12.82,25.5,1.79,0.0,4.7604
2018-12-29,4.8398,13.71,24.62,1.29,0.0,4.8533
2018-12-30,4.8115,14.16,24.61,1.39,0.0,4.8146
2018-12-31,4.7098,16.66,23.09,1.09,0.0,4.7105
2019-01-01,4.7143,18.93,19.45,1.22,0.0,4.7213
2019-01-02,4.6339,17.94,21.54,1.99,0.0,4.6351
2019-01-03,4.5962,16.48,27.63,1.36,0.0,4.5991
2019-01-04,3.8873,17.37,25.76,1.37,0.0,4.4366
2019-01-05,4.0555,17.42,26.94,2.05,0.0,4.4798
2019-01-06,4.4119,17.14,30.33,2.64,0.0,4.4412
2019-01-07,3.6881,13.47,43.48,2.02,0.0,3.8899
2019-01-08,4.2199,14.7,51.62,1.24,0.0,4.2552
2019-01-09,4.3586,14.76,37.99,1.73,0.0,4.4158
2019-01-10,4.6097,15.33,38.34,1.11,0.0,4.639
2019-01-11,4.5307,15.63,34.81,1.43,0.0,4.5494
2019-01-12,3.997,17.17,34.88,1.73,0.0,4.1378
2019-01-13,4.0759,17.8,34.74,1.55,0.0,4.1045
2019-01-14,4.2931,15.27,42.02,2.2,0.0,4.3399
2019-01-15,4.7342,15.43,26.27,1.37,0.0,4.9819
2019-01-16,4.8792,16.88,18.29,1.21,0.0,4.9181
2019-01-17,4.8182,18.01,19.55,1.42,0.0,4.8223
2019-01-18,4.861,16.86,25.12,1.69,0.0,4.8859
2019-01-19,4.9241,17.7,20.14,1.43,0.0,4.9675
2019-01-20,5.0076,19.46,19.86,1.62,0.0,5.0237
2019-01-21,4.5842,20.38,20.44,3.01,0.0,4.6003
2019-01-22,4.3147,18.81,39.91,2.13,0.11,4.5713
2019-01-23,4.4412,17.72,39.54,2.01,0.02,4.5886
2019-01-24,3.8906,17.25,41.01,1.64,0.01,4.3006
2019-01-25,1.6826,16.65,46.23,2.27,0.41,3.6624
2019-01-26,3.876,14.4,51.5,2.69,0.0,4.4282
2019-01-27,5.0933,13.2,30.73,2.37,0.0,5.0974
2019-01-28,5.375,11.8,30.9,2.29,0.0,5.3762
2019-01-29,5.4175,12.63,27.04,1.66,0.0,5.4456
2019-01-30,5.3986,14.87,19.59,1.34,0.0,5.4163
2019-01-31,4.0975,16.88,22.0,2.15,0.0,5.118
2019-02-01,4.7832,17.97,25.98,2.08,0.0,4.7863
2019-02-02,4.4242,17.63,36.5,1.9,0.0,4.6819
2019-02-03,3.726,19.06,38.01,1.48,0.0,4.1474
2019-02-04,4.0066,20.8,38.33,1.59,0.0,4.1964
2019-02-05,4.1225,22.1,34.8,1.88,0.0,4.2845
2019-02-06,3.8729,22.94,36.47,2.88,0.09,4.296
2019-02-07,5.1283,20.38,38.01,3.62,1.48,5.213
2019-02-08,5.777,15.41,22.56,2.22,0.0,5.7787
2019-02-09,5.8956,13.54,24.74,2.13,0.0,5.9782
2019-02-10,5.8224,14.7,22.91,1.5,0.0,5.922
2019-02-11,5.699,15.71,22.1,1.66,0.0,5.7799
2019-02-12,5.4571,18.9,23.03,1.82,0.0,5.4698
2019-02-13,4.014,22.07,23.97,1.56,0.02,4.8655
2019-02-14,4.2034,23.5,36.66,2.67,0.42,4.4971
2019-02-15,5.0717,21.74,38.85,2.23,0.76,5.2243
2019-02-16,5.5812,18.02,33.87,2.3,0.01,5.7242
2019-02-17,6.0312,17.62,26.09,1.71,0.0,6.0326
2019-02-18,3.5057,21.3,19.96,1.71,0.0,5.7895
2019-02-19,5.6923,23.11,23.61,1.82,0.0,5.7967
2019-02-20,5.731,25.26,25.61,1.43,0.0,5.784
2019-02-21,5.3282,26.55,34.97,3.82,0.65,5.4192
2019-02-22,5.8294,24.35,39.83,2.57,0.0,5.8522
2019-02-23,5.371,22.06,32.43,1.94,0.0,5.9302
2019-02-24,4.2684,21.34,24.38,2.18,0.0,5.7228
2019-02-25,6.241,21.39,22.45,2.33,0.0,6.2662
2019-02-26,5.0657,21.95,25.56,2.71,0.01,5.8788
2019-02-27,4.2139,20.46,38.36,3.46,0.03,5.8385
2019-02-28,6.4236,18.12,35.37,2.3,0.0,6.4301
2019-03-01,6.1442,18.38,22.23,1.85,0.0,6.2786
2019-03-02,5.2104,21.95,22.05,2.32,0.0,5.9503
2019-03-03,4.7138,22.98,36.98,2.73,5.84,5.5786
2019-03-04,5.2757,22.18,45.14,2.94,0.0,5.8656
2019-03-05,5.7996,20.56,37.43,2.37,0.0,6.1884
2019-03-06,6.6106,20.48,33.02,1.74,0.0,6.6185
2019-03-07,6.5933,21.65,29.51,1.26,0.0,6.6096
2019-03-08,6.4531,22.72,29.48,2.16,0.0,6.467
2019-03-09,6.5412,23.18,28.34,2.77,0.0,6.5441
2019-03-10,6.4999,23.34,32.48,1.8,0.0,6.5052
2019-03-11,6.1162,26.07,27.46,2.67,0.0,6.4421
2019-03-12,6.8148,24.25,22.83,2.35,0.0,6.8441
2019-03-13,6.3739,25.69,21.87,2.45,0.0,6.4315
2019-03-14,4.8684,24.06,26.78,2.38,0.02,6.3206
2019-03-15,6.3254,23.57,27.01,1.93,0.0,6.6024
2019-03-16,6.6348,24.14,28.18,2.22,0.0,6.6425
2019-03-17,4.8907,25.58,24.15,2.71,0.0,6.1493
2019-03-18,6.7258,24.07,22.77,2.14,0.0,6.7769
2019-03-19,6.7742,25.52,20.31,1.54,0.0,6.8844
2019-03-20,5.9095,26.6,24.27,2.76,0.13,6.647
2019-03-21,7.225,25.65,20.86,2.6,0.02,7.2259
2019-03-22,6.9581,26.07,21.68,1.98,0.0,6.9888
2019-03-23,6.948,26.04,21.55,1.93,0.0,6.9502
2019-03-24,7.0452,27.67,17.08,1.44,0.0,7.0483
2019-03-25,6.6178,28.9,20.49,1.99,0.0,6.7764
2019-03-26,7.1578,27.65,25.09,2.58,0.0,7.1676
2019-03-27,7.2622,26.87,15.33,1.85,0.0,7.3673
2019-03-28,6.9905,28.81,16.39,1.54,0.0,7.2005
2019-03-29,7.3416,31.06,17.05,1.76,0.0,7.3548
2019-03-30,7.1002,31.41,16.32,2.28,0.0,7.1534
2019-03-31,7.3507,31.32,17.55,3.82,0.0,7.3709
2019-04-01,7.3397,29.38,14.99,2.36,0.0,7.3582
2019-04-02,7.3819,29.98,12.93,1.68,0.0,7.409
2019-04-03,7.3181,31.62,11.16,1.05,0.0,7.3834
2019-04-04,7.3627,32.48,11.99,1.82,0.0,7.3982
2019-04-05,6.534,33.02,15.21,2.19,0.0,7.2254
2019-04-06,7.2439,32.45,17.36,2.28,0.0,7.3022
2019-04-07,5.8918,33.03,17.15,2.35,0.0,7.1678
2019-04-08,7.1237,32.35,19.94,2.14,0.56,7.3598
2019-04-09,7.6975,31.55,16.22,3.05,0.0,7.7059
2019-04-10,7.213,32.45,18.82,2.64,0.0,7.4585
2019-04-11,6.9065,33.74,18.04,1.14,0.0,7.2869
2019-04-12,7.2439,33.66,19.1,1.79,1.49,7.4482
2019-04-13,7.2295,32.69,18.17,1.71,0.0,7.5166
2019-04-14,7.3771,33.33,16.29,2.78,0.0,7.4671
2019-04-15,5.6858,32.8,20.99,2.72,0.0,6.8376
2019-04-16,5.147,27.73,44.33,2.56,2.5,6.5352
2019-04-17,5.8591,26.26,49.61,4.04,8.56,6.6833
2019-04-18,7.3109,26.09,44.68,1.73,0.05,7.4933
2019-04-19,7.3459,27.53,39.03,2.05,0.0,7.6174
2019-04-20,7.829,28.67,30.21,2.35,0.0,7.8624
2019-04-21,7.7964,29.87,24.51,2.52,0.0,7.9337
2019-04-22,7.2665,31.69,23.94,1.94,0.0,7.8281
2019-04-23,7.2202,32.88,20.09,1.74,0.0,7.6865
2019-04-24,7.627,33.5,19.68,1.69,0.0,7.6812
2019-04-25,7.0954,34.4,20.06,2.74,0.0,7.3987
2019-04-26,7.4011,35.02,19.75,3.08,0.0,7.5461
2019-04-27,7.6145,35.69,19.01,2.12,0.0,7.6291
2019-04-28,7.9416,34.84,15.58,2.06,0.0,7.9567
2019-04-29,8.0726,34.27,12.77,2.74,0.0,8.0873
2019-04-30,7.9601,34.09,13.7,4.02,0.0,7.9644
2019-05-01,7.5254,33.25,16.98,3.61,0.0,7.6354
2019-05-02,7.5574,33.71,19.84,2.95,0.0,7.7098
2019-05-03,7.0608,33.12,17.72,2.33,0.0,7.6142
2019-05-04,6.4375,32.86,21.36,2.25,0.0,7.2739
2019-05-05,6.7946,32.83,25.18,3.75,0.17,7.4911
2019-05-06,7.7453,33.58,17.74,2.61,0.13,7.9138
2019-05-07,7.5778,34.18,16.61,4.03,0.0,7.8216
2019-05-08,7.9973,33.83,16.24,4.85,0.0,8.0071
2019-05-09,8.1847,32.94,19.48,4.73,0.0,8.1934
2019-05-10,7.5166,33.1,25.66,4.06,0.0,7.8554
2019-05-11,7.8571,32.97,25.11,4.64,0.0,7.9507
2019-05-12,6.5986,33.97,25.14,2.55,0.03,7.5113
2019-05-13,6.9895,34.26,25.47,2.99,1.56,7.6824
2019-05-14,6.9794,33.9,22.96,2.95,0.41,7.609
2019-05-15,6.9754,34.49,22.39,2.67,0.0,7.6778
2019-05-16,7.8019,33.7,24.69,3.95,2.02,7.8468
2019-05-17,7.5696,34.01,25.93,4.48,0.0,7.6934
2019-05-18,7.2881,32.79,28.94,3.96,0.0,7.6658
2019-05-19,7.3049,33.24,28.39,1.43,0.0,7.9198
2019-05-20,7.4942,35.86,23.91,0.88,0.0,7.8682
2019-05-21,7.6373,36.21,21.06,2.56,0.0,7.8559
2019-05-22,7.879,36.28,21.26,4.0,0.0,7.9908
2019-05-23,7.8523,36.06,22.34,3.53,0.0,7.9543
2019-05-24,7.4088,36.12,23.23,4.49,0.0,7.8509
2019-05-25,6.7726,35.87,24.83,3.51,0.0,7.6483
2019-05-26,7.375,36.01,20.45,2.03,0.0,7.8422
2019-05-27,7.6226,36.76,19.04,2.27,0.0,7.8895
2019-05-28,7.1513,37.22,18.84,2.01,0.0,7.7237
2019-05-29,7.1878,38.05,16.48,1.79,0.0,7.7292
2019-05-30,6.4356,38.2,18.0,1.8,0.0,7.5319
2019-05-31,6.251,37.68,19.77,2.93,0.0,7.4304
2019-06-01,7.585,37.78,20.43,3.85,0.0,7.6622
2019-06-02,6.679,38.33,21.89,3.44,0.0,7.5353
2019-06-03,6.7474,38.1,19.3,4.43,0.0,7.6846
2019-06-04,6.4334,38.02,17.59,3.48,0.0,7.5703
2019-06-05,7.3594,38.73,19.19,4.21,0.0,7.6553
2019-06-06,7.2847,39.26,19.79,4.08,0.0,7.5948
2019-06-07,6.6845,39.65,17.88,3.62,0.0,7.4971
2019-06-08,6.5417,39.32,18.03,2.1,0.05,7.5691
2019-06-09,6.8011,39.09,19.56,1.41,0.0,7.6279
2019-06-10,7.0375,38.82,18.63,3.14,0.12,7.7801
2019-06-11,7.4815,38.86,21.52,2.96,0.0,7.6546
2019-06-12,6.3283,39.24,24.26,2.84,0.05,7.3759
2019-06-13,6.3754,36.76,33.11,3.99,0.55,7.6958
2019-06-14,5.9513,35.97,36.4,3.3,5.68,7.5758
2019-06-15,5.8193,33.26,48.33,3.8,9.33,7.4638
2019-06-16,7.0003,32.76,48.62,4.7,0.01,7.5197
2019-06-17,6.5206,33.3,44.8,4.93,0.22,7.403
2019-06-18,6.257,32.98,40.46,3.71,0.12,7.6272
2019-06-19,3.3348,30.11,56.94,4.47,7.93,6.9458
2019-06-20,7.1959,30.97,56.45,3.77,0.0,7.5374
2019-06-21,5.8778,33.08,45.78,2.14,0.05,7.5526
2019-06-22,5.7826,34.22,46.93,2.84,3.92,6.7306
2019-06-23,5.5164,33.1,47.57,2.48,0.17,7.0008
2019-06-24,5.5985,34.14,43.23,1.39,1.72,7.2446
2019-06-25,6.487,34.49,45.32,2.93,0.04,7.3181
2019-06-26,5.737,33.68,50.49,2.94,5.72,7.3109
2019-06-27,5.2834,29.93,70.18,3.23,12.94,6.9624
2019-06-28,5.1826,28.86,75.81,2.97,32.9,6.833
2019-06-29,5.6004,29.59,70.34,2.57,10.11,7.1731
2019-06-30,3.775,25.73,86.36,4.09,54.06,6.9024
2019-07-01,5.2418,28.34,77.32,2.72,16.61,6.931
2019-07-02,3.917,29.97,71.92,3.73,11.46,6.4961
2019-07-03,1.7899,26.74,87.92,3.79,33.04,6.301
2019-07-04,1.3217,26.62,88.35,3.85,18.86,6.6869
2019-07-05,1.5492,26.04,90.96,3.85,25.54,6.2306
2019-07-06,1.3987,25.97,92.22,4.04,26.06,5.9239
2019-07-07,4.4258,26.57,86.04,4.34,5.93,6.2664
2019-07-08,1.878,25.76,89.07,4.9,15.02,6.4841
2019-07-09,4.1652,27.44,81.7,3.95,1.53,6.1579
2019-07-10,4.9654,27.69,81.19,3.72,0.03,6.4572
2019-07-11,4.914,27.78,78.3,4.15,0.0,6.4193
2019-07-12,4.6462,28.09,77.46,4.04,0.0,6.7759
2019-07-13,4.5893,27.86,77.0,4.3,0.0,6.6972
2019-07-14,5.5812,26.69,79.92,4.58,0.01,7.0786
2019-07-15,5.4125,27.87,75.87,4.39,0.0,6.9288
2019-07-16,5.8675,28.06,75.95,3.67,0.0,6.9713
2019-07-17,6.0007,28.28,76.81,2.89,0.27,6.9696
2019-07-18,6.3694,28.56,74.14,1.75,0.02,6.9655
2019-07-19,5.1338,28.49,75.67,1.43,14.39,6.8909
2019-07-20,4.8907,28.43,75.89,1.08,10.96,6.8074
2019-07-21,6.3948,28.91,78.06,1.72,5.93,7.1839
2019-07-22,6.5124,29.05,77.41,2.25,0.18,7.2893
2019-07-23,6.845,28.68,76.7,2.48,0.0,7.3337
2019-07-24,5.737,28.74,80.05,2.34,2.61,7.1722
2019-07-25,2.8536,26.45,89.75,2.18,43.83,6.594
2019-07-26,2.5867,26.58,85.0,4.15,19.46,6.4783
2019-07-27,2.2685,25.89,91.46,3.65,38.46,6.4402
2019-07-28,2.4118,25.86,88.86,3.42,21.72,6.7586
2019-07-29,3.3446,27.39,85.64,1.6,31.69,7.057
2019-07-30,2.8966,27.75,86.56,2.26,35.34,7.117
2019-07-31,1.8852,26.15,88.62,4.41,31.72,7.0639
2019-08-01,2.5603,27.14,86.26,2.6,12.23,6.8935
2019-08-02,2.4286,25.7,91.67,4.14,31.12,6.661
2019-08-03,2.8486,26.56,90.45,2.83,12.77,6.3888
2019-08-04,4.1863,26.95,85.97,1.8,2.99,6.7536
2019-08-05,3.623,26.68,89.76,2.74,8.62,6.5777
2019-08-06,2.3021,26.16,92.77,2.89,21.01,6.3408
2019-08-07,2.053,25.49,94.06,2.92,21.4,6.5191
2019-08-08,3.1308,26.19,91.97,3.12,76.8,7.1062
2019-08-09,2.5366,25.62,91.62,4.82,32.77,7.1045
2019-08-10,4.9459,25.29,88.38,4.63,0.37,7.0891
2019-08-11,4.4218,26.02,86.59,2.62,0.1,6.7958
2019-08-12,3.3514,26.1,87.64,3.27,1.68,6.5606
2019-08-13,1.5238,25.72,92.42,3.45,35.55,6.7666
2019-08-14,1.7342,26.15,91.56,3.15,54.29,6.6281
2019-08-15,1.3574,23.6,93.32,6.67,49.47,6.9228
2019-08-16,3.4193,24.58,92.65,5.36,11.11,7.0286
2019-08-17,4.6157,25.97,88.48,3.69,3.18,6.8933
2019-08-18,1.7777,25.65,90.62,2.85,12.46,6.5422
2019-08-19,5.0753,25.79,90.95,2.77,9.91,6.7399
2019-08-20,4.494,25.58,92.17,2.71,8.05,6.7572
2019-08-21,4.3627,25.94,90.6,3.09,15.09,6.7243
2019-08-22,4.5816,25.56,90.5,2.93,7.59,6.5561
2019-08-23,3.7423,25.33,91.99,2.94,28.42,6.245
2019-08-24,1.3738,25.19,94.32,2.7,44.91,6.431
2019-08-25,1.4813,25.19,94.64,2.6,47.93,5.9914
2019-08-26,2.6263,25.54,93.12,2.05,29.14,6.5628
2019-08-27,4.4026,26.22,89.21,1.51,26.42,6.7296
2019-08-28,3.0026,25.71,92.0,1.93,9.0,6.7068
2019-08-29,4.2898,25.29,91.82,2.46,23.03,6.6209
2019-08-30,3.4603,25.58,90.58,1.92,9.15,6.5858
2019-08-31,3.9415,25.79,90.68,2.04,17.49,6.2868
2019-09-01,4.6106,26.45,88.43,1.17,3.19,5.9904
2019-09-02,4.2612,26.37,91.81,1.56,17.97,6.241
2019-09-03,2.7816,26.14,90.88,2.0,18.29,5.7646
2019-09-04,3.7298,26.34,90.14,1.99,10.76,6.1438
2019-09-05,4.7011,26.25,90.12,1.61,9.68,6.4351
2019-09-06,4.0296,26.94,88.36,1.27,8.44,6.4829
2019-09-07,4.4652,27.59,87.16,1.15,9.09,6.594
2019-09-08,1.7952,25.71,94.31,2.34,86.55,6.4171
2019-09-09,1.7381,25.9,94.68,2.06,40.59,6.4502
2019-09-10,3.2561,26.18,94.98,1.73,27.52,6.1001
2019-09-11,1.9058,26.32,92.14,2.16,15.88,6.0677
2019-09-12,0.7471,25.36,95.56,2.61,108.51,5.7787
2019-09-13,2.1694,25.36,94.3,2.92,17.66,5.845
2019-09-14,2.7854,25.72,93.19,3.4,9.2,6.1817
2019-09-15,2.4739,25.11,95.4,3.65,8.08,6.0838
2019-09-16,3.2801,25.61,93.79,2.7,9.37,5.9131
2019-09-17,1.5617,25.91,93.59,2.2,21.31,5.921
2019-09-18,3.3185,25.87,91.7,1.83,10.89,5.569
2019-09-19,4.205,24.86,92.46,1.78,7.87,5.797
2019-09-20,3.9614,25.37,90.68,1.98,2.64,6.1416
2019-09-21,3.8083,25.68,89.37,1.23,30.08,6.3218
2019-09-22,5.1386,25.81,89.02,1.25,16.49,6.1973
2019-09-23,4.0714,26.17,84.95,0.89,11.27,6.0638
2019-09-24,4.0879,25.31,88.62,1.37,2.54,5.8651
2019-09-25,3.1361,24.86,92.12,2.1,2.36,5.844
2019-09-26,2.7677,24.71,91.27,2.36,8.87,6.1351
2019-09-27,2.9573,23.92,95.12,2.56,5.48,5.677
2019-09-28,3.3394,24.75,91.57,2.82,14.46,5.9642
2019-09-29,4.0663,23.85,92.16,2.53,8.49,5.9777
2019-09-30,4.6178,23.26,92.15,1.54,1.02,6.0358
2019-10-01,4.0966,24.53,90.83,2.5,8.69,5.9808
2019-10-02,4.4479,24.33,87.87,2.65,10.01,5.8159
2019-10-03,5.4972,24.9,82.94,1.31,1.25,5.8903
2019-10-04,5.3136,23.93,84.63,1.34,0.4,5.8488
2019-10-05,4.4933,24.93,76.53,0.66,0.01,5.6633
2019-10-06,4.6351,25.68,72.35,0.5,2.03,5.7125
2019-10-07,4.5094,25.14,78.79,0.83,0.22,5.5313
2019-10-08,5.5214,24.18,83.36,1.6,0.0,5.7214
2019-10-09,5.5421,24.01,81.38,1.22,0.0,5.754
2019-10-10,5.3671,24.44,77.81,0.91,0.0,5.6914
2019-10-11,5.0071,24.68,75.51,0.89,1.62,5.7466
2019-10-12,5.9167,24.74,67.51,0.69,1.04,5.9398
2019-10-13,5.3854,24.7,59.91,0.92,0.0,5.723
2019-10-14,5.639,25.45,64.14,0.59,0.0,5.7545
2019-10-15,5.4247,24.21,71.31,1.17,0.0,5.6153
2019-10-16,5.3398,22.63,78.12,1.57,0.0,5.4302
2019-10-17,5.2387,22.2,79.59,1.52,0.0,5.3755
2019-10-18,4.9615,22.22,80.68,1.37,0.0,5.0239
2019-10-19,2.1463,22.77,85.87,0.99,2.69,4.6834
2019-10-20,1.6649,22.92,86.2,1.01,0.32,4.2547
2019-10-21,2.7012,22.22,86.44,1.44,0.32,4.027
2019-10-22,3.7318,22.1,80.36,1.26,0.2,5.0878
2019-10-23,1.7184,21.78,74.76,1.28,0.42,5.3004
2019-10-24,5.1782,21.18,74.73,1.56,0.0,5.4413
2019-10-25,3.2062,19.75,83.76,1.99,0.05,5.309
2019-10-26,3.575,20.31,85.53,2.18,0.2,5.2051
2019-10-27,1.992,21.43,86.2,1.45,0.22,5.0033
2019-10-28,4.1474,21.73,87.61,1.46,5.76,5.1799
2019-10-29,3.8611,22.44,83.23,1.1,14.11,5.0227
2019-10-30,4.009,23.06,78.2,1.12,5.54,4.8233
2019-10-31,4.6838,22.8,79.14,1.07,2.76,4.8259
2019-11-01,4.4009,22.62,82.03,1.2,0.0,4.5163
2019-11-02,3.0048,22.79,83.95,1.05,0.13,4.5199
2019-11-03,2.5402,21.97,87.04,0.67,0.19,4.7443
2019-11-04,4.6418,22.7,84.3,1.04,0.0,4.769
2019-11-05,4.2737,22.02,78.87,1.43,0.0,4.7676
2019-11-06,4.3274,21.76,72.95,1.19,0.0,4.6968
2019-11-07,3.0466,22.28,83.76,1.47,3.14,4.4532
2019-11-08,3.5515,23.15,83.96,1.48,0.49,4.5331
2019-11-09,4.4714,21.42,79.4,1.91,0.01,4.5259
2019-11-10,4.6205,20.71,83.15,1.69,0.0,4.6243
2019-11-11,4.6987,21.33,74.74,1.22,0.0,4.7316
2019-11-12,4.1494,21.66,69.81,1.11,0.0,4.4088
2019-11-13,3.8494,20.97,77.45,1.29,0.0,4.3178
2019-11-14,4.5403,20.25,80.91,1.44,0.0,4.5907
2019-11-15,4.517,19.5,77.88,1.34,0.0,4.5895
2019-11-16,4.3075,19.74,71.74,1.15,0.0,4.3123
2019-11-17,4.7191,19.36,71.07,1.58,0.0,4.7234
2019-11-18,4.5226,19.32,70.23,1.19,0.0,4.6238
2019-11-19,4.4357,19.04,70.94,0.85,0.0,4.4868
2019-11-20,4.2857,19.39,73.78,1.25,0.0,4.494
2019-11-21,4.4028,18.99,79.23,1.64,0.0,4.4369
2019-11-22,4.3241,19.5,77.59,1.15,0.0,4.3342
2019-11-23,4.1402,19.67,80.69,1.11,0.0,4.2082
2019-11-24,3.829,19.31,78.19,1.5,0.0,4.1748
2019-11-25,4.1026,18.23,78.28,1.91,0.0,4.3198
2019-11-26,4.1227,18.8,79.91,1.45,0.0,4.1438
2019-11-27,4.0843,19.69,80.43,1.43,0.0,4.0913
2019-11-28,4.2946,19.43,81.82,1.57,0.0,4.3018
2019-11-29,4.0152,19.49,77.77,1.09,0.0,4.0294
2019-11-30,3.857,19.31,77.42,1.12,0.0,3.9746
2019-12-01,3.1598,19.55,80.03,1.29,0.02,3.5395
2019-12-02,3.3682,19.47,82.09,1.48,0.01,3.4133
2019-12-03,4.0582,17.66,80.32,1.95,0.0,4.0978
2019-12-04,4.3032,16.04,68.09,1.8,0.0,4.3949
2019-12-05,4.2367,14.74,69.01,2.03,0.0,4.5223
2019-12-06,3.9434,14.44,76.54,2.02,0.0,4.2362
2019-12-07,3.781,15.85,79.23,1.67,0.0,3.9982
2019-12-08,3.7778,16.15,83.54,1.7,0.0,3.779
2019-12-09,3.8066,16.8,82.34,1.47,0.0,3.8429
2019-12-10,3.7603,16.69,82.39,1.31,0.0,3.7704
2019-12-11,3.6938,17.98,77.92,1.15,0.12,3.7788
2019-12-12,2.5798,18.28,85.25,2.6,9.25,3.3442
2019-12-13,3.6242,18.32,81.78,2.18,2.63,3.9845
2019-12-14,3.4478,18.42,81.08,1.22,0.11,3.8777
2019-12-15,2.021,16.73,87.44,1.91,0.43,3.7966
2019-12-16,2.7929,14.73,82.41,2.09,0.04,3.6722
2019-12-17,3.1625,12.48,78.59,1.79,0.05,4.1633
2019-12-18,3.6396,12.89,81.01,1.55,0.0,4.0898
2019-12-19,4.1407,14.29,80.68,1.38,0.0,4.1465
2019-12-20,4.1866,15.16,78.99,1.18,0.0,4.2406
2019-12-21,3.9103,16.22,76.35,1.32,0.0,4.0711
2019-12-22,3.8748,15.66,77.96,1.77,0.0,3.907
2019-12-23,3.5237,15.64,76.7,1.76,0.03,3.6427
2019-12-24,2.2368,16.85,87.49,1.08,1.6,2.9441
2019-12-25,1.8264,16.23,89.42,1.42,1.02,3.1054
2019-12-26,4.2118,13.93,76.74,2.0,0.0,4.2218
2019-12-27,4.5482,10.57,62.93,1.91,0.0,4.6034
2019-12-28,4.7182,9.85,65.94,2.05,0.0,4.7474
2019-12-29,4.1429,10.29,68.19,1.74,0.0,4.6121
2019-12-30,4.199,11.0,65.8,2.23,0.0,4.3171
2019-12-31,2.0294,11.34,78.41,2.27,0.52,3.1994
2020-01-01,2.0076,13.45,89.55,2.81,2.42,2.899
2020-01-02,1.6097,15.52,88.14,1.77,2.86,3.5988
2020-01-03,2.346,14.81,81.61,1.67,0.07,3.5882
2020-01-04,2.5894,13.25,78.87,1.83,0.0,4.0846
2020-01-05,3.9965,12.77,75.1,1.89,0.0,4.2828
2020-01-06,4.542,13.83,69.29,1.97,0.0,4.5499
2020-01-07,3.8693,15.82,72.33,1.84,0.0,4.327
2020-01-08,3.1099,17.05,79.63,2.79,0.42,3.6929
2020-01-09,4.2895,12.08,69.59,2.37,0.05,4.3507
2020-01-10,4.8017,9.61,68.56,1.68,0.0,4.8622
2020-01-11,4.861,10.74,65.4,1.38,0.0,4.8804
2020-01-12,4.6469,14.33,53.11,1.02,0.0,4.6997
2020-01-13,4.3853,16.69,63.15,2.05,0.0,4.3978
2020-01-14,2.5157,17.78,84.68,1.35,0.56,3.517
2020-01-15,2.526,17.89,76.37,1.69,0.81,3.535
2020-01-16,1.2079,15.81,76.85,2.42,0.7,3.5227
2020-01-17,3.6338,13.19,75.76,1.57,0.02,4.3838
2020-01-18,3.259,13.77,73.74,1.54,0.0,4.4683
2020-01-19,3.9847,12.55,72.32,1.9,0.0,4.691
2020-01-20,4.7256,12.86,64.2,1.4,0.0,4.86
2020-01-21,3.5978,17.07,69.77,1.74,0.28,4.0975
2020-01-22,2.7406,18.11,82.36,1.58,1.52,3.714
2020-01-23,4.7218,14.98,68.34,2.1,0.0,4.741
2020-01-24,4.7604,13.97,58.19,1.55,0.0,4.9658
2020-01-25,5.0194,15.02,54.42,1.45,0.0,5.0424
2020-01-26,4.9042,16.25,55.77,1.32,0.0,5.0206
2020-01-27,3.6072,18.56,60.11,2.21,0.0,4.7765
2020-01-28,4.4594,17.54,64.81,2.65,0.0,4.8134
2020-01-29,4.716,15.09,59.47,2.25,0.0,5.1425
2020-01-30,4.9954,13.51,63.22,1.85,0.0,5.0621
2020-01-31,4.9838,14.03,55.25,1.4,0.0,5.1182
2020-02-01,5.2519,13.89,58.92,1.97,0.0,5.2534
2020-02-02,5.2555,13.63,56.61,1.75,0.0,5.2579
2020-02-03,4.5218,15.21,61.46,1.72,0.01,4.7069
2020-02-04,4.464,16.89,73.47,2.16,0.05,4.5209
2020-02-05,5.0796,16.61,65.09,1.86,0.0,5.0998
2020-02-06,4.5588,16.87,59.54,1.43,0.0,4.8091
2020-02-07,4.7105,16.16,68.74,2.04,0.0,4.7371
2020-02-08,5.1156,14.29,59.68,2.95,0.0,5.172
2020-02-09,5.6695,12.99,55.59,2.29,0.0,5.6714
2020-02-10,5.383,14.51,53.87,1.53,0.0,5.3875
2020-02-11,5.2159,16.38,54.03,1.73,0.0,5.2294
2020-02-12,5.4175,17.99,55.44,1.39,0.0,5.419
2020-02-13,5.436,20.03,45.79,1.38,0.0,5.4372
2020-02-14,5.525,19.08,50.11,2.12,0.0,5.5303
2020-02-15,5.4372,19.0,48.56,1.68,0.0,5.7115
2020-02-16,6.0437,18.8,36.97,1.54,0.0,6.0586
2020-02-17,5.7785,18.72,39.16,1.55,0.0,5.8428
2020-02-18,6.0089,20.2,34.77,1.36,0.0,6.0096
2020-02-19,5.375,20.97,37.18,1.56,0.0,5.7722
2020-02-20,5.3014,21.36,45.75,2.21,0.0,5.323
2020-02-21,5.4713,21.06,50.07,2.57,0.0,5.5759
2020-02-22,5.4665,19.67,42.09,2.13,0.0,5.4694
2020-02-23,5.0419,19.83,49.02,2.37,0.0,5.2289
2020-02-24,5.1398,19.0,53.14,1.85,0.0,5.2106
2020-02-25,5.4382,19.3,49.71,1.76,0.0,5.503
2020-02-26,5.6227,20.58,43.36,1.52,0.0,5.7214
2020-02-27,5.5807,21.73,44.14,1.32,0.0,5.7137
2020-02-28,5.2546,22.57,41.51,1.55,0.0,5.779
2020-02-29,4.1318,23.39,42.61,2.4,0.33,5.6419
2020-03-01,4.8094,24.01,44.07,2.55,1.33,5.4437
2020-03-02,5.334,24.23,41.45,1.75,0.93,5.5692
2020-03-03,5.7766,23.34,37.57,1.88,0.01,5.8392
2020-03-04,5.6354,22.62,43.66,1.55,0.02,5.8474
2020-03-05,5.9635,22.11,34.98,2.49,0.0,6.1519
2020-03-06,5.4413,21.9,38.85,3.67,0.08,6.1286
2020-03-07,6.4488,21.09,39.55,2.35,0.0,6.4656
2020-03-08,6.5726,20.76,34.05,1.85,0.0,6.589
2020-03-09,5.8586,22.41,37.11,1.74,0.0,6.2117
2020-03-10,4.5552,24.04,43.9,2.92,0.67,5.7799
2020-03-11,6.5016,23.66,40.09,2.99,0.08,6.5249
2020-03-12,6.5863,22.72,39.17,2.98,0.0,6.6955
2020-03-13,5.2654,20.93,28.98,1.99,0.02,6.5141
2020-03-14,6.5652,20.62,25.25,2.21,0.03,6.726
2020-03-15,5.9093,20.16,27.56,2.11,0.0,6.8074
2020-03-16,6.2717,21.75,30.25,1.79,0.0,6.5921
2020-03-17,6.7099,23.87,30.67,2.19,0.0,6.719
2020-03-18,6.3312,24.86,32.8,1.55,0.0,6.4224
2020-03-19,5.9352,25.82,36.82,1.97,0.35,6.2815
2020-03-20,4.3274,25.86,36.56,2.6,0.04,6.313
2020-03-21,6.7133,25.47,25.63,1.62,0.0,6.8544
2020-03-22,5.867,26.62,24.81,0.89,0.0,6.6161
2020-03-23,6.1205,28.0,25.42,1.19,0.0,6.426
2020-03-24,5.9177,28.55,29.25,1.32,0.0,6.4963
2020-03-25,4.9162,28.59,37.5,1.98,4.2,6.3247
2020-03-26,4.825,26.54,54.19,1.73,2.17,6.258
2020-03-27,2.8126,25.48,61.26,2.42,5.42,5.665
2020-03-28,6.6653,26.0,59.68,1.02,0.02,6.7843
2020-03-29,6.8758,26.4,48.41,1.73,0.0,6.9408
2020-03-30,7.1299,26.92,38.01,2.13,0.0,7.1474
2020-03-31,6.7272,27.79,37.35,2.63,0.03,6.9674
2020-04-01,7.051,27.72,27.34,2.99,0.0,7.201
2020-04-02,7.4417,26.73,26.8,2.59,0.0,7.4458
2020-04-03,7.3968,27.17,23.84,2.31,0.0,7.3997
2020-04-04,7.241,27.57,20.22,1.87,0.0,7.272
2020-04-05,7.1803,28.85,18.97,1.63,0.0,7.2648
2020-04-06,6.6962,29.72,20.03,1.76,0.0,7.135
2020-04-07,7.1302,29.43,21.0,1.72,0.0,7.3445
2020-04-08,7.4126,29.61,20.34,3.0,0.0,7.4604
2020-04-09,7.2672,29.21,21.81,1.87,0.0,7.3212
2020-04-10,6.8669,30.68,19.49,1.22,0.0,7.2833
2020-04-11,6.8239,31.27,19.0,1.67,0.0,7.1482
2020-04-12,7.3078,31.5,19.8,2.11,0.0,7.4117
2020-04-13,7.3517,31.97,20.47,1.98,0.0,7.608
2020-04-14,6.4759,33.59,18.6,1.45,0.0,7.169
2020-04-15,6.396,33.38,19.3,1.95,0.0,7.0668
2020-04-16,7.3877,33.3,20.01,2.39,0.0,7.5384
2020-04-17,6.48,33.0,20.18,3.92,0.0,7.1052
2020-04-18,5.4864,32.52,25.25,2.59,0.48,6.9257
2020-04-19,6.283,32.6,23.3,3.37,0.05,7.1153
2020-04-20,6.1092,31.41,25.83,2.82,0.0,7.2965
2020-04-21,6.798,29.92,30.93,2.24,0.0,7.5929
2020-04-22,6.9931,32.01,22.26,2.25,0.0,7.5977
2020-04-23,6.2513,32.69,24.17,2.96,0.0,7.2986
2020-04-24,6.2774,33.15,26.75,2.64,0.11,7.5269
2020-04-25,7.3121,32.69,24.68,3.0,0.0,7.7102
2020-04-26,7.061,32.13,23.58,2.17,0.01,7.5137
2020-04-27,6.5126,32.3,27.02,2.36,0.3,7.4508
2020-04-28,6.829,32.18,27.48,2.4,0.08,7.5504
2020-04-29,6.5664,32.32,28.83,2.19,0.44,7.3608
2020-04-30,6.3427,33.15,26.6,1.96,0.34,7.4683
2020-05-01,7.1028,34.29,21.5,2.28,0.1,7.6174
2020-05-02,7.8547,34.06,19.49,2.4,0.0,7.8857
2020-05-03,7.8458,33.65,20.67,2.7,0.0,7.9022
2020-05-04,7.1218,34.71,24.17,2.79,0.18,7.6589
2020-05-05,7.5295,33.35,29.43,3.2,0.22,7.7155
2020-05-06,6.6598,33.7,25.25,2.22,0.0,7.7203
2020-05-07,7.3886,34.1,22.25,2.39,0.89,7.8996
2020-05-08,7.6714,34.06,19.01,1.98,0.0,7.9195
2020-05-09,6.7265,35.15,19.33,2.48,0.0,7.8761
2020-05-10,6.8482,35.52,20.08,2.54,0.21,7.812
2020-05-11,6.6943,34.74,24.41,2.26,2.43,7.8586
2020-05-12,6.9852,34.12,30.26,2.5,2.21,7.6774
2020-05-13,6.3794,34.8,28.73,1.81,0.03,7.5031
2020-05-14,6.683,34.98,29.8,2.04,1.75,7.6334
2020-05-15,6.2899,35.59,24.96,2.08,0.01,7.5475
2020-05-16,6.4428,35.42,24.51,2.25,0.24,7.7858
2020-05-17,6.9024,35.48,23.73,1.81,0.95,7.7448
2020-05-18,6.8906,34.64,21.68,3.55,0.04,7.8434
2020-05-19,7.783,34.25,18.33,3.21,0.01,8.0611
2020-05-20,8.4502,34.24,10.81,4.84,0.0,8.5207
2020-05-21,8.1869,33.98,13.49,3.93,0.0,8.3189
2020-05-22,8.0878,35.11,17.47,4.8,0.0,8.1055
2020-05-23,7.8552,36.32,19.29,4.7,0.0,7.9982
2020-05-24,7.9394,36.51,17.74,4.23,0.0,7.9963
2020-05-25,7.8953,36.61,19.38,3.82,0.0,7.9594
2020-05-26,7.9562,36.67,16.51,4.26,0.0,8.141
2020-05-27,7.7573,36.58,22.67,4.96,0.0,8.0052
2020-05-28,7.6373,36.01,28.65,4.45,0.0,7.7412
2020-05-29,6.9389,35.87,30.78,3.64,0.01,7.3416
2020-05-30,6.81,35.28,32.01,3.49,0.01,7.2703
2020-05-31,6.541,34.55,27.76,2.85,0.0,7.3397
2020-06-01,5.3578,33.67,31.03,1.6,0.02,7.2394
2020-06-02,3.3758,31.05,40.55,1.9,0.76,7.3968
2020-06-03,3.4874,30.6,41.77,3.89,8.76,7.0596
2020-06-04,1.542,23.41,84.08,5.39,47.77,7.5694
2020-06-05,6.3382,25.87,70.38,2.51,9.62,7.4107
2020-06-06,6.1786,27.19,71.65,2.69,3.66,7.4208
2020-06-07,6.3564,28.41,64.71,2.51,1.57,7.4971
2020-06-08,6.5928,29.09,61.87,2.43,0.01,7.4412
2020-06-09,6.9502,30.56,56.61,3.03,0.83,7.519
2020-06-10,6.5141,31.65,58.22,3.31,2.56,7.3397
2020-06-11,5.8747,31.51,63.28,3.45,3.44,7.0555
2020-06-12,5.7883,31.96,58.86,2.59,0.04,6.7685
2020-06-13,5.3143,29.69,67.43,2.24,5.92,6.8827
2020-06-14,4.1321,30.37,66.64,1.59,1.33,6.8664
2020-06-15,5.3882,30.31,67.97,2.32,10.01,7.1926
2020-06-16,5.5694,31.45,61.64,2.81,2.31,6.9854
2020-06-17,5.7019,30.24,69.14,4.72,23.88,7.0574
2020-06-18,6.4675,29.34,72.09,4.24,22.52,7.0678
2020-06-19,5.8265,29.23,74.37,3.99,17.55,7.0152
2020-06-20,3.5549,28.03,74.24,4.89,9.81,7.093
2020-06-21,6.6823,29.42,71.38,4.24,12.57,7.4256
2020-06-22,6.2489,29.33,71.9,3.36,10.06,7.1405
2020-06-23,2.8042,28.3,76.19,3.34,7.91,6.9859
2020-06-24,4.1834,26.83,85.24,2.88,27.12,6.9946
2020-06-25,4.7225,27.42,82.65,1.8,2.74,6.8287
2020-06-26,4.079,27.28,83.79,3.49,6.64,6.803
2020-06-27,4.3003,27.09,81.61,3.15,3.96,6.757
2020-06-28,5.6566,28.57,76.93,3.41,3.19,6.8842
2020-06-29,5.4456,28.54,76.35,2.83,1.37,6.6281
2020-06-30,6.6281,28.8,76.58,2.05,3.82,6.9084
2020-07-01,6.3737,28.52,78.49,2.76,3.1,7.205
2020-07-02,4.9018,27.77,82.32,3.44,7.86,6.5662
2020-07-03,4.2888,27.4,84.25,2.47,5.03,6.5009
2020-07-04,5.6352,28.14,83.52,1.78,2.07,6.5002
2020-07-05,2.819,27.12,84.32,1.85,12.56,6.3372
2020-07-06,4.5516,26.94,81.63,2.27,14.43,7.2223
2020-07-07,5.2373,26.77,82.64,2.88,2.92,7.4256
2020-07-08,5.4401,28.03,78.08,2.75,0.09,7.3896
2020-07-09,6.0276,28.16,76.39,3.75,0.17,7.2722
2020-07-10,5.873,26.35,85.15,3.76,4.05,7.3334
2020-07-11,4.4782,27.61,79.06,4.14,0.69,7.1858
2020-07-12,4.3733,27.54,79.04,3.54,4.03,7.2905
2020-07-13,5.5428,27.94,80.11,3.36,4.57,7.3649
2020-07-14,3.9744,26.83,83.87,1.7,0.48,7.195
2020-07-15,4.5367,27.6,81.67,1.68,7.97,6.6622
2020-07-16,4.5977,28.05,77.99,1.33,1.72,7.003
2020-07-17,6.2923,28.57,76.55,2.41,1.13,7.2252
2020-07-18,6.9581,28.63,75.93,2.09,0.15,7.3786
2020-07-19,5.7499,28.33,77.11,3.28,0.17,6.9324
2020-07-20,4.5048,27.99,80.08,3.74,8.66,6.8201
2020-07-21,6.192,27.68,77.74,3.34,0.75,7.1114
2020-07-22,6.9667,28.06,76.63,3.17,0.42,7.2096
2020-07-23,5.4302,28.03,77.59,2.75,6.81,6.9588
2020-07-24,6.6,27.07,81.96,2.25,10.0,7.277
2020-07-25,5.813,27.08,78.04,2.01,3.26,7.1448
2020-07-26,6.294,27.41,77.61,1.78,3.3,7.1326
2020-07-27,6.6173,28.14,77.76,2.37,1.09,7.1234
2020-07-28,4.8703,27.55,81.0,2.26,1.9,6.5496
2020-07-29,1.855,27.45,83.07,1.25,6.09,6.5746
2020-07-30,6.319,27.59,82.36,1.95,3.13,7.075
2020-07-31,6.5424,28.27,78.32,2.0,0.3,7.2216
2020-08-01,5.5274,27.67,83.65,1.79,0.48,7.0843
2020-08-02,4.8936,28.06,78.29,1.94,2.87,7.0877
2020-08-03,4.2372,27.67,79.81,2.23,6.73,6.9031
2020-08-04,3.7711,27.34,80.49,2.3,6.35,6.7721
2020-08-05,3.2009,26.94,87.0,1.32,33.44,6.3485
2020-08-06,4.2286,26.79,86.66,1.56,14.99,7.147
2020-08-07,4.559,26.84,84.47,2.65,5.02,7.1904
2020-08-08,2.5754,27.13,82.7,3.82,9.7,7.0956
2020-08-09,2.7214,26.45,87.59,2.93,3.75,7.1345
2020-08-10,2.4466,27.29,85.29,2.93,2.74,6.8426
2020-08-11,1.8278,27.04,86.6,2.16,14.04,6.4963
2020-08-12,2.5022,25.66,90.95,2.94,10.15,6.5213
2020-08-13,2.0645,27.08,86.69,2.51,14.02,6.4003
2020-08-14,2.6794,26.7,84.97,2.69,4.59,6.6355
2020-08-15,3.312,26.61,83.17,3.34,1.62,6.5602
2020-08-16,3.2794,26.87,86.66,2.34,8.92,6.617
2020-08-17,2.6393,26.33,89.37,2.81,12.86,6.9223
2020-08-18,1.5672,25.49,91.92,3.16,16.6,6.9096
2020-08-19,2.2579,26.54,88.15,3.26,20.6,6.847
2020-08-20,3.8818,26.01,92.81,2.09,24.02,6.7807
2020-08-21,2.3405,26.34,88.18,2.08,70.02,6.8676
2020-08-22,2.023,26.61,89.53,2.34,63.12,6.9233
2020-08-23,3.1123,25.11,91.61,4.96,9.84,6.9886
2020-08-24,3.7886,25.71,87.54,4.26,0.55,7.0061
2020-08-25,4.9118,25.98,85.82,3.65,0.18,6.9622
2020-08-26,4.2262,25.95,84.4,3.06,0.36,6.6816
2020-08-27,2.8723,25.12,91.11,3.48,43.29,6.6986
2020-08-28,3.2472,24.81,93.92,3.7,74.8,6.7313
2020-08-29,1.7993,24.85,93.68,3.93,102.15,6.7229
2020-08-30,4.5857,25.18,89.04,3.59,15.8,6.8789
2020-08-31,5.2027,25.47,88.33,3.34,0.09,6.7651
2020-09-01,5.213,25.43,84.96,2.34,0.0,6.5698
2020-09-02,4.907,25.9,84.01,1.17,2.81,6.3886
2020-09-03,4.7086,25.65,86.89,2.75,4.89,6.2402
2020-09-04,6.3715,25.59,84.79,1.93,0.87,6.5954
2020-09-05,6.0264,26.17,83.91,1.86,0.21,6.407
2020-09-06,5.8032,26.06,83.29,1.72,1.41,6.3677
2020-09-07,5.6928,26.36,85.85,2.05,2.56,6.3682
2020-09-08,5.5224,27.11,87.14,2.03,0.0,6.3096
2020-09-09,5.2159,26.72,87.23,0.96,4.07,6.2131
2020-09-10,5.2322,26.23,87.81,1.38,14.71,6.1783
2020-09-11,5.6849,26.38,86.56,1.2,3.02,6.179
2020-09-12,5.1989,26.91,83.56,0.85,0.43,5.8711
2020-09-13,5.4305,27.15,82.88,0.94,0.31,5.8457
2020-09-14,4.7328,27.72,79.65,0.71,1.7,5.8154
2020-09-15,4.3538,27.66,79.19,1.17,9.13,5.718
2020-09-16,4.9193,27.69,81.75,1.32,0.98,5.6261
2020-09-17,5.2183,27.68,82.75,1.64,0.29,5.6261
2020-09-18,5.1242,27.44,85.06,2.39,0.41,5.9405
2020-09-19,3.535,25.67,86.08,2.02,2.2,5.9258
2020-09-20,4.9874,26.1,87.15,2.31,17.19,5.6198
2020-09-21,4.2778,25.84,84.52,1.72,1.57,5.28
2020-09-22,4.615,26.02,88.29,1.81,27.82,6.0055
2020-09-23,1.824,26.29,87.77,0.93,28.54,5.9174
2020-09-24,3.8083,26.28,88.18,2.24,2.4,5.8301
2020-09-25,5.1182,26.66,83.85,2.12,0.51,6.227
2020-09-26,3.8215,25.7,85.53,2.13,5.09,5.5908
2020-09-27,4.771,24.6,84.5,2.15,1.83,5.6318
2020-09-28,5.3023,24.63,83.44,1.83,2.04,6.0005
2020-09-29,4.7561,25.35,80.81,1.79,0.71,5.8166
2020-09-30,5.3484,25.43,80.68,1.78,0.02,5.9539
2020-10-01,6.2162,25.07,76.07,2.04,0.0,6.2611
2020-10-02,6.2914,24.62,77.08,2.31,0.0,6.3026
2020-10-03,6.3362,24.27,72.24,2.22,0.0,6.3384
2020-10-04,5.8524,23.8,69.85,1.79,0.0,6.204
2020-10-05,6.0014,24.49,68.26,1.63,0.0,6.2431
2020-10-06,6.2532,24.22,52.97,1.36,0.0,6.2698
2020-10-07,5.9148,22.91,63.73,1.14,0.0,6.187
2020-10-08,5.579,24.41,66.25,1.27,0.0,5.9669
2020-10-09,5.4773,24.39,72.89,1.25,0.0,5.538
2020-10-10,5.4444,25.26,71.2,1.26,0.0,5.4922
2020-10-11,5.1377,25.09,69.74,1.16,0.0,5.4758
2020-10-12,5.311,25.7,61.05,1.12,0.0,5.3736
2020-10-13,3.9586,25.03,88.58,1.54,0.23,4.8158
2020-10-14,4.9282,25.96,86.19,1.98,0.17,5.37
2020-10-15,4.9466,25.94,83.06,2.73,0.01,5.6254
2020-10-16,3.8208,26.0,85.42,2.09,0.01,5.2594
2020-10-17,4.5182,26.22,84.19,1.85,0.03,5.0712
2020-10-18,4.7376,26.55,81.19,1.22,0.77,5.1317
2020-10-19,3.8359,26.49,79.87,1.0,4.79,4.7213
2020-10-20,4.2828,25.41,83.85,0.74,2.69,4.5449
2020-10-21,4.4273,25.09,72.54,1.03,0.0,4.8005
2020-10-22,4.8158,25.11,64.78,0.71,0.0,4.9284
2020-10-23,4.8725,25.07,71.29,1.3,0.0,4.9906
2020-10-24,5.1468,24.06,73.8,1.41,0.0,5.2704
2020-10-25,5.4574,23.33,70.11,1.15,0.0,5.5522
2020-10-26,5.4619,22.74,66.59,1.45,0.0,5.4802
2020-10-27,5.1787,21.69,63.24,1.31,0.0,5.2066
2020-10-28,4.9771,21.49,57.88,1.04,0.0,4.9961
2020-10-29,4.8516,21.74,55.9,0.97,0.0,4.9111
2020-10-30,4.729,21.64,60.95,0.97,0.0,4.8019
2020-10-31,4.769,21.73,60.79,1.04,0.0,4.7861
2020-11-01,4.3882,22.01,55.84,0.75,0.0,4.403
2020-11-02,4.7309,22.16,41.8,0.83,0.0,4.7604
2020-11-03,5.1593,21.64,41.83,1.04,0.0,5.1636
2020-11-04,5.0743,19.74,58.68,1.39,0.0,5.105
2020-11-05,5.0995,20.56,51.16,0.86,0.0,5.1067
2020-11-06,4.8509,20.66,48.93,1.13,0.0,4.865
2020-11-07,4.6313,19.71,53.61,1.2,0.0,4.6339
2020-11-08,4.3579,19.46,53.62,1.36,0.0,4.3591
2020-11-09,4.2569,19.88,48.66,0.91,0.0,4.2588
2020-11-10,3.936,18.49,52.98,1.18,0.0,3.9497
2020-11-11,4.2156,17.36,64.7,1.69,0.0,4.2396
2020-11-12,4.4882,19.65,76.69,1.74,0.57,4.6706
2020-11-13,4.152,22.25,77.34,1.31,0.01,4.351
2020-11-14,4.1062,22.59,74.93,1.49,0.0,4.4122
2020-11-15,4.2754,22.96,71.91,2.06,1.73,4.5902
2020-11-16,4.4254,22.56,77.23,1.53,6.14,4.5202
2020-11-17,3.9055,22.16,76.88,1.36,0.4,4.1434
2020-11-18,3.805,22.75,78.76,1.71,0.87,4.1976
2020-11-19,3.7078,22.31,74.54,1.84,0.83,4.1376
2020-11-20,4.1539,19.06,71.53,1.94,0.0,4.1693
2020-11-21,4.519,16.92,58.25,1.61,0.0,4.5202
2020-11-22,4.5377,16.24,53.54,1.42,0.0,4.6505
2020-11-23,4.6879,16.56,55.69,1.32,0.0,4.6925
2020-11-24,4.6613,18.04,55.71,1.3,0.0,4.6632
2020-11-25,4.4534,18.05,58.26,1.69,0.0,4.4748
2020-11-26,4.2084,18.19,59.44,2.12,0.0,4.2317
2020-11-27,4.1328,16.64,59.13,2.84,0.0,4.1453
2020-11-28,4.5134,17.78,64.74,1.8,0.0,4.5163
2020-11-29,4.6435,18.25,63.45,1.49,0.0,4.645
2020-11-30,4.5026,18.74,62.05,1.51,0.0,4.5209
2020-12-01,4.5406,18.2,59.84,1.41,0.0,4.6008
2020-12-02,4.5778,19.4,51.49,1.29,0.0,4.6272
2020-12-03,4.733,20.25,46.25,1.12,0.0,4.7386
2020-12-04,4.7484,20.38,43.45,1.16,0.0,4.7491
2020-12-05,4.711,20.27,46.1,1.17,0.0,4.715
2020-12-06,4.3625,20.95,45.79,0.89,0.0,4.4669
2020-12-07,4.5658,20.16,51.51,1.16,0.0,4.5667
2020-12-08,4.519,19.76,53.01,1.26,0.0,4.5192
2020-12-09,4.4726,20.05,51.03,1.1,0.0,4.5012
2020-12-10,4.1573,20.0,54.99,1.28,0.0,4.3116
2020-12-11,1.0855,18.98,66.86,1.4,2.89,3.8558
2020-12-12,2.2066,18.9,75.33,1.54,1.05,3.6101
2020-12-13,1.5449,17.87,83.98,1.25,1.41,3.449
2020-12-14,1.0574,18.03,85.14,2.0,2.19,3.0408
2020-12-15,1.6114,18.88,85.1,1.71,3.03,2.5966
2020-12-16,1.967,17.69,83.09,2.06,1.07,3.0298
2020-12-17,3.8146,15.66,71.86,1.71,0.01,3.8333
2020-12-18,4.4294,14.32,56.89,1.41,0.0,4.4357
2020-12-19,4.7664,13.82,45.58,1.69,0.0,4.7832
2020-12-20,4.6291,15.22,45.99,1.46,0.0,4.716
2020-12-21,4.6747,16.61,45.27,1.35,0.0,4.7153
2020-12-22,4.6944,16.36,50.04,1.29,0.0,4.7009
2020-12-23,4.2084,16.21,50.06,1.34,0.0,4.3836
2020-12-24,4.3332,16.04,54.04,1.36,0.0,4.4045
2020-12-25,4.0843,15.35,56.38,1.65,0.0,4.2646
2020-12-26,4.1868,15.81,52.63,1.36,0.0,4.2816
2020-12-27,4.0594,17.15,57.66,2.03,0.0,4.068
2020-12-28,4.375,14.33,47.3,2.17,0.0,4.4035
2020-12-29,4.133,13.09,47.2,1.98,0.0,4.1371
2020-12-30,2.4694,13.33,49.85,2.29,0.0,2.989
2020-12-31,3.0226,15.0,60.0,1.82,0.0,3.0583
2021-01-01,3.2083,16.56,65.82,2.11,0.01,3.21
2021-01-02,2.9914,18.66,62.58,1.94,0.0,3.355
2021-01-03,2.658,19.91,65.93,1.93,0.0,3.545
2021-01-04,1.7225,19.74,67.19,2.03,1.85,3.8309
2021-01-05,2.993,19.64,62.56,2.18,0.03,3.7109
2021-01-06,3.7886,20.13,63.14,1.51,0.0,3.811
2021-01-07,3.4846,19.91,66.63,1.41,0.0,3.8002
2021-01-08,3.1279,21.06,61.94,2.18,0.13,3.396
2021-01-09,0.8237,19.7,79.39,1.65,1.41,2.8157
2021-01-10,2.0213,20.6,74.15,1.45,0.11,3.5575
2021-01-11,2.4149,19.96,72.28,1.74,0.0,3.5755
2021-01-12,4.3058,18.43,60.49,1.63,0.0,4.3882
2021-01-13,4.8487,16.31,43.06,1.44,0.0,4.9118
2021-01-14,5.011,15.71,34.65,1.73,0.0,5.0222
2021-01-15,4.9495,16.72,28.58,1.55,0.0,4.968
2021-01-16,4.6106,18.84,29.84,1.36,0.0,4.6123
2021-01-17,3.6535,20.56,35.85,1.52,0.0,3.978
2021-01-18,3.1058,21.42,45.83,2.13,0.0,3.5189
2021-01-19,4.0462,20.9,49.34,2.36,0.0,4.0711
2021-01-20,4.5538,18.8,43.29,1.48,0.0,4.5682
2021-01-21,4.9769,19.43,28.96,1.18,0.0,4.9877
2021-01-22,5.1583,19.25,27.05,1.34,0.0,5.1734
2021-01-23,4.9284,20.23,28.56,1.79,0.0,4.9373
2021-01-24,4.8809,18.61,37.5,2.11,0.0,4.8893
2021-01-25,4.7047,16.17,39.37,1.7,0.0,4.7659
2021-01-26,4.794,16.05,38.79,1.77,0.0,4.8413
2021-01-27,4.661,16.14,33.15,1.79,0.0,4.7844
2021-01-28,4.2233,16.85,32.43,1.97,0.0,4.2418
2021-01-29,4.8581,15.82,27.97,1.92,0.0,4.8919
2021-01-30,5.4569,15.95,22.49,1.51,0.0,5.4878
2021-01-31,5.5474,16.62,18.95,1.28,0.0,5.5634
2021-02-01,5.5205,17.94,20.02,1.43,0.0,5.526
2021-02-02,5.3813,19.59,22.16,1.33,0.0,5.4067
2021-02-03,5.2114,20.0,24.49,2.07,0.0,5.3311
2021-02-04,4.5605,20.13,26.18,2.46,0.0,4.758
2021-02-05,4.2542,20.02,37.03,1.84,0.01,4.6234
2021-02-06,5.2253,17.84,40.31,2.26,0.0,5.2704
2021-02-07,5.7086,17.23,28.01,1.42,0.0,5.731
2021-02-08,5.6635,18.83,23.04,1.18,0.0,5.6798
2021-02-09,5.4329,22.22,17.56,0.76,0.0,5.6873
2021-02-10,5.4638,21.79,19.24,1.69,0.0,5.5951
2021-02-11,5.1593,21.89,20.78,1.17,0.0,5.6249
2021-02-12,5.4792,21.37,21.17,1.43,0.0,5.5054
2021-02-13,5.3556,22.09,23.22,1.39,0.0,5.4077
2021-02-14,4.8797,23.22,25.56,1.39,0.0,4.9094
2021-02-15,4.758,24.29,29.11,1.12,0.01,4.7947
2021-02-16,3.9648,23.48,34.97,1.64,0.91,4.5214
2021-02-17,4.9416,22.8,34.54,1.09,0.25,5.1276
2021-02-18,5.1679,22.2,39.76,1.43,0.06,5.4144
2021-02-19,5.5366,21.36,38.11,2.03,0.01,5.549
2021-02-20,5.771,20.42,30.36,1.93,0.01,5.7818
2021-02-21,5.8363,21.52,24.53,1.43,0.0,5.8596
2021-02-22,5.9602,23.6,19.88,1.04,0.0,5.9779
2021-02-23,5.9798,24.94,19.31,1.32,0.0,6.0166
2021-02-24,6.0305,25.21,18.1,1.25,0.0,6.0598
2021-02-25,5.9866,24.4,25.51,2.32,0.0,6.0439
2021-02-26,6.2964,25.33,21.48,2.45,0.0,6.3341
2021-02-27,6.15,26.05,28.51,2.28,0.0,6.2318
2021-02-28,6.2042,26.47,29.31,2.72,0.0,6.2573
2021-03-01,6.3458,26.07,24.35,2.44,0.0,6.3706
2021-03-02,6.4589,23.97,20.15,1.58,0.0,6.4985
2021-03-03,6.5282,24.67,14.82,1.18,0.0,6.5671
2021-03-04,6.6396,25.08,13.74,2.17,0.0,6.647
2021-03-05,6.6281,24.83,15.94,2.9,0.0,6.6312
2021-03-06,6.5069,26.98,11.9,1.83,0.0,6.5494
2021-03-07,6.2786,26.43,19.45,2.27,0.0,6.3521
2021-03-08,6.576,26.63,22.1,2.17,0.0,6.5832
2021-03-09,6.5414,27.18,23.02,1.78,0.0,6.5522
2021-03-10,6.1901,27.79,22.59,1.96,0.0,6.3677
2021-03-11,4.8542,28.56,22.08,1.35,0.02,5.9573
2021-03-12,3.222,26.79,35.4,2.79,14.44,5.472
2021-03-13,6.3624,24.44,51.25,1.91,2.17,6.4272
2021-03-14,6.331,25.08,45.66,1.6,0.0,6.4584
2021-03-15,5.7998,26.18,44.78,1.61,0.0,6.0461
2021-03-16,5.2656,26.91,42.72,1.64,0.36,5.707
2021-03-17,5.479,27.32,39.36,1.86,0.0,5.7043
2021-03-18,4.757,28.45,42.41,1.48,5.65,5.1828
2021-03-19,4.1028,26.33,47.0,1.72,1.0,5.4041
2021-03-20,5.7895,25.71,47.6,1.77,4.71,6.107
2021-03-21,6.2414,26.4,46.47,2.14,0.24,6.3286
2021-03-22,5.2728,26.45,48.04,3.09,0.0,6.0876
2021-03-23,5.6158,26.14,46.28,2.03,0.34,6.1474
2021-03-24,6.2424,27.44,40.43,2.62,1.42,6.3907
2021-03-25,7.0068,25.53,32.22,1.95,0.08,7.0188
2021-03-26,6.9458,26.41,21.51,1.53,0.0,7.0783
2021-03-27,7.266,29.08,20.37,1.09,0.0,7.2674
2021-03-28,7.0788,29.95,20.92,1.87,0.0,7.1124
2021-03-29,7.195,30.19,18.49,2.17,0.0,7.2274
2021-03-30,7.1018,30.44,16.22,4.47,0.0,7.2031
2021-03-31,6.959,29.55,20.35,3.42,0.0,7.1378
2021-04-01,7.7345,28.56,12.35,2.21,0.0,7.7503
2021-04-02,7.68,29.65,10.62,1.78,0.0,7.693
2021-04-03,7.3342,29.19,13.07,1.45,0.0,7.375
2021-04-04,7.5254,29.08,12.11,1.46,0.0,7.5389
2021-04-05,7.3097,30.6,11.44,1.63,0.0,7.3229
2021-04-06,7.1774,31.26,15.85,2.26,0.0,7.3272
2021-04-07,7.3519,31.32,17.02,2.73,0.0,7.435
2021-04-08,6.9806,30.56,16.9,2.77,0.0,7.2365
2021-04-09,6.9043,30.88,17.16,1.63,0.0,7.1364
2021-04-10,6.1538,31.51,17.46,1.59,0.0,7.039
2021-04-11,6.4382,31.68,19.02,1.37,0.55,6.8983
2021-04-12,7.027,31.12,23.8,1.27,0.18,7.1503
2021-04-13,7.2278,31.69,18.57,1.36,0.0,7.3951
2021-04-14,6.031,31.25,19.01,3.55,0.0,6.9214
2021-04-15,6.0974,31.34,21.95,2.29,0.0,6.8652
2021-04-16,6.5669,31.78,20.6,2.43,0.0,7.1705
2021-04-17,6.7142,31.61,21.84,2.75,0.0,7.3298
2021-04-18,7.2468,31.63,21.93,1.0,0.0,7.4935
2021-04-19,6.0658,32.9,18.43,1.3,0.0,7.3003
2021-04-20,6.7171,32.03,20.24,2.82,0.0,7.1916
2021-04-21,5.2793,30.86,24.19,2.94,0.0,7.1335
2021-04-22,7.5038,30.47,21.82,1.86,0.0,7.9049
2021-04-23,7.1371,30.82,19.28,3.01,0.0,7.6152
2021-04-24,6.7949,31.96,20.15,3.07,0.0,7.5622
2021-04-25,7.1527,31.29,9.99,1.93,0.0,7.8115
2021-04-26,8.1146,31.37,9.56,1.36,0.0,8.1242
2021-04-27,7.9375,32.66,12.75,1.78,0.0,7.9457
2021-04-28,7.5854,33.91,16.18,1.9,0.0,7.9877
2021-04-29,7.2038,34.04,14.3,1.81,0.0,8.1156
2021-04-30,6.8926,34.04,16.78,2.12,0.0,7.2878
2021-05-01,5.7734,33.49,24.4,4.2,0.02,6.9619
2021-05-02,5.4835,31.19,31.84,1.89,2.61,6.9379
2021-05-03,5.9611,32.78,27.24,2.21,0.28,7.5499
2021-05-04,7.2422,32.79,22.48,2.43,0.0,7.6349
2021-05-05,7.5005,33.28,21.72,2.86,0.0,7.6378
2021-05-06,7.1918,34.08,21.5,2.84,0.0,7.6262
2021-05-07,6.9247,34.46,21.81,2.38,0.0,7.6054
2021-05-08,5.9405,34.37,24.58,2.13,0.65,7.3186
2021-05-09,5.5188,34.52,29.49,2.17,2.81,6.9449
2021-05-10,6.1615,34.37,32.31,1.57,0.73,7.134
2021-05-11,7.302,34.76,25.21,2.58,1.16,7.896
2021-05-12,6.4922,33.55,25.05,3.27,0.03,7.8826
2021-05-13,6.8779,32.68,31.2,3.28,0.01,7.6543
2021-05-14,7.2706,33.39,27.84,1.94,0.0,7.6793
2021-05-15,6.1114,33.76,30.62,2.74,1.68,7.302
2021-05-16,5.7766,34.21,37.51,3.82,0.48,7.2833
2021-05-17,4.8434,31.88,49.58,4.32,6.17,7.3606
2021-05-18,4.8667,31.21,56.41,5.14,11.48,7.265
2021-05-19,4.842,30.04,61.44,6.16,5.01,7.4206
2021-05-20,5.7823,28.8,54.82,4.39,0.25,7.3608
2021-05-21,7.2283,31.31,45.74,1.56,0.0,7.6663
2021-05-22,6.3744,31.92,44.26,2.1,0.01,7.5019
2021-05-23,6.7198,31.42,39.56,2.54,0.71,7.3404
2021-05-24,7.6814,31.38,35.86,3.34,0.03,7.7995
2021-05-25,7.1551,32.63,28.14,4.02,0.0,7.794
2021-05-26,7.056,33.1,28.62,3.17,0.0,7.6865
2021-05-27,7.0284,34.15,33.66,3.4,0.0,7.639
2021-05-28,7.0183,35.03,39.29,3.6,0.02,7.513
2021-05-29,6.0269,34.88,36.09,2.37,0.36,7.4112
2021-05-30,4.9181,33.66,46.72,3.85,16.13,7.0711
2021-05-31,6.7358,32.41,49.76,3.61,2.62,7.4275
2021-06-01,7.1023,31.65,51.12,2.89,5.02,7.5146
2021-06-02,6.9715,31.83,48.32,2.33,3.66,7.5427
2021-06-03,6.9478,30.9,55.18,3.08,3.98,7.5922
2021-06-04,5.2238,30.81,55.13,2.99,0.2,7.2569
2021-06-05,3.7282,29.37,61.31,2.29,0.58,7.0747
2021-06-06,5.2332,29.64,62.56,3.01,0.33,7.3236
2021-06-07,5.8219,31.34,54.67,3.21,2.29,7.35
2021-06-08,6.5446,30.81,62.95,3.2,23.6,7.188
2021-06-09,6.6686,31.16,61.64,4.11,5.31,7.1885
2021-06-10,6.8858,32.42,56.11,4.98,14.9,7.3121
2021-06-11,5.0491,30.32,67.16,4.66,45.56,7.1042
2021-06-12,5.8486,29.1,75.29,4.16,15.1,7.3027
2021-06-13,5.6155,29.21,72.63,3.62,5.96,7.2214
2021-06-14,5.405,29.08,71.64,3.52,3.16,7.163
2021-06-15,6.007,29.73,67.77,4.04,9.76,6.9838
2021-06-16,5.7802,28.59,73.77,3.81,13.05,6.9602
2021-06-17,5.5553,28.25,73.48,3.34,11.23,7.0692
2021-06-18,5.1746,27.82,70.6,4.04,4.0,6.8417
2021-06-19,4.6625,25.77,84.21,4.41,7.43,6.9439
2021-06-20,5.4274,27.39,71.15,4.89,0.03,6.9113
2021-06-21,4.9558,28.07,69.14,4.03,0.03,6.7879
2021-06-22,4.8144,29.14,69.93,3.4,1.14,6.8052
2021-06-23,5.215,29.19,71.95,3.46,9.35,6.6571
2021-06-24,5.6801,27.29,79.18,4.01,16.17,6.5899
2021-06-25,5.9909,27.45,76.38,3.47,10.76,6.7776
2021-06-26,6.3698,28.87,73.61,3.12,2.57,7.0829
2021-06-27,5.9131,29.7,70.0,1.98,2.88,6.9953
2021-06-28,5.2584,29.1,72.26,2.46,1.25,6.8417
2021-06-29,6.9238,29.94,68.32,3.92,0.01,7.1621
2021-06-30,6.253,29.5,71.08,4.69,0.02,6.9389
2021-07-01,5.4223,28.97,70.92,4.23,0.0,7.0807
2021-07-02,5.8644,29.32,66.38,4.6,0.0,6.9725
2021-07-03,6.0245,29.31,65.49,4.22,0.18,7.0855
2021-07-04,6.3586,29.21,65.83,3.24,0.0,7.0723
2021-07-05,6.4534,28.26,71.64,2.83,0.0,7.0512
2021-07-06,6.4591,29.96,65.15,2.99,0.11,7.0217
2021-07-07,6.1589,30.47,63.54,2.42,0.48,6.955
2021-07-08,2.76,28.45,68.26,3.8,5.41,7.1208
2021-07-09,3.4327,29.43,65.26,2.34,3.29,6.7966
2021-07-10,5.263,29.84,68.13,1.9,4.31,6.6254
2021-07-11,4.428,28.56,77.39,2.02,5.01,6.5081
2021-07-12,6.217,29.77,70.42,3.46,0.25,7.3001
2021-07-13,6.288,29.65,69.48,2.35,0.01,7.3939
2021-07-14,5.6186,29.77,69.79,2.1,5.79,7.2286
2021-07-15,6.023,29.91,69.37,3.47,1.32,7.2406
2021-07-16,6.2465,30.05,69.13,3.15,0.19,7.385
2021-07-17,6.6998,28.84,76.44,2.7,0.03,7.3668
2021-07-18,3.2923,27.87,80.12,1.96,11.54,7.032
2021-07-19,4.5305,29.07,73.92,2.88,8.08,6.7423
2021-07-20,2.9004,26.99,81.93,4.24,5.84,6.9403
2021-07-21,3.3098,27.64,76.81,3.88,6.04,6.078
2021-07-22,2.3119,27.21,81.85,3.02,8.3,6.1493
2021-07-23,2.033,26.87,84.51,2.9,23.63,6.547
2021-07-24,1.8578,26.5,85.46,2.92,5.0,6.9466
2021-07-25,1.578,26.22,89.81,4.27,47.79,6.8263
2021-07-26,1.5358,25.57,86.49,5.99,21.71,6.7282
2021-07-27,1.9615,25.06,86.09,4.44,17.59,6.0576
2021-07-28,2.5138,25.06,85.73,5.23,11.2,6.497
2021-07-29,1.6932,25.11,86.86,4.66,6.56,6.3302
2021-07-30,1.4894,25.89,83.74,4.69,4.09,6.3048
2021-07-31,2.5534,25.83,85.34,5.56,14.85,6.7037
2021-08-01,2.2025,24.7,90.07,6.22,22.28,6.9031
2021-08-02,1.103,24.62,91.75,5.97,33.01,6.6082
2021-08-03,2.3885,24.81,88.84,5.11,17.32,6.7202
2021-08-04,1.7066,24.98,89.61,5.27,14.68,6.6233
2021-08-05,1.2698,25.29,89.59,4.67,19.09,6.6516
2021-08-06,1.4904,24.4,93.64,4.71,29.33,6.7898
2021-08-07,1.8113,26.1,87.64,3.48,9.52,6.3578
2021-08-08,2.9376,26.6,85.85,2.74,1.53,6.3194
2021-08-09,3.5525,25.72,90.75,3.49,8.22,6.5194
2021-08-10,3.0053,25.2,89.38,3.29,7.26,6.2916
2021-08-11,4.7405,26.06,84.46,3.14,0.59,6.2981
2021-08-12,5.3803,25.85,84.28,2.76,0.0,6.6101
2021-08-13,5.6566,26.0,84.07,2.54,0.0,6.5609
2021-08-14,5.6678,26.35,83.72,2.76,0.01,6.5753
2021-08-15,5.4689,26.47,82.98,2.59,0.03,6.5767
2021-08-16,5.6563,27.33,79.89,1.57,0.25,6.6163
2021-08-17,3.4387,27.43,82.73,1.61,10.05,6.4486
2021-08-18,3.1013,26.57,87.42,1.82,12.85,6.3682
2021-08-19,3.0257,26.26,86.74,2.34,15.33,6.1795
2021-08-20,2.0882,25.69,89.79,2.1,21.55,5.851
2021-08-21,3.4987,25.81,87.8,1.14,5.53,6.1558
2021-08-22,4.716,26.54,85.06,2.05,0.96,6.4788
2021-08-23,3.5366,26.46,85.72,2.43,0.35,6.048
2021-08-24,3.0516,26.14,87.32,3.05,0.23,5.8042
2021-08-25,3.7198,26.3,85.21,3.25,0.21,6.5074
2021-08-26,3.7531,26.09,83.73,3.13,0.01,5.969
2021-08-27,4.0973,25.74,84.69,2.11,0.34,6.0811
2021-08-28,4.4731,26.78,79.41,1.28,0.36,5.8438
2021-08-29,4.465,26.76,82.57,1.4,8.14,6.1793
2021-08-30,3.2856,26.06,85.32,1.83,7.38,5.885
2021-08-31,4.103,26.24,88.0,2.6,13.27,6.5472
2021-09-01,4.9906,26.49,85.43,2.8,2.1,6.8508
2021-09-02,4.673,26.71,84.48,2.07,1.67,6.6893
2021-09-03,5.2152,26.09,84.99,1.55,5.45,6.7661
2021-09-04,3.6355,25.34,89.63,2.04,12.75,6.4956
2021-09-05,3.8278,26.4,82.64,0.89,22.57,6.373
2021-09-06,4.3519,26.89,84.81,1.48,2.16,6.1567
2021-09-07,5.4533,26.45,88.5,2.94,0.9,6.391
2021-09-08,3.5196,26.38,88.29,1.75,28.55,6.5863
2021-09-09,1.7947,26.15,89.67,2.54,26.55,6.293
2021-09-10,1.8691,24.84,91.78,3.97,16.02,6.0264
2021-09-11,4.6416,25.98,87.42,1.9,16.67,6.3197
2021-09-12,5.099,26.0,88.07,1.61,2.05,6.5894
2021-09-13,4.643,26.58,86.99,1.06,16.73,6.4488
2021-09-14,4.3853,26.18,88.55,2.08,15.47,6.4879
2021-09-15,3.1747,26.18,88.68,2.14,14.63,6.1435
2021-09-16,3.623,26.37,88.48,2.91,13.87,6.3206
2021-09-17,3.0406,25.99,90.02,3.56,16.05,5.9904
2021-09-18,2.2848,25.7,90.64,3.29,5.49,5.759
2021-09-19,3.5122,25.13,90.46,2.85,0.33,5.9599
2021-09-20,4.0015,26.11,88.7,1.93,0.98,5.8997
2021-09-21,3.9156,25.95,88.66,1.82,0.26,5.6988
2021-09-22,4.7345,26.72,82.52,0.88,0.72,5.8543
2021-09-23,5.2711,26.61,83.24,1.13,2.25,6.0538
2021-09-24,4.0265,26.5,82.58,0.93,3.72,5.5507
2021-09-25,3.4601,25.39,91.45,1.78,6.66,5.5445
2021-09-26,3.3403,25.92,89.52,1.75,6.88,5.7612
2021-09-27,5.076,25.43,90.5,2.81,3.31,5.9753
2021-09-28,4.3769,25.39,86.86,3.94,1.17,6.1428
2021-09-29,4.7374,24.97,87.56,3.14,0.43,5.9546
2021-09-30,3.9998,25.91,85.39,0.92,8.09,5.9352
2021-10-01,4.9702,26.94,79.98,0.94,1.19,5.9333
2021-10-02,4.9106,26.58,82.1,1.11,0.4,5.7859
2021-10-03,5.0942,26.15,86.14,1.44,0.8,5.8836
2021-10-04,5.4782,26.57,84.71,1.3,1.1,5.9026
2021-10-05,4.6714,26.58,84.96,1.34,4.71,5.7209
2021-10-06,5.4007,26.99,80.72,0.79,0.03,5.671
2021-10-07,5.4432,26.81,80.73,0.8,0.0,5.7302
2021-10-08,5.591,27.0,76.03,0.96,0.0,5.7266
2021-10-09,5.706,26.44,73.77,1.0,0.0,5.8615
2021-10-10,5.6364,26.31,77.91,1.24,0.0,5.7535
2021-10-11,5.7192,25.63,75.53,0.96,0.0,5.8162
2021-10-12,5.6786,25.55,72.34,1.08,0.0,5.8231
2021-10-13,5.7886,25.2,75.44,1.43,0.0,5.8291
2021-10-14,5.7754,24.85,68.93,1.12,0.0,5.8298
2021-10-15,5.8037,23.67,65.02,1.34,0.0,5.8294
2021-10-16,4.5914,23.81,80.35,1.38,2.5,5.3174
2021-10-17,4.0123,25.07,88.61,1.14,27.94,5.117
2021-10-18,3.1068,25.13,88.5,2.2,13.65,4.9538
2021-10-19,4.4758,23.14,84.06,1.94,0.88,5.3302
2021-10-20,5.4214,23.3,69.97,1.31,0.01,5.5567
2021-10-21,5.6532,21.63,72.02,1.82,0.0,5.7089
2021-10-22,5.5548,21.92,76.08,1.94,0.0,5.6546
2021-10-23,5.4763,21.14,73.88,1.44,0.0,5.6741
2021-10-24,5.4413,21.77,69.86,1.27,0.0,5.5668
2021-10-25,4.9368,22.24,70.69,0.77,0.0,5.365
2021-10-26,4.5163,22.51,73.28,0.85,0.0,5.2337
2021-10-27,4.6814,21.55,77.81,1.3,0.0,5.1694
2021-10-28,5.4046,19.97,70.84,1.45,0.0,5.4072
2021-10-29,5.3926,19.82,65.36,1.24,0.0,5.3976
2021-10-30,5.1038,19.97,59.66,1.22,0.0,5.2649
2021-10-31,5.2555,19.94,57.95,1.17,0.0,5.2584
2021-11-01,5.2286,18.99,64.29,1.43,0.0,5.2481
2021-11-02,5.2397,18.44,62.59,1.41,0.0,5.2692
2021-11-03,5.3095,18.07,63.9,1.36,0.0,5.3117
2021-11-04,5.1518,18.23,64.72,1.34,0.0,5.2363
2021-11-05,4.9212,18.3,66.17,1.43,0.0,5.0491
2021-11-06,4.4916,19.02,66.33,1.29,0.0,4.7594
2021-11-07,4.1558,19.86,62.54,1.3,0.0,4.4203
2021-11-08,4.4868,20.23,61.06,1.33,0.0,4.499
2021-11-09,4.4414,19.86,61.36,1.38,0.0,4.4431
2021-11-10,4.4462,19.28,62.55,1.47,0.0,4.4731
2021-11-11,4.3205,17.44,68.89,1.9,0.0,4.4234
2021-11-12,4.4018,17.31,68.08,2.17,0.0,4.632
2021-11-13,4.3627,16.9,68.08,2.15,0.0,4.3891
2021-11-14,4.4998,16.63,66.54,1.78,0.0,4.5014
2021-11-15,4.3414,16.39,66.66,1.76,0.0,4.3642
2021-11-16,4.411,15.93,63.93,2.03,0.0,4.4222
2021-11-17,3.8933,17.07,72.1,2.02,0.0,3.9931
2021-11-18,3.3058,18.96,81.49,1.95,0.04,3.7802
2021-11-19,2.7528,19.85,85.92,2.1,0.02,3.9343
2021-11-20,2.7122,20.19,78.07,2.34,0.08,3.8026
2021-11-21,4.0778,21.95,82.3,1.63,0.41,4.1851
2021-11-22,3.9185,22.5,78.37,1.22,0.26,4.0394
2021-11-23,4.3094,22.47,72.11,1.09,0.02,4.3224
2021-11-24,4.4462,21.68,71.48,1.03,0.0,4.4472
2021-11-25,4.435,20.16,73.04,1.26,0.0,4.4729
2021-11-26,4.4657,19.21,63.07,1.29,0.0,4.5276
2021-11-27,4.5422,18.78,58.21,1.41,0.0,4.5605
2021-11-28,4.4558,17.55,61.44,1.53,0.0,4.4825
2021-11-29,4.3512,17.22,62.88,1.77,0.0,4.4842
2021-11-30,3.6398,17.0,63.61,1.86,0.0,4.3502
2021-12-01,2.6345,17.46,65.63,1.9,0.0,4.2511
2021-12-02,1.4638,15.66,66.46,1.9,0.09,4.0296
2021-12-03,2.9887,16.97,63.9,2.33,0.06,3.4541
2021-12-04,3.9607,18.06,65.39,1.7,0.02,3.9638
2021-12-05,3.6329,19.04,66.59,1.94,0.0,3.7481
2021-12-06,3.5818,19.27,73.83,1.85,0.0,3.6108
2021-12-07,3.7001,17.9,75.59,1.87,0.0,3.7118
2021-12-08,3.7054,17.53,71.54,1.4,0.0,3.7231
2021-12-09,3.217,17.59,69.63,1.54,0.0,3.318
2021-12-10,3.7298,16.82,68.69,1.22,0.0,3.7406
2021-12-11,3.9586,16.58,61.42,1.11,0.0,4.0474
2021-12-12,3.8621,15.94,61.73,1.49,0.0,3.9202
2021-12-13,3.5366,16.41,65.82,1.28,0.0,3.5923
2021-12-14,2.9863,18.39,63.93,1.22,0.0,3.3883
2021-12-15,2.8774,18.69,64.85,1.22,0.0,3.3017
2021-12-16,3.3614,18.59,69.19,1.71,0.0,3.4421
2021-12-17,2.6525,16.92,71.05,1.97,0.0,2.9438
2021-12-18,3.8256,13.26,50.6,2.4,0.0,3.8515
2021-12-19,4.6332,12.3,40.87,1.67,0.0,4.6615
2021-12-20,4.7678,14.06,37.34,1.19,0.0,4.7868
2021-12-21,4.6548,15.59,38.68,1.27,0.0,4.6562
2021-12-22,4.5319,18.03,36.96,0.9,0.0,4.5331
2021-12-23,3.9619,17.96,54.64,1.39,0.0,4.105
2021-12-24,4.205,18.5,62.38,1.37,0.0,4.2382
2021-12-25,4.1237,18.78,66.06,1.23,0.0,4.1306
2021-12-26,3.9485,18.46,59.54,1.19,0.0,3.9559
2021-12-27,3.6367,18.84,62.51,0.95,0.8,3.7058
2021-12-28,1.8557,15.47,81.73,1.87,6.96,3.0667
2021-12-29,2.6119,15.12,78.3,1.77,1.01,3.6098
2021-12-30,3.4337,12.73,71.59,2.49,0.05,4.1798
2021-12-31,3.4272,12.57,75.22,1.68,0.0,3.919
2022-01-01,3.2342,15.03,73.02,1.42,0.0,3.7099
2022-01-02,3.2395,16.04,70.09,1.53,0.0,3.7642
2022-01-03,4.123,15.58,70.41,1.54,0.0,4.3392
2022-01-04,4.3848,16.92,65.07,1.23,0.0,4.397
2022-01-05,3.1639,18.86,65.04,1.51,0.41,3.822
2022-01-06,2.0141,18.49,77.32,2.29,4.57,2.9551
2022-01-07,1.6361,18.78,82.93,1.92,27.29,3.3422
2022-01-08,3.0089,18.74,78.69,2.51,3.25,3.4277
2022-01-09,1.9133,14.96,80.02,1.72,9.37,4.1004
2022-01-10,4.1618,13.16,65.95,1.39,0.0,4.7016
2022-01-11,2.3906,13.19,69.28,1.66,0.0,4.3522
2022-01-12,4.242,11.76,64.43,1.57,0.0,4.5756
2022-01-13,4.4273,12.51,62.95,1.56,0.0,4.4935
2022-01-14,3.8119,13.34,69.65,1.85,0.0,3.8407
2022-01-15,3.7198,12.79,73.46,1.64,0.0,4.1081
2022-01-16,2.5202,13.22,71.21,1.58,0.0,4.3399
2022-01-17,3.4008,14.53,69.54,1.52,0.0,4.2218
2022-01-18,4.187,15.03,65.74,1.46,0.0,4.5074
2022-01-19,4.662,15.79,57.91,1.13,0.0,4.861
2022-01-20,4.7935,17.54,60.1,2.21,0.0,4.8254
2022-01-21,4.8389,17.55,61.28,1.47,0.0,4.8566
2022-01-22,3.6473,17.76,68.83,3.64,0.93,4.7258
2022-01-23,3.4788,13.55,56.21,2.39,0.0,4.5912
2022-01-24,4.5322,11.59,62.26,1.47,0.0,4.7143
2022-01-25,5.0954,11.86,59.3,1.23,0.0,5.2301
2022-01-26,5.1739,12.07,59.92,1.55,0.0,5.2646
2022-01-27,5.3028,11.58,57.03,1.49,0.0,5.315
2022-01-28,5.1175,13.44,45.61,1.07,0.0,5.2747
2022-01-29,5.1818,15.5,39.6,1.02,0.0,5.3362
2022-01-30,5.0119,17.78,37.47,1.47,0.0,5.2296
2022-01-31,5.267,17.94,45.53,1.57,0.0,5.2814
2022-02-01,5.1888,19.12,53.11,1.79,0.0,5.2219
2022-02-02,5.2382,19.85,52.42,1.47,0.0,5.2783
2022-02-03,5.292,17.45,51.82,3.47,0.0,5.3446
2022-02-04,5.4343,15.04,48.59,1.66,0.0,5.4559
2022-02-05,5.4698,15.73,40.71,1.69,0.0,5.4926
2022-02-06,5.5018,15.45,44.83,1.59,0.0,5.5526
2022-02-07,5.3542,17.26,40.78,1.29,0.0,5.4214
2022-02-08,5.3033,18.53,46.23,1.89,0.0,5.3419
2022-02-09,4.9747,18.73,55.73,2.18,0.08,5.1482
2022-02-10,5.4084,16.21,60.96,2.46,0.0,5.5296
2022-02-11,5.8565,15.88,47.55,1.38,0.0,5.8613
2022-02-12,5.9808,17.04,41.79,1.2,0.0,5.9878
2022-02-13,5.7497,16.75,42.79,1.4,0.0,5.778
2022-02-14,5.4161,17.41,44.41,1.68,0.0,5.4266
2022-02-15,4.6402,18.06,47.9,1.77,0.0,4.9272
2022-02-16,5.2042,18.33,50.06,1.7,0.0,5.2654
2022-02-17,5.616,18.68,43.26,1.5,0.0,5.6839
2022-02-18,4.3985,19.59,43.41,1.57,0.0,5.0945
2022-02-19,4.2252,21.2,54.58,1.63,0.14,4.6608
2022-02-20,5.8147,20.23,41.84,2.39,0.0,5.875
2022-02-21,6.1046,20.45,32.66,1.92,0.0,6.1085
2022-02-22,5.897,22.12,29.77,2.13,0.0,5.9542
2022-02-23,5.8788,22.63,32.38,2.3,0.0,5.9227
2022-02-24,6.2021,22.59,33.04,2.46,0.0,6.2203
2022-02-25,5.8087,22.07,38.74,1.81,0.0,5.9693
2022-02-26,5.8099,22.79,33.56,2.48,0.03,5.8481
2022-02-27,5.6926,23.49,29.59,1.56,0.0,5.7715
2022-02-28,5.6774,21.21,43.81,2.07,0.0,5.6839
2022-03-01,5.9407,22.21,37.27,1.8,0.0,5.9902
2022-03-02,6.1553,22.71,29.26,1.59,0.0,6.1553
2022-03-03,4.8031,24.26,30.05,1.89,0.01,5.6765
2022-03-04,5.7991,24.3,32.39,2.27,0.13,5.8318
2022-03-05,6.3151,22.65,31.83,2.03,0.0,6.3156
2022-03-06,6.3439,23.71,24.93,1.18,0.0,6.3974
2022-03-07,4.7534,24.92,23.7,1.9,0.0,5.3734
2022-03-08,4.6418,25.18,25.87,1.63,0.02,5.3815
2022-03-09,4.8506,26.03,32.66,1.36,0.32,5.2826
2022-03-10,5.8836,26.08,37.35,1.33,0.02,5.9429
2022-03-11,6.2698,25.33,33.09,1.72,0.0,6.3098
2022-03-12,6.5419,26.22,25.63,1.34,0.0,6.5964
2022-03-13,6.7546,27.0,21.66,1.45,0.0,6.7548
2022-03-14,6.6389,28.81,20.27,1.47,0.0,6.6415
2022-03-15,6.5006,29.39,23.64,2.07,0.0,6.5599
2022-03-16,6.8518,29.45,22.58,3.07,0.0,6.8527
2022-03-17,6.4752,29.78,23.36,2.66,0.0,6.5834
2022-03-18,6.54,29.59,29.13,2.14,0.0,6.5438
2022-03-19,6.0662,29.77,28.66,1.56,0.0,6.2856
2022-03-20,6.6048,30.24,22.1,2.52,0.0,6.6718
2022-03-21,6.3814,29.73,15.56,3.36,0.0,6.576
2022-03-22,6.7253,28.92,19.84,2.29,0.0,6.7524
2022-03-23,6.2066,30.29,20.3,1.16,0.0,6.437
2022-03-24,4.8286,30.72,22.04,2.7,0.0,5.8325
2022-03-25,5.1026,30.71,17.36,3.25,0.0,6.1183
2022-03-26,6.8174,30.1,16.37,2.47,0.0,6.8534
2022-03-27,7.1657,31.44,11.82,1.44,0.0,7.1837
2022-03-28,7.2578,30.65,15.88,2.47,0.0,7.2617
2022-03-29,7.2646,30.81,14.38,3.02,0.0,7.2984
2022-03-30,7.3654,31.17,13.12,2.51,0.0,7.3858
2022-03-31,7.3181,31.71,12.36,2.14,0.0,7.3289
2022-04-01,7.0973,31.65,13.98,2.03,0.0,7.2053
2022-04-02,7.1177,31.98,15.15,1.66,0.0,7.1914
2022-04-03,7.0872,32.42,12.37,1.42,0.0,7.2336
2022-04-04,7.4369,31.91,11.95,2.24,0.0,7.4393
2022-04-05,7.4059,31.67,13.1,2.22,0.0,7.411
2022-04-06,7.2408,32.78,11.4,1.7,0.0,7.2833
2022-04-07,6.624,33.98,12.71,1.09,0.0,6.9984
2022-04-08,7.207,33.8,13.65,1.35,0.0,7.2151
2022-04-09,7.1426,33.73,13.22,1.32,0.0,7.3018
2022-04-10,7.0846,33.5,15.31,2.74,0.0,7.1806
2022-04-11,6.7183,34.25,17.58,3.07,0.0,6.9554
2022-04-12,5.9734,34.89,18.2,2.68,0.0,6.5357
2022-04-13,6.3038,33.55,14.66,2.5,0.0,6.7046
2022-04-14,7.3951,32.67,13.25,2.87,0.03,7.4525
2022-04-15,7.5151,32.46,13.77,3.55,0.0,7.5247
2022-04-16,7.3361,32.6,16.87,3.52,0.0,7.3704
2022-04-17,7.0202,33.18,16.75,3.36,0.0,7.2823
2022-04-18,7.044,33.74,16.81,3.02,0.0,7.2564
2022-04-19,6.9979,33.82,16.93,3.21,0.0,7.1726
2022-04-20,7.5331,34.44,12.97,3.11,0.0,7.5617
2022-04-21,3.4152,33.3,19.26,3.11,0.0,6.8582
2022-04-22,7.0385,33.67,19.45,2.22,0.0,7.2379
2022-04-23,7.3399,32.97,17.33,2.83,0.0,7.4945
2022-04-24,7.591,33.51,15.76,3.43,0.0,7.6795
2022-04-25,7.8084,33.4,13.94,3.21,0.0,7.8382
2022-04-26,7.895,33.39,11.3,3.86,0.0,7.9068
2022-04-27,7.7162,34.67,12.77,2.01,0.0,7.7201
2022-04-28,7.3694,35.47,14.03,2.06,0.0,7.5924
2022-04-29,7.5442,35.95,13.28,4.16,0.0,7.7141
2022-04-30,7.5761,34.85,16.15,3.75,0.0,7.7093
2022-05-01,6.4656,35.75,22.23,2.66,0.0,7.2269
2022-05-02,6.7678,35.88,21.76,3.39,0.02,7.207
2022-05-03,6.9766,35.67,20.76,4.0,0.0,7.4018
2022-05-04,7.7059,34.62,18.97,3.79,0.0,7.7654
2022-05-05,7.4894,33.82,17.69,2.86,0.0,7.5338
2022-05-06,6.335,34.48,20.55,2.21,0.0,6.9859
2022-05-07,6.361,34.9,20.76,1.89,0.0,6.9787
2022-05-08,7.1028,35.73,16.64,2.39,0.0,7.4102
2022-05-09,7.1726,35.24,16.28,2.14,0.0,7.5149
2022-05-10,6.2969,35.53,23.52,3.42,0.0,7.159
2022-05-11,6.4306,36.38,23.06,2.49,0.0,7.1513
2022-05-12,6.7296,37.02,18.49,1.57,0.0,7.2905
2022-05-13,6.8232,37.45,15.27,2.87,0.0,7.5209
2022-05-14,6.6478,37.73,19.12,4.57,0.0,7.5566
2022-05-15,6.4946,37.07,22.33,4.45,0.0,7.2677
2022-05-16,7.6613,35.78,16.87,4.81,0.0,7.8158
2022-05-17,6.9569,34.82,19.13,3.75,0.0,7.5058
2022-05-18,6.6571,34.43,19.9,3.09,0.0,7.1458
2022-05-19,7.1705,36.34,18.06,2.05,0.0,7.4462
2022-05-20,7.3183,36.87,17.81,2.82,0.0,7.477
2022-05-21,7.5958,35.36,26.2,5.96,0.0,7.6447
2022-05-22,6.6578,34.4,34.78,5.88,0.03,7.273
2022-05-23,6.8772,33.96,39.38,4.55,1.13,7.1518
2022-05-24,6.6094,33.47,37.44,2.73,2.43,6.8964
2022-05-25,5.8243,33.77,35.89,3.25,2.55,6.5347
2022-05-26,6.601,34.77,33.93,3.83,2.68,7.1978
2022-05-27,7.3949,33.89,33.36,4.83,0.08,7.6013
2022-05-28,7.3054,33.79,37.63,5.22,0.0,7.3882
2022-05-29,6.7634,34.11,37.84,4.61,0.02,7.0351
2022-05-30,6.5873,35.36,33.87,3.7,0.01,7.152
2022-05-31,6.4279,35.5,28.12,3.92,0.0,7.2079
2022-06-01,6.4195,36.12,22.54,3.75,0.0,7.224
2022-06-02,6.7428,36.56,16.66,4.82,0.0,7.387
2022-06-03,6.9809,36.71,19.15,4.44,0.0,7.4938
2022-06-04,6.9682,36.41,20.32,4.34,0.0,7.6358
2022-06-05,7.1023,36.43,18.0,4.03,0.0,7.6003
2022-06-06,7.4906,36.64,18.53,5.03,0.0,7.644
2022-06-07,7.3944,35.98,21.45,4.67,0.0,7.5883
2022-06-08,6.8904,36.07,24.58,4.79,0.0,7.429
2022-06-09,7.2773,36.3,31.06,4.46,0.96,7.5485
2022-06-10,6.4934,35.7,32.38,3.93,0.02,7.3562
2022-06-11,5.4151,34.28,41.28,3.67,1.73,7.009
2022-06-12,3.1608,32.75,49.02,4.09,0.55,6.7478
2022-06-13,5.4022,33.37,45.43,3.09,0.24,7.1256
2022-06-14,6.7219,33.45,44.57,4.25,0.0,7.3658
2022-06-15,6.8902,31.7,49.03,4.74,0.21,7.3555
2022-06-16,6.1838,30.79,60.37,3.31,10.57,7.1789
2022-06-17,4.961,29.42,69.11,2.94,5.03,6.9283
2022-06-18,5.8994,28.87,70.63,3.35,9.28,7.2499
2022-06-19,5.3988,28.77,72.45,4.0,27.12,7.3426
2022-06-20,3.929,27.23,80.96,3.51,26.56,7.0325
2022-06-21,5.8582,28.5,73.33,2.34,5.74,6.7277
2022-06-22,6.5827,29.35,66.56,1.9,0.73,7.1064
2022-06-23,5.3484,30.68,62.99,1.39,7.47,6.8093
2022-06-24,6.7164,31.65,56.62,1.86,0.19,7.067
2022-06-25,6.6245,31.39,57.94,1.75,0.0,7.2058
2022-06-26,4.3303,31.2,59.0,2.19,0.05,6.6698
2022-06-27,5.665,30.04,68.06,2.37,0.06,6.5921
2022-06-28,4.5456,28.39,75.86,3.47,8.41,6.4474
2022-06-29,3.4063,27.08,81.06,3.59,13.48,6.1133
2022-06-30,3.091,26.05,89.06,2.62,22.57,6.541
2022-07-01,4.0558,26.51,85.01,2.71,3.83,7.0234
2022-07-02,5.4518,27.09,80.44,2.65,14.14,7.0824
2022-07-03,3.0677,27.54,80.31,2.28,11.98,6.6461
2022-07-04,3.7174,26.18,88.31,2.78,41.66,7.0961
2022-07-05,5.4254,27.92,80.71,2.66,7.78,7.3181
2022-07-06,4.9886,28.11,80.33,2.52,5.25,7.3306
2022-07-07,3.0259,28.15,82.33,1.11,6.68,7.3178
2022-07-08,4.2014,28.47,83.78,2.61,16.3,7.2242
2022-07-09,5.0328,27.16,88.81,1.93,39.66,7.2631
2022-07-10,6.3036,27.96,83.51,1.95,47.38,7.3279
2022-07-11,1.9099,27.22,86.11,3.1,66.33,7.3094
2022-07-12,4.2766,28.28,81.76,2.54,12.16,7.1818
2022-07-13,4.6529,28.77,80.52,2.51,19.77,7.0543
2022-07-14,5.8548,28.66,78.51,2.29,9.43,7.3543
2022-07-15,3.0799,27.48,84.58,1.2,21.84,7.475
2022-07-16,4.9469,26.33,87.59,1.69,22.08,7.4153
2022-07-17,2.6246,26.15,91.57,2.7,28.21,7.3663
2022-07-18,5.1175,28.09,85.23,2.59,18.68,7.1626
2022-07-19,3.9984,27.36,87.19,2.76,6.37,7.0946
2022-07-20,1.5823,26.58,87.38,3.45,1.78,6.3986
2022-07-21,3.0134,26.33,90.23,2.69,10.43,6.6958
2022-07-22,1.8204,26.04,89.6,2.69,15.83,6.8482
2022-07-23,2.6119,25.6,90.65,2.24,20.67,7.0471
2022-07-24,2.8706,27.05,83.55,0.92,17.1,6.8422
2022-07-25,1.6637,24.92,93.57,2.45,38.02,6.9206
2022-07-26,3.4538,25.54,88.65,2.26,12.24,7.1419
2022-07-27,4.4033,25.82,87.5,2.09,2.02,6.9024
2022-07-28,4.6836,26.51,85.6,1.69,1.75,6.6554
2022-07-29,4.4054,26.41,86.83,2.04,4.33,6.6677
2022-07-30,4.9039,25.8,86.45,2.34,3.89,6.5158
2022-07-31,5.9954,26.07,86.42,2.58,0.03,6.9569
2022-08-01,4.4102,26.05,85.7,2.16,0.33,7.0046
2022-08-02,5.3064,26.59,85.72,1.92,0.49,6.7826
2022-08-03,4.763,26.6,87.13,1.28,3.77,6.8254
2022-08-04,3.1658,27.08,85.19,1.31,4.01,6.5614
2022-08-05,5.0335,27.04,87.43,2.98,8.12,6.5249
2022-08-06,5.2582,27.85,81.61,0.72,8.38,6.7481
2022-08-07,3.5398,26.86,89.14,1.56,3.12,6.6562
2022-08-08,4.0757,26.21,90.28,1.92,13.72,6.9173
2022-08-09,3.9886,26.64,89.13,2.65,28.45,7.0229
2022-08-10,2.8975,26.74,88.17,3.18,26.58,6.8688
2022-08-11,2.0076,25.42,93.44,4.01,34.49,7.1405
2022-08-12,3.7771,24.92,93.1,4.45,14.53,7.1755
2022-08-13,3.9053,25.7,89.2,3.88,8.31,7.2564
2022-08-14,2.6899,25.06,91.61,3.5,43.8,6.9734
2022-08-15,1.8811,24.89,93.26,3.52,72.86,7.0951
2022-08-16,1.9776,24.95,91.93,5.5,48.19,7.26
2022-08-17,4.4251,25.46,89.53,3.74,0.2,7.0992
2022-08-18,4.5122,25.76,87.91,3.08,0.0,6.8083
2022-08-19,4.7868,25.76,87.7,2.72,0.05,6.7658
2022-08-20,2.6726,24.89,94.35,2.66,23.55,6.6324
2022-08-21,1.5871,24.71,94.84,5.09,93.43,6.9629
2022-08-22,0.5957,24.32,94.57,6.77,163.32,6.9401
2022-08-23,3.2311,24.94,90.87,3.83,10.68,6.996
2022-08-24,5.7106,25.01,87.72,1.64,0.77,6.7152
2022-08-25,3.0701,24.86,85.65,1.26,2.27,6.8117
2022-08-26,5.5495,24.74,85.21,1.93,0.86,6.6089
2022-08-27,4.3265,24.64,88.2,2.43,1.25,6.5448
2022-08-28,3.8232,24.51,87.78,1.89,2.2,6.3833
2022-08-29,3.7325,23.77,93.75,2.42,6.14,6.3761
2022-08-30,4.0781,25.95,84.36,0.92,2.63,6.4106
2022-08-31,5.1238,26.55,85.92,1.01,0.03,6.3043
2022-09-01,3.1346,26.74,84.05,0.63,3.52,6.3005
2022-09-02,5.5834,27.71,80.15,0.72,1.07,6.5928
2022-09-03,5.7682,26.93,84.77,1.43,1.27,6.5554
2022-09-04,3.4082,25.52,88.5,2.1,19.04,6.6523
2022-09-05,5.113,26.33,87.42,1.61,8.09,6.4519
2022-09-06,4.8641,26.55,80.34,0.99,12.54,6.3622
2022-09-07,5.7698,26.63,82.13,1.6,0.35,6.3708
2022-09-08,5.503,26.23,87.33,2.22,0.21,6.0386
2022-09-09,5.1754,26.27,89.94,1.54,2.1,6.1421
2022-09-10,5.2526,26.2,90.86,1.4,3.91,6.1726
2022-09-11,5.0038,26.42,87.4,2.49,2.38,6.3146
2022-09-12,4.4978,26.56,87.84,2.5,8.25,6.505
2022-09-13,2.777,24.73,91.3,1.82,52.8,6.3365
2022-09-14,1.0906,24.94,93.05,3.8,25.48,5.9702
2022-09-15,1.9992,24.79,95.35,3.79,17.49,6.017
2022-09-16,1.8235,25.31,91.66,3.13,6.67,5.5027
2022-09-17,3.8779,25.73,87.89,2.4,0.25,5.7818
2022-09-18,6.0072,25.77,86.22,1.91,0.11,6.169
2022-09-19,5.7881,26.06,84.76,2.05,0.54,6.2662
2022-09-20,5.0066,25.99,86.59,2.13,2.14,5.8397
2022-09-21,3.2338,25.56,88.85,2.21,10.24,5.8243
2022-09-22,2.2243,24.47,93.6,3.53,15.76,5.7595
2022-09-23,0.9893,23.77,92.31,4.86,14.28,5.5212
2022-09-24,4.3627,23.5,91.12,4.35,5.82,5.9458
2022-09-25,5.0268,24.67,84.14,1.98,0.01,6.0686
2022-09-26,5.0633,24.83,84.39,1.43,5.85,5.7554
2022-09-27,4.9217,25.67,82.96,1.31,8.68,5.7365
2022-09-28,5.6532,26.25,78.57,1.21,0.0,6.0389
2022-09-29,5.9518,26.35,76.76,1.09,0.0,6.2222
2022-09-30,6.0583,25.88,79.72,1.49,0.0,6.2897
2022-10-01,6.186,25.24,83.08,2.09,0.1,6.3598
2022-10-02,5.9558,24.6,84.11,2.52,0.08,6.2542
2022-10-03,5.5049,24.42,83.36,2.49,0.0,6.191
2022-10-04,4.05,24.62,83.3,2.2,0.89,5.759
2022-10-05,3.0629,24.74,91.46,2.5,32.99,5.5937
2022-10-06,3.8743,24.8,93.14,1.78,35.52,5.8068
2022-10-07,3.7538,24.38,90.83,2.47,10.26,5.8464
2022-10-08,3.8422,24.82,89.37,3.75,1.02,5.5171
2022-10-09,3.8935,25.16,88.24,1.89,0.48,5.4367
2022-10-10,4.5526,24.59,91.77,1.36,33.95,5.4638
2022-10-11,4.3082,24.07,92.32,1.78,14.07,5.5783
2022-10-12,5.3741,23.76,82.56,1.28,0.64,5.8034
2022-10-13,6.1829,21.8,78.91,1.84,0.0,6.186
2022-10-14,5.8608,20.83,73.92,1.59,0.0,6.0389
2022-10-15,5.9477,21.18,72.44,1.51,0.0,6.041
2022-10-16,5.8975,20.74,77.02,1.58,0.0,5.8997
2022-10-17,5.2358,21.8,79.09,1.46,0.0,5.5291
2022-10-18,5.7482,21.57,74.61,1.41,0.02,5.778
2022-10-19,5.7478,19.68,76.89,1.77,0.0,5.8404
2022-10-20,5.8891,20.26,80.42,1.76,0.0,5.8934
2022-10-21,5.8198,20.27,74.98,1.77,0.0,5.8418
2022-10-22,5.6431,21.4,65.7,1.44,0.0,5.6479
2022-10-23,5.4509,20.84,73.28,1.44,0.0,5.4562
2022-10-24,5.4998,20.49,70.75,1.53,0.0,5.5051
2022-10-25,5.6647,21.5,63.33,1.19,0.0,5.6678
2022-10-26,5.6748,22.96,54.72,0.67,0.0,5.6774
2022-10-27,5.4595,23.13,52.94,0.67,0.0,5.5176
2022-10-28,5.3443,22.52,57.65,0.91,0.0,5.3906
2022-10-29,5.1686,22.26,61.95,1.03,0.0,5.2102
2022-10-30,4.8206,20.13,75.58,1.39,0.0,4.824
2022-10-31,4.9596,19.23,77.47,1.57,0.0,4.9615
2022-11-01,5.0371,19.43,74.6,1.4,0.0,5.0402
2022-11-02,4.9783,20.95,69.98,0.78,0.0,4.9826
2022-11-03,4.8785,21.41,70.05,1.02,0.0,4.8818
2022-11-04,4.8662,22.6,64.42,0.84,0.0,4.8677
2022-11-05,5.0311,23.85,60.52,0.72,0.0,5.0726
2022-11-06,4.7618,22.89,67.82,0.98,0.0,4.9378
2022-11-07,4.4342,22.36,77.9,1.13,0.0,4.7158
2022-11-08,4.517,21.79,76.56,1.28,0.0,4.6262
2022-11-09,4.2886,21.43,74.29,1.1,0.0,4.4623
2022-11-10,4.1189,21.18,76.99,1.14,0.0,4.3476
2022-11-11,4.1172,20.81,78.85,1.52,0.0,4.2742
2022-11-12,4.4105,19.66,76.02,1.45,0.0,4.4273
2022-11-13,4.6874,19.0,68.04,1.35,0.0,4.6985
2022-11-14,4.777,18.34,69.29,1.33,0.0,4.7784
2022-11-15,4.7765,18.81,67.19,1.14,0.0,4.7765
2022-11-16,4.5751,19.25,67.64,1.22,0.0,4.5794
2022-11-17,4.7477,18.22,72.87,1.84,0.0,4.7628
2022-11-18,5.093,16.94,64.92,1.52,0.0,5.0978
2022-11-19,4.9421,15.74,68.72,1.61,0.0,4.9478
2022-11-20,4.6699,15.5,71.7,1.54,0.0,4.6714
2022-11-21,4.5924,15.54,75.21,1.53,0.0,4.5965
2022-11-22,4.8274,16.91,70.07,1.48,0.0,4.8298
2022-11-23,4.7378,17.18,67.37,1.26,0.0,4.7789
2022-11-24,4.9243,16.24,67.13,1.3,0.0,4.9274
2022-11-25,4.9889,15.17,66.59,1.62,0.0,4.9913
2022-11-26,4.891,16.92,58.24,1.19,0.0,4.933
2022-11-27,4.8132,17.73,55.56,0.95,0.0,4.8178
2022-11-28,4.7676,16.08,67.0,1.54,0.0,4.7698
2022-11-29,4.4837,15.73,70.03,1.51,0.0,4.4894
2022-11-30,4.1789,15.6,74.34,1.67,0.0,4.2062
2022-12-01,4.2043,15.9,75.86,1.5,0.0,4.2499
2022-12-02,4.1678,16.46,75.15,1.45,0.0,4.169
2022-12-03,3.8534,16.68,76.77,1.29,0.0,3.9907
2022-12-04,3.809,17.18,76.64,1.23,0.0,3.893
2022-12-05,3.3994,17.64,77.64,1.52,0.0,3.4385
2022-12-06,3.4051,16.94,78.78,1.51,0.0,3.5801
2022-12-07,4.6286,15.35,64.15,1.83,0.0,4.6543
2022-12-08,4.7191,14.65,60.55,1.69,0.0,4.8031
2022-12-09,4.6358,14.44,66.81,1.97,0.0,4.6978
2022-12-10,4.5007,14.93,74.03,2.02,0.0,4.5456
2022-12-11,4.368,16.24,72.36,1.96,0.0,4.4374
2022-12-12,2.9789,18.38,70.28,1.72,0.27,4.0937
2022-12-13,1.4712,17.26,78.42,2.01,8.55,4.1078
2022-12-14,2.7026,18.11,69.63,1.79,0.0,4.0975
2022-12-15,3.8527,19.69,73.06,1.36,0.07,4.2137
2022-12-16,4.3226,19.24,76.42,1.41,0.0,4.4122
2022-12-17,4.6056,18.14,69.69,1.5,0.0,4.6066
2022-12-18,4.7047,16.32,64.96,1.61,0.0,4.7062
2022-12-19,4.5497,16.39,64.24,1.56,0.0,4.5497
2022-12-20,4.4489,17.27,63.22,1.42,0.0,4.451
2022-12-21,4.2034,18.16,62.4,1.23,0.0,4.2653
2022-12-22,4.056,19.78,60.21,1.14,0.0,4.188
2022-12-23,3.911,19.92,66.48,1.69,0.0,3.9382
2022-12-24,3.899,17.02,62.49,1.81,0.0,3.9036
2022-12-25,3.7843,15.41,74.2,2.24,0.0,3.8431
2022-12-26,3.0115,16.33,73.9,1.99,0.0,3.2333
2022-12-27,3.8534,16.01,66.05,1.59,0.0,3.8657
2022-12-28,4.6452,15.46,57.36,1.48,0.0,4.6514
2022-12-29,4.6922,16.5,52.96,1.36,0.0,4.6925
2022-12-30,4.4597,17.85,60.71,1.54,0.0,4.471
2022-12-31,4.3354,16.08,68.01,1.76,0.0,4.3394
2023-01-01,3.9211,14.56,72.97,1.92,0.0,4.1066
2023-01-02,4.0567,13.14,68.41,2.24,0.0,4.3884
2023-01-03,3.2052,12.51,68.31,2.46,0.0,4.2545
2023-01-04,4.08,11.57,68.53,2.81,0.0,4.2336
2023-01-05,4.0166,11.72,69.6,2.68,0.0,4.0634
2023-01-06,3.9226,12.57,59.68,2.31,0.0,4.0466
2023-01-07,4.7474,11.94,55.76,1.89,0.0,4.8703
2023-01-08,4.9109,12.35,54.11,1.46,0.0,4.9838
2023-01-09,4.95,14.3,50.15,1.28,0.0,5.0215
2023-01-10,4.8278,15.17,56.54,1.42,0.0,4.8646
2023-01-11,4.7522,16.62,55.02,1.28,0.0,4.7542
2023-01-12,4.6126,17.0,59.93,1.63,0.0,4.6642
2023-01-13,3.9715,17.14,65.65,2.03,0.0,4.5149
2023-01-14,4.7134,13.68,50.89,1.76,0.0,4.811
2023-01-15,4.8526,12.47,57.04,1.53,0.0,4.979
2023-01-16,4.675,12.84,52.49,1.87,0.0,4.7126
2023-01-17,4.7124,13.1,48.46,1.78,0.0,4.7383
2023-01-18,4.764,12.84,47.37,1.97,0.0,4.805
2023-01-19,4.6394,14.37,49.98,2.13,0.0,4.6589
2023-01-20,4.1659,16.94,59.56,2.36,0.0,4.2307
2023-01-21,4.2082,17.58,70.27,1.48,0.0,4.2521
2023-01-22,3.6401,18.35,66.84,1.38,0.0,4.158
2023-01-23,3.9929,19.35,67.58,1.95,0.0,4.2994
2023-01-24,4.0951,19.62,62.66,2.39,0.0,4.2298
2023-01-25,2.111,17.1,71.99,1.56,7.36,3.8458
2023-01-26,1.3082,16.16,80.66,1.61,6.07,3.763
2023-01-27,2.2327,16.76,76.01,1.94,0.05,3.8422
2023-01-28,4.4801,18.35,67.53,1.44,0.0,4.5466
2023-01-29,3.9701,19.69,61.18,2.43,0.0,4.0229
2023-01-30,3.3744,20.38,65.44,2.04,0.0,3.6348
2023-01-31,4.4645,17.58,69.87,2.65,0.0,4.5598
2023-02-01,5.7012,15.14,56.07,1.78,0.0,5.7108
2023-02-02,5.801,15.31,47.06,1.63,0.0,5.8212
2023-02-03,5.6858,16.7,43.27,1.46,0.0,5.7773
2023-02-04,5.7314,17.82,43.65,1.31,0.0,5.7362
2023-02-05,5.645,19.94,37.32,1.1,0.0,5.6494
2023-02-06,5.5834,19.93,41.36,1.44,0.0,5.5855
2023-02-07,5.6712,18.04,46.39,2.05,0.0,5.6842
2023-02-08,5.7317,18.23,40.3,1.62,0.0,5.7341
2023-02-09,5.7228,19.7,38.89,1.26,0.0,5.7259
2023-02-10,5.7506,20.84,37.85,2.03,0.0,5.7612
2023-02-11,5.7854,20.04,42.47,2.43,0.0,5.7893
2023-02-12,5.8519,18.83,39.01,2.31,0.0,5.8534
2023-02-13,6.1046,16.98,30.84,2.04,0.0,6.1102
2023-02-14,5.91,19.36,28.15,1.72,0.0,5.9184
2023-02-15,5.8589,21.03,31.19,2.13,0.0,5.9018
2023-02-16,5.7727,22.03,33.19,1.94,0.0,5.9482
2023-02-17,5.701,21.31,41.54,1.86,0.0,5.7242
2023-02-18,5.8476,20.99,46.02,1.86,0.0,5.8524
2023-02-19,6.0468,22.73,36.46,1.47,0.0,6.0494
2023-02-20,6.1478,24.01,28.34,1.53,0.0,6.1654
2023-02-21,6.0238,23.48,18.71,2.37,0.0,6.2988
2023-02-22,5.7036,23.4,25.65,2.03,0.0,6.0617
2023-02-23,5.8428,23.6,30.25,1.76,0.0,6.0026
2023-02-24,6.0732,24.11,30.2,1.42,0.0,6.0842
2023-02-25,6.1394,23.89,31.64,1.08,0.0,6.1882
2023-02-26,6.127,22.94,31.94,1.6,0.0,6.1358
2023-02-27,6.0883,23.65,30.42,1.84,0.0,6.0912
2023-02-28,5.707,24.97,29.13,1.67,0.0,5.8025
2023-03-01,4.5221,25.09,30.18,1.79,0.0,5.0054
2023-03-02,5.1326,25.24,31.59,1.36,0.0,5.1912
2023-03-03,5.5613,25.99,30.91,1.25,0.0,5.6923
2023-03-04,4.621,26.07,26.79,1.39,0.0,5.2001
2023-03-05,5.035,25.73,31.35,1.3,0.61,5.339
2023-03-06,4.7278,25.85,31.03,1.43,0.22,5.4103
2023-03-07,3.7862,23.36,42.24,1.63,3.71,5.5442
2023-03-08,6.091,24.4,39.17,1.11,0.04,6.2088
2023-03-09,6.1925,23.17,37.11,2.2,0.5,6.4114
2023-03-10,6.4994,22.98,37.72,1.48,0.0,6.523
2023-03-11,6.5926,24.15,33.01,1.22,0.0,6.5947
2023-03-12,6.6235,25.43,27.85,1.43,0.0,6.6478
2023-03-13,5.3086,25.7,27.42,1.49,0.0,6.2554
2023-03-14,5.6364,26.82,26.72,1.35,0.0,5.9674
2023-03-15,4.2146,27.33,24.97,1.68,0.18,6.0775
2023-03-16,3.9938,26.0,39.73,2.43,1.39,5.5812
2023-03-17,4.9939,25.78,40.82,2.2,1.33,5.8937
2023-03-18,5.3371,23.27,55.99,2.21,3.54,6.0137
2023-03-19,4.4357,22.75,62.84,1.31,1.8,6.0031
2023-03-20,5.4881,22.82,61.23,1.83,8.61,6.4466
2023-03-21,5.7398,23.19,55.46,1.89,0.01,6.4198
2023-03-22,5.8322,23.26,54.09,1.1,0.19,6.5424
2023-03-23,4.6452,24.09,51.53,1.43,0.02,6.1339
2023-03-24,6.3014,26.09,47.28,1.94,0.0,6.6103
2023-03-25,6.8369,25.42,42.11,2.46,0.0,7.0325
2023-03-26,6.7798,25.1,32.82,2.09,0.0,6.99
2023-03-27,6.7819,25.89,36.47,1.62,0.0,6.9835
2023-03-28,6.4464,27.32,34.01,1.25,0.0,6.7558
2023-03-29,6.5904,28.18,29.35,1.85,0.0,6.7066
2023-03-30,5.394,28.43,30.09,2.52,0.03,6.7214
2023-03-31,5.5954,26.39,38.45,2.93,1.89,6.6523
2023-04-01,5.7581,25.15,39.92,2.19,0.0,6.9101
2023-04-02,6.3096,27.24,32.58,1.83,0.0,7.0579
2023-04-03,6.6694,27.86,29.5,2.29,0.0,7.1208
2023-04-04,6.0206,28.26,31.53,2.37,0.03,7.0656
2023-04-05,7.0195,27.97,24.37,2.49,0.02,7.3445
2023-04-06,6.6446,28.41,17.56,1.74,0.0,7.1352
2023-04-07,5.933,29.2,22.96,1.5,0.0,6.9718
2023-04-08,5.801,26.91,37.12,2.61,4.86,6.6648
2023-04-09,6.089,28.46,41.1,1.42,0.67,6.9847
2023-04-10,6.8093,29.56,35.32,0.92,2.05,7.1102
2023-04-11,7.219,31.0,23.77,1.33,0.0,7.3003
2023-04-12,6.7488,31.39,24.71,1.64,0.0,7.0694
2023-04-13,6.5215,30.69,26.88,2.86,0.0,7.0236
2023-04-14,4.6044,29.89,27.75,3.38,0.0,6.6326
2023-04-15,5.8013,31.05,26.48,3.04,0.0,7.3946
2023-04-16,6.9646,31.25,23.74,2.46,0.0,7.5041
2023-04-17,7.4743,31.33,18.82,3.08,0.0,7.6694
2023-04-18,7.0188,32.07,18.82,3.65,0.0,7.535
2023-04-19,6.2947,32.48,20.98,3.48,0.44,7.2826
2023-04-20,5.887,31.39,24.23,3.5,0.2,7.1246
2023-04-21,7.1806,30.03,24.94,3.46,3.47,7.5187
2023-04-22,5.1463,29.62,22.6,2.1,0.0,7.5768
2023-04-23,5.4742,29.7,18.72,2.34,0.21,7.3757
2023-04-24,7.4172,28.76,25.03,1.84,0.0,7.5787
2023-04-25,7.3032,29.25,27.47,2.2,0.0,7.5386
2023-04-26,5.5106,27.89,40.22,2.29,5.3,6.786
2023-04-27,6.6425,28.83,48.03,2.35,0.34,7.289
2023-04-28,3.72,27.56,51.63,2.31,1.77,7.2439
2023-04-29,3.6331,24.66,70.18,1.8,7.28,6.7013
2023-04-30,3.5381,25.1,68.5,1.22,15.74,7.2154
2023-05-01,5.8958,24.6,66.94,2.78,6.88,7.0541
2023-05-02,6.0218,26.33,60.09,2.11,0.33,7.3166
2023-05-03,5.3206,27.01,58.34,1.5,9.23,7.279
2023-05-04,6.3874,27.74,55.13,1.49,2.88,7.3651
2023-05-05,5.8764,28.43,48.05,1.19,0.04,7.4544
2023-05-06,6.7368,30.35,42.13,1.54,0.01,7.344
2023-05-07,6.5066,31.29,43.73,1.82,0.01,7.3349
2023-05-08,7.0363,31.9,39.14,1.41,0.04,7.547
2023-05-09,7.9582,30.86,35.31,1.96,0.0,8.0414
2023-05-10,8.2702,30.09,26.53,2.26,0.0,8.2802
2023-05-11,8.2253,31.93,23.27,1.92,0.0,8.2262
2023-05-12,8.1713,32.2,23.02,2.08,0.0,8.1931
2023-05-13,8.0186,32.96,22.72,2.78,0.0,8.0422
2023-05-14,7.2809,34.27,21.75,4.09,0.0,7.8266
2023-05-15,7.2766,33.53,27.51,4.13,0.03,7.7434
2023-05-16,6.5748,33.94,32.56,3.85,4.14,7.5799
2023-05-17,6.3216,33.75,36.32,3.13,0.31,7.4414
2023-05-18,7.1462,33.21,33.37,3.37,2.84,7.6351
2023-05-19,7.0903,33.55,30.39,3.41,0.0,7.6954
2023-05-20,7.0963,34.33,26.01,2.54,0.0,7.6922
2023-05-21,6.1212,35.44,25.52,3.77,0.01,7.4558
2023-05-22,5.8186,34.88,27.23,3.87,3.55,7.5425
2023-05-23,7.5931,34.65,26.19,3.85,0.02,7.7333
2023-05-24,7.8996,33.61,27.21,4.31,0.0,7.9649
2023-05-25,7.1386,33.21,34.12,3.89,0.51,7.685
2023-05-26,7.3238,32.78,36.66,4.14,0.73,7.3994
2023-05-27,6.8772,33.29,40.83,2.52,0.51,7.1635
2023-05-28,6.3653,32.21,44.99,2.63,3.91,7.5749
2023-05-29,7.4009,30.7,50.35,1.98,4.02,7.5259
2023-05-30,6.3029,31.47,45.46,1.93,0.09,7.5449
2023-05-31,7.4676,31.81,36.68,3.16,0.0,7.5744
2023-06-01,7.7275,32.54,30.38,3.39,0.0,7.7971
2023-06-02,6.8162,33.24,33.71,3.52,0.77,7.5168
2023-06-03,6.401,33.18,38.96,2.27,2.21,7.3154
2023-06-04,7.1042,33.52,36.09,2.79,0.0,7.2682
2023-06-05,7.6802,33.29,34.45,3.19,0.0,7.7767
2023-06-06,6.539,34.13,32.23,2.42,0.09,7.5634
2023-06-07,7.1506,34.34,30.26,3.15,1.22,7.811
2023-06-08,6.3821,35.35,32.13,4.2,0.01,7.7047
2023-06-09,7.297,35.69,29.63,5.02,0.01,7.6502
2023-06-10,7.3939,34.92,29.72,4.79,0.0,7.7345
2023-06-11,7.4964,35.05,34.92,4.27,0.0,7.895
2023-06-12,7.17,35.91,36.15,3.86,0.0,7.579
2023-06-13,6.3979,35.62,36.45,4.15,1.71,7.3481
2023-06-14,7.4738,34.79,35.19,5.39,0.74,7.6963
2023-06-15,7.3469,34.25,36.88,5.53,0.0,7.6795
2023-06-16,7.4748,34.21,39.88,5.28,0.0,7.6594
2023-06-17,6.8326,33.12,43.74,5.94,0.0,7.3759
2023-06-18,5.7938,32.18,51.67,6.15,0.29,7.0229
2023-06-19,3.6413,31.91,52.14,5.92,1.01,6.7392
2023-06-20,4.8972,31.56,56.36,4.28,7.97,6.8914
2023-06-21,4.7542,30.31,64.78,3.26,3.33,6.5162
2023-06-22,3.1594,27.33,74.22,4.31,1.25,6.6768
2023-06-23,1.668,25.5,83.59,4.4,23.0,5.8296
2023-06-24,3.5914,28.7,71.5,2.74,1.2,6.2458
2023-06-25,4.6663,29.53,66.23,2.06,10.24,6.4015
2023-06-26,2.1106,27.38,80.17,3.29,47.4,5.9172
2023-06-27,1.9766,25.98,87.52,3.82,37.01,6.9079
2023-06-28,3.8357,26.39,84.36,3.94,10.67,7.1489
2023-06-29,3.2059,26.73,83.17,5.06,16.85,6.9542
2023-06-30,3.0854,25.79,86.2,5.21,8.93,7.1743
2023-07-01,3.407,26.35,84.44,3.72,9.57,7.26
2023-07-02,5.0256,27.92,78.44,2.83,4.65,6.9746
2023-07-03,5.2022,28.38,75.8,2.44,0.27,6.943
2023-07-04,5.8502,30.04,72.11,1.16,1.29,6.9833
2023-07-05,4.7652,28.09,84.7,1.29,7.77,6.6754
2023-07-06,5.401,27.4,87.81,4.01,17.14,6.8251
2023-07-07,3.7908,27.54,84.58,2.73,14.78,6.9766
2023-07-08,4.6058,26.78,85.06,3.09,13.28,7.3186
2023-07-09,2.8836,27.24,81.76,3.75,1.03,7.2286
2023-07-10,4.3114,27.33,82.32,3.83,5.21,7.3694
2023-07-11,3.5225,26.84,82.44,4.91,9.15,7.2504
2023-07-12,3.0367,27.68,81.32,3.33,7.16,6.8143
2023-07-13,3.7306,28.07,82.92,2.7,18.23,6.5998
2023-07-14,2.9993,26.9,86.04,2.83,16.22,6.5645
2023-07-15,1.9056,26.09,88.67,2.28,29.03,6.1646
2023-07-16,2.9498,26.41,85.94,2.58,25.15,6.708
2023-07-17,3.4128,26.75,87.94,3.03,31.78,6.3763
2023-07-18,4.1362,27.38,87.42,2.0,19.92,6.8131
2023-07-19,5.3189,28.19,83.53,2.04,9.9,7.1254
2023-07-20,5.6707,28.79,81.78,1.91,7.48,7.2065
2023-07-21,6.2314,28.68,83.0,1.85,6.05,7.2458
2023-07-22,5.3143,27.77,86.43,2.37,15.35,7.3733
2023-07-23,4.8005,28.11,83.02,1.97,4.65,7.2917
2023-07-24,3.6588,27.87,85.28,2.18,9.26,7.267
2023-07-25,4.7566,26.46,90.06,3.17,1.99,7.1076
2023-07-26,4.5569,27.0,90.58,2.93,15.03,6.9226
2023-07-27,5.4396,28.35,83.94,2.53,3.5,6.9048
2023-07-28,3.4541,27.77,87.68,3.09,12.76,6.5158
2023-07-29,3.6106,26.11,87.48,3.63,3.5,6.8266
2023-07-30,3.3415,26.4,85.65,3.89,3.32,7.2146
2023-07-31,4.95,27.12,85.08,3.7,2.37,6.9425
2023-08-01,4.8026,27.29,84.5,3.77,1.74,6.4812
2023-08-02,2.5618,26.37,86.57,4.36,7.93,6.5626
2023-08-03,1.5019,24.47,92.85,5.06,57.04,6.6506
2023-08-04,1.3342,24.51,91.71,3.9,18.35,7.1174
2023-08-05,2.2752,25.54,89.96,3.89,6.35,6.5122
2023-08-06,3.3163,25.09,90.55,3.57,2.08,6.6708
2023-08-07,3.7572,25.59,84.25,4.42,0.87,5.4547
2023-08-08,3.8681,24.64,87.66,3.97,0.02,6.2561
2023-08-09,4.5466,25.72,84.04,3.55,0.0,6.4027
2023-08-10,5.1708,26.03,84.27,3.06,0.0,6.6574
2023-08-11,5.3897,26.14,84.22,2.82,0.04,6.781
2023-08-12,4.0889,25.93,83.98,3.15,0.06,6.5462
2023-08-13,3.2657,25.67,84.29,3.57,1.93,6.0295
2023-08-14,3.4301,25.27,85.06,2.91,2.62,6.5374
2023-08-15,3.7817,25.43,85.08,2.42,2.77,6.7399
2023-08-16,4.5914,26.01,84.31,2.76,0.35,6.6986
2023-08-17,2.8454,26.12,84.15,2.95,8.75,5.5546
2023-08-18,2.0894,25.27,90.34,2.54,44.73,6.0398
2023-08-19,2.6208,26.23,89.29,2.96,28.09,6.5998
2023-08-20,3.9857,27.71,84.39,1.43,11.07,6.5712
2023-08-21,2.803,27.13,86.49,2.33,0.31,6.3454
2023-08-22,2.9158,25.82,88.69,4.14,1.61,6.0602
2023-08-23,2.2471,25.43,88.19,3.15,0.46,5.9522
2023-08-24,4.2324,25.0,87.17,3.3,0.16,6.5304
2023-08-25,3.2928,25.54,84.37,3.21,0.14,6.4411
2023-08-26,5.3827,25.65,86.31,2.73,0.01,6.1034
2023-08-27,4.8089,25.46,84.25,3.1,1.32,6.0386
2023-08-28,5.0945,24.83,83.23,3.38,0.36,5.9105
2023-08-29,5.221,25.26,84.05,2.46,0.0,6.4274
2023-08-30,6.5006,25.87,80.04,1.91,0.0,6.7157
2023-08-31,6.3346,26.43,80.38,1.84,5.4,6.6667
2023-09-01,6.4812,27.07,78.98,1.52,1.41,6.6835
2023-09-02,6.3782,27.32,79.26,1.97,0.0,6.6134
2023-09-03,6.2278,27.02,79.71,1.89,0.0,6.5633
2023-09-04,6.2323,26.8,79.27,2.52,0.01,6.727
2023-09-05,5.2882,26.68,82.44,2.76,10.26,6.3979
2023-09-06,2.7566,26.04,90.13,2.68,12.98,6.073
2023-09-07,2.873,26.19,88.68,3.27,9.91,6.3509
2023-09-08,3.007,26.18,88.65,2.35,15.1,6.1639
2023-09-09,3.5868,25.96,91.73,2.68,36.13,6.4548
2023-09-10,2.6359,26.08,90.2,2.67,23.5,6.3048
2023-09-11,3.4834,25.55,86.6,3.72,2.18,6.1318
2023-09-12,2.5963,25.1,87.64,3.77,7.1,5.9376
2023-09-13,2.3076,25.01,88.22,2.91,2.52,6.2009
2023-09-14,2.3117,25.61,87.86,1.95,10.91,5.6942
2023-09-15,1.829,25.81,92.23,2.95,39.58,6.1754
2023-09-16,1.7621,25.44,90.31,4.13,42.39,6.2426
2023-09-17,2.9453,23.67,90.85,5.74,2.85,6.3542
2023-09-18,4.439,24.37,87.37,3.04,0.06,6.2621
2023-09-19,5.7869,25.81,85.84,1.65,0.01,6.3682
2023-09-20,5.2591,26.45,83.28,0.98,1.42,6.2693
2023-09-21,3.9036,26.45,86.1,1.31,13.45,6.0175
2023-09-22,4.067,26.84,87.55,1.68,5.15,5.9234
2023-09-23,4.445,26.02,91.13,1.15,5.02,5.809
2023-09-24,4.8046,26.33,87.36,1.58,2.59,5.5248
2023-09-25,4.9454,26.63,82.14,1.26,2.03,5.6383
2023-09-26,5.6434,26.39,82.31,1.12,0.12,5.9438
2023-09-27,6.0017,25.96,83.67,1.35,0.0,6.113
2023-09-28,5.783,26.34,79.32,1.19,0.0,6.0502
2023-09-29,5.6736,26.01,76.0,1.1,0.0,5.8982
2023-09-30,6.0977,25.33,71.21,1.32,0.0,6.1104
2023-10-01,5.8411,25.25,71.74,1.39,0.0,5.8666
2023-10-02,4.8266,25.12,78.26,1.91,0.0,5.809
2023-10-03,5.8982,24.93,70.29,1.51,0.0,6.1598
2023-10-04,6.3077,23.95,71.01,1.95,0.0,6.3302
2023-10-05,5.9954,23.03,73.44,2.25,0.0,6.1615
2023-10-06,6.3178,23.54,76.52,2.25,0.0,6.3286
2023-10-07,6.1133,24.39,77.06,2.18,0.0,6.1267
2023-10-08,6.0398,24.02,78.91,2.29,0.0,6.0437
2023-10-09,6.1243,24.11,79.16,2.21,0.0,6.1262
2023-10-10,5.9501,23.88,78.08,1.91,0.0,6.0149
2023-10-11,5.7821,23.98,78.04,1.71,0.0,5.9182
2023-10-12,5.7266,23.99,75.72,1.68,0.0,5.8819
2023-10-13,5.6767,24.92,69.92,1.22,0.0,5.761
2023-10-14,4.4434,24.44,69.16,1.55,0.0,5.4662
2023-10-15,4.3109,24.73,69.41,1.23,0.0,5.1528
2023-10-16,3.5141,24.91,73.69,1.36,0.24,5.1259
2023-10-17,4.6802,24.68,74.84,1.2,1.18,5.0834
2023-10-18,4.4086,24.79,69.17,0.74,0.03,5.2205
2023-10-19,5.0191,23.24,75.53,1.39,0.0,5.3383
2023-10-20,5.3052,23.0,74.18,1.34,0.0,5.4062
2023-10-21,5.1672,23.12,68.41,1.14,0.0,5.3839
2023-10-22,5.2222,22.39,69.43,1.33,0.0,5.375
2023-10-23,5.2061,21.61,72.09,1.62,0.0,5.2565
2023-10-24,5.1746,21.37,67.3,1.45,0.0,5.275
2023-10-25,5.1636,21.46,65.68,1.33,0.0,5.2063
2023-10-26,5.1938,22.35,57.45,1.19,0.0,5.221
2023-10-27,5.4353,21.81,58.67,1.24,0.0,5.4386
2023-10-28,5.2073,21.08,64.32,1.42,0.0,5.2469
2023-10-29,5.1744,21.27,65.49,1.64,0.0,5.1778
2023-10-30,4.763,20.44,72.16,1.57,0.0,5.1055
2023-10-31,4.8151,21.35,70.42,1.76,0.0,4.9392
2023-11-01,4.8835,21.67,72.54,1.38,0.0,4.8847
2023-11-02,4.7292,21.72,68.8,1.25,0.0,4.7422
2023-11-03,4.8012,21.78,64.19,1.38,0.0,4.8014
2023-11-04,4.4285,21.72,59.78,1.43,0.0,4.4902
2023-11-05,4.1724,21.61,62.48,1.42,0.0,4.2382
2023-11-06,4.1414,22.36,57.28,1.27,0.0,4.2456
2023-11-07,4.1594,22.77,57.3,0.92,0.0,4.2622
2023-11-08,4.2794,22.92,56.32,0.83,0.0,4.3853
2023-11-09,4.0838,23.28,54.3,0.87,0.0,4.2581
2023-11-10,4.069,22.6,63.81,1.63,0.0,4.097
2023-11-11,4.3901,22.16,63.19,1.64,0.0,4.4318
2023-11-12,4.6702,19.92,59.82,1.56,0.0,4.699
2023-11-13,4.1364,19.11,62.23,1.62,0.0,4.7813
2023-11-14,4.5689,19.45,61.15,1.62,0.0,4.6793
2023-11-15,4.1784,19.22,61.88,1.79,0.0,4.2823
2023-11-16,3.9624,18.68,65.06,1.88,0.0,3.973
2023-11-17,4.0872,18.55,63.31,1.79,0.0,4.0906
2023-11-18,4.1309,19.42,65.22,1.51,0.0,4.1434
2023-11-19,3.942,20.57,71.2,1.55,0.0,3.9686
2023-11-20,4.0663,21.24,71.08,1.25,0.0,4.0764
2023-11-21,3.594,20.87,68.76,1.23,0.0,3.6583
2023-11-22,3.5842,20.14,63.09,1.05,0.0,3.6319
2023-11-23,3.6269,19.28,61.34,1.19,0.0,3.6283
2023-11-24,3.8546,19.2,58.87,1.33,0.0,3.8623
2023-11-25,4.3378,17.81,57.62,1.59,0.0,4.3406
2023-11-26,2.8174,16.35,58.69,1.58,0.0,4.4878
2023-11-27,1.6464,16.8,80.74,1.88,6.88,3.3187
2023-11-28,2.2848,18.87,86.82,1.19,2.51,3.3936
2023-11-29,1.8161,20.14,80.92,1.37,0.99,3.6638
2023-11-30,2.0071,20.65,84.61,2.41,7.27,3.7697
2023-12-01,1.5007,19.87,86.27,1.74,5.27,3.6583
2023-12-02,1.7357,20.53,80.87,2.06,0.76,3.5777
2023-12-03,3.1505,21.02,74.67,2.36,0.21,3.721
2023-12-04,1.9764,20.88,70.69,1.77,0.11,3.0763
2023-12-05,1.6154,19.72,77.68,2.46,0.01,3.3034
2023-12-06,2.1319,19.12,80.19,3.2,0.12,3.7572
2023-12-07,2.263,18.71,82.64,2.8,0.22,3.5885
2023-12-08,3.8234,19.47,76.97,1.11,0.0,4.0058
2023-12-09,3.8038,18.63,73.33,1.15,0.0,4.1246
2023-12-10,4.0538,17.61,67.17,1.2,0.0,4.1362
2023-12-11,4.3126,17.7,61.41,1.28,0.0,4.331
2023-12-12,3.9713,17.51,62.67,1.5,0.0,4.337
2023-12-13,4.3241,16.82,59.13,1.33,0.0,4.3466
2023-12-14,4.5254,16.36,54.43,1.38,0.0,4.5341
2023-12-15,4.3553,16.58,58.76,1.51,0.0,4.3774
2023-12-16,3.7826,17.03,60.11,1.07,0.0,4.169
2023-12-17,4.2595,16.77,59.91,1.34,0.0,4.3198
2023-12-18,4.368,15.47,56.91,1.7,0.0,4.4126
2023-12-19,3.8093,15.18,52.65,1.68,0.0,4.59
2023-12-20,4.2283,13.79,49.61,1.58,0.0,4.5958
2023-12-21,4.1693,14.39,51.37,1.25,0.0,4.5221
2023-12-22,2.7665,14.8,51.63,1.29,0.0,4.333
2023-12-23,4.321,17.87,45.69,1.71,0.0,4.3502
2023-12-24,4.0428,17.48,54.01,1.44,0.0,4.1222
2023-12-25,3.7985,17.68,54.78,1.31,0.0,3.9149
2023-12-26,4.0039,17.71,56.75,1.4,0.0,4.0538
2023-12-27,3.9811,17.54,58.33,1.47,0.0,4.1182
2023-12-28,3.8671,17.47,58.91,1.23,0.0,4.0951
2023-12-29,3.5753,17.41,63.34,1.43,0.0,3.7013
2023-12-30,3.3115,17.85,66.8,1.4,0.0,3.3871
2023-12-31,3.0835,18.63,67.83,1.4,0.0,3.157
