date,ALLSKY_SFC_SW_DWN,T2M,RH2M,WS2M,PRECTOTCORR,CLRSKY_SFC_SW_DWN
2018-01-01,3.2542,24.21,83.78,3.47,0.02,5.3326
2018-01-02,4.9944,24.1,83.69,2.84,0.0,5.4814
2018-01-03,4.8264,24.23,82.22,2.82,0.0,5.0182
2018-01-04,4.8912,23.7,74.23,3.11,0.0,5.0179
2018-01-05,4.915,22.97,69.66,2.83,0.0,5.0458
2018-01-06,5.0542,22.71,65.99,2.29,0.0,5.1084
2018-01-07,5.0378,22.27,69.69,2.73,0.0,5.1089
2018-01-08,4.776,22.8,74.93,3.47,0.0,5.2596
2018-01-09,3.2335,23.88,81.28,4.1,0.87,5.1941
2018-01-10,2.4403,24.5,84.68,3.93,1.66,5.1014
2018-01-11,4.8065,24.95,83.02,2.76,0.15,5.1552
2018-01-12,4.9253,24.59,82.01,1.9,0.0,5.0299
2018-01-13,5.1833,24.31,82.88,1.69,0.0,5.4242
2018-01-14,4.9406,24.0,83.5,1.98,0.0,5.1432
2018-01-15,4.8382,24.33,80.19,2.06,0.0,4.9258
2018-01-16,4.6846,24.41,78.15,1.85,0.0,5.0894
2018-01-17,5.4146,23.87,73.04,2.28,0.0,5.4218
2018-01-18,5.4331,23.13,71.64,2.83,0.0,5.6179
2018-01-19,5.3335,22.77,72.69,2.8,0.0,5.4305
2018-01-20,5.1067,22.82,72.47,2.7,0.0,5.4809
2018-01-21,5.136,22.76,75.21,2.98,0.0,5.5135
2018-01-22,5.0962,23.03,74.54,2.69,0.0,5.7005
2018-01-23,5.2042,23.41,73.04,2.16,0.0,5.651
2018-01-24,4.9968,23.77,74.58,2.31,0.0,5.1715
2018-01-25,4.7818,23.83,75.7,2.33,0.0,4.9438
2018-01-26,5.1766,24.11,72.19,2.2,0.0,5.3254
2018-01-27,4.9574,24.12,72.01,2.83,0.0,5.3119
2018-01-28,5.3981,23.58,75.03,3.4,0.0,5.4749
2018-01-29,5.4072,23.65,74.44,3.44,0.0,5.7792
2018-01-30,5.5356,23.47,72.62,3.23,0.0,5.6616
2018-01-31,5.5529,23.22,70.89,2.7,0.0,5.5862
2018-02-01,6.0936,23.25,66.16,2.01,0.0,6.1649
2018-02-02,6.0326,23.48,63.75,1.87,0.0,6.0466
2018-02-03,6.1406,23.35,66.89,2.33,0.0,6.1742
2018-02-04,6.222,23.2,68.26,2.62,0.0,6.3948
2018-02-05,5.6789,23.85,71.52,2.78,0.0,6.3022
2018-02-06,4.6123,24.93,77.81,2.73,0.07,6.1764
2018-02-07,5.2385,25.58,81.22,1.35,5.39,6.1128
2018-02-08,5.0988,25.97,75.96,1.46,2.93,6.0022
2018-02-09,5.6702,25.52,75.35,1.71,0.0,5.8399
2018-02-10,5.3537,25.19,77.63,1.62,0.0,5.6143
2018-02-11,5.5152,25.67,75.96,2.47,0.0,5.7178
2018-02-12,5.3268,25.34,75.02,2.65,0.0,5.9609
2018-02-13,4.727,24.81,77.09,2.82,0.0,5.9837
2018-02-14,5.5332,25.26,75.08,3.27,0.0,5.7713
2018-02-15,5.7288,25.43,77.69,3.58,0.0,5.999
2018-02-16,5.862,25.4,72.56,2.56,0.0,6.0494
2018-02-17,5.8848,25.54,71.75,2.0,0.0,6.2952
2018-02-18,6.0938,25.1,70.05,2.03,0.0,6.1915
2018-02-19,6.1447,25.0,71.31,2.4,0.0,6.2614
2018-02-20,5.9239,25.12,72.55,2.79,0.0,6.0367
2018-02-21,6.317,25.07,71.04,2.77,0.0,6.5654
2018-02-22,6.4656,24.96,68.48,2.4,0.0,6.5071
2018-02-23,6.5736,24.94,68.1,2.43,0.0,6.7382
2018-02-24,6.4963,25.16,68.46,2.52,0.0,6.7702
2018-02-25,6.7198,25.64,69.1,3.11,0.0,6.7582
2018-02-26,6.4903,25.91,70.21,2.58,0.0,6.4997
2018-02-27,6.7668,26.14,66.46,2.25,0.0,6.8892
2018-02-28,6.1214,26.27,66.05,2.23,0.0,6.396
2018-03-01,6.4678,26.76,65.1,1.64,0.0,6.4757
2018-03-02,6.636,26.4,64.21,1.94,0.0,6.6696
2018-03-03,6.936,26.34,57.67,2.03,0.0,6.9456
2018-03-04,6.8851,26.03,58.41,2.47,0.0,6.906
2018-03-05,6.8606,26.29,59.67,2.15,0.0,6.8981
2018-03-06,6.8138,26.63,64.85,2.05,0.0,6.8215
2018-03-07,6.5717,26.71,66.6,1.88,0.0,6.8134
2018-03-08,6.5551,27.01,61.66,2.12,0.0,6.6053
2018-03-09,5.3851,27.18,67.71,2.51,0.0,6.1358
2018-03-10,5.6918,27.56,67.37,2.39,0.0,5.97
2018-03-11,5.6885,27.44,69.98,2.54,0.0,6.2465
2018-03-12,6.1666,27.77,72.07,2.82,0.9,6.7771
2018-03-13,5.755,28.62,67.75,2.75,0.16,6.5772
2018-03-14,5.5486,28.54,67.84,2.42,0.03,6.4344
2018-03-15,6.318,28.82,67.68,2.95,0.3,6.6146
2018-03-16,6.0134,28.93,70.51,3.19,4.69,6.7793
2018-03-17,3.4529,26.96,77.06,2.04,15.29,6.4675
2018-03-18,6.313,27.94,69.99,2.89,0.02,6.4454
2018-03-19,6.325,27.75,67.38,2.33,0.0,6.5861
2018-03-20,6.5496,28.0,64.68,2.12,0.0,6.6048
2018-03-21,6.3233,28.27,67.15,2.59,0.0,6.5422
2018-03-22,6.1819,28.91,65.91,2.83,0.0,6.3348
2018-03-23,5.8296,29.21,69.15,3.05,0.01,6.3055
2018-03-24,5.723,29.38,67.84,2.75,0.0,6.005
2018-03-25,6.1997,28.82,65.26,2.72,0.0,6.4226
2018-03-26,6.2986,28.56,62.65,2.08,0.0,6.637
2018-03-27,6.041,29.22,66.65,2.86,0.0,6.5191
2018-03-28,6.0727,29.91,70.42,3.49,0.0,6.2676
2018-03-29,6.0446,30.26,67.4,3.96,0.0,6.2102
2018-03-30,5.7103,29.91,69.56,4.3,0.0,6.0353
2018-03-31,5.887,29.71,72.4,3.58,0.03,6.157
2018-04-01,6.1238,29.7,71.76,3.7,0.11,6.4421
2018-04-02,6.109,29.71,67.89,3.1,0.12,6.5393
2018-04-03,6.3274,29.59,66.56,2.9,0.08,6.6794
2018-04-04,6.3626,29.7,65.21,2.94,0.03,6.6221
2018-04-05,6.509,29.63,64.13,3.36,0.0,6.6425
2018-04-06,6.6024,29.88,64.39,3.16,0.01,6.7721
2018-04-07,6.2954,30.01,66.09,3.03,0.04,6.545
2018-04-08,6.7704,29.95,64.9,3.36,0.09,6.8822
2018-04-09,6.7445,29.84,62.91,2.98,0.12,7.074
2018-04-10,6.7706,30.02,66.23,3.26,0.03,6.985
2018-04-11,7.0262,30.43,64.35,2.69,0.02,7.4544
2018-04-12,7.0394,30.79,63.16,2.84,0.02,7.333
2018-04-13,6.8114,31.14,63.08,3.17,0.05,7.3855
2018-04-14,6.7562,31.2,63.4,3.39,0.08,7.2456
2018-04-15,6.8806,31.36,62.3,3.43,0.05,7.1275
2018-04-16,6.7685,31.53,62.47,2.76,0.04,7.0289
2018-04-17,6.6883,31.29,60.93,3.21,0.0,7.001
2018-04-18,6.7594,31.94,58.6,3.8,0.0,6.9538
2018-04-19,5.736,31.94,60.98,4.66,0.01,7.1326
2018-04-20,6.2251,31.97,62.5,4.24,0.08,6.5006
2018-04-21,6.2282,31.39,65.0,4.69,0.08,6.5242
2018-04-22,6.7838,31.92,61.48,4.17,0.09,6.9679
2018-04-23,6.7222,31.34,65.62,3.87,0.11,6.8902
2018-04-24,6.6646,31.49,63.22,4.2,0.03,7.0318
2018-04-25,6.259,31.45,64.1,3.9,0.2,6.5626
2018-04-26,6.5582,31.58,64.98,4.19,0.03,6.8822
2018-04-27,6.715,31.18,66.01,3.44,0.0,6.9566
2018-04-28,6.7087,31.48,61.72,3.64,0.0,7.0322
2018-04-29,6.4063,31.55,65.82,4.08,0.01,6.8455
2018-04-30,6.2395,32.05,65.93,4.77,0.04,6.6454
2018-05-01,5.9539,31.97,67.84,5.05,0.49,6.3266
2018-05-02,5.3962,31.23,71.31,3.71,2.08,6.3461
2018-05-03,5.935,30.59,74.66,3.47,4.27,6.5251
2018-05-04,6.2402,29.6,76.51,2.53,4.9,6.9396
2018-05-05,6.8086,30.34,71.51,3.3,0.04,7.0788
2018-05-06,6.0389,30.27,71.9,3.29,0.09,7.2331
2018-05-07,6.4795,30.59,68.82,3.58,0.12,7.134
2018-05-08,5.8925,30.33,71.66,3.74,0.88,6.9931
2018-05-09,6.5921,31.09,65.77,4.47,0.22,7.117
2018-05-10,6.5726,31.19,61.89,4.84,0.14,7.3246
2018-05-11,6.5959,31.35,65.08,4.04,0.24,6.8398
2018-05-12,6.535,31.52,67.11,4.02,0.17,7.0006
2018-05-13,6.3535,31.43,66.51,3.94,0.28,7.0466
2018-05-14,6.6677,31.29,67.12,3.27,0.1,7.0891
2018-05-15,5.2536,30.37,59.92,2.4,0.03,6.9374
2018-05-16,6.72,31.34,55.05,3.31,0.09,6.9732
2018-05-17,6.4154,31.81,62.33,3.69,0.24,6.8064
2018-05-18,5.3362,32.41,59.11,3.86,0.04,6.774
2018-05-19,6.0924,31.84,63.16,3.96,1.08,6.5371
2018-05-20,6.1061,30.88,70.46,3.23,3.33,6.3802
2018-05-21,6.4762,30.84,71.23,3.05,0.37,6.7666
2018-05-22,5.8164,31.0,64.77,2.85,0.22,6.8059
2018-05-23,6.5371,30.92,66.59,2.88,0.07,7.0066
2018-05-24,4.9637,31.41,64.28,2.92,0.04,6.7896
2018-05-25,5.2421,30.28,68.18,2.28,0.3,7.0274
2018-05-26,5.9503,30.31,67.17,2.91,0.09,7.2262
2018-05-27,6.5537,30.83,68.68,3.78,0.05,7.0433
2018-05-28,6.1121,30.94,69.06,4.59,0.04,7.1184
2018-05-29,6.1231,32.57,60.3,3.38,0.04,7.0066
2018-05-30,5.9909,32.87,60.72,3.1,0.29,6.8438
2018-05-31,5.6923,32.22,68.05,2.98,0.41,6.3396
2018-06-01,5.8627,32.12,66.56,1.71,2.73,6.3091
2018-06-02,4.6925,30.28,71.13,1.93,11.48,6.2842
2018-06-03,5.7989,30.29,71.15,2.51,1.96,6.3233
2018-06-04,5.1163,29.68,72.68,3.79,1.24,6.4774
2018-06-05,5.6126,30.61,70.02,2.76,0.63,6.565
2018-06-06,4.7172,29.77,73.37,2.06,8.9,6.151
2018-06-07,4.7839,29.82,72.58,3.39,17.19,6.8426
2018-06-08,5.4826,30.56,62.75,4.69,0.37,6.9002
2018-06-09,4.6274,30.78,62.78,5.41,0.44,6.8078
2018-06-10,5.1067,31.15,59.88,4.71,0.17,6.6456
2018-06-11,4.1534,31.18,64.64,5.06,0.03,6.5138
2018-06-12,3.6043,31.08,65.12,4.21,0.19,6.2676
2018-06-13,4.0817,31.27,62.98,4.05,0.03,6.198
2018-06-14,5.879,31.11,62.67,3.45,0.02,6.3574
2018-06-15,5.3813,31.18,59.07,2.78,7.17,6.5467
2018-06-16,6.2189,30.3,58.15,3.31,1.31,6.7114
2018-06-17,6.5239,30.69,55.26,3.77,1.36,6.8873
2018-06-18,6.3569,31.23,54.35,4.01,0.65,6.7565
2018-06-19,6.2436,31.13,58.58,3.76,0.51,6.9367
2018-06-20,6.5597,30.46,66.17,3.11,0.24,7.0579
2018-06-21,6.7164,30.22,65.14,3.6,0.15,7.1052
2018-06-22,5.4521,30.33,63.46,2.77,0.11,7.0416
2018-06-23,6.126,30.56,63.38,2.37,0.53,6.9782
2018-06-24,3.1517,30.83,62.1,2.61,0.84,6.6672
2018-06-25,4.0834,30.59,59.9,2.91,1.02,6.9096
2018-06-26,5.2267,30.96,57.32,3.01,0.96,6.8026
2018-06-27,3.635,30.7,61.4,3.26,2.25,6.887
2018-06-28,3.6048,29.76,67.07,3.03,0.39,6.6818
2018-06-29,3.559,29.55,64.66,3.06,0.4,6.8177
2018-06-30,2.8327,28.66,65.2,2.41,0.59,6.7138
2018-07-01,3.8316,29.32,66.31,1.88,3.13,6.5551
2018-07-02,6.288,30.09,66.65,2.36,4.72,6.8621
2018-07-03,5.5906,28.69,73.99,2.82,19.16,7.247
2018-07-04,4.0027,29.96,65.27,2.68,0.7,7.0351
2018-07-05,6.481,30.26,64.12,2.87,0.4,6.7392
2018-07-06,4.6246,30.42,61.72,3.35,0.21,6.727
2018-07-07,2.8577,29.81,62.49,3.47,0.03,6.5866
2018-07-08,3.8954,29.98,61.23,4.55,0.2,6.6518
2018-07-09,3.5143,30.14,60.76,4.44,0.57,6.6569
2018-07-10,4.121,29.09,67.9,4.48,5.69,6.7944
2018-07-11,4.0301,28.98,67.73,4.28,7.06,6.666
2018-07-12,3.7066,29.47,68.87,4.1,5.17,6.8105
2018-07-13,4.4592,29.13,65.62,4.87,7.11,6.8153
2018-07-14,5.227,29.48,67.04,4.7,3.34,6.8294
2018-07-15,3.7788,30.77,62.37,4.66,0.15,6.8158
2018-07-16,5.4878,30.48,59.89,5.67,0.0,6.7082
2018-07-17,5.5339,30.73,58.58,4.9,0.1,6.6468
2018-07-18,5.3774,30.59,59.97,4.41,0.05,6.5299
2018-07-19,4.8926,30.5,63.21,3.91,0.38,6.2354
2018-07-20,4.1333,30.15,63.17,4.31,0.15,6.51
2018-07-21,3.3014,30.32,61.92,4.74,0.14,6.7171
2018-07-22,4.878,30.63,62.35,3.26,0.0,6.7682
2018-07-23,5.6534,30.8,61.17,2.96,0.89,6.7111
2018-07-24,6.0449,30.89,63.42,3.18,0.62,6.8323
2018-07-25,5.544,30.79,63.22,3.15,0.42,6.8875
2018-07-26,5.6354,30.83,64.73,3.28,1.77,6.5935
2018-07-27,4.4141,31.04,61.88,3.0,0.16,6.1884
2018-07-28,5.0004,31.11,60.46,3.04,0.06,6.1802
2018-07-29,5.153,31.41,60.45,3.36,0.99,5.7619
2018-07-30,4.877,30.55,64.53,2.9,1.46,5.7787
2018-07-31,4.7225,30.57,62.78,3.31,3.76,6.2009
2018-08-01,4.8845,30.89,59.85,3.8,1.29,6.3586
2018-08-02,4.4988,30.74,62.67,3.04,1.9,5.9402
2018-08-03,4.7251,30.28,65.14,2.73,1.92,6.4222
2018-08-04,4.7618,30.21,65.39,2.17,10.12,6.5333
2018-08-05,4.3651,29.07,70.72,2.61,4.87,5.8946
2018-08-06,4.7374,30.49,61.44,3.77,0.56,6.5287
2018-08-07,3.7145,29.98,60.66,4.22,1.87,6.3706
2018-08-08,5.3575,30.1,63.13,3.53,2.24,6.655
2018-08-09,5.7557,29.63,68.15,3.15,6.36,6.5527
2018-08-10,2.2325,29.06,66.59,3.41,2.0,6.2652
2018-08-11,1.1232,28.41,69.22,3.7,4.18,6.246
2018-08-12,2.7703,28.85,66.67,4.31,1.61,6.4375
2018-08-13,3.2496,29.75,62.17,4.23,0.88,6.781
2018-08-14,2.8872,28.54,69.94,3.98,17.88,6.505
2018-08-15,1.9771,27.67,81.21,4.08,18.8,6.0984
2018-08-16,4.5336,29.54,70.45,4.17,3.1,6.391
2018-08-17,5.4638,30.05,66.09,3.03,1.36,6.4315
2018-08-18,4.2566,30.13,62.72,3.49,0.52,5.7526
2018-08-19,3.9581,30.16,62.37,3.66,0.36,6.2206
2018-08-20,4.3414,30.7,59.38,3.88,0.01,6.702
2018-08-21,6.0931,31.14,58.84,3.08,0.07,6.8354
2018-08-22,6.1498,30.65,61.14,2.62,0.04,6.8671
2018-08-23,5.9206,30.87,65.98,2.7,0.68,6.8177
2018-08-24,3.8566,30.24,68.22,2.29,4.52,6.6953
2018-08-25,4.469,29.78,68.35,2.26,6.7,6.5652
2018-08-26,4.6351,29.69,68.67,2.04,2.12,6.7397
2018-08-27,3.6809,29.65,68.83,2.41,6.51,6.4848
2018-08-28,4.1458,29.71,69.64,2.95,5.99,6.7884
2018-08-29,4.5782,29.6,70.65,2.65,3.86,6.8338
2018-08-30,5.9798,30.04,67.69,2.82,6.77,6.6869
2018-08-31,3.6242,27.76,78.54,2.92,8.02,6.8402
2018-09-01,4.2346,28.21,76.34,3.16,9.18,6.6538
2018-09-02,5.2908,29.09,70.06,2.46,0.71,6.5062
2018-09-03,6.1387,29.39,68.51,2.39,0.18,6.9192
2018-09-04,6.1346,29.15,70.53,2.7,0.86,6.6226
2018-09-05,4.5845,29.37,70.42,2.55,0.34,6.473
2018-09-06,5.5862,29.93,66.18,2.62,0.03,6.6593
2018-09-07,6.114,30.54,62.64,2.82,0.03,6.6055
2018-09-08,6.515,30.48,63.81,2.64,0.08,6.8702
2018-09-09,6.3091,30.06,66.97,2.53,0.42,6.911
2018-09-10,5.0256,28.34,73.13,2.19,0.94,6.6581
2018-09-11,6.0912,29.38,71.76,2.85,2.5,6.3108
2018-09-12,5.8435,29.71,71.91,2.9,2.05,6.4435
2018-09-13,6.0782,29.7,70.99,3.11,2.21,6.714
2018-09-14,5.7989,29.61,73.07,2.61,5.4,6.4392
2018-09-15,5.7931,29.65,72.44,2.78,9.36,6.4414
2018-09-16,4.9507,26.85,85.32,2.97,21.44,6.1963
2018-09-17,2.741,26.56,85.84,2.77,28.47,6.3672
2018-09-18,2.8651,27.31,79.28,2.3,16.75,6.2748
2018-09-19,2.1197,27.74,76.79,3.0,1.53,6.4306
2018-09-20,3.2858,28.09,75.24,2.39,0.63,6.1994
2018-09-21,5.0642,28.9,73.63,2.69,2.39,6.283
2018-09-22,5.2291,28.56,76.88,2.04,1.04,6.2966
2018-09-23,6.2856,27.81,81.35,2.12,0.12,6.7118
2018-09-24,6.5467,28.04,78.07,1.68,0.01,6.9658
2018-09-25,6.3182,27.63,80.44,1.68,0.0,6.9281
2018-09-26,6.5599,27.96,78.39,1.91,0.01,6.8071
2018-09-27,6.1198,28.24,76.17,2.0,0.06,7.0114
2018-09-28,6.4776,28.37,74.94,1.86,0.26,7.007
2018-09-29,6.2904,28.41,76.47,2.0,0.31,7.0368
2018-09-30,6.6062,28.75,76.08,2.15,1.4,6.8527
2018-10-01,6.3874,28.34,79.57,2.18,2.42,7.0219
2018-10-02,6.1486,28.44,77.27,2.07,1.41,6.4908
2018-10-03,5.4029,27.89,81.24,1.96,12.43,6.8551
2018-10-04,1.2055,27.22,83.92,1.92,29.57,6.7459
2018-10-05,2.1958,26.99,86.12,1.87,25.88,6.72
2018-10-06,5.9148,27.32,85.56,2.1,8.08,6.6763
2018-10-07,5.5565,27.63,81.1,2.42,1.66,6.3482
2018-10-08,4.5055,27.37,83.86,2.5,3.54,6.097
2018-10-09,5.2013,27.75,78.02,2.14,0.43,6.1867
2018-10-10,4.967,28.54,65.73,2.56,0.0,6.276
2018-10-11,5.4655,28.48,63.73,1.97,0.0,6.2918
2018-10-12,5.5366,28.41,72.28,2.87,0.02,5.694
2018-10-13,5.4677,28.23,80.77,3.84,0.32,5.9414
2018-10-14,5.4742,28.24,80.53,2.85,5.02,5.8586
2018-10-15,5.1432,28.03,80.54,2.09,2.09,6.3259
2018-10-16,5.7002,27.59,79.61,1.44,1.36,6.4306
2018-10-17,4.8091,27.07,79.51,1.88,12.69,6.3521
2018-10-18,4.2346,26.52,79.22,1.23,12.45,6.2086
2018-10-19,5.3117,26.74,77.67,1.91,8.48,6.1963
2018-10-20,5.2814,27.16,74.73,2.57,1.23,5.9986
2018-10-21,3.7697,27.11,78.76,3.16,4.37,5.832
2018-10-22,5.4595,26.92,75.94,2.76,0.0,6.0031
2018-10-23,5.411,26.55,75.72,2.33,0.0,5.9206
2018-10-24,5.5625,26.74,76.02,2.34,0.0,5.7845
2018-10-25,5.3983,27.16,77.17,3.17,0.0,5.785
2018-10-26,5.2654,27.48,74.51,3.86,0.0,5.677
2018-10-27,5.1732,27.26,70.36,4.21,0.0,5.9818
2018-10-28,5.3287,27.09,69.74,4.44,0.0,6.0113
2018-10-29,5.3465,27.42,75.14,4.66,1.23,6.1078
2018-10-30,2.7614,27.44,82.22,4.41,6.43,6.0307
2018-10-31,2.9966,27.22,81.99,3.75,9.51,6.0588
2018-11-01,3.1567,26.42,84.95,3.12,17.28,6.1152
2018-11-02,4.921,26.81,83.11,2.61,4.98,6.0358
2018-11-03,5.2836,26.99,82.28,2.98,6.07,6.0511
2018-11-04,5.1038,27.45,79.87,3.0,2.73,6.0694
2018-11-05,5.5013,27.51,76.67,2.88,0.34,6.179
2018-11-06,4.4774,27.33,76.07,2.59,0.2,6.0607
2018-11-07,4.7227,26.44,74.21,2.85,0.0,6.1354
2018-11-08,4.9774,26.66,77.24,2.93,0.68,5.851
2018-11-09,4.8914,26.73,76.87,2.97,0.52,5.5589
2018-11-10,4.9822,26.82,75.13,2.77,0.04,5.3746
2018-11-11,4.734,26.7,72.24,2.9,0.01,5.4194
2018-11-12,3.6494,26.54,70.59,3.28,0.0,5.2123
2018-11-13,4.8559,25.99,68.09,3.19,0.0,5.4833
2018-11-14,5.2066,26.44,72.93,3.37,0.26,5.5865
2018-11-15,4.0541,27.11,81.61,5.48,7.49,5.6268
2018-11-16,3.8134,27.38,82.3,3.46,8.41,5.622
2018-11-17,4.9519,27.46,78.05,1.4,4.04,5.8152
2018-11-18,5.0515,27.43,79.71,1.95,0.45,5.825
2018-11-19,5.0491,27.44,80.28,2.98,0.45,5.6935
2018-11-20,2.5346,26.91,80.69,4.1,2.73,5.3182
2018-11-21,0.7798,25.67,88.42,4.72,78.67,5.4259
2018-11-22,0.9571,25.5,86.33,4.36,50.28,5.3666
2018-11-23,3.227,26.38,84.67,3.4,7.81,5.0306
2018-11-24,4.4755,25.95,81.39,2.81,0.0,4.7988
2018-11-25,4.6394,25.27,79.62,2.61,0.0,5.0542
2018-11-26,4.8878,24.41,74.58,2.99,0.01,5.1648
2018-11-27,4.9063,24.36,74.04,2.83,0.08,5.201
2018-11-28,4.9022,25.11,78.06,3.23,0.97,5.3398
2018-11-29,4.1561,25.6,79.23,3.38,6.86,5.4257
2018-11-30,5.1444,25.12,79.39,3.18,1.43,5.5536
2018-12-01,5.3918,24.44,77.54,2.89,0.04,5.4444
2018-12-02,5.051,24.93,78.37,2.96,0.19,5.6748
2018-12-03,4.5314,25.45,83.07,3.49,5.46,5.3364
2018-12-04,2.6422,25.81,89.55,3.15,23.09,5.201
2018-12-05,3.156,26.17,86.12,2.9,11.32,5.101
2018-12-06,4.6462,26.0,82.52,2.28,1.55,5.0472
2018-12-07,4.3925,25.86,82.33,2.82,0.17,4.711
2018-12-08,4.309,25.73,81.58,2.96,0.01,4.5972
2018-12-09,3.9576,25.12,82.82,2.79,0.0,4.4563
2018-12-10,4.1498,24.97,79.28,2.48,0.0,4.8398
2018-12-11,4.2662,24.77,81.26,2.42,0.0,4.5806
2018-12-12,4.2905,24.9,81.93,2.47,0.0,4.5629
2018-12-13,4.2233,24.87,82.59,2.64,0.01,5.0554
2018-12-14,4.5869,25.37,81.83,4.31,0.09,5.1605
2018-12-15,3.3888,25.32,77.83,6.36,0.07,4.3294
2018-12-16,0.756,21.8,85.04,7.43,0.78,4.6606
2018-12-17,4.139,24.39,72.62,3.65,0.01,5.2034
2018-12-18,4.0582,23.6,76.57,2.69,0.0,4.9692
2018-12-19,4.686,23.32,77.97,3.4,0.0,4.8811
2018-12-20,4.5226,24.42,81.57,3.27,0.0,5.249
2018-12-21,3.2455,25.17,81.62,4.64,0.25,5.0626
2018-12-22,3.6746,25.19,83.81,4.33,9.28,5.0585
2018-12-23,3.9583,25.32,82.23,3.84,3.16,4.8828
2018-12-24,4.5955,25.0,79.43,3.29,0.04,4.8838
2018-12-25,4.3711,24.37,79.56,2.68,0.0,4.9104
2018-12-26,4.7201,24.33,78.41,1.91,0.0,5.0066
2018-12-27,4.3766,24.87,77.19,1.68,0.0,4.6234
2018-12-28,3.8326,24.96,79.36,1.87,0.15,4.5797
2018-12-29,2.9928,24.4,78.27,3.4,0.16,4.764
2018-12-30,4.213,23.66,78.78,3.93,0.03,4.9908
2018-12-31,4.9486,23.14,68.26,3.73,0.0,5.471
2019-01-01,5.0839,22.22,69.45,3.16,0.0,5.526
2019-01-02,5.0767,22.74,72.73,3.14,0.0,5.3345
2019-01-03,5.0122,23.23,72.39,3.11,0.0,5.2195
2019-01-04,5.1811,23.08,72.75,3.24,0.0,5.2769
2019-01-05,4.8754,23.14,72.64,2.99,0.0,5.1029
2019-01-06,4.8998,23.09,73.77,2.72,0.0,5.1622
2019-01-07,4.7887,23.64,75.06,2.74,0.0,5.4137
2019-01-08,5.1106,23.01,75.19,2.48,0.0,5.1818
2019-01-09,5.0016,23.18,73.49,2.3,0.0,5.0383
2019-01-10,5.1079,23.54,74.62,2.9,0.0,5.2354
2019-01-11,4.9222,23.69,72.14,2.98,0.01,5.0962
2019-01-12,5.2776,23.22,73.18,3.32,0.0,5.4703
2019-01-13,4.9658,23.33,74.22,2.96,0.01,5.4348
2019-01-14,4.9236,23.33,74.69,3.05,0.0,5.3642
2019-01-15,4.5564,23.33,73.53,3.31,0.0,5.5008
2019-01-16,4.4062,23.81,76.64,3.06,0.0,4.9901
2019-01-17,4.3198,23.68,74.42,2.79,0.01,4.8041
2019-01-18,4.703,23.5,73.19,2.91,0.0,4.9565
2019-01-19,5.4108,23.3,71.94,2.83,0.0,5.6494
2019-01-20,4.4719,23.27,71.55,2.88,0.0,5.3544
2019-01-21,4.3913,23.43,71.85,2.58,0.0,5.4115
2019-01-22,5.5334,23.68,72.03,2.26,0.0,5.7235
2019-01-23,5.2862,24.62,74.0,2.56,0.0,5.5853
2019-01-24,5.6244,25.03,74.85,2.43,0.0,5.7019
2019-01-25,5.4782,25.52,77.85,2.77,0.0,5.8639
2019-01-26,5.3263,25.84,75.68,3.03,0.05,5.8442
2019-01-27,4.8883,25.74,73.14,2.93,0.06,5.4636
2019-01-28,3.4898,24.93,72.48,2.95,0.71,5.4473
2019-01-29,4.6913,24.8,73.39,3.97,0.26,5.3969
2019-01-30,5.3393,24.45,73.51,3.94,0.02,5.6971
2019-01-31,5.3794,24.31,71.74,3.5,0.0,5.8001
2019-02-01,5.5106,24.54,70.36,3.22,0.0,6.0134
2019-02-02,5.5656,24.91,70.95,3.09,0.0,5.7607
2019-02-03,5.5632,25.21,71.86,3.3,0.0,5.8882
2019-02-04,4.4822,26.06,70.88,3.96,0.0,5.7497
2019-02-05,4.9546,25.86,70.1,3.59,0.0,5.7062
2019-02-06,5.5646,25.83,68.19,2.7,0.0,5.7521
2019-02-07,5.4924,26.15,68.11,2.48,0.0,5.8301
2019-02-08,5.6206,27.0,71.02,2.35,0.03,5.8214
2019-02-09,5.5142,27.52,71.55,2.35,0.02,5.9719
2019-02-10,4.9356,27.0,73.6,2.82,0.04,5.6112
2019-02-11,4.3646,26.82,72.47,4.16,0.0,5.6354
2019-02-12,5.4367,26.16,70.21,3.99,0.0,5.8879
2019-02-13,5.767,25.75,72.22,3.67,0.0,6.1644
2019-02-14,5.7766,26.37,72.29,3.04,0.0,6.1015
2019-02-15,6.0598,26.73,69.77,2.42,0.0,6.1123
2019-02-16,5.6018,27.66,69.41,2.76,0.0,5.6923
2019-02-17,5.8608,28.67,67.14,2.49,0.0,6.121
2019-02-18,5.6086,28.81,70.12,2.77,0.0,6.0775
2019-02-19,5.8673,28.38,70.82,3.13,0.0,5.9981
2019-02-20,5.671,27.65,69.94,3.19,0.0,5.9129
2019-02-21,6.2088,27.19,67.59,3.07,0.0,6.4666
2019-02-22,6.654,26.6,64.24,2.36,0.0,6.6886
2019-02-23,6.6578,26.77,60.33,2.2,0.0,6.7186
2019-02-24,6.3154,27.07,65.79,2.43,0.0,6.3274
2019-02-25,6.7075,27.18,67.43,3.21,0.0,6.7867
2019-02-26,6.3703,27.68,70.4,3.7,0.01,6.6034
2019-02-27,5.9765,28.58,69.44,4.16,0.06,6.4111
2019-02-28,4.9687,28.76,71.21,3.84,1.48,6.2738
2019-03-01,6.0043,28.61,70.92,3.52,0.37,6.3946
2019-03-02,5.9784,28.31,65.2,3.36,0.0,6.4085
2019-03-03,6.2402,28.47,64.07,2.85,0.0,6.4992
2019-03-04,6.2743,28.79,64.31,3.46,0.0,6.4738
2019-03-05,6.48,29.9,62.77,3.91,0.0,6.5964
2019-03-06,5.9494,30.45,64.73,3.78,0.0,5.9906
2019-03-07,6.241,30.34,68.53,4.51,0.01,6.3353
2019-03-08,6.0502,30.04,68.04,3.89,0.0,6.4438
2019-03-09,6.031,29.97,65.12,3.37,0.01,6.1896
2019-03-10,6.7186,29.49,64.56,3.58,0.0,6.8234
2019-03-11,6.6502,29.22,63.95,3.21,0.0,6.9427
2019-03-12,6.6041,29.02,61.79,3.26,0.0,6.7867
2019-03-13,6.6358,28.71,59.9,2.64,0.0,6.6595
2019-03-14,6.7366,29.32,56.56,2.66,0.0,6.8534
2019-03-15,6.5258,28.92,57.16,2.71,0.0,6.6218
2019-03-16,6.2618,28.75,62.93,2.67,0.0,6.3806
2019-03-17,6.8616,28.47,61.2,2.76,0.01,7.1563
2019-03-18,7.1861,28.5,61.24,3.2,0.0,7.381
2019-03-19,6.5611,29.04,61.85,3.47,0.0,6.8489
2019-03-20,6.3204,29.13,65.01,4.04,0.0,6.4817
2019-03-21,6.8117,28.85,60.21,3.45,0.0,7.1798
2019-03-22,6.487,29.26,64.06,3.69,0.0,6.8086
2019-03-23,6.8592,29.97,62.25,3.16,0.0,6.9638
2019-03-24,6.6706,29.96,62.17,3.18,0.0,6.8818
2019-03-25,6.6838,29.89,59.95,2.67,0.0,6.8366
2019-03-26,6.8563,29.86,60.58,3.08,0.0,6.8921
2019-03-27,7.0666,29.62,57.93,2.75,0.0,7.2727
2019-03-28,6.9156,29.82,58.43,2.83,0.0,7.037
2019-03-29,6.5614,30.16,60.34,3.1,0.0,6.659
2019-03-30,6.6816,30.52,58.52,3.62,0.0,6.8909
2019-03-31,6.7039,30.95,60.95,3.65,0.0,7.0457
2019-04-01,6.5561,30.6,62.75,4.1,0.0,6.6859
2019-04-02,6.1181,30.11,65.86,4.13,0.0,6.283
2019-04-03,6.5952,29.77,65.34,3.65,0.0,6.8141
2019-04-04,6.9876,30.01,65.82,3.71,0.0,7.0577
2019-04-05,6.667,30.54,64.71,3.03,0.0,6.9005
2019-04-06,6.7025,30.44,62.68,3.26,0.0,7.0339
2019-04-07,6.7044,30.48,63.81,3.97,0.0,6.8266
2019-04-08,6.6254,30.76,65.91,4.26,0.0,6.8326
2019-04-09,6.3986,30.81,68.02,3.9,0.0,6.8131
2019-04-10,6.413,30.87,65.47,3.52,0.0,6.6329
2019-04-11,7.1357,30.7,63.75,3.42,0.02,7.2602
2019-04-12,7.0003,31.01,61.99,3.23,0.02,7.301
2019-04-13,7.1654,30.89,62.23,3.36,0.02,7.2826
2019-04-14,6.9854,31.33,58.06,3.19,0.0,7.0783
2019-04-15,7.2466,30.87,58.66,3.39,0.0,7.3939
2019-04-16,7.2914,30.91,61.45,3.55,0.0,7.3615
2019-04-17,6.6334,31.76,59.23,3.72,0.0,6.744
2019-04-18,6.8666,31.63,64.83,3.52,0.03,7.3013
2019-04-19,6.8083,31.33,66.35,3.8,0.04,7.283
2019-04-20,6.7951,31.77,62.85,3.23,0.18,7.2276
2019-04-21,6.6341,31.93,61.59,3.77,0.44,7.3032
2019-04-22,6.2232,31.91,60.37,3.17,0.64,7.1294
2019-04-23,6.552,31.78,56.25,2.78,0.21,7.2406
2019-04-24,6.9751,31.91,52.37,2.53,0.01,7.2449
2019-04-25,6.2719,31.89,54.79,2.57,0.01,7.207
2019-04-26,6.4759,31.99,59.57,3.2,0.0,6.9384
2019-04-27,6.1495,31.93,63.8,3.78,0.0,6.9175
2019-04-28,4.1054,31.8,63.53,3.37,0.03,6.7433
2019-04-29,4.8281,31.91,64.05,3.26,0.03,6.9917
2019-04-30,4.8576,33.1,58.44,2.56,0.1,6.948
2019-05-01,1.9594,31.6,62.26,2.7,1.35,6.7289
2019-05-02,3.9444,33.52,55.32,3.71,0.37,6.6698
2019-05-03,6.1824,33.98,51.26,3.76,0.07,6.8321
2019-05-04,5.8846,32.79,56.12,2.9,0.43,6.8093
2019-05-05,6.0804,32.92,59.59,3.64,4.38,6.372
2019-05-06,6.0984,32.32,64.49,4.19,1.6,6.5525
2019-05-07,5.9201,31.96,66.22,4.44,0.62,6.3982
2019-05-08,5.9858,30.98,64.76,5.04,0.18,6.5503
2019-05-09,5.7046,32.92,57.84,4.26,0.67,5.935
2019-05-10,5.9395,32.11,66.33,4.1,0.63,6.1946
2019-05-11,6.0696,31.21,70.21,4.18,0.01,6.559
2019-05-12,5.945,31.4,69.38,4.04,0.01,6.3372
2019-05-13,6.1961,31.26,69.72,3.69,0.06,6.5606
2019-05-14,6.053,31.77,66.95,3.01,0.12,6.271
2019-05-15,5.9957,31.58,66.82,3.07,0.23,6.1939
2019-05-16,6.2534,31.08,72.03,3.3,0.17,6.5402
2019-05-17,6.2971,31.7,69.57,3.45,0.01,6.5093
2019-05-18,6.2611,31.81,68.21,3.64,0.09,6.7109
2019-05-19,6.2225,32.13,64.75,4.12,0.13,6.3737
2019-05-20,6.3883,31.57,65.68,4.11,0.0,6.5995
2019-05-21,6.2988,30.18,72.23,4.19,0.0,6.4716
2019-05-22,6.349,30.47,72.97,3.83,0.0,6.515
2019-05-23,6.3053,31.4,70.05,4.39,0.0,6.5172
2019-05-24,6.5698,31.49,70.19,4.02,0.0,6.84
2019-05-25,6.1157,32.04,66.85,3.13,0.04,6.2957
2019-05-26,6.2114,33.8,58.7,3.89,0.06,6.3403
2019-05-27,6.2244,32.48,65.6,3.69,0.05,6.5042
2019-05-28,6.2107,31.77,69.65,4.12,0.06,6.5268
2019-05-29,6.0756,32.36,65.62,3.33,0.38,6.4618
2019-05-30,3.5254,32.22,65.18,3.12,0.04,6.5189
2019-05-31,6.018,32.4,63.53,3.68,0.42,6.2218
2019-06-01,5.8906,32.74,56.84,3.46,1.5,6.4738
2019-06-02,6.0734,32.68,65.0,3.08,4.57,6.2868
2019-06-03,5.4967,31.49,67.79,2.56,0.79,6.3365
2019-06-04,6.1049,31.12,69.79,2.39,3.91,6.5868
2019-06-05,6.1174,30.73,74.68,3.19,2.3,6.4822
2019-06-06,6.1006,30.37,75.15,3.86,0.02,6.5364
2019-06-07,5.8838,30.85,74.4,3.49,0.09,6.1615
2019-06-08,5.7535,31.64,68.39,3.54,0.03,6.1853
2019-06-09,5.8718,32.64,58.98,4.99,0.01,6.4637
2019-06-10,5.3599,31.6,58.74,5.41,0.01,6.7939
2019-06-11,6.3814,32.54,54.66,4.53,0.04,7.2629
2019-06-12,6.6869,33.42,52.06,4.87,0.01,7.1458
2019-06-13,6.4687,32.95,52.83,3.36,0.1,7.2564
2019-06-14,6.3619,33.4,49.32,4.6,0.01,7.1345
2019-06-15,6.6734,33.73,49.06,3.68,0.02,7.1117
2019-06-16,6.6151,33.3,53.79,3.52,0.02,7.1784
2019-06-17,3.9833,33.28,53.03,3.56,0.03,6.9929
2019-06-18,5.7826,32.68,56.47,3.25,0.07,6.9902
2019-06-19,5.0544,32.92,55.55,3.91,0.04,6.8803
2019-06-20,3.7908,33.25,53.47,2.98,2.86,6.889
2019-06-21,3.2976,31.5,64.04,1.74,7.32,6.8359
2019-06-22,5.7286,31.63,63.21,2.04,4.26,6.7745
2019-06-23,5.6203,29.77,72.11,2.29,8.78,7.1446
2019-06-24,4.9058,30.29,70.72,2.13,4.99,6.9826
2019-06-25,2.9887,30.05,72.15,2.9,2.4,6.8107
2019-06-26,2.7384,29.88,71.67,2.81,9.16,6.5892
2019-06-27,4.8624,30.63,69.76,3.0,6.61,7.0138
2019-06-28,5.9782,30.53,69.28,2.69,1.35,7.1465
2019-06-29,5.4528,31.44,65.67,3.17,1.31,6.9826
2019-06-30,3.8126,31.41,62.4,3.46,0.41,6.8323
2019-07-01,4.8094,31.93,63.14,3.36,0.04,6.7877
2019-07-02,3.6574,31.58,63.22,3.38,0.07,6.804
2019-07-03,4.0402,31.24,63.24,3.5,0.05,6.8906
2019-07-04,5.7758,31.51,60.1,4.74,0.04,6.9454
2019-07-05,3.3086,31.36,60.44,4.15,0.25,6.7034
2019-07-06,3.7488,31.44,57.97,4.4,0.19,6.8806
2019-07-07,5.5032,32.05,53.54,4.49,0.03,6.8124
2019-07-08,5.9448,32.36,53.43,3.62,0.06,6.7462
2019-07-09,5.4694,31.51,58.01,3.7,3.72,6.7598
2019-07-10,5.5399,28.89,74.33,3.96,4.05,6.9394
2019-07-11,5.0045,29.26,69.69,2.86,2.47,6.8784
2019-07-12,6.4219,29.7,66.69,3.04,1.01,6.9307
2019-07-13,6.3451,29.97,71.66,2.68,22.14,7.0421
2019-07-14,3.5914,28.47,75.64,2.58,5.19,6.8465
2019-07-15,6.293,28.63,72.91,2.76,9.15,6.9706
2019-07-16,6.1157,29.76,71.22,2.35,4.93,7.0164
2019-07-17,2.9407,30.18,66.42,2.49,0.77,6.8256
2019-07-18,5.203,28.82,72.54,2.82,4.36,6.6662
2019-07-19,3.295,28.42,74.93,2.8,5.52,5.9587
2019-07-20,5.9676,29.49,72.78,2.54,5.1,6.7267
2019-07-21,5.3666,29.62,72.66,2.72,2.35,7.116
2019-07-22,1.7482,27.69,80.88,3.34,16.88,7.0738
2019-07-23,4.8226,29.38,70.97,2.46,14.03,7.158
2019-07-24,6.6782,30.23,70.83,2.54,8.08,7.2163
2019-07-25,4.1045,29.14,74.95,2.51,20.83,6.9154
2019-07-26,2.7365,28.76,74.92,2.53,10.58,6.6175
2019-07-27,4.7904,28.94,72.0,2.52,1.18,6.5906
2019-07-28,2.0047,28.96,71.88,2.11,2.1,6.3125
2019-07-29,3.6394,29.02,75.06,3.35,1.25,6.6751
2019-07-30,3.6439,29.22,71.19,2.92,1.17,6.744
2019-07-31,6.2618,29.56,67.45,3.06,0.09,7.0018
2019-08-01,3.2441,29.52,70.92,3.06,1.56,6.9869
2019-08-02,2.4612,29.68,71.23,3.12,0.64,6.833
2019-08-03,4.6296,30.21,64.11,4.1,0.07,6.8714
2019-08-04,5.3376,30.23,58.89,3.95,0.01,6.8316
2019-08-05,2.6328,28.68,66.73,5.12,3.7,6.4428
2019-08-06,3.9667,28.9,65.09,4.98,0.43,6.6113
2019-08-07,3.2527,29.17,66.3,5.23,0.78,6.6775
2019-08-08,5.0698,30.05,66.57,5.32,0.69,6.7142
2019-08-09,5.8879,29.89,66.94,5.07,0.47,6.6734
2019-08-10,5.8574,30.21,63.16,3.74,1.85,6.6797
2019-08-11,5.982,30.34,64.92,3.02,0.49,6.3614
2019-08-12,4.9939,29.91,65.8,2.37,0.66,6.1558
2019-08-13,4.4129,29.81,70.0,2.7,3.35,6.1435
2019-08-14,5.9851,29.87,72.26,3.03,15.04,6.7332
2019-08-15,6.1181,29.45,73.75,2.84,3.92,6.9312
2019-08-16,5.3131,28.71,77.2,2.49,32.51,6.9581
2019-08-17,4.7234,27.94,83.23,2.29,31.15,6.6931
2019-08-18,3.277,27.24,85.68,1.57,24.88,6.4325
2019-08-19,6.4589,27.87,83.02,2.35,15.06,6.8842
2019-08-20,6.1867,28.63,82.24,2.21,7.99,6.8662
2019-08-21,4.3498,26.85,88.59,2.65,18.22,6.4445
2019-08-22,3.2904,26.23,84.6,3.74,1.39,6.3938
2019-08-23,5.1799,27.5,81.07,2.95,8.06,6.7164
2019-08-24,5.6153,27.65,79.82,3.6,1.84,6.893
2019-08-25,6.3144,27.94,78.88,3.79,1.8,6.9984
2019-08-26,6.0862,28.19,76.68,4.02,0.19,6.9936
2019-08-27,6.1154,27.71,78.06,3.13,0.2,7.0414
2019-08-28,3.635,28.12,77.72,2.6,2.77,7.0085
2019-08-29,6.4673,27.81,80.72,3.52,3.09,7.0776
2019-08-30,4.74,27.79,80.9,2.84,2.95,6.8882
2019-08-31,3.0036,27.78,80.73,3.02,12.12,6.6845
2019-09-01,3.0595,27.6,80.21,3.08,2.12,6.223
2019-09-02,3.6247,27.31,81.41,3.22,4.61,6.6725
2019-09-03,3.9178,27.83,80.38,3.64,7.05,6.7486
2019-09-04,4.0889,27.44,79.81,3.8,9.97,6.715
2019-09-05,5.4228,28.09,76.74,3.87,3.2,6.6782
2019-09-06,4.2564,28.61,77.48,4.12,1.8,6.6905
2019-09-07,5.1828,28.74,76.88,4.11,1.91,6.8285
2019-09-08,5.9458,28.93,75.24,3.64,0.26,6.8688
2019-09-09,4.7916,28.07,77.41,3.28,0.14,6.7781
2019-09-10,5.8224,28.57,80.43,3.37,1.68,6.6742
2019-09-11,3.319,28.02,84.72,2.98,6.53,6.5818
2019-09-12,5.1317,27.29,86.92,3.13,34.35,6.6638
2019-09-13,6.101,27.2,86.4,2.78,8.03,6.6437
2019-09-14,6.223,28.11,82.68,2.96,9.41,6.6593
2019-09-15,6.054,28.03,82.05,2.78,6.85,6.8796
2019-09-16,5.4751,28.15,79.61,3.0,6.0,6.6214
2019-09-17,3.169,27.3,84.1,2.44,8.38,6.2846
2019-09-18,3.6679,26.96,86.42,2.11,38.89,6.3605
2019-09-19,2.4146,27.43,87.26,3.36,28.31,6.5148
2019-09-20,4.3733,26.83,85.8,1.76,10.63,6.625
2019-09-21,5.3486,27.77,84.81,2.33,6.2,6.6986
2019-09-22,5.5183,27.63,86.7,1.77,18.35,6.7956
2019-09-23,6.0883,27.7,86.28,1.8,13.36,6.6727
2019-09-24,3.7668,27.5,86.44,3.02,4.27,6.5501
2019-09-25,3.9614,26.88,88.68,4.23,11.46,6.6674
2019-09-26,5.4451,27.21,86.67,3.7,1.98,6.6809
2019-09-27,6.4094,27.44,85.24,2.02,0.52,6.798
2019-09-28,5.9198,27.62,80.74,1.89,0.19,6.5892
2019-09-29,5.6909,27.39,77.84,2.31,0.51,6.4944
2019-09-30,6.1387,27.0,78.44,2.18,0.38,6.7819
2019-10-01,5.9035,27.3,78.92,2.11,0.05,6.0833
2019-10-02,5.8954,27.44,85.32,2.41,0.03,6.1286
2019-10-03,6.0662,27.93,82.23,2.31,0.43,6.6276
2019-10-04,6.2522,27.79,82.34,2.36,2.29,6.6912
2019-10-05,6.2249,27.6,83.08,2.53,1.38,6.6756
2019-10-06,6.3504,27.3,84.14,2.61,0.19,6.8165
2019-10-07,5.9942,27.63,83.2,2.19,1.19,6.5522
2019-10-08,5.7031,27.86,82.83,2.27,1.03,6.0396
2019-10-09,5.6921,27.93,81.72,2.68,0.28,6.5494
2019-10-10,5.8646,27.9,80.91,2.58,0.06,6.5148
2019-10-11,6.1382,27.67,82.61,2.3,0.34,6.3696
2019-10-12,6.3367,27.34,84.09,1.52,0.42,6.7534
2019-10-13,6.1498,27.76,82.75,1.74,2.43,6.5849
2019-10-14,5.9141,27.98,81.75,1.6,4.99,6.3019
2019-10-15,5.2488,27.6,86.46,2.48,16.66,6.1894
2019-10-16,3.0518,27.27,82.35,2.14,16.27,6.4243
2019-10-17,1.5521,26.59,84.68,1.75,22.65,6.3468
2019-10-18,4.6997,27.03,83.27,1.41,8.74,6.4644
2019-10-19,4.3147,26.5,87.34,2.01,6.98,6.3367
2019-10-20,2.975,26.45,87.13,2.45,20.89,6.2465
2019-10-21,2.2478,26.51,85.37,2.38,12.85,6.3134
2019-10-22,1.7782,26.62,86.56,1.73,11.93,6.2554
2019-10-23,4.159,26.82,84.76,1.93,9.08,5.9806
2019-10-24,3.1378,26.65,84.29,2.55,2.63,6.0823
2019-10-25,2.7305,25.85,86.04,2.52,6.81,6.0132
2019-10-26,3.9199,26.31,87.33,2.01,2.87,6.1548
2019-10-27,5.424,26.49,83.72,1.47,3.08,5.8812
2019-10-28,5.3813,26.7,87.12,2.34,12.27,6.2861
2019-10-29,4.409,26.44,84.76,2.56,42.88,6.0072
2019-10-30,1.7316,26.3,85.21,2.71,23.83,6.0106
2019-10-31,3.9101,26.54,84.84,2.2,1.22,6.2107
2019-11-01,5.7869,26.89,83.79,1.78,3.4,6.2045
2019-11-02,5.3921,26.88,83.8,1.56,1.19,5.8327
2019-11-03,5.0671,26.61,85.69,2.04,0.14,5.3642
2019-11-04,5.0825,27.14,77.43,1.99,0.0,5.303
2019-11-05,5.2097,27.01,80.52,2.05,0.0,5.262
2019-11-06,4.5691,26.96,78.96,1.81,0.0,4.7734
2019-11-07,4.0586,26.97,79.22,1.36,0.47,4.7863
2019-11-08,4.1566,27.15,82.52,1.45,1.21,4.5893
2019-11-09,4.5355,27.71,80.27,1.2,5.08,5.1706
2019-11-10,4.8202,27.05,76.94,1.83,0.57,5.1878
2019-11-11,5.543,26.41,80.48,2.48,0.06,5.747
2019-11-12,5.1751,26.63,81.92,2.87,0.25,5.3458
2019-11-13,5.1223,26.55,81.87,3.56,0.65,5.6177
2019-11-14,4.518,26.71,85.14,2.87,7.92,5.7082
2019-11-15,2.0645,26.61,86.32,2.59,5.69,5.6426
2019-11-16,4.5624,26.67,84.09,3.05,1.4,5.5603
2019-11-17,3.6336,26.39,85.4,3.91,3.96,5.6592
2019-11-18,5.3443,27.08,84.45,2.74,6.32,5.7278
2019-11-19,2.5932,27.16,81.15,1.51,3.31,5.6748
2019-11-20,3.7788,26.59,88.3,2.47,15.0,5.2418
2019-11-21,4.5166,26.7,84.22,4.0,8.18,5.3498
2019-11-22,5.0815,26.0,81.15,4.03,3.68,5.4139
2019-11-23,3.0482,25.4,84.29,4.03,5.83,5.3513
2019-11-24,5.0239,25.88,82.81,3.44,1.46,5.2514
2019-11-25,4.9524,25.93,82.18,3.91,0.14,5.4062
2019-11-26,3.9857,25.9,81.44,3.72,5.18,5.3239
2019-11-27,4.0994,26.59,83.34,3.88,7.25,5.5997
2019-11-28,4.2355,26.84,87.5,3.93,30.01,5.598
2019-11-29,4.8938,26.54,85.65,4.5,8.3,5.6131
2019-11-30,2.5795,26.62,88.41,4.06,34.61,5.3858
2019-12-01,1.2238,26.12,92.15,3.32,70.8,5.3071
2019-12-02,2.9892,26.27,86.89,3.33,9.35,5.0746
2019-12-03,3.4752,26.14,83.15,3.8,2.38,4.9805
2019-12-04,4.7534,25.94,80.88,4.13,0.33,5.0213
2019-12-05,3.6134,25.16,79.26,4.42,0.2,4.6078
2019-12-06,4.7225,24.7,80.69,4.25,2.41,5.1283
2019-12-07,3.0115,25.57,84.54,3.87,6.06,5.394
2019-12-08,4.0102,25.23,81.72,3.39,1.53,5.6059
2019-12-09,4.9457,25.07,78.02,3.33,0.42,5.7199
2019-12-10,5.016,24.74,79.9,3.06,0.21,5.459
2019-12-11,5.0465,24.66,79.26,2.93,0.07,5.6386
2019-12-12,5.147,25.0,81.2,2.84,0.84,5.6246
2019-12-13,3.2782,25.37,83.46,2.71,5.27,5.4499
2019-12-14,2.5886,25.58,84.32,3.47,12.55,5.3299
2019-12-15,4.6865,25.03,82.5,3.1,1.11,5.431
2019-12-16,3.1303,25.31,84.78,3.33,5.06,5.369
2019-12-17,4.7047,25.21,81.28,4.14,0.77,5.117
2019-12-18,4.3169,25.37,82.36,3.71,0.43,5.0035
2019-12-19,4.5468,25.25,81.69,3.61,0.09,4.9553
2019-12-20,4.2794,25.04,81.39,2.99,0.05,5.0376
2019-12-21,4.0646,24.62,82.66,2.75,0.0,4.847
2019-12-22,5.0491,24.52,79.27,2.76,0.01,5.1972
2019-12-23,4.2802,24.53,77.15,2.73,0.0,5.0724
2019-12-24,2.6318,24.94,83.17,3.3,1.83,5.1499
2019-12-25,4.6721,25.02,81.74,3.16,0.1,5.1418
2019-12-26,5.2786,24.57,79.64,2.14,0.01,5.5973
2019-12-27,5.1974,24.51,77.14,1.91,0.01,5.3018
2019-12-28,4.7081,24.9,78.39,2.61,0.15,4.9416
2019-12-29,4.4381,24.8,81.21,3.16,3.42,4.9229
2019-12-30,4.2202,24.76,83.83,3.01,8.1,5.0657
2019-12-31,4.4213,25.26,82.46,3.03,2.41,5.1161
2020-01-01,3.5285,25.75,85.51,2.43,20.58,5.2644
2020-01-02,4.6277,25.68,86.26,2.02,2.72,5.3892
2020-01-03,5.015,26.13,82.96,1.63,0.1,5.478
2020-01-04,5.0842,26.09,85.21,1.85,0.29,5.4259
2020-01-05,3.0953,26.13,83.38,2.36,2.06,5.2913
2020-01-06,3.4318,25.6,82.49,3.02,4.21,5.4391
2020-01-07,4.8845,25.32,82.34,3.11,0.99,5.2579
2020-01-08,5.2478,24.46,80.08,2.84,0.03,5.6102
2020-01-09,5.2733,24.32,74.35,1.96,0.0,5.7806
2020-01-10,4.8775,23.83,77.34,2.89,0.0,5.4701
2020-01-11,5.0801,23.78,78.26,3.06,0.05,5.4744
2020-01-12,4.1069,24.15,82.13,2.92,0.05,5.117
2020-01-13,5.111,23.81,73.3,2.34,0.0,5.2154
2020-01-14,5.4485,23.1,70.97,2.21,0.0,5.5973
2020-01-15,5.6134,23.67,70.47,2.17,0.0,5.9004
2020-01-16,5.6126,25.0,66.14,1.76,0.0,5.6947
2020-01-17,4.2979,24.88,83.08,2.63,0.34,5.6926
2020-01-18,4.6327,25.37,83.14,3.23,1.06,5.6971
2020-01-19,5.2296,25.21,80.1,2.8,0.06,5.5327
2020-01-20,5.527,24.7,76.94,2.7,0.0,5.5627
2020-01-21,5.3071,24.17,77.01,3.14,0.0,5.6002
2020-01-22,5.0496,24.66,79.09,3.49,0.0,5.532
2020-01-23,5.2406,24.63,79.13,3.04,0.0,5.4742
2020-01-24,5.8114,23.57,75.82,2.67,0.0,5.8788
2020-01-25,5.8894,23.34,70.88,1.92,0.0,5.939
2020-01-26,5.5958,24.37,70.31,1.57,0.0,5.6323
2020-01-27,5.4713,24.46,76.4,2.14,0.0,5.5685
2020-01-28,5.3784,25.06,79.08,2.93,0.0,5.6868
2020-01-29,5.4266,25.48,76.05,2.53,0.0,5.5879
2020-01-30,5.7358,25.25,75.68,2.26,0.0,5.7922
2020-01-31,5.2764,25.39,76.96,2.24,0.0,5.4031
2020-02-01,5.5555,25.84,77.11,2.58,0.0,5.789
2020-02-02,5.0983,25.52,71.94,2.95,0.0,5.2541
2020-02-03,5.9693,25.34,71.1,2.8,0.0,5.9837
2020-02-04,5.5966,25.5,69.87,2.7,0.04,6.0792
2020-02-05,5.9546,25.56,66.04,2.71,0.0,6.0413
2020-02-06,6.0086,25.37,68.2,2.88,0.0,6.1858
2020-02-07,5.6971,25.78,70.69,3.19,0.0,6.1008
2020-02-08,5.555,26.01,69.83,3.04,0.0,5.6218
2020-02-09,4.5658,26.15,72.46,3.28,0.03,5.9119
2020-02-10,5.7403,25.86,70.39,3.52,0.12,5.7701
2020-02-11,5.7293,25.97,68.26,3.72,0.03,6.053
2020-02-12,5.5649,25.7,70.71,3.69,0.13,6.0984
2020-02-13,5.8121,25.6,69.51,3.16,0.0,5.9338
2020-02-14,5.6729,25.49,67.88,2.11,0.0,5.6916
2020-02-15,6.2066,25.55,60.93,2.07,0.0,6.2186
2020-02-16,6.4066,25.18,64.98,2.71,0.0,6.4246
2020-02-17,6.3874,25.22,62.69,2.41,0.0,6.3958
2020-02-18,5.9722,25.46,66.04,2.53,0.0,5.983
2020-02-19,6.0619,25.18,69.17,2.47,0.0,6.4176
2020-02-20,6.311,25.17,67.59,2.67,0.0,6.4416
2020-02-21,6.0266,25.48,70.06,3.26,0.01,6.5275
2020-02-22,5.9136,26.36,73.22,3.81,0.01,6.4505
2020-02-23,5.4638,26.33,72.49,3.26,0.0,6.1531
2020-02-24,4.9459,26.75,70.05,2.79,0.0,6.3442
2020-02-25,5.9726,27.37,70.24,2.87,0.0,6.4855
2020-02-26,5.7833,27.49,71.51,2.65,0.01,6.1205
2020-02-27,5.8142,27.35,70.51,2.87,0.0,6.0211
2020-02-28,5.945,27.32,70.13,2.85,0.01,6.2455
2020-02-29,6.0211,27.18,69.12,2.74,0.04,6.294
2020-03-01,6.1918,27.42,66.26,2.75,0.0,6.3113
2020-03-02,6.0082,27.51,63.46,2.45,0.0,6.119
2020-03-03,6.0744,28.45,59.58,2.09,0.0,6.1718
2020-03-04,5.9086,28.42,62.34,2.81,0.0,6.1224
2020-03-05,6.0367,28.26,66.28,3.69,0.01,6.4164
2020-03-06,5.202,27.9,70.41,3.63,0.08,6.324
2020-03-07,5.7149,28.04,68.07,3.5,0.14,6.377
2020-03-08,6.3197,28.34,68.1,2.86,0.0,6.4442
2020-03-09,6.6763,28.12,66.95,2.91,0.0,6.9038
2020-03-10,6.7934,28.28,64.66,3.04,0.0,6.93
2020-03-11,6.774,27.74,64.95,2.88,0.0,6.9746
2020-03-12,6.7853,27.93,64.45,2.9,0.0,6.9871
2020-03-13,6.4668,28.15,66.63,2.71,0.0,7.0286
2020-03-14,6.4346,28.23,68.95,2.95,0.0,6.5683
2020-03-15,6.5316,28.11,67.5,3.12,0.0,6.665
2020-03-16,6.7354,29.03,63.79,2.82,0.0,7.007
2020-03-17,7.0207,28.86,64.28,2.74,0.0,7.1222
2020-03-18,6.6324,29.21,63.51,2.56,0.0,6.7788
2020-03-19,7.0867,29.64,64.64,2.76,0.0,7.1105
2020-03-20,6.8642,29.64,62.09,3.26,0.0,7.067
2020-03-21,6.7327,30.01,59.81,3.83,0.0,6.8021
2020-03-22,6.2863,30.02,59.94,3.06,0.04,6.6444
2020-03-23,6.3,29.27,62.34,3.06,0.25,6.5599
2020-03-24,6.7142,29.36,59.81,2.8,0.07,6.8306
2020-03-25,6.6276,29.47,60.53,2.94,0.01,6.7666
2020-03-26,6.6144,29.34,61.36,3.01,0.0,6.9166
2020-03-27,7.014,29.15,58.42,2.57,0.0,7.1633
2020-03-28,7.1801,29.25,53.82,2.07,0.0,7.2329
2020-03-29,6.7512,29.57,56.71,2.7,0.0,7.3282
2020-03-30,7.0159,29.6,54.0,2.5,0.0,7.0423
2020-03-31,6.8688,29.99,55.94,2.36,0.0,6.9941
2020-04-01,6.6288,30.36,59.8,2.7,0.0,6.8957
2020-04-02,6.3804,30.53,62.58,3.37,0.0,6.4272
2020-04-03,6.2568,29.97,64.54,3.4,0.0,6.5148
2020-04-04,6.768,29.67,65.16,3.11,0.0,6.9907
2020-04-05,6.3749,30.52,67.51,3.43,0.0,6.8902
2020-04-06,6.2076,30.77,67.83,3.35,2.84,6.9338
2020-04-07,6.1217,30.78,66.24,3.58,0.78,6.9672
2020-04-08,5.9455,31.18,63.0,3.45,2.5,6.6523
2020-04-09,4.4143,30.42,65.37,3.25,6.72,6.8942
2020-04-10,6.1046,29.74,65.41,2.74,3.8,7.1258
2020-04-11,6.593,29.84,66.1,2.5,0.09,7.0109
2020-04-12,6.8832,29.96,62.87,2.19,0.01,7.0543
2020-04-13,7.0198,30.6,58.84,2.41,0.0,7.0615
2020-04-14,6.6254,30.08,59.8,2.72,0.0,7.2106
2020-04-15,7.0644,30.11,61.97,2.59,0.0,7.146
2020-04-16,6.5954,30.12,66.61,3.46,0.0,6.7349
2020-04-17,6.5794,30.66,65.27,3.8,0.0,6.786
2020-04-18,6.8045,30.95,64.31,3.94,0.0,6.9446
2020-04-19,6.8131,31.05,64.96,3.56,0.01,7.2317
2020-04-20,7.3236,30.84,62.99,3.23,0.0,7.3634
2020-04-21,7.1256,31.0,61.93,3.08,0.02,7.4098
2020-04-22,6.7517,31.26,63.05,3.71,0.05,6.8885
2020-04-23,6.6418,31.73,64.99,3.96,0.29,6.869
2020-04-24,6.647,31.91,64.01,4.68,0.01,7.0889
2020-04-25,5.695,31.27,70.83,4.05,5.65,6.774
2020-04-26,3.7118,30.06,76.47,3.79,7.74,6.901
2020-04-27,5.8042,29.6,77.23,1.77,7.18,6.7786
2020-04-28,6.1663,30.16,70.72,2.05,6.23,7.0082
2020-04-29,4.6094,30.68,69.39,1.98,2.56,7.1194
2020-04-30,6.6074,30.45,71.62,2.35,0.19,7.2386
2020-05-01,6.7872,30.7,70.64,2.61,0.05,6.9926
2020-05-02,6.2902,31.19,67.76,2.87,0.05,6.7356
2020-05-03,6.6958,31.15,67.58,3.0,0.01,6.935
2020-05-04,6.361,31.33,68.91,2.99,0.01,6.564
2020-05-05,6.4339,31.66,65.98,3.38,0.0,6.8803
2020-05-06,5.9057,31.22,69.01,3.78,0.02,7.2905
2020-05-07,6.3797,31.83,66.69,3.55,0.05,7.2125
2020-05-08,6.5434,32.15,64.6,3.46,0.07,7.2634
2020-05-09,6.8237,32.08,64.34,3.39,0.02,7.0207
2020-05-10,6.7399,32.15,61.53,3.24,0.02,7.3217
2020-05-11,6.1795,30.96,67.62,2.71,11.09,7.2386
2020-05-12,5.9182,28.89,76.57,2.22,51.91,7.2178
2020-05-13,6.6221,29.94,63.65,2.03,12.13,7.2602
2020-05-14,6.8774,30.44,70.61,2.36,1.45,7.2761
2020-05-15,6.588,30.21,73.73,2.8,5.46,7.4174
2020-05-16,5.958,29.74,76.57,3.06,1.24,7.3066
2020-05-17,5.2817,29.73,72.43,2.55,0.25,7.1098
2020-05-18,3.8777,30.92,70.0,2.4,2.65,6.8666
2020-05-19,5.1341,32.91,58.51,3.1,1.64,6.4322
2020-05-20,5.4636,33.12,57.39,4.03,0.05,6.6528
2020-05-21,6.1685,32.81,57.19,4.42,0.67,6.9072
2020-05-22,6.0187,32.61,60.58,3.65,0.01,6.2916
2020-05-23,6.084,31.38,72.38,3.27,0.02,6.2885
2020-05-24,6.1937,30.78,77.43,2.82,0.02,6.4678
2020-05-25,6.2405,30.44,79.62,3.3,0.03,6.4709
2020-05-26,6.2215,30.68,77.66,3.13,0.02,6.6994
2020-05-27,6.2789,31.49,74.36,3.15,0.04,6.6108
2020-05-28,6.1874,32.01,71.82,2.87,0.85,6.3684
2020-05-29,6.0876,31.45,68.65,3.4,1.06,6.4277
2020-05-30,6.3794,30.99,70.24,3.48,0.09,6.8662
2020-05-31,6.5006,29.82,75.78,3.59,0.06,6.8119
2020-06-01,5.4638,30.49,73.6,3.19,0.1,6.8215
2020-06-02,6.0226,29.94,71.93,3.8,0.06,7.0152
2020-06-03,6.6317,30.17,67.69,3.69,0.04,7.1186
2020-06-04,6.3067,31.08,64.61,2.75,0.07,7.0282
2020-06-05,5.9311,31.11,66.28,2.26,0.33,6.9864
2020-06-06,6.2707,30.13,69.26,3.6,0.81,7.0339
2020-06-07,5.5303,30.39,64.61,3.6,1.0,6.887
2020-06-08,5.2483,31.52,60.29,3.03,0.1,6.9886
2020-06-09,3.2738,31.42,60.94,2.08,0.24,6.8218
2020-06-10,1.583,30.18,64.41,2.67,2.43,6.4457
2020-06-11,1.9346,29.19,70.03,3.79,1.6,6.1435
2020-06-12,4.3771,30.64,62.17,3.96,0.94,6.6929
2020-06-13,5.7031,32.14,53.88,3.7,0.01,7.0265
2020-06-14,6.0864,32.02,52.15,4.33,0.09,7.1796
2020-06-15,4.7738,31.67,60.31,3.73,0.35,6.9418
2020-06-16,5.2673,31.37,65.16,4.1,0.2,7.0234
2020-06-17,5.3851,32.06,61.49,2.9,0.06,6.9386
2020-06-18,4.897,32.52,55.0,1.76,0.04,6.9571
2020-06-19,6.4474,31.96,56.23,2.35,0.35,7.0454
2020-06-20,3.9533,31.41,60.58,2.47,1.1,6.7999
2020-06-21,4.3622,30.91,60.15,2.59,3.29,6.3475
2020-06-22,5.9839,31.44,62.95,2.53,7.07,6.9346
2020-06-23,6.3912,30.45,65.13,2.93,5.63,6.9696
2020-06-24,6.4898,30.04,70.27,2.52,8.69,6.9235
2020-06-25,4.5487,29.47,72.29,2.46,6.33,6.9281
2020-06-26,6.1022,30.1,69.36,3.63,0.69,7.0788
2020-06-27,6.2153,30.51,70.89,2.37,1.78,7.0358
2020-06-28,5.9074,29.62,76.44,2.37,5.45,6.9151
2020-06-29,5.9441,28.64,78.67,2.35,20.2,6.9581
2020-06-30,6.5232,29.56,74.02,2.57,2.35,6.9662
2020-07-01,2.5481,29.17,76.91,2.91,6.82,6.9449
2020-07-02,2.8102,29.11,70.5,3.08,3.38,6.9444
2020-07-03,4.9054,29.42,70.39,4.15,4.59,7.099
2020-07-04,3.3888,29.73,69.54,4.73,2.5,6.8429
2020-07-05,2.6712,29.33,68.95,4.21,0.7,6.8743
2020-07-06,3.1423,29.76,69.75,2.85,4.02,6.6482
2020-07-07,6.5858,30.27,69.16,3.37,2.5,6.9859
2020-07-08,6.5518,28.52,75.57,2.37,4.36,6.9257
2020-07-09,6.323,27.39,82.78,2.73,49.7,7.075
2020-07-10,4.8617,28.71,76.77,2.83,8.07,7.0099
2020-07-11,6.0881,27.55,80.31,3.04,4.61,6.9948
2020-07-12,6.1399,29.11,77.3,2.33,9.32,6.9811
2020-07-13,5.5488,28.33,82.48,2.0,16.44,6.8844
2020-07-14,1.5151,27.61,84.58,2.95,5.15,6.7258
2020-07-15,2.9234,27.66,83.35,3.6,7.72,6.4418
2020-07-16,2.7852,27.47,82.52,2.73,3.57,6.8599
2020-07-17,4.6879,28.43,77.87,3.2,1.96,6.9538
2020-07-18,2.731,27.96,78.9,2.08,3.91,6.8374
2020-07-19,3.9998,28.24,81.27,2.66,6.94,6.9425
2020-07-20,6.527,28.09,83.96,3.59,3.38,7.0034
2020-07-21,6.5647,28.22,81.18,2.98,0.13,7.1376
2020-07-22,5.9851,28.26,83.05,3.55,0.26,7.247
2020-07-23,4.8564,27.67,83.12,3.19,4.91,6.93
2020-07-24,4.1448,27.87,84.27,2.81,6.74,7.0008
2020-07-25,6.2942,28.44,76.84,2.2,6.42,7.062
2020-07-26,6.2412,28.69,74.84,1.93,2.11,7.1748
2020-07-27,6.1855,28.77,74.75,2.17,2.0,7.1976
2020-07-28,6.0166,27.8,81.32,2.01,3.49,7.0351
2020-07-29,2.0429,28.0,82.33,1.44,7.93,6.8842
2020-07-30,6.2316,28.22,80.7,2.26,4.55,7.1686
2020-07-31,6.5513,28.72,81.0,3.25,6.4,6.917
2020-08-01,4.1448,27.76,84.23,2.63,10.48,7.0541
2020-08-02,4.9157,27.18,85.1,3.51,21.26,7.1784
2020-08-03,2.8068,27.44,83.37,3.9,6.07,7.0397
2020-08-04,2.927,27.53,77.51,4.69,1.06,6.5069
2020-08-05,2.6059,28.07,74.14,5.73,0.3,6.8638
2020-08-06,5.1794,28.66,78.67,4.26,0.47,6.8146
2020-08-07,4.9637,29.01,79.96,2.91,1.18,6.7836
2020-08-08,3.5462,28.75,78.6,2.94,10.03,6.629
2020-08-09,2.1626,27.45,82.1,3.3,9.08,6.3158
2020-08-10,4.3363,27.97,79.88,2.99,1.05,6.3967
2020-08-11,5.7418,28.78,78.11,2.98,6.45,6.8866
2020-08-12,3.2189,28.54,77.5,2.6,0.54,6.6718
2020-08-13,3.0562,28.66,77.28,2.58,1.47,6.6245
2020-08-14,2.7122,28.82,76.87,2.15,0.71,6.613
2020-08-15,1.5775,28.37,76.91,3.21,0.09,6.5462
2020-08-16,2.9357,28.94,76.17,2.53,0.29,6.5878
2020-08-17,4.5967,29.03,77.98,2.7,0.44,6.6175
2020-08-18,4.6459,29.39,77.66,2.0,2.82,6.7325
2020-08-19,4.145,29.18,78.01,2.51,2.82,6.8551
2020-08-20,2.6179,28.91,78.45,2.58,1.17,6.7015
2020-08-21,5.6854,28.68,78.7,2.63,1.15,6.7927
2020-08-22,3.2566,28.39,81.74,2.17,3.05,6.4159
2020-08-23,1.9826,28.04,83.21,2.11,15.24,6.587
2020-08-24,4.0519,27.68,85.16,1.96,12.33,6.6912
2020-08-25,2.4614,27.97,83.7,1.63,1.01,6.6377
2020-08-26,4.9262,27.99,84.8,1.7,2.01,6.4769
2020-08-27,5.4379,27.97,82.38,1.9,1.5,6.4711
2020-08-28,6.2357,28.92,77.03,2.15,0.34,6.7474
2020-08-29,5.8702,28.62,81.74,1.81,0.5,6.7274
2020-08-30,6.2719,28.37,83.42,1.92,3.47,6.5774
2020-08-31,5.9772,28.39,82.62,1.98,2.29,6.9019
2020-09-01,3.2294,27.26,87.46,1.24,3.28,6.7769
2020-09-02,5.6098,27.87,78.61,1.51,8.16,6.847
2020-09-03,6.3384,27.58,81.36,1.89,10.01,7.0164
2020-09-04,5.7199,28.15,80.5,1.66,0.97,7.2125
2020-09-05,6.3523,28.07,80.71,1.68,0.43,7.211
2020-09-06,6.234,28.16,81.2,2.08,1.41,7.1837
2020-09-07,4.6337,28.31,82.52,1.92,4.28,7.0356
2020-09-08,6.1918,28.53,80.72,2.34,2.52,6.9648
2020-09-09,3.5525,28.46,82.94,3.14,3.46,6.9706
2020-09-10,4.2566,27.75,82.44,3.59,4.19,6.9614
2020-09-11,2.6849,27.61,82.29,3.87,0.97,6.7423
2020-09-12,2.4386,27.5,81.6,2.97,3.95,6.618
2020-09-13,2.3734,26.59,81.61,3.38,17.2,6.6389
2020-09-14,2.339,26.9,80.71,3.64,4.7,6.463
2020-09-15,3.4498,27.54,79.66,2.68,3.0,6.4656
2020-09-16,2.4466,27.79,82.95,2.89,7.02,6.635
2020-09-17,5.7194,28.27,79.55,2.52,3.01,6.8326
2020-09-18,4.0865,28.46,80.51,2.8,22.81,6.7234
2020-09-19,2.2474,26.81,85.78,3.75,27.44,6.6079
2020-09-20,2.4514,26.34,84.79,4.0,3.31,6.5066
2020-09-21,3.1862,27.02,80.01,3.88,0.14,6.4678
2020-09-22,5.7271,27.35,75.29,4.58,0.11,6.5052
2020-09-23,6.4913,27.53,73.93,3.35,0.05,6.6238
2020-09-24,6.301,28.1,78.45,2.52,0.2,6.7982
2020-09-25,4.6589,27.35,86.34,3.9,8.21,6.3271
2020-09-26,3.8352,26.83,83.1,3.08,2.08,6.4502
2020-09-27,3.0876,27.97,76.72,1.53,0.82,6.2489
2020-09-28,5.2517,28.29,79.78,2.23,3.93,6.0521
2020-09-29,3.9053,27.65,83.67,1.71,10.51,6.0389
2020-09-30,3.3403,27.06,85.19,2.02,19.29,5.8378
2020-10-01,4.7285,27.72,79.05,2.62,0.43,6.2383
2020-10-02,4.9759,28.25,76.64,2.21,0.67,5.9537
2020-10-03,3.2962,28.17,81.57,2.73,1.43,5.929
2020-10-04,3.216,27.43,81.11,3.89,0.29,5.8584
2020-10-05,5.1173,27.9,75.99,3.29,0.02,6.0422
2020-10-06,5.8306,28.36,75.75,2.13,2.07,5.886
2020-10-07,5.6678,28.94,79.65,2.36,0.65,5.8092
2020-10-08,5.4338,28.4,82.61,1.54,0.49,5.6561
2020-10-09,5.3458,27.74,85.26,2.25,3.62,5.8543
2020-10-10,2.8075,27.1,83.87,1.58,6.46,6.3182
2020-10-11,2.4437,26.83,84.15,2.56,5.96,6.227
2020-10-12,3.9602,27.19,83.62,2.08,1.33,6.1793
2020-10-13,4.6548,27.27,83.88,3.84,1.8,6.4178
2020-10-14,5.2625,27.86,78.2,3.96,0.06,6.2657
2020-10-15,5.9009,27.24,78.8,2.95,0.04,6.1999
2020-10-16,5.3134,28.32,78.66,1.95,1.89,6.2803
2020-10-17,2.9683,27.51,87.48,1.46,7.48,6.1714
2020-10-18,0.9756,27.27,80.69,1.4,6.01,6.185
2020-10-19,3.8549,27.29,82.81,1.3,10.94,6.1975
2020-10-20,1.4083,27.25,83.0,1.76,6.56,5.9801
2020-10-21,3.0463,26.55,82.41,2.67,8.23,6.0235
2020-10-22,5.2663,27.51,78.88,0.79,6.95,5.9462
2020-10-23,4.5461,27.24,86.15,1.09,32.61,5.5524
2020-10-24,4.9414,27.35,84.38,1.82,0.19,5.465
2020-10-25,4.3154,27.42,82.08,1.11,0.18,5.3724
2020-10-26,5.1698,27.23,81.6,2.06,0.12,5.4406
2020-10-27,4.8487,26.89,81.98,2.61,1.19,5.5231
2020-10-28,2.2558,26.49,83.59,3.35,13.98,5.7115
2020-10-29,2.1324,26.02,86.04,3.33,25.21,5.4648
2020-10-30,3.9569,26.73,76.29,2.98,3.79,5.6398
2020-10-31,5.5493,26.91,75.38,2.07,0.0,5.6573
2020-11-01,5.334,27.05,77.54,1.81,0.0,5.4607
2020-11-02,5.161,27.32,80.06,1.81,0.03,5.2966
2020-11-03,5.1473,27.53,81.88,2.26,1.12,5.4134
2020-11-04,3.9756,26.89,87.0,2.05,6.71,5.6592
2020-11-05,5.2394,27.28,84.69,1.96,9.95,5.9251
2020-11-06,5.3364,26.73,86.93,2.02,6.13,5.9719
2020-11-07,4.3601,27.31,83.88,2.91,11.82,5.7713
2020-11-08,4.5101,27.24,80.62,4.15,4.73,5.2759
2020-11-09,5.2668,26.12,76.35,4.11,0.01,5.4828
2020-11-10,5.3465,25.39,76.28,4.04,0.86,5.8056
2020-11-11,2.8697,25.72,87.57,4.36,14.67,5.7079
2020-11-12,1.7554,26.54,90.15,2.86,20.94,5.8411
2020-11-13,4.4834,27.01,85.95,3.61,18.37,5.7581
2020-11-14,5.4684,26.96,83.91,4.19,7.16,5.9131
2020-11-15,1.2605,26.95,90.59,3.71,42.06,5.7336
2020-11-16,1.0498,26.0,90.29,2.89,31.04,5.7204
2020-11-17,4.8636,26.34,87.79,2.61,6.67,5.7602
2020-11-18,5.0054,26.55,86.12,2.17,4.03,5.79
2020-11-19,5.1682,26.24,85.04,2.49,0.69,5.7523
2020-11-20,5.4389,26.03,80.61,2.38,0.01,5.8217
2020-11-21,5.6647,24.86,79.48,2.3,0.0,5.7024
2020-11-22,5.31,24.69,77.54,2.19,0.0,5.6045
2020-11-23,4.1678,25.55,80.76,3.83,3.21,5.1984
2020-11-24,2.1,25.99,87.92,5.4,62.58,4.8437
2020-11-25,0.6977,25.81,88.7,7.29,79.03,5.5694
2020-11-26,2.0407,26.17,89.28,8.6,115.52,5.4746
2020-11-27,2.4197,25.28,87.9,4.14,8.0,5.4624
2020-11-28,4.2434,25.84,86.38,2.65,2.01,5.4653
2020-11-29,3.7157,25.5,88.72,3.31,2.75,5.4941
2020-11-30,4.4482,25.73,84.16,4.13,0.75,5.4746
2020-12-01,3.9535,25.43,80.17,4.38,0.3,5.4946
2020-12-02,1.975,25.42,87.23,5.74,17.72,5.3405
2020-12-03,1.325,25.92,92.49,4.29,60.75,5.2507
2020-12-04,0.9458,25.47,92.3,4.26,33.79,5.2363
2020-12-05,2.8606,25.29,92.12,3.96,18.74,5.394
2020-12-06,4.5876,25.37,91.26,3.71,15.12,5.4802
2020-12-07,3.0185,25.8,89.73,3.4,22.26,5.479
2020-12-08,3.9703,25.75,88.98,2.81,6.99,5.365
2020-12-09,4.7712,25.23,85.12,3.09,5.65,5.2788
2020-12-10,4.9807,24.29,78.86,2.31,0.11,5.1845
2020-12-11,4.9747,24.24,76.47,2.42,0.15,5.2541
2020-12-12,5.0141,24.55,74.35,2.39,0.03,5.0791
2020-12-13,4.7254,24.63,72.11,2.15,0.01,5.2685
2020-12-14,4.7402,24.75,71.36,2.26,0.05,5.2694
2020-12-15,4.2602,24.64,80.98,3.45,1.74,4.9128
2020-12-16,2.796,25.22,86.14,4.1,12.82,4.7364
2020-12-17,3.8762,25.17,86.75,3.94,8.32,4.8732
2020-12-18,3.8954,25.05,82.78,3.88,0.74,4.6718
2020-12-19,3.7714,24.88,83.05,4.14,0.28,4.1246
2020-12-20,4.6654,24.21,79.45,3.96,0.03,4.8768
2020-12-21,4.698,23.32,78.14,3.59,0.02,4.9517
2020-12-22,4.1242,23.11,78.34,3.14,0.0,5.1763
2020-12-23,4.7438,23.34,78.72,2.75,0.0,5.2541
2020-12-24,4.5127,23.48,79.93,2.79,0.0,5.2241
2020-12-25,4.8307,23.57,76.08,2.76,0.01,4.9781
2020-12-26,5.047,23.53,75.91,2.96,0.0,5.1566
2020-12-27,4.5338,23.74,78.02,3.34,0.04,4.9219
2020-12-28,4.7906,23.55,77.76,3.28,0.04,5.1048
2020-12-29,3.0461,24.19,81.72,3.64,0.08,4.9714
2020-12-30,2.3942,24.81,84.81,4.08,4.21,4.9994
2020-12-31,3.9626,24.61,85.05,4.24,3.65,4.6752
2021-01-01,4.3435,23.66,80.7,3.48,0.81,4.8442
2021-01-02,1.9514,24.05,85.8,4.02,8.12,4.9742
2021-01-03,3.1202,24.61,84.67,3.83,2.08,4.9008
2021-01-04,4.0078,24.93,84.78,3.48,8.29,5.4132
2021-01-05,0.971,24.85,92.6,2.79,49.85,5.3887
2021-01-06,3.4121,25.04,93.15,2.6,40.12,5.4084
2021-01-07,3.3401,25.12,89.82,2.82,5.7,5.3239
2021-01-08,2.3662,25.43,88.69,2.87,2.18,5.5519
2021-01-09,4.4777,25.18,86.05,2.9,0.3,5.4893
2021-01-10,3.9526,25.21,86.9,3.26,0.79,5.3357
2021-01-11,4.3728,25.26,88.24,3.45,1.1,5.4991
2021-01-12,4.355,25.31,84.98,3.83,0.72,5.4437
2021-01-13,4.3855,25.21,82.87,3.36,0.23,4.9906
2021-01-14,4.4758,24.91,83.99,3.26,1.36,5.1953
2021-01-15,5.2061,24.54,81.17,2.95,0.16,5.4713
2021-01-16,5.352,23.98,76.56,2.22,0.0,5.6143
2021-01-17,5.5073,23.77,76.78,2.63,0.0,5.5922
2021-01-18,5.1187,24.03,74.98,3.05,0.0,5.3592
2021-01-19,5.1679,23.99,77.33,2.88,0.0,5.6011
2021-01-20,3.7375,24.47,81.58,2.67,0.01,5.4874
2021-01-21,5.3244,25.46,83.88,1.69,0.0,5.6986
2021-01-22,4.9116,25.33,84.5,1.97,0.0,5.1571
2021-01-23,5.0292,24.61,81.15,1.96,0.0,5.0866
2021-01-24,5.1533,24.41,74.19,1.56,0.0,5.3609
2021-01-25,5.2469,24.55,71.81,1.63,0.0,5.6134
2021-01-26,5.5586,24.14,72.46,2.05,0.0,5.6731
2021-01-27,4.806,24.1,75.69,1.7,0.02,5.2658
2021-01-28,4.9514,24.31,78.7,2.8,0.03,5.4662
2021-01-29,5.2399,24.56,75.09,2.85,0.09,5.5272
2021-01-30,5.1751,24.49,77.96,2.5,0.0,5.4934
2021-01-31,5.3551,24.29,81.14,2.91,0.0,5.5567
2021-02-01,5.5908,24.37,78.76,3.33,0.0,5.6282
2021-02-02,4.8734,24.53,79.32,3.11,0.34,5.3347
2021-02-03,5.6035,24.29,74.34,3.23,0.2,5.9419
2021-02-04,5.8243,23.75,71.75,2.98,0.0,5.9681
2021-02-05,5.4874,23.31,74.17,2.94,0.0,5.6184
2021-02-06,5.8325,23.33,73.86,2.91,0.0,6.0079
2021-02-07,5.8778,23.23,74.93,3.32,0.0,5.9467
2021-02-08,5.7396,23.78,73.74,3.76,0.0,5.9246
2021-02-09,5.4883,23.41,73.06,3.2,0.0,5.7552
2021-02-10,5.7235,22.96,73.07,2.31,0.0,5.7468
2021-02-11,5.9597,23.05,71.29,2.16,0.0,6.3679
2021-02-12,6.1548,23.28,70.24,1.96,0.0,6.2734
2021-02-13,6.3396,23.5,71.32,1.99,0.0,6.6509
2021-02-14,6.1778,23.24,72.04,1.55,0.0,6.2575
2021-02-15,5.923,23.68,71.58,1.82,0.0,6.0302
2021-02-16,6.1222,23.88,74.22,1.64,0.0,6.2988
2021-02-17,6.0101,24.38,74.76,2.29,0.0,6.3079
2021-02-18,5.7684,24.42,74.63,3.11,0.0,6.2357
2021-02-19,4.2022,25.13,77.02,3.31,2.22,5.9186
2021-02-20,4.7093,25.38,82.76,4.49,4.31,6.1658
2021-02-21,3.7632,25.14,83.59,4.15,16.57,6.3223
2021-02-22,5.9076,25.44,79.29,3.0,0.17,6.263
2021-02-23,5.9618,25.11,78.3,2.29,0.0,6.0408
2021-02-24,6.2921,25.0,74.23,1.57,0.0,6.3118
2021-02-25,6.1121,25.21,70.83,1.46,0.0,6.1421
2021-02-26,6.3454,25.26,71.58,1.85,0.0,6.3691
2021-02-27,6.2306,25.35,76.26,2.24,0.0,6.2616
2021-02-28,6.1939,25.31,77.26,2.33,0.0,6.3326
2021-03-01,6.3106,26.05,75.21,2.26,0.0,6.3619
2021-03-02,6.0955,25.73,73.84,2.22,0.0,6.1294
2021-03-03,6.5558,25.52,71.13,2.03,0.0,6.599
2021-03-04,6.7042,25.64,71.19,2.02,0.0,6.7226
2021-03-05,6.7303,25.56,71.3,1.68,0.0,6.7507
2021-03-06,6.6862,26.38,70.72,1.71,0.0,6.7212
2021-03-07,6.7872,26.48,73.74,1.92,0.0,6.8318
2021-03-08,6.6074,26.69,75.07,2.2,0.0,6.6732
2021-03-09,6.469,26.8,75.29,2.14,0.01,6.5681
2021-03-10,6.6694,27.19,76.99,2.41,0.0,6.8971
2021-03-11,6.9922,27.25,73.2,2.35,0.0,7.0752
2021-03-12,7.2014,26.05,69.28,2.05,0.0,7.2139
2021-03-13,6.8402,26.75,65.68,2.08,0.0,6.8746
2021-03-14,6.8904,27.07,66.33,1.98,0.0,6.8952
2021-03-15,6.7361,27.6,66.3,2.02,0.0,6.7788
2021-03-16,6.2458,27.36,67.1,1.86,0.0,6.5374
2021-03-17,6.0156,27.66,68.3,2.08,0.0,6.3922
2021-03-18,6.1034,27.14,70.58,2.03,0.0,6.7697
2021-03-19,6.469,27.39,66.81,2.02,0.0,6.7097
2021-03-20,6.5556,27.23,68.57,1.85,0.0,6.8282
2021-03-21,6.0077,27.81,65.82,1.98,0.0,6.3307
2021-03-22,6.3341,28.18,67.38,2.17,0.0,6.3782
2021-03-23,6.3583,28.05,69.18,2.17,0.0,6.6178
2021-03-24,6.3708,28.32,67.15,1.96,0.0,6.8546
2021-03-25,6.2155,28.49,67.19,2.06,0.0,6.5508
2021-03-26,6.0826,28.34,71.11,2.1,0.0,6.4342
2021-03-27,5.9302,29.16,68.84,1.95,0.0,6.1656
2021-03-28,5.7122,29.4,68.27,2.85,0.01,6.1718
2021-03-29,5.1353,29.75,67.09,3.18,0.0,6.2335
2021-03-30,6.0125,30.43,62.89,3.11,0.0,6.2681
2021-03-31,6.1762,31.29,64.73,3.94,0.0,6.409
2021-04-01,6.6322,31.69,62.34,3.7,0.0,6.7145
2021-04-02,6.7675,32.34,60.03,3.37,0.0,6.9142
2021-04-03,6.3223,31.69,64.22,3.68,0.0,6.4697
2021-04-04,6.091,31.45,64.25,2.64,0.0,6.2825
2021-04-05,5.8447,30.34,68.14,2.81,0.0,6.228
2021-04-06,6.2477,29.56,68.6,2.85,0.01,6.4246
2021-04-07,6.2909,29.35,65.17,2.86,0.0,6.4908
2021-04-08,6.2052,29.06,65.42,3.52,0.0,6.3941
2021-04-09,6.2174,28.9,67.68,3.19,0.0,6.5441
2021-04-10,6.7205,29.41,67.02,3.1,0.01,7.0284
2021-04-11,6.8748,29.83,65.22,2.88,0.69,7.1374
2021-04-12,6.8904,29.77,67.39,2.72,0.58,7.1779
2021-04-13,5.7178,30.03,65.59,2.54,0.57,7.1726
2021-04-14,4.9781,29.45,70.36,2.67,11.08,7.1604
2021-04-15,4.8886,28.66,73.87,2.3,9.8,7.1009
2021-04-16,7.0675,29.59,68.16,2.54,0.46,7.2797
2021-04-17,6.455,30.0,70.4,2.35,0.0,6.6878
2021-04-18,6.7512,30.25,70.11,2.49,0.0,6.9113
2021-04-19,6.3658,30.66,68.93,2.79,0.02,6.4898
2021-04-20,6.049,30.57,70.44,2.77,0.03,6.6173
2021-04-21,6.3134,30.6,70.54,2.75,0.03,6.5803
2021-04-22,6.276,30.39,68.68,3.08,0.0,6.6679
2021-04-23,5.5978,30.9,66.19,2.25,0.26,6.5496
2021-04-24,6.0874,29.6,72.84,2.05,0.91,6.6965
2021-04-25,6.5741,30.59,67.81,2.63,0.04,6.8839
2021-04-26,6.853,30.49,68.04,3.05,0.0,7.0934
2021-04-27,6.6348,30.48,68.14,2.8,0.0,7.045
2021-04-28,6.4766,30.79,67.24,2.87,0.01,6.8414
2021-04-29,6.4126,30.85,66.53,2.84,0.02,6.6326
2021-04-30,6.1594,31.04,66.18,2.83,0.09,6.774
2021-05-01,6.5486,31.03,66.44,3.08,0.18,6.8998
2021-05-02,6.7037,30.57,68.32,2.68,0.77,7.3862
2021-05-03,6.9334,30.8,66.1,2.77,1.06,7.3793
2021-05-04,6.7918,31.11,63.15,2.83,1.27,7.1345
2021-05-05,6.7068,31.47,62.35,3.13,0.06,6.9264
2021-05-06,6.4834,31.32,64.2,3.23,0.07,7.0702
2021-05-07,6.857,30.89,67.21,3.25,1.33,7.5
2021-05-08,6.7493,30.34,67.41,2.4,0.93,7.4446
2021-05-09,6.8114,31.05,65.35,2.78,0.03,7.2974
2021-05-10,6.9266,31.66,63.83,3.44,0.04,7.259
2021-05-11,6.6845,32.33,64.26,3.42,0.26,6.9478
2021-05-12,5.6798,32.48,64.75,3.43,0.8,6.9814
2021-05-13,6.1774,31.67,68.77,3.66,0.75,7.0978
2021-05-14,5.707,31.8,66.72,4.12,2.04,7.2727
2021-05-15,6.2983,31.14,65.6,5.22,1.3,7.2598
2021-05-16,4.8305,30.24,69.94,5.09,3.05,7.1758
2021-05-17,6.7075,30.97,68.59,3.94,0.71,6.9648
2021-05-18,6.8784,30.82,71.57,4.24,0.31,7.2902
2021-05-19,6.551,30.36,74.5,4.01,1.81,7.1659
2021-05-20,6.318,30.14,72.95,2.6,4.82,7.2094
2021-05-21,3.8179,28.62,75.67,4.2,10.51,6.8678
2021-05-22,2.2956,29.41,72.53,2.65,4.07,6.8635
2021-05-23,2.9854,30.07,69.84,3.07,0.38,6.517
2021-05-24,2.5954,29.32,70.51,3.75,3.67,6.517
2021-05-25,3.6274,28.57,75.73,4.76,5.19,5.9695
2021-05-26,6.1174,31.53,61.47,3.99,0.06,6.5297
2021-05-27,5.2406,30.92,61.35,3.91,0.46,6.666
2021-05-28,6.2482,31.24,61.36,3.08,0.07,6.4063
2021-05-29,6.3425,31.68,63.14,2.88,0.12,6.6118
2021-05-30,6.3866,31.89,63.15,2.9,4.67,6.6614
2021-05-31,6.4622,31.56,64.6,3.39,1.86,6.7764
2021-06-01,6.5232,31.7,65.24,2.85,0.11,6.9641
2021-06-02,6.3931,31.1,65.79,2.38,0.01,6.7142
2021-06-03,5.9971,30.49,71.1,3.25,0.04,6.907
2021-06-04,6.2141,29.31,69.93,2.81,0.51,7.0145
2021-06-05,6.491,29.57,71.3,1.63,12.49,7.2341
2021-06-06,6.5309,29.77,68.45,1.59,0.27,7.2317
2021-06-07,6.2734,30.41,69.79,2.55,8.54,7.1186
2021-06-08,6.4591,30.19,69.18,2.95,3.75,7.1064
2021-06-09,6.2167,30.32,68.16,2.96,4.9,7.1753
2021-06-10,4.9548,30.73,65.28,2.95,1.39,7.1141
2021-06-11,3.4418,30.16,62.14,4.13,0.07,7.0858
2021-06-12,5.2997,30.51,58.87,4.45,1.78,7.0296
2021-06-13,4.206,29.6,62.29,4.38,0.26,6.875
2021-06-14,3.9144,29.95,60.72,5.07,0.4,6.9336
2021-06-15,5.4838,30.54,57.15,5.3,0.26,6.9425
2021-06-16,5.1005,30.86,59.46,4.52,0.52,6.7886
2021-06-17,5.3069,31.15,58.94,4.49,0.46,6.575
2021-06-18,4.3219,30.98,57.52,4.32,0.26,6.2194
2021-06-19,5.449,30.36,62.02,3.54,1.83,6.3091
2021-06-20,6.1411,30.51,61.99,3.14,0.81,6.5746
2021-06-21,6.2662,30.36,62.24,2.71,0.54,6.6206
2021-06-22,4.3356,29.53,70.58,2.7,3.93,6.0398
2021-06-23,5.1583,29.63,70.11,3.07,2.72,6.3274
2021-06-24,4.5533,29.91,71.51,2.71,9.96,6.9002
2021-06-25,5.1091,30.79,63.05,2.42,0.6,6.7855
2021-06-26,3.0055,31.01,61.63,2.87,1.89,6.715
2021-06-27,2.6993,29.12,66.84,3.33,8.9,6.5935
2021-06-28,5.5394,29.34,67.78,3.23,2.16,6.6672
2021-06-29,6.4234,29.81,70.88,4.46,0.54,6.7375
2021-06-30,6.5136,30.22,73.42,3.94,3.03,6.9898
2021-07-01,4.271,29.44,79.59,3.23,4.58,6.7066
2021-07-02,6.1073,29.19,79.81,2.04,16.13,6.9216
2021-07-03,5.1814,28.93,81.02,1.72,9.11,6.9667
2021-07-04,3.5422,28.55,77.94,2.31,4.88,6.8808
2021-07-05,6.6643,29.33,73.9,2.37,1.7,6.9703
2021-07-06,6.5306,29.41,77.28,3.06,1.71,6.8568
2021-07-07,5.7502,29.18,77.31,2.79,1.06,6.8904
2021-07-08,6.1882,28.67,77.17,2.66,15.69,6.7889
2021-07-09,4.4657,28.63,80.28,2.79,18.56,6.9238
2021-07-10,4.4969,27.85,78.27,3.11,11.85,6.8652
2021-07-11,3.2023,27.55,76.29,3.46,3.17,6.6542
2021-07-12,3.2477,27.49,75.01,3.74,2.4,6.8549
2021-07-13,3.4133,28.35,74.71,3.09,1.38,7.1506
2021-07-14,3.859,28.09,78.8,2.38,11.24,7.0706
2021-07-15,5.3095,28.56,76.84,3.22,7.01,7.1947
2021-07-16,3.9924,28.84,76.77,3.08,8.77,7.0243
2021-07-17,5.1463,27.61,83.03,2.68,33.34,7.0476
2021-07-18,4.8986,27.36,86.67,3.5,24.12,7.0582
2021-07-19,6.0526,28.86,76.36,3.47,10.49,7.1474
2021-07-20,4.9807,28.71,77.43,3.87,2.56,6.8407
2021-07-21,3.2448,28.68,76.66,3.9,1.63,6.8004
2021-07-22,2.0609,27.57,79.63,5.01,2.77,6.5618
2021-07-23,5.4384,28.29,77.11,3.94,0.79,6.667
2021-07-24,6.5326,29.23,75.12,3.39,0.91,6.821
2021-07-25,6.2914,28.76,77.89,3.95,3.91,6.9922
2021-07-26,6.5407,28.21,77.62,3.3,3.03,6.9955
2021-07-27,6.0007,28.33,76.84,4.03,1.7,7.0003
2021-07-28,5.6441,29.61,71.14,4.22,0.11,7.0882
2021-07-29,4.7796,29.4,71.61,3.7,0.25,7.1861
2021-07-30,5.1502,29.46,72.52,3.51,0.4,6.8489
2021-07-31,5.0191,29.73,70.59,3.5,4.41,6.3434
2021-08-01,5.3616,28.93,73.64,3.03,1.9,6.5102
2021-08-02,5.7595,29.41,69.89,3.57,0.66,6.6946
2021-08-03,6.2508,29.44,69.42,3.18,0.6,6.8518
2021-08-04,5.6002,29.77,70.39,3.8,0.5,7.0039
2021-08-05,5.5879,30.08,70.68,3.35,2.46,6.7958
2021-08-06,5.8099,29.7,72.35,3.71,2.42,6.6962
2021-08-07,5.6249,29.57,75.8,3.09,4.07,6.9878
2021-08-08,6.6535,29.64,76.39,2.54,3.13,7.0219
2021-08-09,6.4356,29.76,77.23,2.23,8.96,7.0385
2021-08-10,6.5436,28.37,80.01,3.39,5.9,6.889
2021-08-11,6.0382,27.04,85.5,2.7,2.64,6.9718
2021-08-12,1.8946,27.5,83.95,2.76,3.18,6.7625
2021-08-13,4.4374,28.27,78.55,2.35,2.72,6.893
2021-08-14,2.9095,28.63,74.76,3.02,1.83,6.7342
2021-08-15,2.4514,28.18,74.48,3.24,2.47,6.6744
2021-08-16,2.9806,28.91,71.41,2.49,3.57,6.815
2021-08-17,4.0884,28.96,74.16,3.59,2.72,6.7001
2021-08-18,5.0822,28.86,72.53,2.86,0.18,6.7368
2021-08-19,5.0304,29.18,71.49,2.78,2.56,6.9703
2021-08-20,4.0226,28.16,75.33,2.58,3.84,6.7354
2021-08-21,2.7482,26.1,84.9,3.0,13.32,6.6749
2021-08-22,6.4111,26.74,81.52,2.11,5.64,6.9226
2021-08-23,6.1296,27.37,81.11,3.35,1.42,7.0214
2021-08-24,6.3696,28.6,77.94,3.64,4.75,7.0195
2021-08-25,6.0698,28.65,78.84,3.27,2.59,6.9456
2021-08-26,4.5758,28.7,78.3,1.96,3.66,6.8095
2021-08-27,4.7962,26.93,87.39,1.74,21.55,6.4589
2021-08-28,3.8026,27.5,80.44,2.58,16.04,6.6905
2021-08-29,3.739,27.1,78.95,3.31,8.29,6.7733
2021-08-30,3.288,27.7,75.72,3.38,0.44,6.7073
2021-08-31,5.454,27.87,72.92,2.39,0.99,6.7498
2021-09-01,3.7169,27.53,80.84,1.44,1.4,6.5539
2021-09-02,2.2387,27.25,81.85,2.53,7.02,6.7908
2021-09-03,3.4702,27.14,80.63,3.06,8.8,6.8095
2021-09-04,2.2788,26.38,86.49,3.98,12.16,6.8189
2021-09-05,3.6725,28.22,78.62,2.79,7.22,6.7171
2021-09-06,3.2083,27.37,79.09,3.54,6.91,6.643
2021-09-07,5.4434,26.66,79.28,3.56,0.43,6.9521
2021-09-08,4.985,27.55,81.28,3.22,0.06,6.8539
2021-09-09,6.1577,28.13,78.28,3.12,0.15,7.0042
2021-09-10,4.8062,28.07,79.24,2.92,0.53,6.7505
2021-09-11,4.4489,28.14,79.05,3.49,0.06,6.743
2021-09-12,4.0522,28.09,80.56,3.54,0.17,6.6773
2021-09-13,5.0611,28.44,77.69,4.37,0.05,6.6607
2021-09-14,5.4005,28.42,79.69,3.79,0.04,6.5059
2021-09-15,6.0518,28.82,79.57,2.55,1.77,6.5782
2021-09-16,5.4194,27.99,82.21,2.58,2.6,6.5518
2021-09-17,5.7036,27.61,85.69,2.3,1.42,6.4056
2021-09-18,4.8247,28.29,80.48,2.31,5.01,6.4891
2021-09-19,5.875,28.44,80.78,2.19,6.04,6.4994
2021-09-20,5.7158,28.69,80.77,1.79,3.03,6.4495
2021-09-21,5.6772,28.26,81.32,2.5,4.59,6.5938
2021-09-22,3.2158,28.19,79.6,2.43,21.25,6.6082
2021-09-23,2.4485,28.25,81.59,2.41,1.37,6.4272
2021-09-24,5.5334,28.12,79.09,1.85,1.87,6.6142
2021-09-25,5.6635,28.31,82.06,1.96,7.28,6.4807
2021-09-26,3.3007,27.3,83.09,1.99,7.13,6.4006
2021-09-27,4.3174,28.63,76.31,3.53,0.08,6.347
2021-09-28,5.7154,27.5,79.6,3.47,2.25,6.5124
2021-09-29,5.2049,28.04,75.62,2.05,1.48,6.6672
2021-09-30,4.9265,28.16,77.95,1.64,3.93,6.6034
2021-10-01,6.3895,28.04,81.28,1.78,2.28,6.8143
2021-10-02,5.987,27.43,87.9,2.25,5.59,6.3228
2021-10-03,6.0984,27.94,82.9,1.47,4.45,6.6175
2021-10-04,6.1589,27.92,82.95,1.85,4.71,6.54
2021-10-05,3.5849,27.14,88.45,2.43,37.11,6.7193
2021-10-06,5.7977,27.99,86.03,2.32,8.39,6.7402
2021-10-07,5.6494,27.58,85.61,2.47,3.17,6.5201
2021-10-08,5.1982,28.44,83.88,2.46,3.81,6.5227
2021-10-09,5.2334,27.3,86.85,1.62,5.3,6.2378
2021-10-10,3.8974,27.76,82.77,2.24,9.41,5.9249
2021-10-11,3.1416,27.07,85.11,1.64,4.31,5.88
2021-10-12,4.4282,27.19,82.65,1.63,4.16,5.616
2021-10-13,5.4257,28.25,79.51,2.12,6.49,5.6453
2021-10-14,4.5732,27.8,83.46,2.58,0.24,5.123
2021-10-15,4.9114,28.15,82.88,1.7,2.84,5.4727
2021-10-16,4.8862,27.82,86.08,2.62,1.62,5.5106
2021-10-17,4.8348,28.06,86.34,1.97,3.02,6.0638
2021-10-18,3.8378,28.07,81.65,2.39,0.37,5.419
2021-10-19,5.041,27.66,83.27,1.95,3.3,5.568
2021-10-20,5.2054,27.49,82.14,1.28,1.74,5.705
2021-10-21,5.0604,27.36,83.06,1.04,1.85,5.867
2021-10-22,5.5862,27.32,83.57,1.21,0.51,6.1577
2021-10-23,5.0666,27.19,85.22,1.51,0.54,6.2402
2021-10-24,3.737,27.63,78.27,1.52,5.98,5.497
2021-10-25,4.3615,26.63,84.65,2.85,0.93,5.6873
2021-10-26,4.1909,27.14,79.82,2.59,0.98,5.5639
2021-10-27,4.5365,26.86,81.23,3.15,0.75,5.5423
2021-10-28,1.8504,26.41,82.03,4.21,6.67,5.6309
2021-10-29,3.8417,26.71,86.27,2.47,25.07,6.1934
2021-10-30,3.4706,26.48,89.13,2.76,17.88,6.1951
2021-10-31,4.2562,26.97,86.98,3.24,16.09,6.0986
2021-11-01,1.5485,26.41,88.91,2.99,21.37,6.0701
2021-11-02,1.8353,26.42,86.5,2.96,23.68,6.0343
2021-11-03,3.0816,25.71,90.13,2.4,30.77,5.8644
2021-11-04,1.937,25.87,90.86,2.81,18.47,5.9071
2021-11-05,3.5297,25.94,88.54,2.23,16.95,5.7617
2021-11-06,3.7001,26.12,89.51,2.2,49.77,5.8075
2021-11-07,1.8715,26.64,87.96,2.47,40.64,5.395
2021-11-08,1.261,26.05,89.87,4.19,36.4,4.9728
2021-11-09,1.5206,25.26,88.64,4.53,16.97,5.1413
2021-11-10,1.2998,24.09,92.22,6.27,84.05,5.4341
2021-11-11,1.8019,24.83,93.4,6.88,75.19,5.6513
2021-11-12,3.7414,26.11,86.87,4.45,3.63,5.8255
2021-11-13,4.4347,26.85,85.99,1.31,3.72,5.6758
2021-11-14,4.9481,26.53,87.73,1.62,4.74,5.8075
2021-11-15,3.6096,26.59,86.79,1.6,4.57,5.7852
2021-11-16,4.6817,26.83,86.29,1.42,2.4,5.771
2021-11-17,1.9774,26.46,90.25,2.62,11.0,5.6554
2021-11-18,1.1777,26.52,94.08,6.76,74.21,5.5531
2021-11-19,2.803,26.72,89.65,5.57,20.62,5.737
2021-11-20,3.2222,26.91,89.41,4.04,16.63,5.6594
2021-11-21,5.0818,26.66,88.16,1.8,7.5,5.7254
2021-11-22,4.3058,26.3,89.74,2.18,5.0,5.6978
2021-11-23,5.1302,26.64,88.2,2.67,2.29,5.5248
2021-11-24,4.5266,26.34,87.86,2.87,2.87,5.3225
2021-11-25,4.169,26.46,88.38,4.25,18.25,5.2618
2021-11-26,1.5559,26.09,90.36,4.89,58.61,4.8
2021-11-27,1.3709,25.83,92.6,4.21,29.98,4.8701
2021-11-28,1.8991,25.53,92.82,3.11,61.12,5.4698
2021-11-29,2.6753,25.44,91.47,1.89,12.76,5.4413
2021-11-30,3.8945,26.06,91.13,3.54,9.8,5.0508
2021-12-01,4.2038,26.09,86.45,3.73,1.22,4.9106
2021-12-02,4.9584,24.96,82.33,3.4,0.03,5.1612
2021-12-03,4.2223,24.43,89.59,3.35,0.14,5.189
2021-12-04,4.9879,26.0,81.81,1.74,0.01,4.9961
2021-12-05,4.7551,26.58,82.01,1.32,0.15,5.0138
2021-12-06,4.703,26.55,84.54,1.63,1.22,5.1254
2021-12-07,4.8274,25.87,85.08,2.58,0.09,5.1031
2021-12-08,4.675,25.65,87.43,2.85,0.38,5.3885
2021-12-09,4.6142,25.84,86.13,3.15,3.98,5.5018
2021-12-10,4.7143,25.77,84.35,3.35,2.35,5.5027
2021-12-11,4.9447,25.88,85.41,4.0,3.71,5.4979
2021-12-12,4.2974,25.7,85.87,3.97,6.0,5.4514
2021-12-13,4.0872,25.99,84.01,4.39,6.87,5.0203
2021-12-14,4.2146,25.32,83.63,4.21,2.34,5.003
2021-12-15,4.2852,24.96,82.85,4.19,1.6,4.7762
2021-12-16,4.4611,24.66,80.87,4.26,0.48,4.8509
2021-12-17,4.2406,24.2,81.65,3.93,0.15,4.943
2021-12-18,4.4489,23.89,80.05,4.12,0.0,5.1242
2021-12-19,4.7827,23.5,77.93,3.95,0.0,5.0438
2021-12-20,4.1681,23.58,76.0,3.19,0.0,4.6411
2021-12-21,4.5638,23.25,74.54,2.43,0.0,4.6531
2021-12-22,4.4203,22.74,73.44,1.86,0.0,4.5554
2021-12-23,4.9358,22.4,72.27,1.76,0.0,4.9414
2021-12-24,4.8902,23.46,72.72,1.46,0.0,4.9027
2021-12-25,4.9685,23.62,73.36,1.64,0.0,4.9896
2021-12-26,4.4294,23.94,76.97,1.67,0.0,4.5751
2021-12-27,4.9788,24.25,78.07,2.12,0.41,5.099
2021-12-28,3.1267,24.0,81.99,2.66,0.87,5.1163
2021-12-29,4.968,24.37,79.08,2.55,0.92,5.4946
2021-12-30,3.0758,24.55,86.17,3.92,55.65,5.2903
2021-12-31,3.4637,25.22,87.17,4.76,42.52,5.0021
2022-01-01,4.1431,25.03,86.38,4.73,8.69,5.2726
2022-01-02,4.7117,24.61,83.33,3.87,0.5,5.1576
2022-01-03,4.7383,24.37,81.09,3.32,0.02,4.9766
2022-01-04,4.9116,23.36,81.46,3.46,0.01,5.226
2022-01-05,5.1007,23.6,80.24,2.44,0.02,5.4492
2022-01-06,5.208,23.94,83.68,2.68,0.04,5.5877
2022-01-07,4.889,24.16,84.08,2.65,0.03,5.6604
2022-01-08,5.2608,24.29,80.79,2.83,0.0,5.6057
2022-01-09,5.2841,24.23,80.86,2.1,0.0,5.5822
2022-01-10,5.4276,24.65,81.06,1.89,0.0,5.6234
2022-01-11,5.3722,25.14,79.24,2.19,0.02,5.7446
2022-01-12,5.2217,25.29,80.42,2.13,0.14,5.6395
2022-01-13,5.0076,25.63,81.42,2.11,0.95,5.7274
2022-01-14,4.9274,25.84,83.07,1.84,0.68,5.5985
2022-01-15,4.8775,25.44,84.49,2.2,0.64,5.5774
2022-01-16,5.1571,25.15,84.51,3.57,5.86,5.627
2022-01-17,2.0268,25.03,80.99,3.75,6.17,5.4401
2022-01-18,4.83,24.18,81.09,3.19,1.52,5.2978
2022-01-19,5.1864,23.85,76.83,2.6,0.47,5.3155
2022-01-20,4.9694,23.8,72.09,1.32,0.0,5.1475
2022-01-21,5.3981,24.17,76.9,1.78,0.0,5.4084
2022-01-22,4.9721,25.02,80.42,2.03,0.0,5.2272
2022-01-23,4.9416,25.48,83.85,2.43,0.59,5.3928
2022-01-24,3.1906,25.37,82.98,2.15,3.1,5.4437
2022-01-25,4.5319,25.15,80.89,1.97,1.19,5.3621
2022-01-26,3.9545,24.8,79.43,1.7,0.7,5.8286
2022-01-27,5.0496,24.84,76.53,2.57,0.19,5.6455
2022-01-28,4.9922,24.43,82.84,3.83,0.26,5.7271
2022-01-29,3.2369,24.64,81.67,4.37,0.08,5.43
2022-01-30,5.1523,24.52,82.15,2.77,0.0,5.6302
2022-01-31,5.347,24.98,80.62,1.91,0.0,5.6875
2022-02-01,5.4305,24.13,74.41,1.71,0.0,5.5171
2022-02-02,5.7677,23.63,71.91,1.44,0.0,5.7792
2022-02-03,5.8238,23.78,74.14,1.67,0.0,5.9678
2022-02-04,5.4324,25.03,76.79,2.1,0.0,5.4996
2022-02-05,5.4924,25.45,81.05,2.22,0.04,5.9167
2022-02-06,5.3695,25.08,77.66,2.65,0.0,5.9947
2022-02-07,5.6434,24.4,75.11,2.65,0.0,6.0886
2022-02-08,5.9568,23.98,75.69,2.72,0.0,6.0492
2022-02-09,5.01,23.72,75.92,3.03,0.0,6.1658
2022-02-10,5.9251,24.2,75.63,3.09,0.13,6.0713
2022-02-11,5.2956,24.9,75.48,3.45,0.25,5.9906
2022-02-12,5.4778,25.15,75.76,3.51,0.07,5.9774
2022-02-13,5.7086,24.62,79.75,3.03,0.0,5.8778
2022-02-14,5.034,24.73,74.78,3.21,0.03,6.1253
2022-02-15,5.7677,24.13,71.62,3.06,0.01,6.2242
2022-02-16,5.3633,24.34,70.88,2.72,0.0,5.8829
2022-02-17,5.5186,24.73,72.42,2.39,0.0,5.8346
2022-02-18,5.1881,25.13,74.94,2.91,0.0,5.4907
2022-02-19,5.4415,25.37,74.38,2.67,0.0,5.8284
2022-02-20,6.059,25.9,73.12,1.96,0.0,6.0869
2022-02-21,5.7365,26.3,75.22,2.14,0.0,5.8774
2022-02-22,5.7838,26.59,76.7,2.25,0.03,5.8999
2022-02-23,5.8104,25.98,75.9,2.8,0.0,5.9844
2022-02-24,6.3151,25.46,70.74,2.35,0.0,6.3912
2022-02-25,6.6221,24.43,72.71,2.73,0.0,6.7966
2022-02-26,6.3053,25.33,74.88,2.86,0.01,6.829
2022-02-27,6.593,25.72,72.09,3.04,0.0,6.8239
2022-02-28,6.4954,26.06,69.11,2.55,0.0,6.5642
2022-03-01,6.947,26.31,66.33,2.87,0.0,7.0058
2022-03-02,5.9414,25.89,66.79,3.04,0.0,7.0457
2022-03-03,5.029,26.0,73.5,3.44,0.0,6.4716
2022-03-04,5.2769,26.86,71.74,4.31,0.06,6.4582
2022-03-05,5.5358,26.68,71.33,3.8,0.01,6.6216
2022-03-06,4.6579,26.69,71.49,4.17,0.89,6.6406
2022-03-07,5.2718,27.01,72.29,2.89,0.21,6.619
2022-03-08,6.4493,27.16,68.69,2.07,0.0,6.4687
2022-03-09,6.3902,27.19,64.58,2.12,0.0,6.4637
2022-03-10,6.5167,26.85,66.52,2.41,0.0,6.6754
2022-03-11,6.2969,26.67,67.02,2.48,0.0,6.3586
2022-03-12,6.6341,26.85,63.83,2.25,0.0,6.6624
2022-03-13,5.2855,27.08,65.23,2.26,0.01,6.2124
2022-03-14,6.2837,27.78,63.89,2.08,0.0,6.414
2022-03-15,6.2647,27.68,63.14,1.94,0.0,6.613
2022-03-16,6.3367,28.08,58.62,2.27,0.0,6.6586
2022-03-17,6.2849,28.36,62.5,2.46,0.0,6.5496
2022-03-18,6.5054,28.51,67.68,2.68,0.0,6.6451
2022-03-19,6.0348,29.0,69.51,2.53,0.01,6.2832
2022-03-20,4.9318,30.19,66.81,1.89,0.08,5.9045
2022-03-21,5.5754,30.81,64.07,2.3,0.49,5.701
2022-03-22,5.256,30.41,64.9,2.21,0.87,5.5298
2022-03-23,5.1744,30.09,71.17,2.51,0.01,5.7398
2022-03-24,5.7737,29.75,71.76,2.86,0.01,6.0746
2022-03-25,6.3142,29.46,70.2,2.92,0.0,6.5323
2022-03-26,6.2498,29.66,68.63,3.04,0.0,6.4858
2022-03-27,6.5141,29.98,69.34,3.35,0.0,6.5827
2022-03-28,6.3041,30.17,70.12,3.65,0.0,6.4082
2022-03-29,6.1954,30.24,70.47,3.9,0.0,6.2597
2022-03-30,6.2232,30.39,69.13,4.34,0.0,6.3065
2022-03-31,6.0389,30.23,71.13,4.12,0.01,6.1478
2022-04-01,6.2398,29.6,73.45,4.24,0.0,6.3991
2022-04-02,6.4822,29.99,68.64,3.61,0.01,6.6559
2022-04-03,6.6612,29.8,68.05,3.43,0.0,6.9002
2022-04-04,6.4673,29.69,68.85,3.3,0.01,6.5736
2022-04-05,6.7433,29.78,63.99,2.86,0.0,6.7906
2022-04-06,6.5455,29.49,66.73,2.3,0.05,6.6821
2022-04-07,6.6178,29.97,65.47,2.54,0.1,6.667
2022-04-08,7.0282,29.98,65.25,2.35,0.14,7.2958
2022-04-09,6.9398,29.9,66.68,2.24,0.14,7.3483
2022-04-10,6.5316,29.9,67.45,2.36,0.66,6.9446
2022-04-11,6.7176,29.78,69.04,2.12,0.26,7.1095
2022-04-12,6.5995,29.12,73.83,1.89,0.07,7.1657
2022-04-13,5.9566,29.6,72.01,2.12,0.11,7.2826
2022-04-14,6.7502,30.35,67.51,3.07,0.02,7.3049
2022-04-15,6.5614,31.24,62.06,3.76,0.02,6.6967
2022-04-16,5.7792,31.33,67.65,3.82,0.03,6.803
2022-04-17,5.7192,31.29,68.04,2.74,0.42,6.5717
2022-04-18,6.2419,30.48,67.98,2.16,0.33,6.5638
2022-04-19,6.3924,30.64,68.35,2.58,0.03,6.6346
2022-04-20,6.468,30.61,69.23,2.88,0.02,6.6439
2022-04-21,6.5758,30.29,71.05,3.77,0.01,6.6442
2022-04-22,6.7298,30.9,64.82,3.18,0.02,6.9293
2022-04-23,6.2215,30.28,66.41,3.09,0.04,7.0829
2022-04-24,6.7493,31.79,58.48,2.76,0.0,7.0056
2022-04-25,6.8597,31.23,63.44,3.76,0.0,6.983
2022-04-26,6.798,31.01,65.24,3.88,0.0,6.8873
2022-04-27,6.6761,31.26,65.49,3.49,0.0,6.7625
2022-04-28,6.565,31.23,67.49,3.63,0.0,6.9293
2022-04-29,6.5062,31.46,66.74,3.39,0.02,6.6734
2022-04-30,6.1022,32.25,63.21,3.35,0.01,6.3362
2022-05-01,5.9575,31.53,70.08,3.63,0.38,6.2681
2022-05-02,6.2861,31.16,70.49,2.88,0.99,6.6862
2022-05-03,6.1824,30.69,74.56,2.94,0.48,6.6046
2022-05-04,5.5858,30.28,75.33,2.55,1.98,6.7488
2022-05-05,6.2148,30.56,69.34,1.98,1.93,6.6211
2022-05-06,6.3221,31.06,64.87,2.97,4.02,6.5974
2022-05-07,5.9275,30.73,68.71,2.16,8.16,6.1584
2022-05-08,4.957,31.12,67.73,2.27,0.52,6.4051
2022-05-09,1.5804,30.63,68.48,1.63,1.28,6.4704
2022-05-10,0.7728,29.78,68.11,3.35,10.74,7.0193
2022-05-11,2.6738,30.39,65.48,4.78,6.44,6.7946
2022-05-12,2.3616,29.95,72.1,4.72,8.99,6.6437
2022-05-13,4.4542,28.94,75.67,3.76,1.16,6.9055
2022-05-14,5.2634,30.42,72.58,2.82,1.15,6.6211
2022-05-15,6.0643,28.6,83.04,3.73,7.5,6.511
2022-05-16,5.9004,29.29,80.9,2.09,6.12,7.0068
2022-05-17,6.0269,29.08,80.26,2.7,2.55,7.0186
2022-05-18,5.8378,29.3,80.04,2.93,1.4,7.1424
2022-05-19,6.2736,29.28,75.88,4.54,0.45,6.8976
2022-05-20,4.8595,28.45,69.84,4.31,0.4,6.6811
2022-05-21,5.9642,30.58,63.4,3.76,0.02,6.6091
2022-05-22,5.8027,31.38,60.97,3.68,0.03,6.2914
2022-05-23,6.5926,31.94,61.99,3.62,0.01,6.7394
2022-05-24,6.4106,32.05,65.36,2.95,0.07,6.7423
2022-05-25,5.9165,31.23,69.08,2.98,2.43,6.6163
2022-05-26,5.7907,30.34,73.62,2.85,3.13,6.275
2022-05-27,6.1162,30.33,68.42,3.38,1.93,6.3194
2022-05-28,6.251,30.67,66.71,2.88,0.08,6.5952
2022-05-29,6.5695,30.83,62.61,3.02,0.13,6.744
2022-05-30,6.5282,31.03,62.73,3.34,0.09,6.919
2022-05-31,6.2659,31.0,66.15,3.01,0.03,6.7325
2022-06-01,5.8514,31.01,64.24,2.34,0.01,6.3612
2022-06-02,5.0947,31.0,63.91,1.93,0.0,6.2045
2022-06-03,5.9035,31.22,65.58,2.95,0.01,6.0422
2022-06-04,3.8016,29.71,62.64,2.85,0.01,6.2568
2022-06-05,5.7082,30.59,63.2,2.14,1.81,6.2424
2022-06-06,4.8206,29.17,73.57,2.57,3.7,6.2021
2022-06-07,5.0561,29.96,70.36,3.97,2.57,6.1997
2022-06-08,5.423,30.65,66.61,3.2,0.38,6.2808
2022-06-09,5.8502,30.33,66.24,3.76,0.26,6.4553
2022-06-10,5.9174,30.45,66.34,3.29,0.21,6.6197
2022-06-11,4.7501,30.27,64.94,2.51,1.31,6.6211
2022-06-12,6.5062,30.7,60.43,2.51,1.97,6.7927
2022-06-13,6.0166,30.57,66.07,2.83,1.48,7.1326
2022-06-14,6.5208,30.66,67.57,2.6,1.54,7.11
2022-06-15,6.5122,29.77,70.59,2.9,8.16,7.031
2022-06-16,6.131,28.98,76.29,1.76,8.64,6.9293
2022-06-17,5.9314,29.22,74.08,3.1,7.47,6.8808
2022-06-18,5.2534,29.32,72.21,3.72,4.74,7.0392
2022-06-19,5.8764,28.87,78.1,3.12,28.85,6.9485
2022-06-20,6.4094,28.7,77.28,2.53,18.31,6.9389
2022-06-21,4.9874,28.77,76.61,2.6,23.54,6.7668
2022-06-22,5.6594,28.39,76.72,2.05,9.51,7.002
2022-06-23,3.1222,28.65,76.02,2.55,3.63,6.7788
2022-06-24,6.1404,28.98,75.38,3.01,2.55,6.8575
2022-06-25,5.7048,28.63,73.15,3.33,1.99,6.8666
2022-06-26,5.7266,28.93,72.4,3.0,0.65,6.5914
2022-06-27,3.6686,29.62,69.16,2.24,2.44,7.1777
2022-06-28,3.624,30.28,68.3,2.12,2.59,7.0798
2022-06-29,5.934,30.59,69.83,2.28,5.16,6.8599
2022-06-30,6.335,30.0,73.97,2.6,5.14,6.9763
2022-07-01,6.4234,29.98,72.3,2.85,4.5,6.8796
2022-07-02,5.7221,29.85,72.19,3.14,3.0,6.69
2022-07-03,4.224,29.55,73.91,2.53,3.04,6.803
2022-07-04,3.936,29.68,70.08,3.61,3.24,6.6142
2022-07-05,4.1806,28.93,72.68,3.23,6.45,6.486
2022-07-06,3.0854,28.77,73.58,2.64,4.59,6.563
2022-07-07,3.155,28.59,73.43,3.72,1.75,6.6552
2022-07-08,2.7,28.96,71.85,3.51,3.76,6.623
2022-07-09,3.4169,29.07,70.96,3.97,2.01,6.7625
2022-07-10,3.2146,29.1,70.16,4.33,2.79,6.9048
2022-07-11,2.8752,29.27,68.64,4.94,1.15,6.5107
2022-07-12,4.4383,29.38,67.03,5.19,1.38,6.9106
2022-07-13,3.905,29.21,67.36,5.56,2.29,6.6329
2022-07-14,5.321,29.52,63.32,5.86,0.31,7.0066
2022-07-15,4.885,29.92,64.32,4.57,0.09,6.7831
2022-07-16,4.877,29.97,70.15,3.47,5.09,6.834
2022-07-17,3.4858,29.51,75.18,2.75,9.42,6.5078
2022-07-18,3.4394,28.48,74.31,2.76,2.0,6.5969
2022-07-19,6.5501,29.5,73.25,2.1,0.94,6.9737
2022-07-20,6.2827,28.94,79.3,2.21,10.14,6.7992
2022-07-21,5.8913,28.65,79.45,2.2,5.89,6.8422
2022-07-22,3.0809,27.1,86.36,1.83,15.58,6.5436
2022-07-23,5.7566,28.68,75.05,2.15,1.46,6.5422
2022-07-24,5.0856,28.71,73.78,2.23,3.4,6.7368
2022-07-25,6.2923,28.45,75.63,2.32,3.46,6.9331
2022-07-26,3.4243,27.11,83.97,1.78,7.74,6.827
2022-07-27,6.648,27.76,80.18,1.66,0.2,7.1203
2022-07-28,6.5417,28.1,78.64,1.29,0.75,6.9067
2022-07-29,6.6516,28.49,77.08,1.31,0.73,7.3663
2022-07-30,6.6386,29.21,75.32,2.37,1.37,7.2643
2022-07-31,6.2333,28.87,78.92,2.41,4.17,7.1618
2022-08-01,6.3756,29.2,77.4,1.6,8.36,6.9365
2022-08-02,3.9948,29.35,74.09,1.76,6.98,6.6612
2022-08-03,3.0775,27.64,80.85,1.55,14.47,6.6893
2022-08-04,1.6481,27.68,79.7,2.3,6.52,7.0039
2022-08-05,3.1056,28.33,78.14,4.02,3.08,6.8167
2022-08-06,3.8844,27.99,79.09,4.05,1.04,6.953
2022-08-07,3.1363,28.1,77.96,4.45,0.62,6.6581
2022-08-08,4.8578,28.31,76.48,5.01,0.33,6.7481
2022-08-09,4.7114,28.67,72.24,5.17,0.02,6.6386
2022-08-10,5.5642,28.89,69.3,5.04,0.0,6.9082
2022-08-11,5.7564,29.22,69.98,4.16,0.02,6.8906
2022-08-12,5.8596,29.83,69.58,3.31,0.02,6.9955
2022-08-13,5.503,29.28,70.75,2.9,0.04,6.7682
2022-08-14,3.828,29.8,65.72,2.87,0.02,6.6804
2022-08-15,4.9202,29.36,70.5,2.32,2.09,6.5995
2022-08-16,5.7629,28.55,79.44,2.79,8.22,6.5546
2022-08-17,6.1106,27.3,85.51,3.07,8.62,6.7042
2022-08-18,5.9232,28.0,79.58,2.47,4.21,6.7022
2022-08-19,3.6077,27.74,78.77,2.75,4.58,6.443
2022-08-20,5.5498,29.32,72.62,2.7,1.33,6.7574
2022-08-21,4.6476,29.3,73.23,3.13,9.65,6.8712
2022-08-22,6.1663,29.01,77.63,3.41,10.86,6.8402
2022-08-23,5.9458,29.32,74.8,2.67,21.98,6.8309
2022-08-24,4.7986,27.76,79.67,2.54,9.93,6.6744
2022-08-25,6.2026,28.38,78.55,1.91,9.94,6.8479
2022-08-26,5.9165,27.11,84.17,1.87,12.99,6.9271
2022-08-27,4.6848,27.81,80.77,2.21,12.65,6.9053
2022-08-28,6.0029,28.01,81.4,1.84,8.91,6.7099
2022-08-29,5.5298,27.93,81.98,1.18,9.02,6.587
2022-08-30,5.8968,28.09,80.06,1.56,1.29,7.0174
2022-08-31,4.1422,27.45,79.65,1.09,10.69,7.1621
2022-09-01,2.3191,27.5,77.82,0.93,12.54,7.1688
2022-09-02,6.3518,27.39,81.54,1.44,2.58,7.0286
2022-09-03,6.1735,28.13,80.48,1.58,0.26,7.2545
2022-09-04,6.4075,28.06,84.68,1.83,1.19,7.1575
2022-09-05,6.5635,28.31,83.29,2.02,0.73,7.1398
2022-09-06,5.832,28.18,81.79,1.96,11.67,7.0337
2022-09-07,2.7418,27.52,80.29,1.98,2.75,6.7042
2022-09-08,1.2715,26.86,84.31,1.97,6.67,6.5863
2022-09-09,4.1743,28.32,81.35,2.6,1.36,6.6122
2022-09-10,2.6474,28.27,81.64,3.47,1.35,6.7159
2022-09-11,3.7469,28.06,80.24,4.13,0.42,6.8542
2022-09-12,5.9532,27.93,80.49,4.01,0.11,6.8537
2022-09-13,6.3828,28.29,78.92,3.41,0.17,6.6845
2022-09-14,6.0286,28.57,79.78,2.8,1.25,6.6312
2022-09-15,2.7144,27.11,82.01,2.53,2.04,6.4608
2022-09-16,6.3,28.16,78.55,2.05,1.29,6.499
2022-09-17,6.3271,28.64,78.48,2.12,2.85,6.8155
2022-09-18,6.2537,28.64,78.27,2.49,1.23,6.8405
2022-09-19,3.8326,27.82,79.47,2.65,2.23,6.5102
2022-09-20,5.1576,28.01,72.64,2.74,0.78,6.7682
2022-09-21,6.485,27.97,70.4,2.37,0.04,6.5998
2022-09-22,5.7526,28.75,72.72,1.9,0.13,6.3902
2022-09-23,6.3943,28.48,69.53,2.28,0.14,6.6742
2022-09-24,5.9119,28.92,72.72,2.5,0.83,6.3914
2022-09-25,6.0936,28.65,75.29,2.1,0.82,6.6024
2022-09-26,4.6843,29.05,76.43,1.39,4.23,6.4111
2022-09-27,5.6244,28.27,79.9,1.49,9.48,6.4145
2022-09-28,3.3346,26.83,86.66,2.46,5.7,6.3698
2022-09-29,1.9543,27.5,80.75,2.49,4.56,5.9443
2022-09-30,1.6738,26.9,83.63,2.87,5.21,5.8486
2022-10-01,2.4024,26.05,83.85,5.18,5.77,6.0552
2022-10-02,2.4391,27.05,77.79,3.85,0.6,5.9107
2022-10-03,3.181,27.96,77.2,3.04,0.21,5.8248
2022-10-04,3.5081,27.06,82.87,2.52,0.44,5.597
2022-10-05,0.4099,26.19,86.75,2.2,10.79,5.3213
2022-10-06,3.4325,26.75,84.4,1.49,22.41,4.7417
2022-10-07,2.9981,27.3,80.74,1.43,3.22,5.6467
2022-10-08,4.5175,27.5,82.6,1.87,10.59,6.3034
2022-10-09,5.0962,27.17,85.88,2.33,17.43,6.594
2022-10-10,4.7743,27.3,84.96,2.65,5.37,6.4584
2022-10-11,5.6798,27.46,84.91,3.27,9.35,6.2549
2022-10-12,5.8524,27.45,83.99,1.82,2.27,6.2186
2022-10-13,5.7062,27.48,82.14,1.47,2.18,6.4111
2022-10-14,2.9203,27.59,81.03,1.59,2.34,6.5138
2022-10-15,5.2855,27.18,83.7,2.05,4.78,6.5537
2022-10-16,5.6786,27.4,84.12,2.1,5.46,6.5494
2022-10-17,5.8867,27.86,82.1,1.88,2.69,6.491
2022-10-18,5.7905,27.66,81.16,1.46,6.35,6.3259
2022-10-19,5.5898,27.67,80.37,1.9,5.85,5.9938
2022-10-20,5.4317,27.17,85.87,2.1,16.88,6.2011
2022-10-21,5.1346,27.25,85.29,2.52,6.6,6.0029
2022-10-22,4.1066,27.3,86.71,3.36,2.64,5.4377
2022-10-23,5.4197,27.44,76.08,3.44,1.41,5.9952
2022-10-24,5.6585,26.14,65.99,2.67,0.0,6.2203
2022-10-25,5.9652,26.1,64.27,2.07,0.0,5.9798
2022-10-26,6.2081,26.31,65.69,2.75,0.02,6.2242
2022-10-27,4.5425,26.44,75.1,3.13,2.07,5.994
2022-10-28,4.6022,26.62,83.52,3.52,10.41,5.8613
2022-10-29,4.0073,27.01,80.51,3.86,3.87,5.7403
2022-10-30,4.7194,26.81,81.9,4.15,7.56,5.5164
2022-10-31,0.9166,25.71,90.31,3.43,25.66,5.094
2022-11-01,1.1801,25.65,85.84,2.44,54.46,5.8951
2022-11-02,2.2824,25.63,88.37,3.04,28.46,5.8308
2022-11-03,3.792,25.67,86.58,2.8,24.99,5.7288
2022-11-04,4.7796,25.79,84.38,2.05,4.36,5.9832
2022-11-05,5.5685,26.43,85.01,2.8,3.45,5.8776
2022-11-06,5.1665,26.37,83.12,3.69,2.51,5.5421
2022-11-07,3.9876,26.06,84.97,3.39,8.51,5.629
2022-11-08,4.1671,26.05,86.01,3.7,4.0,5.5853
2022-11-09,5.1094,26.32,83.88,3.71,1.51,5.6942
2022-11-10,3.947,26.27,83.05,4.69,3.84,5.4134
2022-11-11,0.7188,26.09,90.35,5.69,67.26,5.027
2022-11-12,2.6782,26.44,87.95,3.5,35.62,5.6866
2022-11-13,2.1072,25.77,88.67,2.25,35.91,5.5819
2022-11-14,3.6607,26.26,85.98,3.25,7.69,4.9505
2022-11-15,4.23,25.97,82.74,3.24,7.45,5.304
2022-11-16,5.0083,24.62,80.42,3.19,0.01,5.4917
2022-11-17,4.8386,24.14,76.68,3.81,0.0,5.6352
2022-11-18,3.984,24.47,76.51,4.08,0.0,5.725
2022-11-19,4.4906,24.13,77.35,4.46,0.0,5.5848
2022-11-20,2.7934,23.07,78.95,4.71,0.35,5.1744
2022-11-21,1.1045,23.62,91.87,4.02,2.31,4.835
2022-11-22,0.9139,25.39,92.14,3.44,5.68,5.413
2022-11-23,3.6593,26.18,90.48,2.16,9.63,5.5474
2022-11-24,4.6313,25.91,87.32,2.11,3.0,5.6011
2022-11-25,4.6418,25.54,86.6,2.01,0.3,5.3083
2022-11-26,3.8652,25.84,84.6,1.82,0.14,4.5199
2022-11-27,4.0346,25.96,83.83,1.37,1.01,4.5458
2022-11-28,4.2842,25.71,81.23,2.0,0.05,4.8655
2022-11-29,4.9226,24.69,77.56,2.83,0.0,5.2313
2022-11-30,3.7987,24.64,83.2,2.6,1.28,5.0347
2022-12-01,4.3901,25.96,86.61,2.61,2.14,5.3208
2022-12-02,5.0842,26.07,83.68,2.35,0.14,5.3093
2022-12-03,4.5722,26.05,86.39,3.2,2.59,5.4516
2022-12-04,3.8335,25.82,86.35,3.68,1.1,4.8144
2022-12-05,3.9022,25.87,83.06,3.29,0.7,4.4266
2022-12-06,2.7732,25.36,79.81,3.87,0.02,4.4467
2022-12-07,3.2004,23.77,81.29,4.74,0.01,5.159
2022-12-08,1.6159,22.52,81.86,6.99,14.41,4.6094
2022-12-09,1.3819,23.96,88.93,7.57,58.41,4.7028
2022-12-10,2.4002,25.03,89.81,5.18,59.93,4.9817
2022-12-11,2.4322,25.37,87.25,3.78,14.22,4.7957
2022-12-12,1.7472,25.26,90.18,3.64,23.63,5.1653
2022-12-13,4.86,25.5,87.95,2.54,5.64,5.4617
2022-12-14,4.5744,25.36,86.71,2.35,0.8,5.4617
2022-12-15,5.0662,24.34,83.55,2.18,0.01,5.3928
2022-12-16,4.6274,24.39,84.08,2.5,0.03,4.6927
2022-12-17,4.211,25.2,84.58,2.86,0.03,4.458
2022-12-18,3.9674,24.86,81.93,4.11,0.03,4.9202
2022-12-19,4.2756,23.97,82.3,4.03,0.04,5.1382
2022-12-20,4.7662,24.21,82.48,4.26,0.04,5.1343
2022-12-21,3.8789,24.31,86.31,4.31,0.07,5.2867
2022-12-22,3.8525,24.32,83.39,4.44,0.52,4.8482
2022-12-23,3.6578,24.63,88.43,4.44,0.22,4.6877
2022-12-24,3.3511,25.34,87.36,4.82,6.68,4.7933
2022-12-25,3.6314,25.88,89.15,3.88,13.2,5.3978
2022-12-26,3.871,25.58,89.34,2.82,3.62,5.3796
2022-12-27,4.8043,25.1,89.17,2.31,0.41,5.4862
2022-12-28,4.8264,25.59,83.74,1.82,0.02,4.9498
2022-12-29,4.8178,25.27,82.49,1.46,0.0,4.8588
2022-12-30,5.0429,25.01,79.06,1.32,0.0,5.1
2022-12-31,5.1233,24.7,78.67,1.23,0.0,5.2416
2023-01-01,5.045,24.36,80.51,1.6,0.0,5.1242
2023-01-02,4.9363,24.74,76.93,2.3,0.0,5.1374
2023-01-03,4.5348,24.67,77.4,2.64,0.01,5.119
2023-01-04,4.5072,24.68,77.54,3.07,0.0,5.3198
2023-01-05,4.7414,24.6,74.79,3.93,0.01,4.9025
2023-01-06,4.1446,24.69,77.4,4.43,0.01,4.9291
2023-01-07,3.9324,24.44,80.41,3.82,0.21,4.4599
2023-01-08,4.0831,23.99,78.94,3.29,0.21,5.1979
2023-01-09,5.2265,22.92,72.99,3.2,0.0,5.6078
2023-01-10,5.2049,23.08,75.06,3.11,0.07,5.3148
2023-01-11,5.4216,23.16,76.15,2.42,0.0,5.5925
2023-01-12,5.5618,23.24,74.67,1.65,0.0,5.5728
2023-01-13,5.5222,23.15,75.4,1.53,0.0,5.8442
2023-01-14,5.9458,22.67,74.14,1.66,0.0,6.037
2023-01-15,5.8046,22.54,75.5,1.67,0.0,6.0593
2023-01-16,5.8181,22.55,74.95,2.08,0.0,5.8565
2023-01-17,5.4622,23.2,73.37,1.93,0.0,5.6602
2023-01-18,5.2594,23.44,72.48,2.4,0.0,5.7305
2023-01-19,5.3873,23.68,71.9,2.27,0.0,5.5284
2023-01-20,3.8023,23.98,79.81,2.65,0.08,5.6266
2023-01-21,4.8617,24.24,78.13,3.2,0.02,5.3506
2023-01-22,4.2694,23.75,77.83,3.05,0.0,5.3453
2023-01-23,3.937,24.59,78.83,3.1,0.02,5.5855
2023-01-24,5.4749,24.54,75.5,2.65,0.01,5.7782
2023-01-25,5.3038,23.71,73.95,2.53,0.0,5.5733
2023-01-26,4.3145,24.11,72.82,2.67,0.02,5.1518
2023-01-27,5.4948,23.7,75.02,2.65,0.0,5.7312
2023-01-28,5.1149,23.93,78.0,2.94,0.03,5.3383
2023-01-29,4.8852,24.8,80.23,3.52,0.5,5.4703
2023-01-30,4.5958,25.5,82.63,3.58,1.86,5.443
2023-01-31,3.7985,24.98,82.17,3.7,0.52,5.5831
2023-02-01,4.2658,25.47,76.48,4.15,0.5,5.5121
2023-02-02,3.1944,25.57,78.36,3.87,0.18,5.544
2023-02-03,5.1958,25.8,78.3,3.82,0.34,5.6405
2023-02-04,5.3988,25.43,75.58,3.31,0.14,5.7662
2023-02-05,5.6424,25.0,72.68,2.67,0.0,6.0919
2023-02-06,5.25,24.88,73.16,2.33,0.0,5.6729
2023-02-07,5.2942,24.75,73.56,1.57,0.0,5.4672
2023-02-08,5.3126,24.95,73.76,2.09,0.0,5.4602
2023-02-09,5.5102,25.08,74.52,1.76,0.0,5.9686
2023-02-10,5.825,25.19,71.65,1.77,0.0,5.8762
2023-02-11,4.7578,25.14,68.28,1.56,0.0,6.3024
2023-02-12,5.6654,25.19,65.17,1.89,0.0,5.689
2023-02-13,5.9914,25.12,64.43,1.98,0.0,6.0439
2023-02-14,5.5781,25.01,69.76,1.93,0.0,5.6539
2023-02-15,5.3498,24.71,72.74,1.98,0.0,5.3978
2023-02-16,5.9849,24.7,74.12,2.02,0.0,6.1656
2023-02-17,5.9683,24.7,73.6,2.13,0.0,6.1968
2023-02-18,5.9554,25.17,71.33,2.37,0.0,6.0934
2023-02-19,6.1618,25.52,69.58,2.39,0.0,6.2786
2023-02-20,5.953,25.76,65.54,1.9,0.0,5.9662
2023-02-21,6.1037,25.78,63.99,1.83,0.0,6.1166
2023-02-22,5.8978,25.77,65.33,2.23,0.0,5.9582
2023-02-23,6.4937,25.06,67.8,2.24,0.0,6.5066
2023-02-24,6.6041,25.32,63.89,1.84,0.0,6.6173
2023-02-25,6.6194,25.52,64.98,2.07,0.0,6.6346
2023-02-26,5.9904,25.42,67.37,2.36,0.0,6.0526
2023-02-27,6.4903,25.82,60.33,2.25,0.0,6.5496
2023-02-28,5.807,26.06,71.67,2.93,0.0,6.0262
2023-03-01,6.2165,26.55,72.45,3.32,0.01,6.3377
2023-03-02,6.7891,25.92,63.85,3.01,0.0,6.805
2023-03-03,6.0329,25.88,68.59,2.86,0.0,6.305
2023-03-04,6.1663,26.41,66.97,2.9,0.0,6.2345
2023-03-05,6.6002,26.45,69.87,2.98,0.0,6.6638
2023-03-06,6.6398,26.47,67.86,2.65,0.0,6.6665
2023-03-07,6.3648,26.36,68.22,2.47,0.0,6.6516
2023-03-08,6.2746,26.7,65.56,3.19,0.0,6.6113
2023-03-09,5.2416,27.22,64.5,2.87,0.0,6.7027
2023-03-10,5.1979,26.98,69.71,2.93,0.0,6.3984
2023-03-11,6.5813,26.76,70.07,3.01,0.0,6.7219
2023-03-12,6.6216,27.49,69.92,3.01,0.01,6.6355
2023-03-13,6.5621,27.91,66.41,2.71,0.01,6.6142
2023-03-14,6.0389,27.75,68.25,2.62,0.02,6.2328
2023-03-15,6.0271,27.95,71.71,2.95,0.04,6.5023
2023-03-16,6.0737,28.21,71.36,3.34,0.13,6.3463
2023-03-17,3.3883,27.93,75.24,2.79,10.01,6.4248
2023-03-18,4.4621,27.82,77.04,3.31,10.1,6.8354
2023-03-19,4.2413,27.49,77.8,2.42,19.92,6.8333
2023-03-20,5.3275,27.52,78.1,3.03,11.9,6.5832
2023-03-21,6.4946,28.24,75.92,2.6,1.79,6.816
2023-03-22,6.2856,29.03,73.18,2.88,0.39,6.8758
2023-03-23,4.7918,28.81,76.23,3.19,2.02,6.6847
2023-03-24,6.6403,28.76,74.99,3.35,2.69,6.8362
2023-03-25,6.467,29.04,72.38,3.01,0.03,6.8429
2023-03-26,5.8164,28.96,73.4,2.65,0.13,6.4486
2023-03-27,6.4428,29.63,70.9,2.62,0.16,6.4819
2023-03-28,6.3936,29.31,71.86,3.12,0.03,6.8446
2023-03-29,6.6682,28.95,70.78,3.07,0.01,6.7898
2023-03-30,6.5606,28.58,70.01,2.85,0.01,6.9641
2023-03-31,6.7505,28.98,67.71,3.52,0.01,6.8081
2023-04-01,6.6036,29.27,71.17,3.45,0.02,7.1035
2023-04-02,6.3502,29.27,73.05,3.9,0.97,6.8167
2023-04-03,6.7464,29.34,74.12,3.71,0.26,6.9216
2023-04-04,6.5095,29.51,71.28,3.24,0.03,6.6264
2023-04-05,6.75,28.95,73.8,3.15,0.03,6.8194
2023-04-06,6.93,29.48,70.09,2.8,0.01,7.1746
2023-04-07,6.8738,29.29,68.71,2.69,0.0,7.1088
2023-04-08,6.8129,29.16,65.65,2.62,0.0,7.0954
2023-04-09,6.7562,28.94,68.3,2.71,0.01,7.2598
2023-04-10,7.0951,29.01,67.22,2.1,0.0,7.3817
2023-04-11,7.128,29.23,62.6,1.81,0.0,7.2007
2023-04-12,7.3133,29.74,57.99,2.0,0.0,7.3188
2023-04-13,6.9905,30.69,52.62,2.23,0.0,6.9955
2023-04-14,6.6773,30.61,57.99,2.77,0.0,6.8054
2023-04-15,6.096,31.07,55.87,2.52,0.0,6.7342
2023-04-16,6.5875,30.31,59.96,2.78,0.0,6.6535
2023-04-17,6.4603,31.03,57.25,3.13,0.0,6.5134
2023-04-18,6.7248,30.78,60.54,2.6,0.0,6.78
2023-04-19,7.0942,30.8,61.09,2.92,0.0,7.1839
2023-04-20,6.8074,31.59,65.28,3.7,0.0,7.0234
2023-04-21,6.4042,31.85,64.69,3.97,0.12,6.894
2023-04-22,5.64,31.62,65.45,3.44,0.67,6.6319
2023-04-23,6.0943,31.64,65.07,4.27,3.5,6.5568
2023-04-24,6.6218,30.84,67.85,4.1,2.17,7.1681
2023-04-25,6.3528,30.07,70.92,3.08,2.14,6.8441
2023-04-26,6.2642,30.48,63.51,2.58,0.07,6.8014
2023-04-27,5.8918,30.59,65.16,2.64,0.09,7.0178
2023-04-28,6.7958,30.92,65.36,2.96,0.32,7.266
2023-04-29,5.7595,30.77,67.18,2.86,1.27,7.1808
2023-04-30,6.0235,30.83,64.38,3.0,0.55,7.1676
2023-05-01,4.4508,29.21,73.13,2.56,14.52,7.2305
2023-05-02,3.6662,28.1,81.9,2.88,12.13,7.1585
2023-05-03,4.153,27.83,82.81,2.68,1.28,7.1822
2023-05-04,5.8999,29.45,72.96,1.84,0.98,7.2708
2023-05-05,3.4258,28.25,78.33,1.51,6.0,7.3286
2023-05-06,5.2334,29.45,71.08,1.28,7.4,7.4328
2023-05-07,4.9222,29.32,73.2,2.09,3.23,7.4371
2023-05-08,6.6672,29.32,76.05,2.09,8.36,7.3762
2023-05-09,7.0306,29.95,71.53,2.27,0.14,7.3447
2023-05-10,5.6189,29.88,71.05,2.03,0.15,6.9254
2023-05-11,4.0956,30.41,70.36,1.9,0.07,6.8182
2023-05-12,4.7518,31.64,66.11,2.38,0.06,6.7181
2023-05-13,4.675,33.29,59.36,3.1,0.02,6.5729
2023-05-14,5.4475,34.15,55.34,3.45,0.01,6.75
2023-05-15,5.9386,33.52,59.98,3.11,1.03,7.0128
2023-05-16,6.6835,33.34,59.73,2.96,0.18,6.9365
2023-05-17,6.3905,32.65,66.61,3.16,0.19,6.6257
2023-05-18,6.3533,31.37,71.2,3.06,0.1,6.6031
2023-05-19,6.2803,30.9,74.06,3.61,0.12,6.6106
2023-05-20,6.235,31.24,71.64,3.12,0.07,6.3862
2023-05-21,5.2135,30.29,76.56,2.99,0.17,6.6175
2023-05-22,6.0473,30.38,76.47,3.24,0.16,6.8882
2023-05-23,6.3518,30.76,72.5,3.29,0.06,6.8378
2023-05-24,6.5143,31.92,65.54,4.03,0.06,6.8203
2023-05-25,6.0365,33.23,57.15,2.93,0.5,6.4524
2023-05-26,5.7727,33.36,55.67,3.14,0.27,6.2362
2023-05-27,6.1322,33.84,55.62,2.64,2.46,6.7483
2023-05-28,5.4562,32.91,58.07,3.67,0.84,6.7459
2023-05-29,6.2942,32.38,63.99,3.23,0.35,6.5129
2023-05-30,5.7948,31.44,68.69,2.87,2.08,6.6475
2023-05-31,6.3463,31.25,69.9,1.85,0.58,6.5088
2023-06-01,5.7895,32.34,63.01,3.92,0.5,6.4826
2023-06-02,5.8601,33.1,57.72,3.12,0.17,6.1711
2023-06-03,5.7019,33.76,54.76,4.25,0.04,6.5683
2023-06-04,5.5853,33.53,55.26,3.4,0.03,6.3924
2023-06-05,5.9304,31.66,62.43,5.14,2.71,6.5791
2023-06-06,6.3358,32.2,59.27,4.5,1.2,6.882
2023-06-07,4.8559,28.61,75.89,5.11,3.04,6.6022
2023-06-08,5.7926,31.11,66.19,4.75,0.35,6.5786
2023-06-09,5.7466,30.34,69.86,4.0,5.24,6.5414
2023-06-10,6.2323,31.31,65.1,2.34,6.7,6.5846
2023-06-11,5.7182,31.81,59.37,4.2,0.01,7.1323
2023-06-12,6.7639,31.78,63.28,3.57,4.57,7.0565
2023-06-13,6.5568,31.16,66.78,2.8,2.31,6.8914
2023-06-14,5.6767,30.27,71.26,3.56,2.5,7.0097
2023-06-15,6.4838,31.3,65.04,3.29,0.73,6.7296
2023-06-16,6.4193,32.16,64.13,3.01,1.61,6.7661
2023-06-17,1.938,29.26,72.75,4.17,8.83,6.5741
2023-06-18,2.5171,27.98,80.55,3.89,48.9,6.462
2023-06-19,2.8658,29.47,75.81,3.44,21.5,6.4754
2023-06-20,4.1894,29.48,76.98,2.61,12.83,6.2126
2023-06-21,2.7835,27.48,81.24,2.19,1.73,6.0127
2023-06-22,4.2684,28.79,79.69,1.72,8.34,6.3146
2023-06-23,3.0672,29.25,77.83,2.15,6.08,6.4392
2023-06-24,4.1066,29.23,74.83,2.5,3.76,6.6806
2023-06-25,3.4315,28.27,80.21,3.28,7.82,6.6266
2023-06-26,4.2739,29.75,70.56,2.35,0.15,6.7531
2023-06-27,4.685,30.14,69.05,2.06,0.15,6.6792
2023-06-28,6.3998,29.66,68.03,3.11,0.16,6.9598
2023-06-29,6.4397,30.08,69.4,2.35,1.62,7.0078
2023-06-30,6.5916,30.74,66.42,2.55,0.56,7.086
2023-07-01,5.1576,30.25,69.37,2.16,3.01,6.7733
2023-07-02,2.0935,27.44,78.47,4.18,3.24,6.8011
2023-07-03,2.7542,27.97,80.12,3.42,4.82,6.8026
2023-07-04,3.8194,28.23,79.22,2.98,3.92,6.5767
2023-07-05,3.8918,29.46,67.13,4.57,1.34,6.7982
2023-07-06,4.6913,29.09,69.75,4.24,0.15,6.8573
2023-07-07,5.7041,29.37,68.08,3.52,0.22,6.8834
2023-07-08,4.6754,29.72,69.84,2.6,1.94,7.0954
2023-07-09,6.324,29.79,70.06,2.21,4.36,6.781
2023-07-10,2.149,28.83,77.62,2.68,8.05,6.2666
2023-07-11,3.5849,28.86,76.32,2.75,3.13,6.4121
2023-07-12,3.0312,29.08,73.82,2.44,12.22,6.5234
2023-07-13,5.5044,29.26,72.59,3.18,11.25,6.841
2023-07-14,5.7564,29.93,71.98,2.97,0.46,7.1837
2023-07-15,6.1795,29.79,68.5,3.02,0.14,6.9264
2023-07-16,4.0663,30.05,71.23,2.13,0.06,6.6857
2023-07-17,5.2248,30.07,71.34,3.18,0.11,6.7826
2023-07-18,4.7921,30.27,68.44,3.78,0.04,6.7625
2023-07-19,5.305,30.18,64.86,4.34,0.54,6.9403
2023-07-20,3.845,30.02,65.02,5.2,0.03,6.2503
2023-07-21,4.4604,29.98,67.67,4.6,0.55,6.5902
2023-07-22,3.1219,29.94,68.46,4.21,6.07,6.7524
2023-07-23,1.6318,29.18,73.19,3.43,2.07,6.5256
2023-07-24,1.9015,27.96,79.37,3.94,7.47,6.5455
2023-07-25,1.4508,27.46,79.23,3.77,6.91,6.2623
2023-07-26,3.1898,28.81,74.17,4.36,6.64,7.1606
2023-07-27,5.675,29.15,68.17,4.68,0.02,7.1218
2023-07-28,6.1862,30.39,64.83,3.84,0.03,7.08
2023-07-29,5.8447,31.12,62.34,4.44,0.1,7.1069
2023-07-30,5.8354,31.32,63.59,3.76,0.33,6.7627
2023-07-31,5.591,30.94,67.77,3.21,0.18,6.6614
2023-08-01,4.4604,31.57,64.38,3.37,0.07,6.3617
2023-08-02,5.3779,31.14,62.46,3.22,0.03,6.7363
2023-08-03,5.8411,31.04,66.03,2.94,0.23,6.5693
2023-08-04,6.2165,31.02,66.32,2.81,0.7,6.8962
2023-08-05,6.2458,31.2,65.45,2.66,0.21,6.9466
2023-08-06,6.3998,30.97,67.26,2.79,0.17,6.8138
2023-08-07,5.6266,30.64,67.78,2.96,0.49,6.6696
2023-08-08,3.7654,30.4,67.4,2.34,0.21,5.9789
2023-08-09,5.6849,30.0,71.83,2.34,2.38,6.4728
2023-08-10,4.3102,29.62,73.72,2.27,7.97,5.9117
2023-08-11,4.1707,29.61,72.25,1.9,7.84,6.4937
2023-08-12,5.3681,30.08,72.1,2.51,7.11,6.5054
2023-08-13,4.9608,29.8,73.46,2.0,11.98,6.353
2023-08-14,5.2577,29.1,78.19,1.87,23.59,6.522
2023-08-15,5.8994,28.94,77.09,2.27,10.31,6.6418
2023-08-16,6.3485,29.24,76.21,2.44,7.46,6.8446
2023-08-17,5.7211,28.76,80.85,2.59,23.85,6.4037
2023-08-18,4.4434,29.81,73.07,2.41,2.91,6.2702
2023-08-19,4.969,29.82,70.72,1.98,5.86,6.4267
2023-08-20,5.8927,29.92,71.66,2.27,1.54,6.6643
2023-08-21,5.9386,29.73,74.99,2.42,3.55,6.8422
2023-08-22,5.7862,29.22,78.93,2.51,10.89,6.5249
2023-08-23,5.8536,28.65,81.11,2.44,16.42,6.605
2023-08-24,5.9038,27.85,84.03,1.8,20.33,6.7862
2023-08-25,5.555,28.26,82.66,2.03,1.48,6.5969
2023-08-26,5.5658,28.51,81.71,2.48,5.42,6.5678
2023-08-27,4.3846,28.78,79.99,1.79,16.61,6.7618
2023-08-28,5.9794,28.63,79.26,2.96,4.07,6.9012
2023-08-29,5.3707,28.29,81.77,2.43,10.59,6.8174
2023-08-30,5.5838,28.74,79.96,2.3,5.64,6.5417
2023-08-31,5.8968,28.18,84.84,2.24,3.02,6.4466
2023-09-01,6.0547,28.75,80.74,3.18,2.24,6.2549
2023-09-02,6.1553,28.18,84.27,2.88,5.46,6.3636
2023-09-03,4.4791,27.46,83.87,2.33,32.16,6.1975
2023-09-04,2.8116,27.68,79.72,2.99,2.04,5.8555
2023-09-05,1.4695,28.08,75.87,3.62,2.52,5.8286
2023-09-06,4.121,28.21,80.55,3.49,4.57,6.2554
2023-09-07,5.9933,28.23,79.55,3.74,19.19,6.8254
2023-09-08,5.9652,28.23,77.26,3.55,1.06,6.8465
2023-09-09,6.3607,27.93,78.56,3.12,0.3,6.87
2023-09-10,3.2834,26.91,84.83,2.83,0.66,6.3996
2023-09-11,3.3269,28.06,78.55,2.42,0.55,6.149
2023-09-12,4.0138,28.81,76.71,2.27,1.8,6.3898
2023-09-13,5.196,28.81,77.87,2.17,8.37,6.4195
2023-09-14,4.7546,28.94,77.34,3.06,4.99,6.7651
2023-09-15,5.9978,28.48,77.47,3.47,4.02,6.8803
2023-09-16,5.5646,27.63,82.93,3.48,27.6,6.7435
2023-09-17,5.2457,28.13,82.79,2.67,7.4,6.6643
2023-09-18,5.5378,28.22,82.13,2.75,6.86,6.3636
2023-09-19,5.4475,27.92,82.96,2.94,4.7,6.4867
2023-09-20,5.2973,27.75,82.64,2.34,3.42,6.3953
2023-09-21,3.2071,27.15,84.23,2.67,4.08,6.5561
2023-09-22,5.5757,28.22,82.57,2.73,0.91,6.317
2023-09-23,5.8615,28.61,84.47,3.08,4.18,6.2518
2023-09-24,6.4217,28.3,84.45,2.74,13.01,6.5282
2023-09-25,6.3504,26.79,88.59,2.65,16.03,6.539
2023-09-26,5.2956,27.58,85.21,2.84,10.41,6.7318
2023-09-27,6.1267,27.77,82.77,2.5,4.95,6.4457
2023-09-28,6.0266,28.02,82.37,2.31,12.18,6.5158
2023-09-29,5.9573,27.59,85.03,3.44,9.79,6.5126
2023-09-30,5.3494,27.72,80.61,3.04,8.53,6.5544
2023-10-01,5.7578,27.44,82.99,3.62,1.19,6.6209
2023-10-02,5.681,27.53,82.8,3.89,0.69,6.5398
2023-10-03,5.6525,28.57,78.69,3.08,0.64,5.8406
2023-10-04,4.5878,28.87,80.29,2.3,5.0,5.8968
2023-10-05,5.1871,28.96,80.17,1.76,3.78,5.7259
2023-10-06,5.3806,28.36,82.18,1.8,2.56,5.8944
2023-10-07,5.419,28.68,82.33,1.65,1.1,6.0307
2023-10-08,5.0974,28.23,85.94,2.38,0.63,5.2963
2023-10-09,5.388,28.05,85.96,2.1,0.4,5.5949
2023-10-10,5.5289,28.03,86.32,1.81,2.95,5.9628
2023-10-11,5.7295,28.04,82.89,1.61,2.44,5.9616
2023-10-12,5.8193,27.62,80.09,1.96,0.04,6.2335
2023-10-13,4.242,27.16,79.15,1.84,0.7,5.9251
2023-10-14,3.858,27.58,81.34,1.7,3.96,6.0221
2023-10-15,4.7794,27.34,83.92,1.56,0.86,6.0528
2023-10-16,4.9558,27.73,82.46,1.96,0.7,6.0986
2023-10-17,5.707,27.83,79.77,2.48,0.24,5.8829
2023-10-18,5.4706,27.73,75.35,2.54,0.01,5.6803
2023-10-19,4.8341,27.62,77.26,2.3,0.0,5.4422
2023-10-20,5.3736,27.65,78.06,2.09,0.26,5.6868
2023-10-21,4.5826,27.74,81.5,3.11,7.89,5.7626
2023-10-22,5.4259,27.78,79.91,3.04,0.46,5.7898
2023-10-23,5.3882,27.41,68.17,2.28,0.01,5.9887
2023-10-24,5.6023,27.22,69.26,1.6,0.0,5.6184
2023-10-25,5.539,27.61,71.58,1.88,0.01,5.5778
2023-10-26,4.6416,27.34,76.89,2.18,0.01,5.712
2023-10-27,4.6598,27.55,78.88,2.38,0.03,6.0434
2023-10-28,5.2495,27.89,78.68,1.99,1.34,6.0367
2023-10-29,4.7462,27.43,83.19,2.11,7.24,5.7182
2023-10-30,2.5142,26.63,85.25,2.18,8.84,5.2968
2023-10-31,3.828,27.41,80.58,3.28,1.3,5.2675
2023-11-01,3.8254,27.75,83.84,3.67,5.87,5.6827
2023-11-02,4.3001,27.78,82.65,2.64,5.84,6.115
2023-11-03,3.6408,26.99,88.05,1.81,18.86,6.1459
2023-11-04,2.4216,26.95,86.19,2.36,24.68,6.0298
2023-11-05,5.0275,26.7,85.35,1.34,9.19,6.1145
2023-11-06,3.7829,27.14,83.1,1.5,8.74,5.9998
2023-11-07,3.5186,26.96,85.91,2.32,4.44,5.5658
2023-11-08,4.2682,26.76,86.15,2.1,5.75,5.5752
2023-11-09,2.9784,26.59,87.36,2.05,12.07,5.5258
2023-11-10,4.5874,27.06,83.34,3.06,1.73,5.2145
2023-11-11,5.0292,26.6,78.08,3.38,0.01,5.3393
2023-11-12,4.3646,26.87,75.52,3.63,0.03,5.0993
2023-11-13,3.589,27.06,81.36,4.18,5.77,4.9841
2023-11-14,1.1546,26.14,88.39,4.14,40.48,5.3018
2023-11-15,1.1278,26.13,90.77,4.36,10.98,5.2058
2023-11-16,3.6223,26.8,84.68,3.56,3.49,5.4058
2023-11-17,4.8859,26.74,85.04,3.29,0.9,5.6326
2023-11-18,4.8994,27.01,84.42,3.94,0.76,5.8094
2023-11-19,4.8792,27.0,84.85,3.94,0.38,5.7187
2023-11-20,2.0621,26.57,90.63,4.2,18.5,5.3863
2023-11-21,0.5832,27.01,86.09,2.77,14.95,5.6669
2023-11-22,3.1157,26.8,85.57,2.17,11.15,5.6995
2023-11-23,3.2417,26.93,86.25,1.36,11.14,5.6148
2023-11-24,3.9888,26.66,89.94,2.67,14.33,5.4269
2023-11-25,4.0874,26.91,86.08,3.65,11.86,5.1103
2023-11-26,3.9211,26.71,85.85,3.83,7.68,4.9092
2023-11-27,3.7061,26.82,86.53,3.05,18.5,5.4118
2023-11-28,4.4525,26.89,85.59,3.33,14.1,5.431
2023-11-29,2.1134,26.36,87.08,2.91,45.11,5.3479
2023-11-30,1.7549,26.02,88.69,2.88,19.95,5.3774
2023-12-01,4.2401,26.32,86.66,3.87,13.28,5.3878
2023-12-02,2.6357,26.38,88.14,5.36,35.1,4.9138
2023-12-03,1.6075,26.28,90.4,6.86,50.09,5.3806
2023-12-04,0.6396,24.8,89.68,11.28,187.88,5.2637
2023-12-05,2.6345,25.84,86.3,4.57,2.58,5.0326
2023-12-06,4.2377,27.07,87.78,1.63,1.83,5.1994
2023-12-07,3.8059,27.07,87.08,1.62,1.35,5.327
2023-12-08,3.3583,26.38,89.08,3.05,0.69,5.1742
2023-12-09,4.4609,26.1,86.13,3.56,0.34,4.9903
2023-12-10,3.9247,25.51,84.14,3.41,0.07,5.0726
2023-12-11,3.8285,25.1,84.5,3.2,0.08,5.1329
2023-12-12,4.2199,24.49,81.09,3.04,0.12,5.2524
2023-12-13,4.2034,24.29,77.51,3.39,0.02,5.1005
2023-12-14,4.1326,24.53,80.25,3.97,0.03,4.5646
2023-12-15,1.2564,25.18,88.2,4.39,7.0,4.788
2023-12-16,3.5503,25.99,86.69,4.49,1.85,5.1391
2023-12-17,3.8201,25.5,83.44,4.21,0.13,5.0798
2023-12-18,4.2168,25.15,81.4,4.35,0.04,4.8869
2023-12-19,4.6723,24.75,81.44,4.28,0.01,4.8749
2023-12-20,4.265,24.69,82.83,4.06,0.01,4.8766
2023-12-21,3.3569,24.69,83.89,3.55,0.02,4.8998
2023-12-22,4.4472,24.23,80.25,2.73,0.0,5.1158
2023-12-23,3.8522,23.75,77.38,2.54,0.0,5.1706
2023-12-24,3.5256,24.62,84.37,4.12,0.01,4.9786
2023-12-25,4.5146,25.17,85.29,4.14,0.02,5.3294
2023-12-26,5.0275,24.53,82.05,3.52,0.0,5.3131
2023-12-27,5.1082,24.45,80.46,3.98,0.02,5.4362
2023-12-28,4.8511,25.1,84.87,4.0,0.15,5.3875
2023-12-29,4.0476,25.2,84.25,4.04,0.21,5.323
2023-12-30,4.9829,24.34,80.46,3.3,0.01,5.2961
2023-12-31,4.8288,24.46,77.83,2.89,0.01,5.099
