date,ALLSKY_SFC_SW_DWN,T2M,RH2M,WS2M,PRECTOTCORR,CLRSKY_SFC_SW_DWN
2018-01-01,2.7655,12.07,34.58,1.37,0.0,3.828
2018-01-02,2.0239,10.98,38.48,1.48,0.0,3.1452
2018-01-03,2.2222,11.02,39.62,1.64,0.0,3.0845
2018-01-04,2.4686,12.51,33.59,1.29,0.0,3.2729
2018-01-05,2.4643,13.02,30.96,1.25,0.0,3.2803
2018-01-06,2.6338,11.71,40.49,1.81,0.0,3.1169
2018-01-07,3.4834,11.65,41.2,2.21,0.0,3.51
2018-01-08,3.7154,11.97,38.28,1.83,0.0,3.7202
2018-01-09,3.2537,11.94,38.1,1.9,0.0,3.3929
2018-01-10,3.755,12.56,32.67,2.59,0.0,3.7716
2018-01-11,3.9818,13.25,29.87,2.54,0.0,4.0032
2018-01-12,3.4795,15.13,28.98,2.09,0.0,3.6607
2018-01-13,3.7097,14.88,32.37,1.75,0.0,3.7294
2018-01-14,4.0217,14.12,31.34,1.62,0.0,4.0685
2018-01-15,4.097,13.23,31.28,2.32,0.0,4.1057
2018-01-16,4.2168,14.54,24.56,2.05,0.0,4.249
2018-01-17,3.3209,15.02,27.04,1.36,0.0,3.9857
2018-01-18,3.6612,16.6,26.77,1.48,0.0,3.9331
2018-01-19,3.7267,15.33,33.84,1.9,0.0,3.8316
2018-01-20,4.0394,13.98,26.3,2.27,0.0,4.0406
2018-01-21,4.2367,14.24,24.45,1.47,0.0,4.2902
2018-01-22,3.9038,15.6,21.64,1.02,0.0,3.9106
2018-01-23,1.1729,12.97,41.81,1.84,3.1,3.2004
2018-01-24,3.0173,12.18,70.48,1.54,0.01,3.3574
2018-01-25,3.241,12.37,60.18,2.28,0.04,3.7625
2018-01-26,3.21,12.95,42.25,1.71,0.0,3.978
2018-01-27,3.3626,12.25,37.45,1.6,0.0,3.8282
2018-01-28,3.5227,13.32,31.78,1.72,0.0,4.0202
2018-01-29,4.0678,14.39,30.36,2.19,0.0,4.2869
2018-01-30,4.3776,17.75,26.93,3.25,0.0,4.4057
2018-01-31,3.7853,17.86,29.82,3.63,0.0,4.2962
2018-02-01,4.3138,18.92,32.69,2.13,0.0,4.3385
2018-02-02,4.2924,18.51,37.02,1.82,0.0,4.3078
2018-02-03,4.2715,17.51,28.47,1.65,0.0,4.2859
2018-02-04,4.7582,15.27,23.35,2.15,0.0,4.8098
2018-02-05,3.0254,15.94,15.58,1.58,0.0,4.3606
2018-02-06,2.5493,16.92,14.95,2.05,0.0,3.9715
2018-02-07,4.8312,15.37,15.84,2.58,0.0,4.8554
2018-02-08,4.3284,15.69,14.3,1.63,0.0,4.7081
2018-02-09,4.7599,15.44,17.23,1.83,0.0,4.7695
2018-02-10,4.3361,17.38,17.2,1.34,0.0,4.6051
2018-02-11,3.3662,19.17,19.29,2.14,0.41,4.3846
2018-02-12,2.1338,16.99,61.11,2.81,2.89,3.9612
2018-02-13,4.0435,16.7,61.56,1.48,0.03,4.3133
2018-02-14,4.9546,15.98,41.62,2.96,0.0,5.0542
2018-02-15,4.7318,17.39,44.8,3.01,0.0,4.7933
2018-02-16,4.3757,18.72,43.27,2.27,0.0,4.5521
2018-02-17,4.3267,19.84,34.18,2.48,0.0,4.6579
2018-02-18,4.7484,18.94,23.4,2.03,0.0,4.7983
2018-02-19,4.8684,19.66,19.23,1.58,0.0,5.0578
2018-02-20,4.9951,21.17,27.18,1.53,0.0,5.0911
2018-02-21,4.8007,23.15,27.47,1.59,0.0,4.9166
2018-02-22,4.4988,23.03,30.98,1.63,0.0,4.83
2018-02-23,4.3442,24.59,23.58,1.0,0.0,4.8096
2018-02-24,4.1102,24.96,23.92,1.53,0.0,4.9222
2018-02-25,4.7623,23.86,29.62,2.12,0.02,4.799
2018-02-26,5.4763,21.07,34.58,3.12,0.0,5.605
2018-02-27,4.9639,23.31,37.43,2.29,0.0,5.2505
2018-02-28,4.4772,23.09,32.45,1.56,0.0,5.2003
2018-03-01,4.2946,23.92,27.39,1.9,0.0,5.2625
2018-03-02,5.3522,24.99,30.03,1.87,0.0,5.375
2018-03-03,4.7501,25.05,30.14,1.75,0.0,5.3477
2018-03-04,4.3577,24.22,39.67,2.47,1.52,5.1708
2018-03-05,5.8066,21.66,34.39,2.08,0.0,5.809
2018-03-06,5.8238,21.34,28.9,2.68,0.0,5.8901
2018-03-07,6.0444,22.04,26.07,2.46,0.0,6.072
2018-03-08,5.8961,23.93,22.7,1.41,0.0,5.9357
2018-03-09,5.6796,24.56,23.63,1.88,0.0,5.7139
2018-03-10,5.7876,24.36,25.3,2.61,0.0,5.9131
2018-03-11,5.9122,24.4,28.41,2.39,0.0,5.9126
2018-03-12,5.9246,25.38,26.39,2.29,0.0,5.9254
2018-03-13,6.0701,27.11,19.11,1.66,0.0,6.071
2018-03-14,5.1406,27.27,16.57,1.82,0.0,5.8745
2018-03-15,4.9562,25.5,20.77,2.37,0.0,5.8615
2018-03-16,5.0095,25.09,23.87,1.88,0.0,5.7499
2018-03-17,6.4783,23.13,20.86,2.75,0.0,6.4793
2018-03-18,6.42,24.24,15.55,2.48,0.0,6.461
2018-03-19,5.4086,25.99,17.47,1.84,0.0,5.8644
2018-03-20,5.2574,27.99,20.98,1.49,0.0,5.3669
2018-03-21,5.3957,27.86,26.6,2.12,0.03,5.9352
2018-03-22,5.5166,25.76,35.58,1.96,0.01,5.8927
2018-03-23,6.2069,24.56,30.57,2.2,0.0,6.2124
2018-03-24,6.4058,25.28,25.77,2.34,0.0,6.4087
2018-03-25,6.5215,26.24,22.24,2.68,0.0,6.5242
2018-03-26,6.378,26.3,15.95,2.74,0.0,6.4716
2018-03-27,6.4466,27.67,12.78,2.04,0.0,6.5676
2018-03-28,6.6211,29.76,9.59,1.83,0.0,6.7733
2018-03-29,6.6696,28.06,14.36,2.8,0.0,6.6917
2018-03-30,7.0706,28.17,12.72,2.54,0.0,7.115
2018-03-31,6.3854,28.24,11.26,1.8,0.0,6.5491
2018-04-01,6.3919,27.83,21.41,1.97,0.0,6.4301
2018-04-02,6.1193,29.12,26.81,1.36,0.0,6.1474
2018-04-03,5.6971,30.07,26.52,1.38,0.0,5.933
2018-04-04,6.1745,31.96,23.78,1.35,0.0,6.2858
2018-04-05,5.7437,32.08,23.3,1.12,0.0,6.0631
2018-04-06,4.476,31.79,26.93,1.42,0.81,5.4115
2018-04-07,5.8649,30.1,33.95,1.32,2.16,5.9057
2018-04-08,6.1111,29.74,38.13,2.17,1.26,6.2599
2018-04-09,3.6631,29.02,44.64,1.42,8.99,5.8248
2018-04-10,5.779,29.1,43.68,1.06,3.29,6.0559
2018-04-11,4.9219,29.74,38.74,1.08,2.55,6.3247
2018-04-12,6.4044,28.01,42.36,1.38,0.06,6.5784
2018-04-13,7.3123,27.41,27.31,2.24,0.0,7.3754
2018-04-14,6.8976,28.78,25.29,2.3,0.0,6.9245
2018-04-15,6.383,31.13,26.41,1.72,0.0,6.5645
2018-04-16,4.8953,32.55,25.03,1.58,0.0,6.1678
2018-04-17,6.4411,32.78,24.26,1.73,0.14,6.6022
2018-04-18,7.1412,32.32,24.04,3.97,0.0,7.1626
2018-04-19,6.6766,32.49,21.16,2.57,0.0,6.8616
2018-04-20,5.7204,32.8,17.83,3.94,0.27,6.9583
2018-04-21,6.6775,28.49,15.34,2.81,0.0,7.115
2018-04-22,7.6481,28.34,18.21,3.65,0.0,7.6762
2018-04-23,7.4854,29.03,16.13,3.25,0.0,7.6123
2018-04-24,7.4246,31.23,12.46,2.66,0.0,7.5305
2018-04-25,7.3968,33.39,11.03,2.16,0.0,7.5101
2018-04-26,6.9554,34.94,10.14,1.36,0.0,7.1465
2018-04-27,6.3422,33.36,16.51,1.88,0.0,6.5486
2018-04-28,6.3295,34.82,20.6,1.7,0.0,6.5258
2018-04-29,6.2165,34.98,20.63,1.94,0.06,6.5914
2018-04-30,6.8076,35.34,19.13,1.62,1.28,6.9389
2018-05-01,6.7781,34.5,23.39,2.17,0.0,6.8621
2018-05-02,5.694,32.92,30.27,1.97,5.29,6.6014
2018-05-03,5.6134,32.51,38.08,2.62,0.43,6.7207
2018-05-04,6.4526,32.62,38.9,2.29,0.25,6.7042
2018-05-05,6.72,34.05,28.73,1.1,0.0,6.8429
2018-05-06,6.0626,34.8,22.1,1.27,0.0,6.4639
2018-05-07,6.8906,34.03,21.37,2.31,0.0,7.0152
2018-05-08,6.1265,31.16,28.65,2.51,1.53,7.0937
2018-05-09,5.4744,31.74,30.04,2.02,0.46,6.9228
2018-05-10,6.9528,32.91,26.2,1.91,0.11,7.0877
2018-05-11,7.02,35.48,19.93,2.02,0.0,7.146
2018-05-12,6.3924,37.2,18.09,0.94,0.0,6.8304
2018-05-13,6.1248,36.08,21.22,1.19,1.19,6.9826
2018-05-14,5.8186,33.58,26.32,1.33,0.18,6.0638
2018-05-15,5.2142,34.8,21.54,1.31,0.0,6.1277
2018-05-16,6.3919,35.63,22.56,2.49,0.15,6.582
2018-05-17,5.8685,35.95,18.47,2.58,0.0,6.2837
2018-05-18,6.3137,36.0,18.46,2.05,0.06,6.8165
2018-05-19,5.6251,36.14,21.52,0.98,0.1,6.6146
2018-05-20,6.5064,36.41,18.41,2.89,0.0,6.8513
2018-05-21,7.2497,36.6,13.52,3.25,0.0,7.379
2018-05-22,7.0949,37.47,13.5,2.25,0.0,7.2574
2018-05-23,6.786,37.97,14.37,1.32,0.0,6.9497
2018-05-24,6.187,37.66,10.03,2.61,0.0,6.7234
2018-05-25,7.4184,36.67,8.74,1.95,0.0,7.4863
2018-05-26,7.6747,37.01,8.72,2.07,0.0,7.9238
2018-05-27,7.145,37.71,7.26,1.83,0.0,7.6243
2018-05-28,6.6991,37.03,10.22,1.55,0.0,6.9886
2018-05-29,6.9571,38.17,11.06,1.52,0.0,7.2077
2018-05-30,5.6868,35.83,21.08,2.5,0.0,6.5141
2018-05-31,6.4918,37.57,24.3,1.7,0.0,6.5537
2018-06-01,6.7819,38.2,20.45,2.31,0.13,6.9948
2018-06-02,5.8236,34.29,42.16,2.33,7.29,6.8957
2018-06-03,6.666,35.1,34.38,1.96,0.0,6.949
2018-06-04,6.5897,36.65,32.14,2.77,0.0,6.8626
2018-06-05,6.019,37.67,33.7,3.09,1.64,6.5899
2018-06-06,4.1597,36.0,43.12,2.03,6.98,5.9218
2018-06-07,6.2702,36.18,43.66,1.57,0.06,6.5006
2018-06-08,5.6966,37.75,33.4,2.37,0.05,5.9686
2018-06-09,4.9332,36.33,45.19,2.12,6.12,5.659
2018-06-10,5.9609,34.67,51.0,1.68,0.42,6.173
2018-06-11,6.4543,36.28,38.88,3.24,0.0,6.624
2018-06-12,6.2282,38.06,29.76,3.27,0.0,6.6816
2018-06-13,5.9333,38.44,27.13,5.35,0.0,6.5474
2018-06-14,5.5606,37.39,29.15,4.84,0.13,6.3658
2018-06-15,5.9033,36.77,31.15,3.67,0.0,6.4282
2018-06-16,5.6834,37.21,31.85,3.87,0.02,6.547
2018-06-17,5.8452,35.73,38.29,2.79,0.01,6.1644
2018-06-18,5.7634,35.7,36.37,3.02,0.0,6.5626
2018-06-19,7.0234,35.72,34.97,2.79,0.0,7.097
2018-06-20,6.5066,37.48,32.43,1.81,0.0,6.9953
2018-06-21,6.3679,38.42,30.44,1.85,0.0,6.9912
2018-06-22,7.0303,39.3,24.76,1.42,0.01,7.0939
2018-06-23,5.8565,39.85,21.58,2.32,0.0,6.8592
2018-06-24,6.0922,38.92,21.85,2.93,0.0,6.8832
2018-06-25,6.4217,38.84,26.32,2.74,0.01,6.8714
2018-06-26,2.1574,33.08,49.33,2.76,3.65,6.6274
2018-06-27,5.1511,33.59,54.61,1.91,8.55,5.8541
2018-06-28,5.6242,31.18,69.14,3.6,8.92,6.9166
2018-06-29,5.1499,33.15,53.1,3.98,1.73,7.0483
2018-06-30,6.049,33.07,55.85,1.06,1.03,7.2842
2018-07-01,5.454,34.34,52.51,3.17,0.82,7.3769
2018-07-02,4.8115,33.32,60.93,3.27,22.47,6.9643
2018-07-03,5.4382,32.95,58.13,1.65,1.95,6.438
2018-07-04,5.9954,33.33,57.09,2.64,0.55,6.8002
2018-07-05,5.5882,34.01,51.54,1.61,4.62,6.6082
2018-07-06,6.3883,34.28,45.3,2.33,0.0,6.709
2018-07-07,6.1596,34.8,42.84,1.98,0.0,6.5208
2018-07-08,6.5078,35.74,40.44,1.7,0.0,6.5822
2018-07-09,5.6638,36.15,44.55,1.76,0.02,6.1807
2018-07-10,5.7173,35.57,50.38,1.89,0.76,6.1673
2018-07-11,3.6557,34.25,54.46,2.3,5.77,6.1344
2018-07-12,4.6075,32.79,63.21,2.02,5.25,5.5812
2018-07-13,3.486,31.31,67.65,1.15,6.51,6.2064
2018-07-14,3.4248,29.53,79.91,1.0,35.86,6.3386
2018-07-15,4.7352,30.72,72.25,1.86,1.31,6.9886
2018-07-16,3.9725,31.4,71.79,1.82,11.99,6.9562
2018-07-17,5.4559,32.81,62.42,1.83,0.24,7.1129
2018-07-18,6.0895,33.44,56.77,1.84,0.17,6.9634
2018-07-19,5.9645,32.74,63.88,1.29,4.26,6.7745
2018-07-20,2.8205,31.07,72.44,1.08,13.01,6.972
2018-07-21,3.6396,30.25,78.28,1.22,24.76,6.4162
2018-07-22,3.5736,28.86,85.72,1.83,22.5,6.2825
2018-07-23,5.0155,30.26,76.17,1.61,5.2,6.8573
2018-07-24,5.207,30.91,74.34,1.31,17.27,6.3804
2018-07-25,1.9598,30.22,81.61,1.11,25.6,6.127
2018-07-26,1.3346,27.81,91.77,1.48,63.41,5.9189
2018-07-27,1.4698,28.14,88.84,1.66,45.74,6.2573
2018-07-28,3.5861,28.37,86.04,2.11,36.11,5.5968
2018-07-29,5.1463,28.94,81.7,2.23,9.5,5.5154
2018-07-30,4.1858,28.8,83.22,2.38,7.48,5.748
2018-07-31,3.6511,29.01,79.13,2.03,2.42,6.5194
2018-08-01,6.0674,28.89,79.63,2.32,3.99,6.2952
2018-08-02,5.3542,28.78,78.87,2.73,2.3,6.1867
2018-08-03,4.6702,28.56,77.04,2.58,7.24,6.3034
2018-08-04,4.35,27.65,80.67,1.97,2.88,5.8416
2018-08-05,2.1295,27.05,86.37,1.87,5.4,6.0362
2018-08-06,2.5025,27.41,81.1,0.91,1.21,5.6954
2018-08-07,3.9245,27.82,82.05,1.32,3.46,5.6472
2018-08-08,5.1482,27.95,85.04,1.65,4.07,6.427
2018-08-09,6.2354,29.61,79.12,1.38,0.37,6.7994
2018-08-10,5.4989,30.45,76.0,0.73,0.47,6.6367
2018-08-11,5.0112,29.32,82.82,1.74,18.82,6.4087
2018-08-12,3.2045,29.18,77.69,1.95,4.47,6.4766
2018-08-13,4.8161,28.68,79.7,1.28,10.95,6.1694
2018-08-14,4.8554,29.49,78.22,0.86,3.28,5.849
2018-08-15,3.8554,29.96,79.11,0.68,6.11,5.5577
2018-08-16,5.2162,29.45,79.3,0.71,1.83,6.654
2018-08-17,5.9923,29.01,84.46,1.65,0.06,6.9533
2018-08-18,5.2104,29.83,80.79,0.95,0.23,6.4723
2018-08-19,2.9549,29.76,81.11,0.95,7.35,6.1186
2018-08-20,4.1201,29.34,81.08,0.72,7.21,5.8032
2018-08-21,5.7108,28.92,86.0,1.53,2.16,6.5542
2018-08-22,4.1446,28.75,85.54,1.07,1.14,6.1942
2018-08-23,3.7769,28.65,84.02,1.53,11.57,5.9426
2018-08-24,3.0701,28.62,83.39,1.94,28.03,6.0091
2018-08-25,4.0469,28.76,81.22,2.21,14.13,5.6674
2018-08-26,5.2819,28.48,79.95,1.59,5.73,6.2131
2018-08-27,3.192,28.48,84.28,1.0,14.79,6.3667
2018-08-28,3.8059,28.42,88.73,0.87,19.5,6.3468
2018-08-29,3.4476,28.5,86.57,1.56,8.35,6.1889
2018-08-30,4.5077,28.87,82.88,1.25,7.44,5.634
2018-08-31,4.3723,27.99,82.69,1.73,4.32,5.7559
2018-09-01,2.7166,26.07,90.88,1.77,12.64,5.8546
2018-09-02,2.6254,26.76,87.91,1.5,3.82,5.6959
2018-09-03,2.0705,27.17,88.04,0.7,33.68,5.4727
2018-09-04,3.0418,27.48,84.44,1.13,5.64,5.3138
2018-09-05,2.7811,27.59,83.14,1.39,9.11,5.4922
2018-09-06,4.9762,28.45,76.57,1.1,6.77,5.8128
2018-09-07,3.9588,27.69,87.12,1.38,8.92,5.8694
2018-09-08,3.4291,27.03,88.32,2.59,9.17,5.9515
2018-09-09,4.9872,26.85,88.51,2.7,0.43,5.8649
2018-09-10,4.5394,27.44,87.68,1.56,0.0,6.0442
2018-09-11,4.7851,27.58,83.87,1.71,2.76,5.9414
2018-09-12,5.5265,27.4,83.25,2.62,6.14,5.9748
2018-09-13,5.9218,26.7,82.34,2.28,1.75,6.1457
2018-09-14,5.916,26.45,78.48,1.84,0.01,6.0862
2018-09-15,5.8838,26.69,73.9,1.7,0.0,6.0413
2018-09-16,6.029,26.35,74.46,1.99,0.0,6.0662
2018-09-17,5.561,27.26,73.52,1.59,0.0,5.6172
2018-09-18,5.9472,26.8,71.24,1.75,0.0,6.0005
2018-09-19,5.9688,26.79,69.42,1.56,0.0,5.995
2018-09-20,5.8534,26.69,73.02,1.05,0.02,5.9287
2018-09-21,4.6834,26.75,86.06,2.14,2.32,5.773
2018-09-22,1.8053,25.09,92.38,3.42,15.93,5.4024
2018-09-23,2.5625,25.89,89.22,4.86,12.08,5.0976
2018-09-24,1.5749,25.58,93.07,3.42,36.59,5.5447
2018-09-25,3.1426,25.3,87.08,2.83,2.65,5.7914
2018-09-26,5.8087,25.17,82.49,1.93,0.0,5.9338
2018-09-27,5.6438,25.73,71.87,1.21,0.0,5.7658
2018-09-28,5.8224,26.53,64.59,1.06,0.0,5.8349
2018-09-29,5.9453,26.41,62.89,1.16,0.0,5.9652
2018-09-30,5.6894,24.99,72.25,1.84,0.0,5.6909
2018-10-01,5.6892,25.47,71.79,1.5,0.0,5.713
2018-10-02,5.7473,25.98,66.32,1.24,0.0,5.7821
2018-10-03,5.5865,26.91,62.26,0.73,0.08,5.6316
2018-10-04,5.196,25.59,72.14,1.14,0.02,5.465
2018-10-05,5.4178,25.27,65.06,0.99,0.52,5.4442
2018-10-06,5.3455,24.96,65.98,1.24,0.14,5.3522
2018-10-07,5.2726,25.06,63.46,1.06,0.2,5.2838
2018-10-08,5.3412,25.15,63.8,0.76,0.0,5.3441
2018-10-09,5.2394,25.22,71.53,1.38,0.0,5.2555
2018-10-10,4.9714,24.68,82.15,2.12,0.0,4.9786
2018-10-11,3.9926,24.55,83.14,1.88,1.67,4.567
2018-10-12,4.7021,24.05,76.15,0.91,0.17,4.7122
2018-10-13,4.9572,21.83,69.32,1.51,0.0,4.9582
2018-10-14,5.1353,22.01,62.57,1.81,0.0,5.147
2018-10-15,5.0621,22.86,60.42,1.11,0.0,5.0765
2018-10-16,4.1246,23.57,66.55,1.1,0.0,4.9214
2018-10-17,5.0916,25.26,62.21,1.17,0.0,5.0988
2018-10-18,4.5108,24.37,72.01,1.58,0.0,4.9111
2018-10-19,4.8137,23.06,64.3,1.03,0.0,4.8206
2018-10-20,4.6265,22.7,61.79,1.33,0.0,4.6291
2018-10-21,4.1345,22.22,61.48,1.33,0.12,4.589
2018-10-22,4.7938,21.63,54.81,1.7,0.0,4.794
2018-10-23,4.8888,21.81,52.95,1.5,0.0,4.891
2018-10-24,4.6565,22.1,54.06,1.03,0.0,4.7477
2018-10-25,4.5437,22.11,54.37,1.08,0.0,4.5605
2018-10-26,3.8597,22.26,55.71,1.2,0.0,4.4093
2018-10-27,4.079,22.27,56.28,1.19,0.0,4.081
2018-10-28,4.3579,22.1,56.61,1.44,0.0,4.3598
2018-10-29,4.4851,22.79,56.09,1.07,0.0,4.493
2018-10-30,4.1467,22.67,58.43,0.86,0.0,4.1815
2018-10-31,3.7118,22.59,56.2,1.14,0.0,3.7901
2018-11-01,3.4258,23.04,51.24,0.76,0.0,3.552
2018-11-02,3.5957,22.14,60.04,1.25,0.0,3.6936
2018-11-03,3.4668,21.93,69.97,2.2,0.04,4.0464
2018-11-04,3.9115,21.49,74.3,1.61,0.16,3.9418
2018-11-05,3.5184,17.93,54.47,1.92,0.0,3.7447
2018-11-06,4.0829,17.41,53.79,2.54,0.0,4.0841
2018-11-07,4.3625,17.77,40.93,1.58,0.0,4.4033
2018-11-08,3.7018,20.07,41.04,0.8,0.0,3.7054
2018-11-09,3.4001,20.14,48.79,0.81,0.0,3.5213
2018-11-10,3.1327,19.92,46.03,0.81,0.0,3.1375
2018-11-11,3.3869,20.09,47.79,1.03,0.0,3.408
2018-11-12,3.8993,21.76,41.26,0.82,0.0,3.9106
2018-11-13,2.9868,21.11,48.26,0.93,0.0,3.8638
2018-11-14,2.9054,21.06,57.15,0.9,2.18,3.3866
2018-11-15,3.4558,20.15,61.17,1.55,0.14,3.4728
2018-11-16,3.8933,17.97,56.62,3.02,0.0,3.8952
2018-11-17,3.6334,18.37,47.22,2.27,0.0,3.6564
2018-11-18,3.5945,20.17,40.54,0.97,0.0,3.6012
2018-11-19,2.7406,19.37,59.43,1.56,0.0,3.4452
2018-11-20,3.5921,19.8,56.58,1.32,0.0,3.5923
2018-11-21,3.5201,18.78,48.62,2.11,0.0,3.5258
2018-11-22,3.2762,18.7,42.4,1.18,0.0,3.421
2018-11-23,3.4798,18.01,48.79,2.54,0.0,3.4898
2018-11-24,4.0922,17.51,46.74,2.99,0.0,4.1206
2018-11-25,3.8081,18.12,45.3,1.84,0.0,3.8575
2018-11-26,3.5491,18.79,44.18,1.51,0.0,3.6
2018-11-27,3.193,19.9,47.28,0.88,0.0,3.3199
2018-11-28,2.6791,19.08,60.52,0.84,0.0,2.8798
2018-11-29,2.8409,17.91,58.66,1.76,0.0,2.8567
2018-11-30,3.1793,17.34,53.42,1.94,0.0,3.1805
2018-12-01,3.6497,17.64,44.77,1.85,0.0,3.672
2018-12-02,3.4435,18.33,39.66,0.87,0.0,3.475
2018-12-03,3.3792,17.2,44.82,1.39,0.0,3.3919
2018-12-04,3.0372,16.93,46.94,1.34,0.0,3.2338
2018-12-05,3.108,16.49,47.68,1.48,0.0,3.2062
2018-12-06,3.2045,16.28,48.47,1.22,0.0,3.2592
2018-12-07,3.1956,15.0,54.81,1.84,0.0,3.3137
2018-12-08,3.269,15.3,50.43,1.37,0.0,3.2854
2018-12-09,2.9906,15.9,47.19,1.3,0.0,3.1363
2018-12-10,2.7905,16.21,47.56,1.07,0.0,2.8169
2018-12-11,2.4456,16.92,46.23,0.8,0.0,2.7509
2018-12-12,1.9277,14.62,61.42,1.78,0.34,2.5246
2018-12-13,2.4319,13.77,73.37,1.37,0.03,2.5246
2018-12-14,3.3684,13.16,64.66,1.93,0.0,3.3722
2018-12-15,3.6422,13.19,60.84,2.1,0.0,3.659
2018-12-16,3.5882,12.63,51.88,1.66,0.0,3.5962
2018-12-17,2.9227,12.72,47.56,1.73,0.0,3.5218
2018-12-18,3.811,12.5,42.54,2.21,0.0,3.8162
2018-12-19,3.5945,12.23,41.17,1.87,0.0,3.6086
2018-12-20,3.6835,12.43,40.86,1.49,0.0,3.6842
2018-12-21,3.4399,10.83,42.64,1.75,0.0,3.48
2018-12-22,3.1382,11.73,37.69,1.03,0.0,3.1418
2018-12-23,2.7926,12.9,40.78,0.93,0.0,2.8949
2018-12-24,3.1411,11.56,45.35,1.67,0.0,3.1867
2018-12-25,3.132,10.45,44.3,2.38,0.0,3.192
2018-12-26,3.239,10.59,42.47,1.91,0.0,3.307
2018-12-27,3.4212,11.28,39.72,1.59,0.0,3.5038
2018-12-28,3.6192,8.75,44.67,2.37,0.0,3.6322
2018-12-29,3.7322,9.96,41.05,1.93,0.0,3.7325
2018-12-30,3.2642,12.04,38.34,1.3,0.0,3.2995
2018-12-31,3.4406,11.25,44.03,2.0,0.0,3.4459
2019-01-01,3.4099,11.56,43.05,1.43,0.0,3.5539
2019-01-02,3.2508,13.93,41.76,1.09,0.0,3.2618
2019-01-03,2.9621,11.75,52.09,2.05,0.0,3.125
2019-01-04,2.243,11.43,55.33,1.42,0.0,3.3408
2019-01-05,3.0211,12.79,52.08,1.57,0.0,3.0912
2019-01-06,1.8187,12.34,63.8,1.67,0.9,2.3282
2019-01-07,2.8879,12.43,67.93,2.04,0.06,2.909
2019-01-08,3.2846,12.23,60.67,2.16,0.0,3.5021
2019-01-09,3.7186,12.44,49.31,2.71,0.0,3.7188
2019-01-10,3.5518,13.08,44.41,1.86,0.0,3.9089
2019-01-11,3.1142,14.44,36.52,0.72,0.0,3.2326
2019-01-12,2.8282,15.27,36.57,0.79,0.0,2.9292
2019-01-13,2.43,13.77,57.53,1.8,0.0,2.5133
2019-01-14,4.1518,11.85,42.14,3.56,0.0,4.177
2019-01-15,3.1219,11.0,34.47,2.61,0.0,4.2542
2019-01-16,3.1865,13.61,31.15,0.83,0.0,3.9002
2019-01-17,3.5448,12.18,36.62,1.6,0.0,3.6895
2019-01-18,3.601,12.39,45.86,1.73,0.0,3.6852
2019-01-19,3.5491,14.79,41.06,1.56,0.0,3.6994
2019-01-20,3.5597,18.05,35.15,1.06,0.0,3.8726
2019-01-21,1.7162,16.12,51.0,2.92,14.89,3.3166
2019-01-22,1.9442,13.94,77.31,2.42,18.7,3.324
2019-01-23,2.8366,14.31,68.17,1.79,0.01,3.012
2019-01-24,2.5656,14.36,63.81,1.96,1.0,2.9234
2019-01-25,3.2316,11.3,64.11,2.34,1.19,3.467
2019-01-26,4.2499,10.02,56.6,1.85,0.0,4.2552
2019-01-27,3.0922,9.42,52.8,2.34,0.0,4.0973
2019-01-28,4.2828,9.55,47.06,2.71,0.0,4.3646
2019-01-29,4.6366,10.37,42.77,2.47,0.0,4.6558
2019-01-30,3.5342,11.29,42.05,1.49,0.0,4.4287
2019-01-31,2.7542,13.3,42.03,2.07,0.03,4.2031
2019-02-01,3.0744,13.51,51.54,1.43,0.0,3.8146
2019-02-02,2.2798,12.07,56.52,1.87,0.0,3.4483
2019-02-03,2.4509,12.78,56.4,1.6,0.0,3.7114
2019-02-04,3.3535,13.98,48.33,1.47,0.0,3.8846
2019-02-05,2.7223,16.96,49.18,1.28,0.02,3.0276
2019-02-06,3.0703,17.5,71.34,2.28,3.84,3.4783
2019-02-07,1.4297,16.32,75.74,3.25,10.76,3.6365
2019-02-08,4.6522,12.79,56.55,2.05,0.23,4.8091
2019-02-09,4.7534,11.93,49.2,2.61,0.0,4.9378
2019-02-10,3.7337,12.85,44.8,1.49,0.0,4.7194
2019-02-11,3.7774,14.17,46.28,1.11,0.0,4.4038
2019-02-12,3.7738,15.61,42.6,0.92,0.0,4.4215
2019-02-13,3.3389,16.68,41.56,0.95,0.0,4.4225
2019-02-14,2.0618,17.04,56.1,2.67,2.5,3.7786
2019-02-15,2.8032,15.98,77.94,1.22,4.9,3.9782
2019-02-16,2.4331,15.24,72.56,1.36,0.08,4.2929
2019-02-17,4.2331,14.73,55.01,2.23,0.0,4.6315
2019-02-18,3.287,17.07,44.98,1.52,0.09,5.0107
2019-02-19,3.7637,18.26,51.55,1.3,0.67,4.7575
2019-02-20,1.5782,18.0,59.04,1.92,1.37,4.555
2019-02-21,3.9389,20.54,50.58,2.26,0.15,4.7023
2019-02-22,4.2648,18.46,58.68,2.75,0.0,4.8641
2019-02-23,5.4046,14.79,48.33,2.96,0.0,5.6436
2019-02-24,5.003,16.13,40.92,1.91,0.0,5.2994
2019-02-25,4.5749,16.82,42.04,1.25,0.0,5.263
2019-02-26,2.6923,16.36,51.12,1.54,2.54,4.8854
2019-02-27,3.7476,13.76,62.49,1.89,0.75,4.8593
2019-02-28,5.5517,14.0,49.59,2.08,0.0,5.5939
2019-03-01,5.3959,15.54,39.93,1.77,0.0,5.5255
2019-03-02,1.6985,16.57,52.56,1.67,6.42,4.9985
2019-03-03,3.5995,17.16,65.43,1.88,0.22,4.7959
2019-03-04,4.1443,17.75,62.05,1.71,0.27,4.8977
2019-03-05,5.4017,17.12,51.86,2.24,0.0,5.7619
2019-03-06,6.0482,16.6,44.5,2.22,0.0,6.0854
2019-03-07,5.6054,18.11,38.22,1.75,0.0,5.8313
2019-03-08,5.0974,19.64,41.94,1.46,0.0,5.6119
2019-03-09,5.3602,19.57,44.42,2.37,0.0,5.556
2019-03-10,6.0761,19.31,42.91,1.73,0.0,6.077
2019-03-11,5.0366,21.09,41.6,2.7,0.15,5.6263
2019-03-12,4.4234,20.25,49.53,2.47,0.02,5.6556
2019-03-13,2.5519,18.75,42.05,1.82,0.0,5.8044
2019-03-14,3.6178,19.6,44.28,2.16,1.22,5.4797
2019-03-15,6.0247,19.24,46.77,2.16,0.0,6.035
2019-03-16,5.7161,19.56,42.35,1.99,0.0,6.2381
2019-03-17,5.9011,20.47,36.75,1.68,0.0,6.1334
2019-03-18,6.0526,20.84,37.72,1.59,0.0,6.2578
2019-03-19,6.282,22.27,39.14,2.15,0.0,6.2846
2019-03-20,5.6522,24.06,37.13,2.26,0.27,6.366
2019-03-21,5.8133,23.62,42.59,1.26,0.02,5.9527
2019-03-22,6.5722,22.79,31.29,3.15,0.0,6.5741
2019-03-23,6.3929,22.53,34.86,3.4,0.0,6.4843
2019-03-24,6.3245,24.56,41.03,2.91,0.0,6.3792
2019-03-25,5.387,23.89,42.13,2.28,0.01,6.0046
2019-03-26,6.7886,23.4,35.68,2.65,0.0,6.7901
2019-03-27,5.5862,24.01,32.52,2.15,0.0,6.5736
2019-03-28,6.0778,27.03,30.98,1.8,0.0,6.2676
2019-03-29,6.2868,28.79,34.06,1.49,0.0,6.5923
2019-03-30,6.2316,29.59,34.57,1.0,0.22,6.3386
2019-03-31,6.5172,27.13,26.72,2.88,0.01,6.5772
2019-04-01,7.1906,25.45,24.6,2.85,0.0,7.1969
2019-04-02,6.972,27.42,21.75,1.63,0.0,7.0399
2019-04-03,6.9434,28.54,22.53,1.73,0.0,6.9607
2019-04-04,6.7104,29.88,25.93,1.48,0.0,6.7462
2019-04-05,6.5124,31.11,26.92,1.28,0.0,6.5904
2019-04-06,6.4805,32.15,28.1,1.65,0.0,6.683
2019-04-07,5.5438,30.87,26.69,1.64,0.0,6.3134
2019-04-08,6.2904,29.78,27.78,1.43,1.23,6.5486
2019-04-09,6.6334,29.81,26.97,1.39,0.16,6.7822
2019-04-10,6.4891,31.7,23.45,1.45,0.0,6.6144
2019-04-11,6.4289,32.1,26.95,2.09,0.0,6.5921
2019-04-12,5.7641,32.13,24.25,2.33,0.01,6.7013
2019-04-13,6.775,32.12,29.12,2.69,0.09,6.8921
2019-04-14,6.9122,32.44,27.56,3.09,0.0,7.0579
2019-04-15,6.5676,33.51,27.35,3.56,0.0,6.8102
2019-04-16,2.8476,28.37,43.59,2.83,0.53,6.0746
2019-04-17,4.5242,23.42,67.98,2.74,15.18,6.7025
2019-04-18,6.2914,24.64,57.4,1.38,1.78,6.8052
2019-04-19,6.8244,26.47,41.33,1.83,0.0,7.0723
2019-04-20,6.8086,27.59,37.53,1.6,0.0,7.0723
2019-04-21,7.0963,29.92,33.14,2.01,0.0,7.1846
2019-04-22,7.1942,31.49,30.88,1.82,0.0,7.2214
2019-04-23,7.0913,32.75,31.42,1.89,0.0,7.1292
2019-04-24,6.7416,33.42,29.27,1.29,0.0,6.9353
2019-04-25,6.2719,34.19,24.03,1.83,0.0,6.9521
2019-04-26,6.877,33.65,24.76,2.8,0.24,6.929
2019-04-27,7.3661,34.06,19.99,4.33,0.0,7.3865
2019-04-28,7.4227,33.99,17.23,3.97,0.0,7.5031
2019-04-29,7.3063,34.29,16.07,2.45,0.0,7.433
2019-04-30,7.2473,34.17,15.18,2.46,0.0,7.5804
2019-05-01,7.1347,34.45,14.16,1.69,0.0,7.5276
2019-05-02,6.3806,34.25,17.22,2.3,0.01,6.9845
2019-05-03,6.5381,33.09,21.77,1.7,0.69,6.8448
2019-05-04,7.2718,32.0,17.48,2.74,0.77,7.3193
2019-05-05,7.9493,32.1,14.15,3.14,0.0,7.9858
2019-05-06,7.8862,33.04,12.43,3.1,0.0,7.9565
2019-05-07,7.0834,34.07,11.85,3.01,0.0,7.5089
2019-05-08,7.14,35.14,14.89,3.39,0.0,7.4052
2019-05-09,6.9362,35.84,19.03,4.21,0.0,7.3039
2019-05-10,7.2154,35.79,20.52,3.51,0.0,7.4527
2019-05-11,6.8501,34.99,24.91,2.63,0.0,7.3385
2019-05-12,5.7703,34.17,25.47,2.93,0.0,6.4481
2019-05-13,5.9758,34.63,22.78,1.5,0.09,6.8177
2019-05-14,6.6466,32.9,31.73,2.46,1.69,7.2206
2019-05-15,4.9987,34.09,26.85,1.11,0.17,7.1657
2019-05-16,5.6316,33.74,29.3,1.94,2.96,7.2938
2019-05-17,6.3955,32.41,36.95,2.82,2.93,7.429
2019-05-18,7.0632,29.45,48.9,2.45,1.96,7.1878
2019-05-19,7.5341,31.63,34.46,3.11,0.0,7.5636
2019-05-20,7.2931,33.54,26.76,2.73,0.0,7.4297
2019-05-21,6.5366,34.03,25.5,3.42,0.0,7.0879
2019-05-22,5.0724,35.04,24.45,2.33,0.0,7.4796
2019-05-23,6.2707,34.97,28.24,1.69,2.92,7.4194
2019-05-24,6.257,33.88,35.38,2.62,0.03,7.0894
2019-05-25,7.7743,33.24,30.61,4.4,0.0,7.8214
2019-05-26,7.8768,33.8,24.94,3.31,0.0,7.9284
2019-05-27,7.6817,35.11,19.9,3.45,0.0,7.7916
2019-05-28,7.8034,35.58,15.52,3.45,0.0,7.9584
2019-05-29,7.9387,37.31,16.29,3.06,0.0,7.9586
2019-05-30,7.6176,38.43,13.91,2.53,0.0,7.6747
2019-05-31,7.3258,38.75,13.57,2.76,0.0,7.5158
2019-06-01,7.2233,39.91,16.3,1.68,0.0,7.3882
2019-06-02,7.219,39.71,14.69,2.12,0.0,7.4988
2019-06-03,6.8083,38.47,15.99,1.85,0.0,7.2566
2019-06-04,6.8153,38.0,21.46,1.88,0.0,7.0841
2019-06-05,6.7327,39.36,17.07,1.42,0.0,7.115
2019-06-06,6.563,38.97,19.26,2.02,2.01,7.1798
2019-06-07,7.1239,36.58,20.59,2.05,0.24,7.458
2019-06-08,7.5206,38.2,14.85,1.82,0.0,7.7921
2019-06-09,7.5286,38.91,14.93,2.9,0.0,7.7794
2019-06-10,7.1206,39.61,12.97,2.39,0.0,7.6675
2019-06-11,6.3156,40.02,14.56,2.39,0.0,7.5127
2019-06-12,6.7154,40.26,18.0,2.53,1.01,7.0152
2019-06-13,6.7968,38.1,27.02,2.07,0.0,6.9506
2019-06-14,7.5691,38.13,18.63,3.5,0.0,7.727
2019-06-15,6.8273,38.25,23.14,4.8,0.0,7.3176
2019-06-16,4.1294,37.03,34.06,5.14,0.07,7.4789
2019-06-17,3.0197,35.17,41.94,3.98,0.86,7.0769
2019-06-18,5.0458,34.1,45.49,2.25,1.7,7.1592
2019-06-19,6.4572,34.08,38.25,1.7,0.0,6.996
2019-06-20,7.1174,34.34,38.35,1.47,0.0,7.2686
2019-06-21,5.969,36.39,25.91,1.33,0.0,7.007
2019-06-22,6.858,37.3,24.37,1.53,0.0,6.9749
2019-06-23,6.9667,36.64,36.75,2.84,0.53,7.0826
2019-06-24,5.274,34.34,52.85,3.07,3.06,6.5129
2019-06-25,5.6026,36.23,44.27,1.51,0.25,6.2674
2019-06-26,6.3629,38.05,33.18,2.64,0.04,6.672
2019-06-27,6.2647,37.89,29.21,3.19,0.0,6.8796
2019-06-28,6.1176,38.04,32.23,3.12,0.0,7.0517
2019-06-29,6.6156,38.83,28.29,3.04,0.0,6.8652
2019-06-30,6.1133,39.38,26.85,1.92,0.44,6.601
2019-07-01,6.6281,39.06,26.11,1.47,0.19,6.7843
2019-07-02,5.6174,39.01,25.65,1.86,0.01,6.043
2019-07-03,5.9726,37.36,38.51,2.6,1.98,7.2432
2019-07-04,3.4128,37.28,37.41,1.42,0.44,6.8626
2019-07-05,2.8879,35.48,47.34,1.38,15.56,6.2714
2019-07-06,5.521,35.07,50.95,2.08,1.22,6.1754
2019-07-07,5.171,34.15,53.41,1.29,6.79,6.4759
2019-07-08,5.1902,36.36,47.71,1.45,1.9,5.9755
2019-07-09,3.5815,33.61,58.86,2.47,14.95,5.6453
2019-07-10,5.0198,34.48,53.56,3.04,7.46,5.8003
2019-07-11,4.8074,34.81,50.41,3.79,5.12,5.7382
2019-07-12,4.8703,35.32,44.7,4.08,0.24,5.9011
2019-07-13,5.3458,35.46,42.1,4.06,1.01,6.1642
2019-07-14,5.5327,35.24,42.39,2.5,1.13,6.5366
2019-07-15,3.7536,33.1,61.06,1.67,27.03,5.5411
2019-07-16,4.1539,31.62,66.18,1.36,17.2,6.1385
2019-07-17,4.47,31.13,66.13,0.99,10.63,6.4486
2019-07-18,3.1032,30.42,69.9,0.54,3.29,6.6322
2019-07-19,6.2261,33.31,56.68,0.87,0.78,6.7886
2019-07-20,4.7222,33.41,56.69,1.27,2.09,6.4798
2019-07-21,4.8502,32.84,62.51,1.74,7.09,6.4277
2019-07-22,5.6057,33.64,60.18,1.41,1.84,6.5606
2019-07-23,5.7571,34.03,59.55,1.08,4.5,6.7661
2019-07-24,4.9745,34.55,60.0,2.4,8.67,7.1074
2019-07-25,2.2075,29.94,78.5,1.68,10.94,6.5105
2019-07-26,2.6726,29.71,76.08,1.44,12.25,6.3254
2019-07-27,3.053,28.89,80.19,3.16,14.46,6.4538
2019-07-28,4.8216,29.72,77.63,3.49,3.6,6.6307
2019-07-29,5.5056,31.02,72.45,3.35,0.64,7.1136
2019-07-30,4.6368,31.44,67.72,2.91,0.54,7.0639
2019-07-31,4.5646,30.84,68.89,1.71,0.12,6.9626
2019-08-01,5.1115,31.25,67.46,2.48,0.38,6.2345
2019-08-02,3.4858,29.95,78.99,2.12,14.44,5.9978
2019-08-03,3.5374,28.93,83.91,2.0,3.47,5.8822
2019-08-04,3.769,29.02,84.78,0.78,7.69,6.2047
2019-08-05,4.3032,31.69,72.67,0.96,6.35,5.7048
2019-08-06,1.2408,31.45,75.18,0.82,37.68,5.8632
2019-08-07,4.0603,29.93,79.99,1.09,11.39,6.0482
2019-08-08,6.0029,30.2,77.19,1.6,0.16,6.8258
2019-08-09,4.7455,29.8,77.29,4.14,1.1,6.8302
2019-08-10,4.5415,28.97,79.33,3.47,1.32,6.8388
2019-08-11,5.8642,30.36,75.5,1.58,0.76,6.7584
2019-08-12,4.4875,30.65,74.37,1.31,0.18,6.6096
2019-08-13,3.5009,31.79,72.15,1.2,4.44,6.3058
2019-08-14,5.1958,30.87,76.14,1.43,7.16,6.3283
2019-08-15,5.1449,29.31,82.43,2.75,12.37,6.3727
2019-08-16,4.2852,28.23,82.44,3.78,5.96,6.667
2019-08-17,2.6755,28.22,86.93,3.64,7.53,6.4666
2019-08-18,2.8668,28.3,86.8,1.62,18.9,6.3538
2019-08-19,5.495,29.07,79.24,1.71,3.45,6.4654
2019-08-20,5.8116,28.76,78.17,2.06,0.46,6.492
2019-08-21,6.0665,29.35,72.03,2.0,0.06,6.4778
2019-08-22,4.7434,29.36,69.42,1.51,0.21,6.3732
2019-08-23,5.6438,30.45,66.36,1.14,1.71,6.2635
2019-08-24,3.1027,31.47,63.56,1.18,0.79,5.4053
2019-08-25,3.2347,28.64,81.88,1.39,8.49,5.9117
2019-08-26,5.9215,29.58,75.02,1.64,0.13,6.492
2019-08-27,5.8949,30.9,70.27,1.2,0.0,6.4721
2019-08-28,6.0936,31.27,70.53,1.75,0.0,6.4759
2019-08-29,5.4151,31.23,68.93,1.45,0.62,6.0924
2019-08-30,5.7331,30.69,72.79,0.99,0.65,6.2525
2019-08-31,5.4305,31.93,67.5,0.66,16.64,6.1925
2019-09-01,3.3125,29.96,80.35,1.62,12.23,5.8783
2019-09-02,5.3261,30.74,75.19,0.81,0.32,5.7775
2019-09-03,4.457,32.24,65.95,0.7,0.55,5.3302
2019-09-04,4.0718,30.69,75.42,1.64,1.69,5.2836
2019-09-05,4.4045,30.75,72.63,1.3,0.41,6.0317
2019-09-06,4.7249,30.97,72.01,0.73,0.96,5.8817
2019-09-07,3.7766,29.85,79.41,0.94,5.85,5.4905
2019-09-08,5.274,30.02,77.98,0.95,6.12,5.772
2019-09-09,5.502,31.25,67.66,0.83,0.88,5.7991
2019-09-10,5.1271,30.75,63.04,1.35,0.04,5.3518
2019-09-11,5.3388,31.65,56.41,0.97,0.0,5.5274
2019-09-12,4.4227,31.97,56.26,1.18,0.1,5.2824
2019-09-13,5.0551,30.92,69.42,2.18,0.45,5.7144
2019-09-14,4.0248,30.74,69.45,2.01,0.11,5.0726
2019-09-15,3.6307,30.67,68.85,0.54,0.8,5.3599
2019-09-16,4.991,30.9,64.08,1.4,0.62,5.357
2019-09-17,4.4539,30.93,62.71,1.27,1.84,5.1389
2019-09-18,5.3858,30.89,62.45,1.41,0.0,5.5226
2019-09-19,4.2989,28.77,69.72,2.24,0.02,5.7802
2019-09-20,4.7004,29.39,67.41,1.64,0.0,5.7612
2019-09-21,4.8463,29.76,67.61,1.0,6.45,5.7742
2019-09-22,2.7247,28.04,78.53,2.0,23.14,5.8534
2019-09-23,4.4532,27.68,71.21,1.53,1.93,5.7379
2019-09-24,4.0678,27.79,73.6,1.76,1.81,5.387
2019-09-25,4.241,27.42,77.18,1.93,2.43,4.4988
2019-09-26,4.1194,26.89,79.1,2.56,1.55,5.2344
2019-09-27,3.623,26.89,79.57,2.68,0.58,5.3138
2019-09-28,3.4404,26.62,80.73,3.31,4.52,5.3762
2019-09-29,2.9911,26.73,75.99,2.55,1.26,5.3587
2019-09-30,3.5009,26.19,77.54,2.18,0.68,5.2601
2019-10-01,3.7114,27.15,71.75,1.2,0.35,4.7734
2019-10-02,4.8511,27.73,66.8,0.95,0.84,5.0254
2019-10-03,5.0525,27.1,66.03,1.18,6.74,5.2224
2019-10-04,4.9428,26.16,66.92,1.71,5.18,5.0906
2019-10-05,5.3213,25.91,62.72,2.23,0.0,5.3772
2019-10-06,5.227,25.77,61.28,1.82,0.0,5.3714
2019-10-07,4.2821,26.24,58.36,2.23,0.0,5.1391
2019-10-08,5.2685,25.98,53.89,1.76,0.0,5.3069
2019-10-09,5.3474,26.33,52.59,1.08,0.0,5.4442
2019-10-10,5.1269,26.1,53.16,1.21,0.0,5.2668
2019-10-11,4.9776,25.83,52.93,1.04,0.0,5.0203
2019-10-12,4.6824,26.02,57.01,1.33,0.0,4.7306
2019-10-13,4.5648,26.36,53.58,1.61,0.0,4.6092
2019-10-14,4.5715,26.71,53.91,1.37,0.0,4.6162
2019-10-15,4.2965,26.41,52.14,1.33,0.0,4.3294
2019-10-16,4.2079,26.11,51.65,1.23,0.06,4.2158
2019-10-17,4.2533,26.78,52.82,0.93,0.0,4.2816
2019-10-18,4.0798,27.14,57.76,1.38,0.15,4.1184
2019-10-19,3.5969,26.42,55.11,0.75,0.04,3.7598
2019-10-20,4.0673,24.84,47.41,1.9,0.0,4.2696
2019-10-21,4.597,23.85,48.9,2.41,0.0,4.6618
2019-10-22,4.3366,23.5,45.31,2.47,0.0,4.7921
2019-10-23,4.7086,24.15,41.77,1.76,0.0,4.7678
2019-10-24,4.362,23.58,48.19,1.41,0.0,4.362
2019-10-25,4.1218,23.43,56.65,1.32,0.0,4.123
2019-10-26,4.0246,23.73,57.77,1.06,0.0,4.0574
2019-10-27,3.666,23.99,48.49,1.46,0.0,3.8174
2019-10-28,3.0113,24.08,49.86,1.37,0.0,3.2858
2019-10-29,2.179,24.24,49.24,1.08,0.0,3.2266
2019-10-30,2.4811,25.07,42.23,1.27,0.0,3.1147
2019-10-31,3.6355,25.01,40.97,1.46,0.0,3.6372
2019-11-01,3.4274,24.36,46.12,1.17,0.0,3.7037
2019-11-02,2.7998,24.39,47.88,1.46,0.01,3.4217
2019-11-03,1.8091,23.63,52.37,1.85,0.14,2.568
2019-11-04,3.0098,23.43,54.12,2.51,0.14,3.0355
2019-11-05,4.0262,22.74,50.83,2.48,0.0,4.0265
2019-11-06,3.5926,23.65,43.22,1.22,0.0,4.2382
2019-11-07,1.4424,22.39,59.85,1.62,0.39,3.4939
2019-11-08,3.4442,23.4,59.19,1.75,0.05,3.5448
2019-11-09,3.9118,22.78,49.6,2.4,0.0,3.912
2019-11-10,3.4238,21.62,44.3,2.41,0.0,3.456
2019-11-11,3.216,20.63,41.16,1.77,0.0,3.3564
2019-11-12,3.187,20.19,41.5,1.97,0.0,3.3259
2019-11-13,2.6162,21.01,43.81,1.44,0.0,2.7595
2019-11-14,1.7074,21.87,48.01,0.99,0.0,2.6095
2019-11-15,2.8063,20.57,52.96,1.18,0.0,3.0638
2019-11-16,3.1822,20.98,55.83,3.03,0.0,3.323
2019-11-17,3.941,21.16,50.4,4.31,0.0,3.9782
2019-11-18,3.8765,19.46,52.27,2.58,0.0,4.05
2019-11-19,3.7176,19.71,47.71,1.52,0.0,4.0171
2019-11-20,3.7123,20.23,41.92,0.83,0.0,3.7771
2019-11-21,2.9566,19.58,45.38,1.14,0.0,3.3962
2019-11-22,2.8558,19.96,47.93,1.39,0.0,3.06
2019-11-23,2.4617,20.78,52.55,2.47,0.0,3.0893
2019-11-24,2.693,21.44,58.38,2.35,0.0,3.1783
2019-11-25,3.049,22.17,50.31,1.17,0.0,3.1334
2019-11-26,2.7852,21.61,54.3,1.41,0.0,3.355
2019-11-27,2.4283,20.46,58.52,1.94,0.2,2.8106
2019-11-28,1.7966,19.89,79.52,3.16,8.52,2.4905
2019-11-29,2.7509,18.32,80.21,1.51,4.15,2.7569
2019-11-30,2.8296,16.88,64.27,1.83,0.0,2.9753
2019-12-01,2.9016,15.73,52.23,1.93,0.0,2.9568
2019-12-02,3.4769,15.02,46.21,2.05,0.0,3.4771
2019-12-03,3.8966,15.21,44.3,2.03,0.0,3.9002
2019-12-04,3.3168,15.45,38.96,1.43,0.0,3.7596
2019-12-05,2.7648,16.07,38.18,0.75,0.0,3.018
2019-12-06,2.6335,16.89,40.5,0.73,0.0,2.9642
2019-12-07,2.7178,17.61,45.3,0.92,0.0,2.7211
2019-12-08,2.6292,17.15,49.85,0.96,0.0,2.7127
2019-12-09,2.4842,15.48,51.06,0.96,0.0,2.4986
2019-12-10,2.5133,15.88,44.54,1.22,0.0,2.6594
2019-12-11,2.047,16.45,43.17,0.89,0.0,2.3002
2019-12-12,1.3092,15.52,62.93,2.19,12.65,1.9855
2019-12-13,0.8659,15.18,87.83,2.0,26.34,2.383
2019-12-14,1.9985,13.77,70.02,1.11,0.1,2.4058
2019-12-15,2.6009,13.01,58.09,1.69,0.0,2.7674
2019-12-16,0.8014,11.31,69.08,2.14,0.0,2.8886
2019-12-17,1.038,10.7,68.59,2.08,0.0,2.7566
2019-12-18,2.221,10.32,61.57,1.93,0.0,2.6066
2019-12-19,1.5792,11.15,53.53,1.22,0.0,2.6933
2019-12-20,1.8826,12.84,53.73,1.25,0.0,2.6287
2019-12-21,1.8437,14.46,61.31,1.78,0.0,2.8776
2019-12-22,2.033,12.17,61.69,2.25,0.0,2.9234
2019-12-23,2.069,11.95,52.72,1.84,0.0,3.3401
2019-12-24,2.1506,10.65,50.31,1.22,0.0,2.9268
2019-12-25,1.8991,9.79,53.33,1.92,0.0,2.9748
2019-12-26,2.2025,9.14,52.22,2.24,0.0,3.2062
2019-12-27,2.2205,7.52,60.38,1.53,0.0,3.1843
2019-12-28,1.6094,7.48,56.31,1.36,0.0,2.6899
2019-12-29,1.8977,8.9,49.97,1.01,0.0,2.1821
2019-12-30,0.6996,8.55,54.65,1.46,0.0,2.4511
2019-12-31,2.057,8.04,56.81,1.19,0.0,2.2574
2020-01-01,2.8546,10.65,48.65,1.54,0.0,3.1037
2020-01-02,3.0194,12.48,72.65,1.48,0.06,3.157
2020-01-03,3.0859,14.64,74.02,1.14,0.06,3.0931
2020-01-04,2.5205,13.88,66.9,1.38,0.09,2.7542
2020-01-05,2.9916,12.81,54.56,1.61,0.0,3.1222
2020-01-06,1.5031,13.7,55.23,1.5,0.02,3.2484
2020-01-07,1.6507,14.59,75.14,2.0,0.89,3.3538
2020-01-08,0.6134,13.18,86.74,1.79,9.69,2.6398
2020-01-09,2.9129,9.67,67.72,2.59,0.15,3.781
2020-01-10,3.786,8.99,55.02,2.1,0.0,3.858
2020-01-11,3.7214,10.4,43.57,1.54,0.0,3.8326
2020-01-12,3.695,13.13,38.27,1.22,0.0,3.8014
2020-01-13,2.2711,14.82,57.85,2.15,0.27,3.3094
2020-01-14,2.2894,14.25,70.79,1.43,0.02,2.8512
2020-01-15,2.5512,13.32,67.25,1.33,0.0,2.9215
2020-01-16,1.2043,12.64,81.97,1.96,3.03,2.562
2020-01-17,2.3383,12.85,76.27,1.57,7.54,3.2129
2020-01-18,1.6865,12.95,67.51,1.3,0.0,3.1913
2020-01-19,3.1397,11.06,66.46,1.92,0.0,3.4536
2020-01-20,2.2138,11.01,67.55,1.42,0.0,3.6763
2020-01-21,2.4365,13.13,50.6,1.18,0.0,3.5093
2020-01-22,2.647,12.91,51.7,2.05,0.0,3.3427
2020-01-23,4.1803,11.36,58.68,3.52,0.0,4.3346
2020-01-24,4.5626,11.46,48.89,2.95,0.0,4.6464
2020-01-25,3.8746,11.77,47.91,1.42,0.0,4.2161
2020-01-26,4.032,14.12,54.88,1.62,0.0,4.0831
2020-01-27,2.5303,15.98,58.08,1.66,0.44,3.9079
2020-01-28,2.387,14.23,74.55,1.93,5.96,3.6048
2020-01-29,3.6922,13.94,68.64,1.27,1.26,4.0826
2020-01-30,4.3414,12.01,61.52,2.38,0.0,4.3714
2020-01-31,4.1878,11.83,57.77,1.81,0.0,4.4474
2020-02-01,4.1652,12.39,53.14,1.35,0.0,4.243
2020-02-02,4.1856,11.46,59.41,2.04,0.0,4.507
2020-02-03,4.4395,12.08,55.59,1.49,0.0,4.4414
2020-02-04,3.895,12.61,49.46,1.2,0.0,4.0414
2020-02-05,3.8258,12.66,51.35,2.04,0.0,4.1302
2020-02-06,4.0495,12.14,53.86,1.41,0.0,4.0529
2020-02-07,4.0951,12.41,51.66,1.57,0.0,4.1743
2020-02-08,4.2907,11.94,56.28,1.89,0.0,4.3159
2020-02-09,4.2919,12.83,53.56,1.51,0.0,4.4645
2020-02-10,4.2086,13.52,48.55,1.55,0.0,4.309
2020-02-11,4.1566,14.23,48.24,1.37,0.0,4.2082
2020-02-12,4.2893,15.65,49.44,2.32,0.0,4.3212
2020-02-13,4.7815,18.71,51.77,3.6,0.0,4.829
2020-02-14,5.1288,17.74,47.16,4.06,0.0,5.1362
2020-02-15,5.4775,15.62,40.25,2.85,0.0,5.4778
2020-02-16,5.3304,16.12,38.31,2.05,0.0,5.3316
2020-02-17,5.1674,16.46,35.09,2.16,0.0,5.2099
2020-02-18,5.4437,16.31,35.2,2.16,0.0,5.4492
2020-02-19,4.1753,18.39,32.59,2.3,0.0,5.2754
2020-02-20,4.3613,19.08,41.89,3.74,1.75,4.5641
2020-02-21,1.7657,17.18,66.77,3.3,9.08,4.2002
2020-02-22,3.4634,17.31,69.15,1.65,0.08,3.5246
2020-02-23,3.5414,19.26,58.34,0.89,0.29,3.8657
2020-02-24,4.3944,18.91,57.48,1.87,0.0,4.4167
2020-02-25,4.439,18.45,54.38,1.66,0.57,4.7299
2020-02-26,4.6152,18.91,58.02,1.5,0.0,4.8283
2020-02-27,3.9708,18.11,62.36,1.56,0.0,4.7878
2020-02-28,3.9799,19.58,61.01,2.91,0.0,4.6109
2020-02-29,3.9017,19.94,66.2,2.61,5.39,4.8432
2020-03-01,4.9493,20.47,65.14,1.48,1.02,5.071
2020-03-02,4.8799,20.93,53.4,1.14,0.0,4.9942
2020-03-03,4.8048,21.0,48.75,1.48,0.0,4.8864
2020-03-04,4.2782,21.23,52.15,1.48,4.16,4.5643
2020-03-05,4.188,20.19,71.64,2.43,6.15,5.0268
2020-03-06,3.3353,17.96,81.39,3.09,37.97,4.7866
2020-03-07,3.3718,18.0,66.53,1.47,0.16,5.61
2020-03-08,5.6021,18.14,55.99,1.67,0.0,5.9731
2020-03-09,5.9021,17.52,55.0,2.89,0.0,6.0768
2020-03-10,5.1713,18.18,48.01,1.34,0.0,5.7002
2020-03-11,4.7047,19.97,63.72,2.35,0.53,5.2313
2020-03-12,5.2574,21.01,62.18,2.09,1.86,5.8783
2020-03-13,5.6726,20.02,43.93,1.36,1.99,6.0809
2020-03-14,3.7512,16.97,59.4,1.48,4.09,5.5466
2020-03-15,5.4192,17.73,54.72,0.9,2.8,5.9131
2020-03-16,4.7419,19.27,55.0,1.48,0.0,5.8102
2020-03-17,6.1486,20.39,51.54,2.13,0.0,6.151
2020-03-18,5.9179,21.42,50.0,2.15,0.0,6.0535
2020-03-19,6.0355,22.65,53.47,1.58,0.0,6.0574
2020-03-20,5.101,23.72,50.62,0.97,0.01,5.7845
2020-03-21,5.1722,24.72,44.77,0.81,0.0,5.9011
2020-03-22,6.2294,24.18,45.67,1.74,0.0,6.2518
2020-03-23,5.7492,23.77,48.31,1.37,0.0,5.9897
2020-03-24,4.1554,24.48,48.4,1.34,0.48,5.9882
2020-03-25,5.9969,25.36,48.98,2.13,0.0,6.2364
2020-03-26,3.6838,24.0,54.76,2.63,0.24,6.0516
2020-03-27,3.2815,22.54,63.23,2.21,3.74,6.2016
2020-03-28,6.9158,22.74,55.7,2.32,0.04,6.942
2020-03-29,6.7966,23.1,45.17,3.21,0.0,6.9161
2020-03-30,6.9031,22.86,46.48,2.92,0.0,7.0486
2020-03-31,5.9753,23.69,47.46,2.64,0.01,6.8712
2020-04-01,6.6914,25.71,49.42,1.82,0.67,6.7298
2020-04-02,6.7226,24.36,46.16,3.13,0.0,6.9662
2020-04-03,7.2497,23.15,40.75,2.95,0.0,7.3812
2020-04-04,7.2694,23.96,39.21,2.5,0.0,7.2703
2020-04-05,6.6307,25.81,39.12,1.53,0.0,6.9936
2020-04-06,7.0678,26.62,34.49,2.46,0.0,7.1028
2020-04-07,6.793,26.81,37.94,2.7,0.0,7.134
2020-04-08,6.9754,25.96,40.49,2.63,0.0,6.9929
2020-04-09,6.7774,25.51,38.14,2.49,0.0,7.3219
2020-04-10,6.8366,27.89,35.3,2.15,0.0,6.9401
2020-04-11,6.8945,29.14,35.87,1.97,0.0,6.971
2020-04-12,7.0392,28.96,36.52,2.87,0.0,7.2355
2020-04-13,6.7178,30.33,39.78,2.47,0.0,6.9725
2020-04-14,5.6674,32.34,36.41,0.98,0.0,6.5738
2020-04-15,6.1212,31.98,27.76,1.65,0.0,7.0534
2020-04-16,6.4978,30.81,31.38,2.59,0.0,7.1837
2020-04-17,6.2155,29.68,30.04,1.52,0.05,6.9972
2020-04-18,6.0187,29.8,32.88,1.96,2.06,6.936
2020-04-19,6.6672,28.88,40.73,2.26,1.36,7.0884
2020-04-20,3.6631,24.65,48.49,2.4,0.07,6.9372
2020-04-21,6.5786,27.72,44.75,1.83,0.01,7.1009
2020-04-22,7.237,28.48,35.47,1.74,0.0,7.3392
2020-04-23,4.4556,28.45,36.28,2.18,0.19,6.9977
2020-04-24,7.2523,30.77,32.51,1.4,0.01,7.3399
2020-04-25,5.9035,31.94,29.52,1.03,0.1,7.0176
2020-04-26,4.0992,30.15,41.13,2.54,11.86,6.8894
2020-04-27,6.9706,28.01,51.82,3.26,1.69,7.1297
2020-04-28,6.2832,28.88,48.66,1.57,0.42,6.6506
2020-04-29,6.2532,30.99,40.89,1.04,0.0,6.6422
2020-04-30,6.4994,31.94,40.54,1.17,0.05,6.8258
2020-05-01,6.8923,32.37,39.08,1.99,0.35,7.133
2020-05-02,7.111,32.65,38.61,2.46,0.0,7.4009
2020-05-03,4.1297,31.26,43.39,2.69,8.73,7.1623
2020-05-04,6.6034,30.68,48.83,1.46,0.31,7.1088
2020-05-05,7.0531,31.56,41.75,1.4,0.07,7.1784
2020-05-06,5.4365,31.67,35.47,1.59,0.17,7.4069
2020-05-07,7.621,30.16,45.41,2.16,3.85,7.6738
2020-05-08,7.565,32.75,33.04,1.62,0.0,7.5689
2020-05-09,7.2187,33.4,30.61,1.44,0.0,7.4177
2020-05-10,3.4289,30.98,44.02,2.03,7.12,7.1609
2020-05-11,6.0163,30.14,46.03,1.89,0.0,7.2271
2020-05-12,6.4188,31.41,37.9,1.2,0.22,7.3855
2020-05-13,3.9077,32.66,34.93,1.43,0.18,6.6684
2020-05-14,6.7615,33.67,35.71,1.26,0.02,6.961
2020-05-15,7.0716,33.41,33.82,3.31,0.09,7.1251
2020-05-16,7.6356,33.13,28.31,3.9,0.0,7.6418
2020-05-17,6.6514,34.34,25.48,2.17,0.0,7.4563
2020-05-18,7.3142,34.03,22.57,2.49,0.0,7.5223
2020-05-19,7.5792,33.72,17.27,2.62,0.0,8.0213
2020-05-20,8.1835,33.12,18.47,2.95,0.0,8.1898
2020-05-21,7.9397,34.13,17.42,3.89,0.0,8.0923
2020-05-22,7.969,36.52,15.93,1.86,0.0,8.0405
2020-05-23,7.0056,38.66,15.66,2.01,0.0,7.5811
2020-05-24,7.579,38.32,15.52,3.19,0.0,7.7916
2020-05-25,7.9462,37.83,18.47,3.06,0.0,8.0474
2020-05-26,7.5576,38.37,15.49,3.35,0.0,7.9174
2020-05-27,7.0279,38.92,14.54,2.09,0.0,7.7047
2020-05-28,6.2282,36.75,26.53,4.83,0.02,7.3188
2020-05-29,5.8711,34.91,32.66,4.37,3.28,6.7596
2020-05-30,6.323,31.65,43.82,2.81,8.01,6.7726
2020-05-31,5.2262,29.66,55.57,1.3,19.66,6.953
2020-06-01,6.9643,31.02,50.07,1.83,1.36,7.2722
2020-06-02,6.7135,31.92,45.23,1.4,2.3,7.2578
2020-06-03,6.8263,33.32,40.7,1.25,0.12,7.4918
2020-06-04,3.4286,31.8,47.52,2.31,3.03,6.1519
2020-06-05,5.9009,31.1,48.71,1.92,0.57,6.792
2020-06-06,6.5506,31.45,46.92,1.7,0.62,7.0397
2020-06-07,6.1474,32.46,47.06,1.44,7.69,7.4618
2020-06-08,7.1201,33.31,42.82,1.54,0.08,7.4018
2020-06-09,7.0373,35.16,38.61,1.66,0.02,7.2655
2020-06-10,6.5405,36.36,36.95,1.51,0.02,6.9862
2020-06-11,6.5813,36.53,37.36,1.31,0.09,6.8268
2020-06-12,6.0494,37.27,35.85,1.16,0.0,6.491
2020-06-13,4.121,36.62,35.26,1.68,0.1,6.3442
2020-06-14,5.9148,36.06,37.18,1.47,0.51,6.5429
2020-06-15,6.7939,36.41,33.6,1.26,0.06,7.1628
2020-06-16,6.7774,36.84,24.35,1.34,0.08,7.4088
2020-06-17,7.0289,36.2,28.93,1.76,0.03,7.2336
2020-06-18,7.0087,36.92,31.28,2.11,0.36,7.2036
2020-06-19,6.1882,37.8,31.93,2.07,0.0,6.6742
2020-06-20,4.7575,37.92,34.46,2.19,2.87,6.9511
2020-06-21,6.5707,35.59,42.69,1.74,0.05,7.523
2020-06-22,6.6761,34.3,47.89,1.48,8.06,7.3925
2020-06-23,6.4502,34.31,49.71,3.53,1.16,7.3224
2020-06-24,4.1851,33.17,58.96,2.51,1.86,6.8568
2020-06-25,5.5042,34.7,54.81,1.53,3.93,6.691
2020-06-26,5.1089,34.31,54.76,1.89,0.22,6.3874
2020-06-27,5.8546,37.26,39.75,3.57,0.56,6.8527
2020-06-28,6.3026,37.44,38.99,3.68,0.2,6.7526
2020-06-29,5.8298,37.66,36.9,2.74,0.43,6.497
2020-06-30,5.6971,35.02,49.62,2.51,2.14,6.8849
2020-07-01,4.9416,36.08,44.8,1.54,0.26,6.4027
2020-07-02,5.5313,36.19,45.85,2.24,3.82,5.9242
2020-07-03,5.521,36.94,45.15,2.14,3.85,6.3283
2020-07-04,5.4691,37.1,44.15,2.71,2.27,5.8956
2020-07-05,5.3777,31.4,69.04,1.83,21.62,6.3182
2020-07-06,4.9409,33.47,53.64,1.53,0.18,6.0629
2020-07-07,4.4508,29.93,69.84,4.22,10.88,6.2856
2020-07-08,4.3927,31.14,67.13,2.55,3.29,6.7555
2020-07-09,5.9376,33.49,59.02,1.96,1.58,6.9538
2020-07-10,5.6885,35.76,48.42,3.73,1.88,6.1819
2020-07-11,5.4482,34.82,52.15,2.64,3.9,6.8443
2020-07-12,5.4482,33.47,57.19,1.3,3.88,7.187
2020-07-13,6.7884,34.0,54.58,2.33,0.0,6.9631
2020-07-14,6.1937,35.47,45.06,1.48,0.0,6.7219
2020-07-15,5.0479,34.56,49.81,2.68,0.12,6.12
2020-07-16,5.0532,33.74,54.73,3.21,0.75,6.7997
2020-07-17,4.7172,32.7,64.36,2.53,14.68,6.5006
2020-07-18,3.9355,33.22,64.27,1.23,16.49,6.5038
2020-07-19,3.8712,32.57,70.35,2.16,15.68,6.7762
2020-07-20,4.0524,33.67,61.08,2.56,12.68,6.5302
2020-07-21,3.9266,31.48,72.15,1.53,13.9,6.5609
2020-07-22,3.3202,28.55,82.11,1.3,28.18,7.0982
2020-07-23,6.6022,30.15,69.45,1.84,0.34,7.0075
2020-07-24,5.7374,30.61,66.57,2.23,0.86,6.5849
2020-07-25,4.8701,30.51,69.98,2.23,3.09,6.4517
2020-07-26,6.2767,30.7,70.96,1.23,6.41,6.8066
2020-07-27,6.1399,32.87,59.49,1.89,0.64,6.6302
2020-07-28,5.9549,33.66,61.7,1.92,9.68,6.7368
2020-07-29,4.447,32.25,67.28,2.29,11.15,6.1925
2020-07-30,4.0668,29.33,80.17,1.25,14.06,6.455
2020-07-31,4.7023,30.84,74.8,1.31,6.4,6.5201
2020-08-01,4.7681,31.59,70.23,1.44,3.73,6.6934
2020-08-02,6.3394,31.96,66.49,1.8,0.75,6.5988
2020-08-03,5.1252,32.62,68.15,2.19,0.94,6.3082
2020-08-04,5.467,32.75,67.88,1.72,0.9,6.3074
2020-08-05,3.3394,31.51,70.77,1.85,1.44,5.7979
2020-08-06,5.9582,31.28,70.14,4.39,2.2,7.1141
2020-08-07,5.1142,31.24,71.99,3.17,1.03,6.7656
2020-08-08,6.1644,32.28,68.19,0.84,5.28,6.8268
2020-08-09,3.9283,32.29,68.06,0.66,4.54,6.2743
2020-08-10,4.109,30.59,78.02,1.92,5.2,6.3521
2020-08-11,3.8371,29.26,85.53,1.86,17.59,5.6813
2020-08-12,4.4273,30.92,79.06,1.91,11.17,6.1999
2020-08-13,1.2823,29.18,87.46,1.39,15.95,6.2513
2020-08-14,3.745,28.63,87.63,1.91,11.54,6.289
2020-08-15,4.8187,29.72,80.26,2.3,0.53,6.3307
2020-08-16,4.9394,30.54,78.65,1.81,0.18,6.5683
2020-08-17,4.2797,31.06,77.07,1.72,1.97,6.5342
2020-08-18,4.3651,30.52,80.73,1.33,5.55,6.781
2020-08-19,0.9038,29.98,84.86,0.98,16.01,6.3398
2020-08-20,2.3412,27.99,90.13,1.93,25.43,6.4867
2020-08-21,5.7394,28.19,81.39,2.71,0.16,6.7548
2020-08-22,5.3621,28.34,81.03,2.9,0.17,6.4404
2020-08-23,4.7582,28.36,82.92,3.27,1.39,6.5602
2020-08-24,4.8187,28.8,80.1,3.07,0.21,6.6038
2020-08-25,4.4242,29.16,79.91,2.41,0.04,6.4183
2020-08-26,5.6599,29.85,76.93,1.92,0.1,6.6902
2020-08-27,5.0498,29.39,81.61,1.44,7.29,6.3403
2020-08-28,3.2227,29.63,79.08,0.98,18.28,6.3811
2020-08-29,5.0038,29.0,80.06,1.56,5.97,6.1325
2020-08-30,3.4502,28.07,81.54,4.88,0.37,6.0619
2020-08-31,5.1694,28.69,76.99,2.79,0.06,6.5765
2020-09-01,5.7466,29.55,75.65,1.5,0.0,6.5472
2020-09-02,4.9354,28.85,78.06,0.94,0.0,6.1668
2020-09-03,4.8331,29.11,78.3,2.25,0.01,5.8757
2020-09-04,4.6656,29.77,76.28,1.69,0.29,5.9292
2020-09-05,5.3546,29.96,74.73,1.16,2.46,5.9779
2020-09-06,5.4526,29.44,74.8,1.04,0.76,6.2849
2020-09-07,4.8019,29.98,72.21,1.03,7.42,6.2251
2020-09-08,5.5102,29.8,70.64,1.66,0.75,5.9599
2020-09-09,5.7619,30.15,66.45,1.65,0.0,6.0662
2020-09-10,5.9808,30.66,65.53,1.95,0.0,6.0739
2020-09-11,5.8896,31.0,62.95,1.46,0.0,6.0125
2020-09-12,5.6153,30.31,62.61,1.47,0.0,5.7166
2020-09-13,5.0707,30.83,58.41,1.26,0.02,5.7461
2020-09-14,4.5012,30.43,55.98,1.38,0.11,5.1974
2020-09-15,4.9951,30.64,54.07,1.36,0.0,5.2121
2020-09-16,5.3746,31.47,57.27,1.5,0.0,5.5229
2020-09-17,5.7883,31.74,57.11,2.44,0.0,5.8313
2020-09-18,5.6707,31.88,53.55,2.41,0.0,5.7557
2020-09-19,5.2157,31.84,51.78,1.5,0.0,5.4864
2020-09-20,5.3467,30.74,55.09,1.86,0.0,5.5073
2020-09-21,5.1067,31.06,51.79,1.77,0.0,5.5646
2020-09-22,5.2015,31.44,60.02,1.47,1.87,5.6448
2020-09-23,4.9039,30.75,64.69,1.79,0.62,5.6587
2020-09-24,4.9704,31.27,57.44,1.67,0.02,5.3782
2020-09-25,5.6558,30.79,45.9,2.08,0.06,5.6962
2020-09-26,4.3471,29.91,46.85,1.48,0.0,5.6446
2020-09-27,5.507,29.53,46.65,1.29,0.0,5.5502
2020-09-28,5.7046,29.76,43.04,1.82,0.0,5.7067
2020-09-29,5.5841,28.48,45.66,2.3,0.0,5.6297
2020-09-30,5.7406,28.03,46.09,2.44,0.0,5.7473
2020-10-01,5.6813,28.45,41.74,2.22,0.0,5.688
2020-10-02,5.7792,28.83,38.92,1.59,0.0,5.8066
2020-10-03,5.6779,28.11,36.83,1.75,0.0,5.6801
2020-10-04,5.712,27.33,36.03,1.67,0.0,5.7149
2020-10-05,5.8294,27.6,36.51,2.04,0.0,5.8356
2020-10-06,5.7533,27.62,34.67,1.99,0.0,5.7854
2020-10-07,5.6719,27.71,34.79,1.6,0.0,5.6887
2020-10-08,5.4715,27.6,34.8,1.71,0.0,5.4955
2020-10-09,5.2452,27.6,36.76,1.21,0.0,5.2757
2020-10-10,5.1326,27.68,39.89,1.81,0.0,5.1394
2020-10-11,4.9531,27.51,39.49,1.72,0.0,5.2037
2020-10-12,4.9282,27.78,36.59,1.15,0.0,4.95
2020-10-13,4.0176,28.36,38.25,1.05,0.0,4.2941
2020-10-14,3.955,28.21,41.65,1.07,0.0,4.0776
2020-10-15,4.2362,28.03,36.95,1.51,0.0,4.3351
2020-10-16,4.4981,26.93,33.16,1.66,0.0,4.5202
2020-10-17,4.3646,27.0,31.91,1.54,0.0,4.3656
2020-10-18,4.1983,25.98,31.77,2.23,0.0,4.2641
2020-10-19,4.6543,24.85,31.35,2.24,0.0,4.681
2020-10-20,5.1439,24.93,27.29,2.08,0.0,5.167
2020-10-21,4.7282,26.22,23.42,1.56,0.0,4.7299
2020-10-22,3.8777,26.75,31.78,1.1,0.0,4.2866
2020-10-23,4.3104,25.81,32.75,1.73,0.0,4.3519
2020-10-24,4.2794,24.87,27.27,1.74,0.0,4.2862
2020-10-25,4.0834,24.74,24.73,1.41,0.0,4.1911
2020-10-26,4.0375,24.34,26.47,1.67,0.0,4.1647
2020-10-27,3.9293,23.01,30.0,2.01,0.0,4.0375
2020-10-28,3.8753,22.76,24.15,1.25,0.0,4.0577
2020-10-29,3.6312,22.45,25.93,1.11,0.0,3.7234
2020-10-30,4.074,22.44,28.33,1.85,0.0,4.079
2020-10-31,3.9768,22.07,29.39,2.64,0.0,3.9794
2020-11-01,4.1167,21.21,23.45,2.33,0.0,4.1969
2020-11-02,4.3226,21.0,25.39,2.17,0.0,4.3788
2020-11-03,4.3699,21.61,23.74,1.58,0.0,4.5206
2020-11-04,3.6636,21.75,25.87,1.85,0.0,3.9854
2020-11-05,3.2458,21.59,24.58,1.77,0.0,3.4025
2020-11-06,3.3305,21.81,24.8,1.8,0.0,3.4006
2020-11-07,3.3914,21.54,28.4,1.87,0.0,3.4231
2020-11-08,2.7792,21.23,29.6,1.45,0.0,3.1003
2020-11-09,3.3701,20.07,33.23,1.54,0.0,3.4886
2020-11-10,3.3802,22.31,28.72,1.16,0.0,3.6535
2020-11-11,3.528,22.28,32.78,1.29,0.0,3.5299
2020-11-12,3.5911,21.43,38.93,1.09,0.0,3.6182
2020-11-13,3.5405,21.1,36.59,1.42,0.0,3.5412
2020-11-14,2.9861,21.77,31.49,1.09,0.0,3.2765
2020-11-15,3.001,22.47,41.19,1.91,1.91,3.0446
2020-11-16,2.6801,20.41,65.18,1.84,3.15,3.2249
2020-11-17,3.2731,19.19,56.22,2.05,0.0,3.3434
2020-11-18,3.3065,18.37,45.1,1.53,0.0,3.3086
2020-11-19,2.958,17.67,36.83,1.83,0.0,2.9654
2020-11-20,3.5866,17.24,35.19,2.89,0.0,3.5885
2020-11-21,4.074,16.38,37.13,3.4,0.0,4.0843
2020-11-22,3.7637,16.2,28.39,2.22,0.0,3.9521
2020-11-23,3.1632,17.85,22.88,1.18,0.0,3.4896
2020-11-24,2.7173,18.08,23.67,0.95,0.0,3.3521
2020-11-25,1.8406,18.4,27.09,1.01,0.0,3.1282
2020-11-26,2.7862,17.42,50.54,2.59,0.21,3.181
2020-11-27,4.1011,17.63,44.13,2.86,0.0,4.1042
2020-11-28,4.0675,16.58,41.63,2.52,0.0,4.0958
2020-11-29,3.9538,16.21,34.17,1.66,0.0,3.9658
2020-11-30,3.7507,17.0,33.06,1.56,0.0,3.7822
2020-12-01,3.5611,17.02,39.08,1.56,0.0,3.5774
2020-12-02,3.654,17.78,43.13,2.3,0.0,3.6602
2020-12-03,3.2597,18.09,45.52,1.4,0.0,3.4488
2020-12-04,3.421,19.71,34.27,1.01,0.0,3.4526
2020-12-05,3.4735,19.62,30.46,1.44,0.0,3.8062
2020-12-06,3.4442,19.44,35.32,1.36,0.0,3.4632
2020-12-07,2.8176,18.91,38.12,2.16,0.0,2.9719
2020-12-08,3.137,19.19,38.14,1.34,0.0,3.2004
2020-12-09,3.4512,20.08,37.86,1.67,0.0,3.5172
2020-12-10,3.3557,20.18,44.8,1.49,0.0,3.4394
2020-12-11,2.0417,20.66,45.22,1.17,0.0,3.1402
2020-12-12,1.8698,19.26,59.32,1.54,1.84,2.7331
2020-12-13,2.8721,15.34,51.71,2.89,0.05,3.2299
2020-12-14,3.241,13.06,46.52,2.24,0.0,3.4265
2020-12-15,2.9774,12.32,45.29,2.08,0.0,3.1879
2020-12-16,3.1224,12.74,39.86,3.04,0.0,3.2827
2020-12-17,3.4994,10.2,36.6,3.02,0.0,3.6331
2020-12-18,3.8438,11.3,33.4,3.14,0.0,3.8453
2020-12-19,3.8594,12.7,29.62,2.84,0.0,3.8659
2020-12-20,3.4942,13.5,28.49,2.55,0.0,3.6713
2020-12-21,3.1951,13.65,38.52,2.19,0.0,3.565
2020-12-22,3.2597,15.28,34.77,1.6,0.0,3.4214
2020-12-23,3.0391,14.76,36.77,1.62,0.0,3.1399
2020-12-24,3.0878,14.06,40.37,1.81,0.0,3.1025
2020-12-25,3.318,13.2,40.0,2.2,0.0,3.3334
2020-12-26,3.1327,13.95,38.05,2.0,0.0,3.2345
2020-12-27,2.9203,15.72,34.17,1.56,0.0,2.9822
2020-12-28,3.4306,11.85,34.04,2.6,0.0,3.4546
2020-12-29,3.4973,11.2,40.33,2.67,0.0,3.4978
2020-12-30,2.7506,10.19,48.21,2.26,0.0,3.4291
2020-12-31,2.4845,10.78,39.56,1.86,0.0,3.2633
2021-01-01,1.9769,13.36,31.89,0.88,0.0,2.6568
2021-01-02,1.165,13.5,53.98,1.49,7.36,1.9721
2021-01-03,0.8064,15.79,87.44,2.64,18.79,2.1209
2021-01-04,2.2315,17.43,76.5,1.79,0.12,2.7098
2021-01-05,1.7654,17.53,73.36,2.12,2.98,2.6016
2021-01-06,1.4309,16.49,74.58,0.93,8.24,2.4046
2021-01-07,1.6466,14.49,76.34,1.56,0.32,2.6167
2021-01-08,1.3214,15.48,71.88,1.01,0.44,2.382
2021-01-09,1.985,15.88,64.41,1.88,0.91,2.5157
2021-01-10,3.083,12.98,58.13,2.81,0.0,3.1934
2021-01-11,3.0634,11.0,53.02,2.86,0.0,3.5621
2021-01-12,3.2993,11.24,48.85,2.55,0.0,3.851
2021-01-13,3.0108,10.09,46.81,2.16,0.0,3.8784
2021-01-14,2.8171,12.06,39.14,1.13,0.0,3.69
2021-01-15,3.0425,12.65,37.15,1.07,0.0,3.5573
2021-01-16,2.5387,10.91,45.45,1.72,0.0,3.6029
2021-01-17,1.7292,10.94,48.03,1.57,0.0,3.179
2021-01-18,1.6056,13.73,40.97,1.65,0.0,2.3923
2021-01-19,2.6297,14.92,49.95,1.95,0.0,2.761
2021-01-20,3.5383,13.54,50.16,3.26,0.0,4.0102
2021-01-21,4.2403,13.09,51.09,2.94,0.0,4.2919
2021-01-22,2.6635,13.32,41.61,1.26,0.0,4.0656
2021-01-23,3.0374,14.04,40.74,2.04,0.0,3.6264
2021-01-24,1.8019,12.08,55.76,1.8,0.0,3.3614
2021-01-25,2.2442,10.83,50.87,1.45,0.0,2.9998
2021-01-26,3.3574,11.92,49.09,1.6,0.0,3.648
2021-01-27,3.9386,12.1,44.89,1.8,0.0,4.1638
2021-01-28,2.9119,11.34,40.75,1.37,0.0,3.8146
2021-01-29,3.8618,11.3,41.0,2.34,0.0,4.261
2021-01-30,4.4131,12.1,40.98,2.37,0.0,4.5696
2021-01-31,4.5722,14.11,34.11,1.38,0.0,4.6039
2021-02-01,4.4218,15.93,32.33,1.55,0.0,4.457
2021-02-02,4.4345,16.45,34.59,1.21,0.0,4.4914
2021-02-03,4.008,16.25,39.76,1.83,0.05,4.4366
2021-02-04,2.7024,16.17,55.01,2.09,3.03,3.8297
2021-02-05,4.0682,14.6,64.45,1.49,0.09,4.1597
2021-02-06,4.801,14.29,50.01,2.24,0.0,4.8062
2021-02-07,4.825,14.51,48.46,2.36,0.0,4.8612
2021-02-08,4.4818,15.13,47.19,1.74,0.0,4.5406
2021-02-09,4.2881,17.63,42.11,1.66,0.0,4.7194
2021-02-10,4.6548,19.2,37.49,1.08,0.0,4.6786
2021-02-11,4.3855,17.5,42.78,1.33,0.0,4.4942
2021-02-12,3.4613,17.82,44.74,1.35,0.0,4.1578
2021-02-13,3.2974,18.3,36.03,1.26,0.0,4.3094
2021-02-14,4.3094,19.38,32.4,1.23,0.0,4.537
2021-02-15,4.3673,20.37,31.05,0.75,0.0,4.4616
2021-02-16,4.3126,19.49,37.21,1.04,0.0,4.375
2021-02-17,4.451,18.61,40.96,1.3,0.0,4.6692
2021-02-18,4.4719,19.21,33.83,1.14,0.0,4.6186
2021-02-19,4.5314,18.24,37.18,1.47,0.0,4.6807
2021-02-20,4.391,17.76,37.4,1.66,0.0,4.8542
2021-02-21,4.8665,18.11,37.8,2.0,0.0,5.0028
2021-02-22,4.9169,20.06,33.36,1.94,0.0,5.0494
2021-02-23,5.2966,21.89,29.39,1.45,0.0,5.3143
2021-02-24,5.3294,23.44,26.88,1.44,0.0,5.3347
2021-02-25,5.3506,23.01,29.05,1.9,0.0,5.3599
2021-02-26,5.5226,24.48,31.53,2.45,0.0,5.5248
2021-02-27,5.2366,23.97,36.86,2.07,0.38,5.261
2021-02-28,5.3854,22.85,30.13,1.91,0.0,5.489
2021-03-01,5.7197,21.17,22.95,2.97,0.0,5.7216
2021-03-02,6.0156,20.75,23.79,3.38,0.0,6.1236
2021-03-03,5.9378,22.65,20.64,2.47,0.0,5.969
2021-03-04,5.886,24.49,19.09,1.37,0.0,5.891
2021-03-05,5.6868,23.61,20.91,3.0,0.0,5.773
2021-03-06,6.0338,24.74,18.83,2.88,0.0,6.0451
2021-03-07,5.7029,25.6,18.83,1.58,0.0,5.7096
2021-03-08,4.8449,25.16,24.21,1.94,0.03,5.1228
2021-03-09,5.1206,26.6,24.96,1.15,0.0,5.4062
2021-03-10,5.346,26.22,30.75,1.37,0.2,5.4773
2021-03-11,5.5066,26.39,23.64,0.96,0.0,5.599
2021-03-12,2.8644,23.03,42.65,2.31,1.73,5.2166
2021-03-13,5.4454,24.08,52.5,1.49,0.03,5.7499
2021-03-14,5.9213,25.45,29.45,2.2,0.0,5.9386
2021-03-15,5.135,24.98,27.41,1.91,0.0,5.713
2021-03-16,4.812,25.4,28.67,2.37,0.0,5.1727
2021-03-17,5.1665,26.69,28.75,1.82,0.0,5.3078
2021-03-18,4.6793,27.63,26.82,1.39,0.0,5.3323
2021-03-19,4.979,27.88,28.85,2.01,0.0,5.2627
2021-03-20,6.145,26.75,25.74,2.44,0.0,6.2513
2021-03-21,6.1157,27.72,24.73,1.28,0.0,6.246
2021-03-22,4.705,26.91,25.02,2.09,0.0,5.8013
2021-03-23,4.0514,28.01,26.88,1.51,0.04,5.6676
2021-03-24,5.7499,26.39,26.77,1.93,0.05,5.9249
2021-03-25,5.7482,24.86,27.82,3.54,0.0,6.4966
2021-03-26,6.4428,24.78,29.2,2.58,0.0,6.559
2021-03-27,6.3696,27.17,25.45,1.7,0.0,6.4834
2021-03-28,6.1502,29.12,21.9,1.22,0.0,6.2724
2021-03-29,6.3055,30.32,18.78,1.89,0.0,6.774
2021-03-30,6.2136,30.65,16.8,3.84,0.0,6.4394
2021-03-31,7.4297,28.56,11.49,4.56,0.0,7.4484
2021-04-01,7.6121,26.44,7.3,4.19,0.0,7.62
2021-04-02,7.447,25.93,9.19,2.3,0.0,7.4558
2021-04-03,7.5293,25.93,6.84,1.89,0.0,7.5324
2021-04-04,7.2586,27.35,8.62,2.19,0.0,7.2785
2021-04-05,5.9791,29.26,12.56,1.44,0.0,6.6876
2021-04-06,5.9369,30.92,12.74,1.36,0.0,6.3506
2021-04-07,6.0574,29.93,23.43,2.94,0.0,6.4121
2021-04-08,6.667,27.87,14.89,2.33,0.0,6.8784
2021-04-09,7.3562,27.93,13.37,2.38,0.0,7.4234
2021-04-10,7.2326,28.89,14.92,2.22,0.0,7.3054
2021-04-11,7.3946,29.72,15.57,2.29,0.0,7.4503
2021-04-12,6.7354,31.11,16.37,2.09,0.0,6.9422
2021-04-13,7.0222,32.01,18.03,2.68,0.0,7.1479
2021-04-14,6.582,32.49,19.51,2.56,0.0,6.8398
2021-04-15,6.6194,32.77,17.12,1.93,0.0,6.888
2021-04-16,5.5265,32.81,19.77,1.86,0.85,6.731
2021-04-17,6.6557,29.53,31.78,2.97,0.98,7.0884
2021-04-18,7.0901,29.58,27.62,2.06,0.0,7.1779
2021-04-19,6.7562,31.24,20.84,2.06,0.02,7.1011
2021-04-20,4.2876,28.68,23.21,2.3,0.08,6.4709
2021-04-21,6.6989,27.44,32.17,2.44,1.02,6.9485
2021-04-22,7.2142,27.33,32.2,1.22,0.04,7.381
2021-04-23,5.9213,29.35,24.16,2.98,0.23,7.0603
2021-04-24,7.6195,27.47,28.25,3.34,0.01,7.7117
2021-04-25,7.8547,28.9,17.59,2.92,0.0,7.9349
2021-04-26,7.931,31.06,13.63,2.31,0.0,7.9342
2021-04-27,7.1978,33.37,13.85,2.01,0.0,7.4314
2021-04-28,6.7193,33.97,13.15,2.03,0.0,7.2168
2021-04-29,6.0715,34.67,17.88,1.98,0.0,6.3482
2021-04-30,6.239,34.66,17.1,1.11,0.36,6.5038
2021-05-01,6.2621,33.73,19.57,1.31,0.98,6.6833
2021-05-02,5.3491,33.6,21.42,1.55,0.04,6.3586
2021-05-03,6.2162,33.92,23.81,1.76,0.0,6.613
2021-05-04,6.1922,34.77,20.39,1.11,0.0,7.4218
2021-05-05,6.5256,33.54,20.14,1.31,0.0,7.17
2021-05-06,5.2032,33.0,29.94,1.94,5.43,6.5978
2021-05-07,6.4824,31.59,35.56,1.17,0.66,6.8297
2021-05-08,6.4572,32.11,29.22,1.23,0.0,6.8266
2021-05-09,5.7713,33.1,26.83,1.59,0.13,6.7706
2021-05-10,5.2308,34.56,24.96,1.26,1.28,7.1124
2021-05-11,6.6554,33.78,25.38,1.96,0.01,7.2986
2021-05-12,6.5203,34.07,24.67,1.62,0.46,7.0934
2021-05-13,5.6662,30.93,36.53,1.3,1.97,7.0181
2021-05-14,6.8278,31.86,32.87,1.06,0.0,7.0824
2021-05-15,5.0302,33.51,26.98,0.89,0.0,7.1959
2021-05-16,7.2746,34.12,21.22,1.55,0.02,7.405
2021-05-17,3.4001,33.43,22.31,2.63,0.0,7.1388
2021-05-18,1.896,30.03,38.56,3.8,2.15,6.6667
2021-05-19,1.387,25.52,67.6,4.11,50.91,7.1333
2021-05-20,5.1079,24.92,74.53,4.88,36.98,6.9418
2021-05-21,4.9999,28.26,57.33,1.09,6.72,7.1635
2021-05-22,7.3087,29.68,52.14,1.85,1.81,7.5175
2021-05-23,6.3257,28.72,45.34,1.91,0.0,7.1597
2021-05-24,7.2336,29.25,38.26,3.9,0.0,7.6157
2021-05-25,8.07,31.03,36.13,3.85,0.0,8.0837
2021-05-26,7.6666,32.27,34.92,2.41,0.0,7.6889
2021-05-27,7.4834,33.18,29.87,1.6,0.0,7.5031
2021-05-28,7.5094,31.76,36.89,2.03,0.0,7.5346
2021-05-29,7.2614,31.87,52.33,3.65,0.66,7.3716
2021-05-30,6.7915,32.06,53.2,2.32,0.47,6.9809
2021-05-31,6.5491,34.94,39.83,1.16,0.0,7.1191
2021-06-01,5.2406,31.43,45.88,1.4,18.58,7.2854
2021-06-02,6.0497,31.86,40.34,1.04,0.02,6.8916
2021-06-03,6.8918,32.34,41.23,1.17,0.0,7.1129
2021-06-04,6.1536,33.99,41.36,1.26,0.9,7.0075
2021-06-05,6.8707,34.33,42.31,1.68,0.93,7.2168
2021-06-06,7.2065,33.74,44.34,1.71,0.01,7.3322
2021-06-07,6.8875,34.94,41.06,2.42,0.0,7.1467
2021-06-08,6.7313,35.98,37.89,3.96,0.0,7.1834
2021-06-09,6.3672,36.69,38.4,3.01,0.0,6.5954
2021-06-10,6.0636,33.62,51.79,2.86,4.57,6.7385
2021-06-11,6.3506,32.49,56.1,2.34,3.71,6.6828
2021-06-12,6.2705,32.62,58.37,2.58,12.24,6.847
2021-06-13,5.6371,31.91,60.6,2.19,0.83,6.756
2021-06-14,6.7447,33.48,43.91,1.2,0.06,7.1294
2021-06-15,5.9904,32.99,49.43,2.09,0.49,6.5791
2021-06-16,5.2673,31.76,52.88,0.83,4.39,6.5326
2021-06-17,5.3074,31.67,56.66,1.15,23.96,6.8426
2021-06-18,5.7667,31.22,57.42,1.52,5.99,6.5208
2021-06-19,5.2812,29.99,61.65,1.61,6.88,6.5102
2021-06-20,4.8766,30.68,62.29,1.5,2.07,6.5815
2021-06-21,6.3187,33.08,47.51,1.72,0.21,6.8556
2021-06-22,6.5837,33.93,42.91,1.97,0.0,6.7822
2021-06-23,6.565,34.29,41.47,0.97,0.0,6.7742
2021-06-24,5.561,33.64,45.37,1.5,0.0,6.4442
2021-06-25,6.6017,33.49,44.71,1.72,3.27,6.7958
2021-06-26,6.151,32.38,43.08,1.22,1.01,6.8647
2021-06-27,6.0974,33.59,44.51,1.38,0.04,6.5647
2021-06-28,6.3074,34.49,44.13,1.11,0.0,6.5885
2021-06-29,7.0927,35.78,34.83,2.53,0.0,7.2362
2021-06-30,6.882,36.64,33.63,3.88,0.0,7.2132
2021-07-01,6.7162,37.37,35.46,2.62,0.01,7.0457
2021-07-02,5.9182,36.9,38.87,1.8,2.53,6.5393
2021-07-03,4.9942,34.4,50.2,2.3,3.75,6.6991
2021-07-04,6.7229,34.5,43.51,1.39,0.03,6.8338
2021-07-05,6.3298,35.16,39.67,1.44,0.0,6.8234
2021-07-06,6.739,36.01,40.39,2.43,0.0,6.9492
2021-07-07,6.8345,36.92,38.41,2.59,0.0,7.1035
2021-07-08,6.4351,37.66,36.94,1.78,0.25,6.9226
2021-07-09,5.503,35.05,49.78,1.54,5.82,6.355
2021-07-10,6.3782,34.78,46.81,2.5,0.07,6.5736
2021-07-11,5.0854,33.34,56.85,3.7,0.3,6.1325
2021-07-12,4.1719,31.78,62.1,3.72,3.36,5.9494
2021-07-13,2.55,29.95,72.68,2.93,8.73,6.0007
2021-07-14,2.2481,29.65,75.3,2.57,22.7,6.3833
2021-07-15,5.6465,32.16,61.98,3.05,5.89,6.4716
2021-07-16,6.3115,33.89,55.93,2.19,1.83,6.4894
2021-07-17,5.5466,34.26,56.4,1.44,1.04,6.3811
2021-07-18,2.9342,31.52,72.71,1.96,22.08,5.7754
2021-07-19,0.7673,28.47,90.13,2.52,61.74,5.7322
2021-07-20,3.6233,28.28,87.79,0.92,37.5,6.0055
2021-07-21,5.0309,28.52,86.74,1.07,12.76,5.9652
2021-07-22,4.0392,29.67,81.28,1.74,11.56,6.1198
2021-07-23,4.8326,29.43,85.05,1.59,5.06,6.5995
2021-07-24,5.3933,30.56,78.82,0.97,0.13,7.0123
2021-07-25,6.0559,31.31,77.0,1.14,0.01,6.8962
2021-07-26,2.6599,29.14,82.74,1.11,10.59,6.5832
2021-07-27,2.4566,29.39,84.81,1.61,28.82,6.2916
2021-07-28,0.9115,28.03,88.46,1.03,38.87,6.5825
2021-07-29,3.893,28.19,87.39,0.81,9.96,6.3509
2021-07-30,3.3312,28.48,87.25,1.65,28.45,6.5671
2021-07-31,5.2006,28.85,84.79,2.23,10.88,7.1782
2021-08-01,3.1598,30.24,76.21,0.6,11.06,6.7774
2021-08-02,3.6878,29.21,84.09,1.39,2.12,6.6206
2021-08-03,4.4926,28.9,84.96,2.36,1.36,6.5328
2021-08-04,5.304,28.51,85.0,2.3,0.03,6.8383
2021-08-05,5.1137,28.87,84.04,1.44,0.08,6.4411
2021-08-06,4.8182,29.1,76.63,0.75,0.05,6.378
2021-08-07,3.2314,27.05,87.48,1.12,12.61,5.82
2021-08-08,2.6566,29.42,80.03,0.58,2.89,5.3954
2021-08-09,3.229,28.86,83.08,0.92,10.72,5.8013
2021-08-10,5.9863,29.63,81.29,1.57,0.75,6.2412
2021-08-11,6.3874,29.0,76.98,2.46,0.01,6.8633
2021-08-12,6.241,29.01,78.56,1.83,0.07,6.4766
2021-08-13,5.664,29.54,79.19,1.82,1.67,6.3869
2021-08-14,6.4618,29.78,80.39,2.23,0.22,6.6062
2021-08-15,6.4138,29.76,76.03,1.96,0.03,6.5681
2021-08-16,6.3168,29.91,73.45,1.34,0.15,6.6185
2021-08-17,6.2609,30.26,70.01,1.34,0.0,6.4786
2021-08-18,5.8279,29.63,72.37,1.26,0.0,6.2342
2021-08-19,4.332,29.68,78.25,1.46,1.62,5.5932
2021-08-20,1.8742,26.92,90.53,2.68,44.83,5.5831
2021-08-21,3.269,27.49,90.34,2.48,20.03,5.7163
2021-08-22,4.1743,28.43,85.24,2.04,0.63,5.879
2021-08-23,4.7789,29.08,82.74,0.79,0.51,6.0214
2021-08-24,3.7514,28.67,82.74,1.01,1.61,6.4358
2021-08-25,6.139,28.49,80.95,2.31,2.74,6.4289
2021-08-26,5.4619,28.58,80.38,2.32,0.05,6.3187
2021-08-27,5.8054,29.69,74.34,1.3,6.35,6.2201
2021-08-28,4.2689,29.18,78.76,0.85,8.61,5.7722
2021-08-29,3.8659,28.81,82.71,1.14,1.28,5.4286
2021-08-30,4.6694,27.74,85.41,1.77,1.01,5.6321
2021-08-31,1.5434,26.81,87.03,1.92,8.76,6.4414
2021-09-01,0.96,26.64,88.3,2.04,36.07,6.1054
2021-09-02,4.8943,26.57,89.38,1.51,17.27,6.1217
2021-09-03,5.2567,27.1,89.41,1.94,16.8,6.2784
2021-09-04,3.859,27.71,87.15,1.46,11.04,6.2563
2021-09-05,5.3203,28.59,83.91,0.74,3.8,6.2203
2021-09-06,4.9874,28.94,84.59,1.24,4.12,5.7502
2021-09-07,3.6209,28.53,87.35,2.23,2.55,5.8606
2021-09-08,4.8336,27.75,86.82,3.37,0.16,6.2755
2021-09-09,4.0274,27.6,87.05,2.14,3.58,5.719
2021-09-10,4.1023,27.11,88.74,2.75,17.09,5.8958
2021-09-11,1.0231,26.53,92.99,2.87,15.42,5.761
2021-09-12,4.7376,26.6,88.72,1.79,9.76,6.199
2021-09-13,2.9952,27.52,82.46,1.45,6.13,6.1534
2021-09-14,4.9942,27.67,79.73,1.72,0.8,6.3629
2021-09-15,4.951,27.14,83.6,2.24,0.89,6.2645
2021-09-16,2.4425,26.47,86.03,2.2,10.07,6.3288
2021-09-17,3.2743,25.95,86.37,2.56,1.2,6.0314
2021-09-18,4.5883,26.86,87.1,2.46,0.01,6.0312
2021-09-19,5.5459,27.72,86.11,1.9,0.02,5.9681
2021-09-20,5.3827,28.15,85.83,1.71,0.0,5.8493
2021-09-21,4.272,28.05,85.98,1.76,12.91,5.5968
2021-09-22,2.9194,26.61,91.73,1.62,7.11,5.461
2021-09-23,4.493,25.67,88.73,1.72,9.8,5.7305
2021-09-24,4.0769,26.58,83.82,1.57,4.9,5.6501
2021-09-25,4.0886,27.39,84.86,1.28,2.47,5.082
2021-09-26,3.9881,26.99,86.6,1.62,0.38,5.2022
2021-09-27,5.0906,27.3,81.98,1.3,0.0,5.5217
2021-09-28,5.3971,27.09,84.15,2.16,0.36,5.7586
2021-09-29,5.2294,26.67,85.82,2.37,0.03,5.5879
2021-09-30,4.8931,27.37,84.59,1.78,2.54,5.5776
2021-10-01,4.7726,28.28,81.8,0.91,3.53,5.4461
2021-10-02,4.7534,28.53,80.0,0.96,0.11,4.915
2021-10-03,5.2109,28.18,80.49,1.66,0.03,5.4787
2021-10-04,5.4137,28.81,73.35,0.99,0.24,5.6222
2021-10-05,5.1113,27.6,79.91,1.42,4.77,5.4898
2021-10-06,5.0683,27.07,81.48,1.21,0.06,5.1905
2021-10-07,5.1367,25.84,78.61,1.46,0.0,5.3018
2021-10-08,5.267,25.93,70.4,1.46,0.0,5.2742
2021-10-09,5.4127,25.68,65.04,1.55,0.0,5.4221
2021-10-10,5.3088,26.63,61.95,1.15,0.0,5.3105
2021-10-11,5.1175,26.62,63.19,1.05,0.0,5.1658
2021-10-12,5.2608,25.73,66.23,1.16,0.0,5.2613
2021-10-13,5.4874,23.86,67.35,2.18,0.0,5.4888
2021-10-14,5.3184,23.17,64.66,1.93,0.0,5.3208
2021-10-15,5.1077,25.64,65.03,1.31,0.0,5.1211
2021-10-16,4.7621,26.46,60.81,1.21,0.05,4.769
2021-10-17,2.0674,25.63,74.57,1.39,15.71,4.2298
2021-10-18,1.1422,22.13,93.11,3.4,71.1,4.4995
2021-10-19,4.7378,22.85,83.32,3.03,0.01,4.7741
2021-10-20,4.5274,22.35,74.72,1.86,0.08,4.529
2021-10-21,5.2776,21.38,67.54,2.05,0.0,5.2822
2021-10-22,5.1672,22.45,69.17,1.76,0.0,5.1677
2021-10-23,4.704,22.59,80.1,1.76,0.0,4.7676
2021-10-24,3.726,22.61,78.96,1.59,19.29,4.5101
2021-10-25,4.2034,21.66,80.04,1.37,3.65,4.206
2021-10-26,4.566,20.37,72.63,1.75,0.0,4.6082
2021-10-27,4.5494,19.39,68.46,1.57,0.0,4.5504
2021-10-28,4.5324,19.81,69.23,1.3,0.0,4.5634
2021-10-29,4.3421,21.45,58.89,0.84,0.0,4.381
2021-10-30,4.3764,19.19,71.35,2.05,0.0,4.5382
2021-10-31,4.3843,20.03,64.25,1.68,0.0,4.4933
2021-11-01,4.2125,19.49,67.24,1.57,0.0,4.2605
2021-11-02,3.8618,18.56,73.43,1.86,0.0,3.8642
2021-11-03,3.697,19.36,74.27,1.31,0.0,3.9859
2021-11-04,3.3742,19.59,70.07,1.12,0.0,3.5227
2021-11-05,2.665,19.76,63.49,0.99,0.0,3.001
2021-11-06,3.1169,18.05,68.92,1.92,0.0,3.3079
2021-11-07,3.4226,19.08,68.12,1.7,0.0,3.4378
2021-11-08,3.1166,18.69,68.52,1.6,0.0,3.2628
2021-11-09,3.606,19.06,66.82,1.71,0.0,3.7538
2021-11-10,3.355,19.68,60.41,1.48,0.0,3.3977
2021-11-11,3.0948,19.85,55.51,1.08,0.0,3.3389
2021-11-12,3.0031,18.92,59.08,1.28,0.0,3.0874
2021-11-13,3.4346,17.19,63.55,1.69,0.0,3.4498
2021-11-14,3.3175,17.43,56.44,1.27,0.0,3.3593
2021-11-15,3.1488,16.82,55.82,1.28,0.0,3.1903
2021-11-16,3.5004,15.67,59.55,1.42,0.0,3.5177
2021-11-17,3.3905,16.69,54.17,0.99,0.0,3.4675
2021-11-18,3.5292,17.34,56.22,0.71,0.0,3.5621
2021-11-19,2.9954,17.47,56.13,1.22,0.0,3.5105
2021-11-20,2.7278,15.08,74.49,1.55,0.0,3.3144
2021-11-21,3.5935,16.12,67.6,2.01,0.0,3.6602
2021-11-22,4.1786,15.58,59.92,2.96,0.0,4.2125
2021-11-23,4.056,16.14,52.59,1.7,0.0,4.1246
2021-11-24,3.9295,16.08,54.77,1.3,0.0,3.9922
2021-11-25,3.6658,16.44,61.67,0.94,0.0,3.6907
2021-11-26,3.6048,17.1,56.03,0.91,0.0,3.6082
2021-11-27,3.2323,15.52,69.96,1.47,0.0,3.2352
2021-11-28,3.4046,17.1,66.21,1.04,0.0,3.4195
2021-11-29,3.2957,16.42,61.4,1.63,0.0,3.3768
2021-11-30,3.431,16.12,60.09,1.89,0.0,3.6528
2021-12-01,1.9054,14.81,66.52,0.85,0.0,3.7361
2021-12-02,1.3368,14.34,69.75,1.16,0.01,3.3876
2021-12-03,2.1581,15.72,59.67,1.03,0.62,3.5794
2021-12-04,3.6096,18.05,52.07,0.91,0.0,3.6103
2021-12-05,2.4566,17.94,61.05,1.18,0.02,3.1918
2021-12-06,2.8567,17.28,71.02,1.63,0.31,2.9923
2021-12-07,3.6835,14.76,66.55,2.12,0.0,3.6838
2021-12-08,3.7241,14.8,57.26,1.53,0.0,3.7296
2021-12-09,3.3754,15.66,52.27,0.76,0.0,3.4272
2021-12-10,3.2902,14.46,63.08,1.43,0.0,3.3742
2021-12-11,3.4891,14.47,54.96,1.42,0.0,3.6286
2021-12-12,3.2885,14.87,52.54,0.98,0.0,3.4949
2021-12-13,2.7396,11.77,68.96,1.35,0.0,3.1982
2021-12-14,2.4634,13.49,67.35,1.09,0.0,2.6052
2021-12-15,2.3827,13.2,63.63,1.5,0.0,2.4708
2021-12-16,2.028,12.44,57.88,1.63,0.0,2.2838
2021-12-17,3.1658,10.01,57.21,3.05,0.0,3.1805
2021-12-18,3.4046,8.6,50.5,3.04,0.0,3.5364
2021-12-19,3.8494,8.07,50.02,2.57,0.0,3.8738
2021-12-20,3.7243,9.78,44.72,1.77,0.0,3.7387
2021-12-21,3.5734,12.48,39.03,1.22,0.0,3.6038
2021-12-22,3.4939,13.2,43.99,1.09,0.0,3.5729
2021-12-23,2.9119,13.14,50.91,1.38,0.0,3.1954
2021-12-24,2.8555,13.41,58.81,1.29,0.0,3.0456
2021-12-25,2.8433,14.23,57.25,0.91,0.0,2.8786
2021-12-26,1.5132,13.61,65.98,1.3,0.08,2.3822
2021-12-27,2.653,14.99,69.4,1.44,1.4,2.717
2021-12-28,1.051,13.85,75.1,1.0,0.69,2.1425
2021-12-29,3.089,12.96,68.88,1.62,0.52,3.1478
2021-12-30,2.844,10.98,48.55,1.18,0.0,3.4829
2021-12-31,3.1142,10.78,52.23,1.58,0.0,3.5662
2022-01-01,3.2326,12.15,51.69,1.0,0.0,3.2582
2022-01-02,2.9018,12.78,53.86,1.25,0.0,3.0641
2022-01-03,3.1644,13.44,50.34,1.11,0.0,3.2388
2022-01-04,2.7694,15.64,48.2,0.97,0.0,3.3216
2022-01-05,0.774,13.32,68.57,1.84,8.67,2.987
2022-01-06,2.2596,13.44,86.68,2.76,0.67,2.797
2022-01-07,1.5086,14.48,88.36,2.84,2.06,2.76
2022-01-08,0.5033,15.06,91.91,3.66,27.46,3.0727
2022-01-09,1.1626,14.3,91.16,1.23,12.54,3.2419
2022-01-10,3.0182,11.13,81.0,1.69,1.22,3.51
2022-01-11,3.2234,10.31,75.84,1.53,0.09,3.5196
2022-01-12,2.713,10.62,77.28,1.34,0.01,3.1349
2022-01-13,2.1838,11.99,75.83,0.74,0.0,3.1574
2022-01-14,1.6262,11.41,78.08,0.92,0.0,3.1956
2022-01-15,0.9221,10.56,78.34,1.34,0.0,2.8231
2022-01-16,2.3479,11.15,69.72,1.24,0.0,3.6103
2022-01-17,2.1478,10.84,70.24,0.96,0.0,3.4896
2022-01-18,2.5874,10.33,76.04,1.66,0.0,3.6658
2022-01-19,2.3539,10.18,77.95,1.11,0.0,3.3571
2022-01-20,1.9894,12.47,78.1,0.85,0.79,3.3622
2022-01-21,2.3126,13.34,77.23,0.91,0.05,3.1889
2022-01-22,1.0183,10.86,89.11,4.39,10.05,3.2239
2022-01-23,1.283,11.55,87.92,1.59,11.51,2.8786
2022-01-24,2.0592,10.79,80.61,1.27,0.13,3.9034
2022-01-25,1.32,10.33,82.9,1.44,0.01,3.7171
2022-01-26,2.7115,9.84,82.38,1.75,0.01,3.7915
2022-01-27,3.9048,10.14,73.47,2.21,0.0,4.2158
2022-01-28,4.4304,10.26,63.86,2.48,0.0,4.5682
2022-01-29,4.5058,11.43,61.96,1.79,0.0,4.5079
2022-01-30,4.4705,12.49,67.69,2.46,0.0,4.5139
2022-01-31,3.2573,14.75,60.51,1.1,0.0,4.2098
2022-02-01,3.1054,14.24,62.99,1.55,0.0,4.0469
2022-02-02,3.6014,13.05,60.32,1.62,0.0,4.2091
2022-02-03,1.0606,12.45,72.66,2.99,8.65,3.7241
2022-02-04,2.2169,11.25,85.13,2.19,0.69,4.3073
2022-02-05,3.761,11.69,71.1,1.33,0.06,4.6805
2022-02-06,4.637,13.08,58.74,1.24,0.0,4.6862
2022-02-07,4.2763,14.34,60.52,1.3,0.0,4.4278
2022-02-08,3.9694,16.07,66.26,0.92,2.18,4.3543
2022-02-09,3.1094,13.75,88.45,1.28,9.85,3.9751
2022-02-10,4.5226,12.93,73.3,2.12,0.0,4.6524
2022-02-11,4.8226,12.24,63.74,2.66,0.0,4.9678
2022-02-12,5.3412,13.35,57.62,2.17,0.0,5.3431
2022-02-13,4.8737,15.41,49.79,1.17,0.0,4.9536
2022-02-14,5.0477,15.48,54.54,1.21,0.0,5.0558
2022-02-15,4.8247,16.2,57.54,1.2,0.0,4.8684
2022-02-16,4.9445,16.83,55.11,1.64,0.0,4.9478
2022-02-17,5.0587,16.25,55.68,1.54,0.0,5.0614
2022-02-18,4.8926,16.78,51.73,1.41,0.12,4.9255
2022-02-19,5.0671,16.02,55.98,2.08,0.01,5.0837
2022-02-20,5.0028,15.12,55.86,2.79,0.0,5.0995
2022-02-21,5.5546,16.25,47.17,1.72,0.0,5.5572
2022-02-22,5.207,17.03,52.83,3.71,0.0,5.2457
2022-02-23,3.9326,16.42,61.15,2.39,0.0,4.655
2022-02-24,3.8561,17.75,63.03,1.12,0.01,4.3925
2022-02-25,4.3805,18.99,55.2,1.46,2.25,4.5461
2022-02-26,4.0313,16.99,64.97,3.52,4.02,4.7542
2022-02-27,4.9812,17.2,63.0,2.02,0.01,5.0213
2022-02-28,5.6246,16.21,57.24,2.05,0.0,5.7648
2022-03-01,5.3774,17.66,47.73,1.44,0.0,5.3904
2022-03-02,5.4463,18.97,48.71,1.47,0.0,5.472
2022-03-03,5.089,20.16,48.23,1.2,0.0,5.3393
2022-03-04,5.2174,19.12,58.76,1.95,0.0,5.2742
2022-03-05,5.8411,18.31,57.04,2.25,0.0,5.892
2022-03-06,4.631,19.58,48.31,1.09,0.0,5.7238
2022-03-07,5.0194,20.52,46.45,1.06,0.0,5.5298
2022-03-08,5.1715,21.4,46.47,1.77,0.0,5.3911
2022-03-09,5.2925,21.67,46.1,2.21,0.0,5.3453
2022-03-10,5.382,21.67,47.65,2.37,0.0,5.6539
2022-03-11,5.8538,21.74,49.44,2.24,0.0,5.9155
2022-03-12,6.197,21.73,45.53,2.04,0.0,6.209
2022-03-13,5.6861,24.66,43.0,1.9,0.0,5.8061
2022-03-14,5.9443,25.7,45.33,1.64,0.0,6.0118
2022-03-15,5.7821,26.71,46.54,1.87,0.0,5.8061
2022-03-16,6.161,26.2,44.93,2.65,0.0,6.1795
2022-03-17,5.7866,26.1,45.29,1.37,0.0,5.9182
2022-03-18,5.197,27.38,49.39,1.7,0.0,5.2694
2022-03-19,5.6047,28.37,41.2,1.26,0.0,5.6242
2022-03-20,6.0674,29.05,36.97,0.99,0.0,6.1922
2022-03-21,5.6676,28.07,36.23,1.6,0.0,5.915
2022-03-22,6.1363,26.86,36.66,2.95,0.0,6.1944
2022-03-23,5.6606,27.66,31.33,1.6,0.0,5.8622
2022-03-24,6.0598,27.53,32.83,1.82,0.0,6.1222
2022-03-25,6.3235,26.72,32.66,2.36,0.0,6.4349
2022-03-26,6.6854,25.96,30.66,3.12,0.0,6.6857
2022-03-27,6.618,27.64,25.49,2.29,0.0,6.7037
2022-03-28,6.6528,29.29,21.92,1.42,0.0,6.7733
2022-03-29,6.7944,29.52,24.92,1.9,0.0,6.8753
2022-03-30,6.6041,30.09,24.41,1.22,0.0,6.7476
2022-03-31,6.3778,29.88,27.67,1.53,0.0,6.541
2022-04-01,7.0946,28.84,24.84,2.43,0.0,7.0987
2022-04-02,7.1225,29.3,20.27,1.31,0.0,7.1251
2022-04-03,7.2667,29.76,18.98,1.83,0.0,7.2883
2022-04-04,7.0318,30.02,17.78,2.08,0.0,7.062
2022-04-05,6.9218,29.71,19.83,2.05,0.0,6.9722
2022-04-06,6.8136,30.87,18.38,1.92,0.0,6.9444
2022-04-07,7.1083,31.83,17.95,1.73,0.0,7.1297
2022-04-08,7.2526,32.98,17.08,1.54,0.0,7.2622
2022-04-09,6.893,33.91,15.61,1.52,0.0,7.0289
2022-04-10,6.8798,32.88,17.08,2.36,0.0,7.0366
2022-04-11,7.045,34.06,15.69,1.76,0.0,7.099
2022-04-12,4.656,34.07,14.35,1.4,0.0,6.3106
2022-04-13,6.7704,32.56,18.04,1.63,0.0,7.0097
2022-04-14,6.4195,32.11,17.32,2.13,0.0,6.7608
2022-04-15,6.5683,31.62,18.63,2.23,0.04,6.8834
2022-04-16,7.0366,32.28,14.92,1.58,0.0,7.2713
2022-04-17,6.9797,32.25,16.6,1.71,0.0,7.2562
2022-04-18,6.7757,34.0,14.1,1.98,0.0,6.9929
2022-04-19,6.504,35.23,14.11,2.32,0.0,7.0075
2022-04-20,6.793,34.61,17.46,3.19,0.0,6.9929
2022-04-21,3.03,30.59,30.48,2.33,0.06,6.0547
2022-04-22,6.7034,31.71,27.41,1.42,0.0,6.9406
2022-04-23,7.1458,32.36,16.62,2.09,0.0,7.175
2022-04-24,7.2257,32.77,16.62,3.22,0.0,7.243
2022-04-25,6.8503,33.71,15.76,2.44,0.0,6.9958
2022-04-26,6.8326,34.82,14.87,2.32,0.0,7.1686
2022-04-27,7.4364,34.61,11.9,2.28,0.0,7.4369
2022-04-28,7.0296,36.03,10.67,1.72,0.0,7.2979
2022-04-29,7.032,36.52,13.12,2.53,0.0,7.3514
2022-04-30,7.2146,36.95,10.88,1.78,0.0,7.524
2022-05-01,6.649,35.43,13.41,2.79,0.0,7.1746
2022-05-02,6.8018,35.4,19.12,3.04,0.0,7.0627
2022-05-03,5.8394,34.72,22.8,1.63,0.0,6.6674
2022-05-04,5.5534,35.23,24.61,1.98,4.91,6.6262
2022-05-05,6.1687,32.5,34.95,1.63,0.17,6.5573
2022-05-06,5.8478,33.93,28.74,1.74,0.0,6.3583
2022-05-07,6.8227,34.53,24.03,1.55,0.0,6.9919
2022-05-08,6.8777,35.02,20.21,1.45,0.0,7.1299
2022-05-09,6.5705,34.58,27.55,2.38,0.0,6.8213
2022-05-10,6.1596,35.13,33.02,2.31,0.0,6.5974
2022-05-11,6.276,35.96,31.65,2.07,0.09,6.5398
2022-05-12,6.5726,37.27,28.59,2.22,0.0,6.7706
2022-05-13,7.1798,37.65,19.95,2.28,0.09,7.3373
2022-05-14,7.4974,38.23,12.47,2.55,0.0,7.7525
2022-05-15,7.5154,37.89,10.53,2.19,0.0,7.6649
2022-05-16,5.9083,37.37,13.64,2.42,0.0,7.1623
2022-05-17,6.4015,36.15,15.13,1.46,0.03,6.8628
2022-05-18,6.3446,36.36,16.75,1.7,0.0,6.8614
2022-05-19,6.8129,37.47,16.1,2.18,0.0,7.0421
2022-05-20,6.4258,38.75,14.61,2.66,0.0,6.9929
2022-05-21,5.8279,35.8,22.12,2.8,0.7,6.9041
2022-05-22,6.8244,34.56,21.34,1.33,0.0,7.2998
2022-05-23,4.1623,31.15,39.39,3.67,19.43,6.6444
2022-05-24,6.4486,28.68,54.26,2.4,10.39,6.5628
2022-05-25,6.4615,30.41,44.22,1.23,0.01,6.9182
2022-05-26,6.6252,32.07,39.34,1.52,0.0,6.943
2022-05-27,6.4805,34.04,37.21,1.75,0.01,6.9122
2022-05-28,6.163,36.72,33.59,2.0,0.4,6.6593
2022-05-29,6.3869,34.64,33.99,1.83,0.19,6.6257
2022-05-30,6.2155,33.93,39.21,1.03,5.07,6.8642
2022-05-31,6.2059,33.67,30.13,1.28,0.14,6.7013
2022-06-01,6.5234,35.96,23.79,2.12,0.0,7.1537
2022-06-02,6.6199,36.06,21.66,1.95,0.0,7.1273
2022-06-03,7.0853,36.37,19.68,2.21,0.0,7.2319
2022-06-04,7.5182,36.8,16.84,1.33,0.0,7.7167
2022-06-05,7.4146,37.04,19.28,2.11,0.0,7.763
2022-06-06,7.4762,37.5,15.24,1.73,0.0,7.8473
2022-06-07,6.4778,37.79,15.74,2.36,0.0,6.9677
2022-06-08,6.7759,37.05,17.91,3.78,0.0,7.0445
2022-06-09,6.4858,38.1,18.98,2.12,0.0,6.7032
2022-06-10,6.348,37.83,20.43,3.59,0.0,6.9797
2022-06-11,6.697,38.18,20.46,4.14,0.0,7.4117
2022-06-12,7.0159,38.44,20.51,3.17,0.0,7.4448
2022-06-13,5.4746,39.33,20.56,3.41,0.0,6.9091
2022-06-14,5.1341,38.16,31.84,4.78,0.0,6.8208
2022-06-15,7.1105,38.67,32.0,3.64,0.26,7.2732
2022-06-16,6.7889,37.78,35.62,2.54,0.66,7.1642
2022-06-17,5.195,33.64,55.03,1.86,12.85,6.8266
2022-06-18,4.9582,31.57,57.97,1.06,11.14,6.6984
2022-06-19,3.0293,31.01,58.84,1.33,3.82,6.6336
2022-06-20,4.2638,32.74,41.42,1.05,0.01,6.7505
2022-06-21,4.9627,32.66,41.32,1.54,0.1,6.6787
2022-06-22,6.27,33.75,41.08,1.58,0.02,6.6689
2022-06-23,7.0174,33.46,38.36,3.39,0.0,7.1172
2022-06-24,7.3793,33.24,31.36,2.65,0.0,7.5905
2022-06-25,7.2374,34.68,28.69,0.91,0.0,7.471
2022-06-26,6.5232,35.37,30.69,2.38,0.1,6.9094
2022-06-27,5.8908,36.4,42.39,2.35,0.0,6.3454
2022-06-28,5.0244,37.84,37.93,1.83,0.09,6.6485
2022-06-29,4.8871,38.36,39.37,2.29,3.22,6.4226
2022-06-30,1.05,30.97,74.53,2.54,19.88,6.4454
2022-07-01,3.4346,30.79,70.42,2.68,12.31,6.2911
2022-07-02,5.189,32.3,60.74,2.22,3.2,6.8069
2022-07-03,5.3988,33.75,56.24,2.58,0.4,6.6521
2022-07-04,5.5538,34.53,54.6,1.31,1.02,6.7118
2022-07-05,5.376,33.66,53.58,2.39,0.94,6.5465
2022-07-06,5.8531,34.57,49.95,3.3,1.83,6.9581
2022-07-07,6.6432,35.2,48.39,3.05,0.06,7.1988
2022-07-08,6.798,36.16,45.96,1.74,0.01,7.1162
2022-07-09,3.0336,32.89,55.44,2.88,4.06,6.2131
2022-07-10,4.4062,32.35,57.0,1.94,0.17,6.7802
2022-07-11,5.9141,34.47,52.85,1.6,2.68,6.9218
2022-07-12,3.7778,33.32,59.13,1.68,19.25,6.715
2022-07-13,5.1305,34.47,54.07,1.51,0.15,6.5842
2022-07-14,5.8051,34.35,51.59,3.37,0.19,6.9948
2022-07-15,6.4927,35.0,46.73,3.99,0.25,7.1429
2022-07-16,3.1966,33.12,56.32,3.08,11.37,7.1105
2022-07-17,5.2418,34.61,53.58,2.41,0.72,6.9374
2022-07-18,6.4589,35.56,51.19,1.85,0.52,6.9737
2022-07-19,5.5956,35.77,51.94,1.31,1.61,6.6761
2022-07-20,2.3633,32.27,70.18,1.17,15.97,5.7833
2022-07-21,3.5558,29.13,81.61,1.12,10.44,6.2441
2022-07-22,4.0678,31.17,68.34,1.66,2.23,6.2352
2022-07-23,4.397,30.8,70.18,3.77,4.52,6.4145
2022-07-24,5.2877,30.8,67.0,3.63,1.33,6.7824
2022-07-25,5.5483,31.23,63.86,3.66,0.81,6.7308
2022-07-26,5.0503,30.62,69.13,3.1,3.53,6.9341
2022-07-27,4.5694,30.64,67.08,2.36,8.05,6.7301
2022-07-28,4.7916,29.7,77.7,1.49,14.38,6.9089
2022-07-29,3.305,29.5,78.73,1.29,8.73,6.7037
2022-07-30,3.799,29.62,77.14,1.38,7.54,6.7123
2022-07-31,4.4695,30.18,74.0,1.38,8.1,6.7135
2022-08-01,5.0054,29.86,76.28,1.88,2.34,6.8741
2022-08-02,6.0022,31.43,69.04,1.28,0.56,6.5234
2022-08-03,4.4635,31.91,65.37,0.72,1.24,6.18
2022-08-04,3.5707,30.62,72.74,1.86,7.83,5.5198
2022-08-05,3.2042,30.23,73.22,1.92,5.93,5.923
2022-08-06,3.8191,31.27,69.44,1.03,0.6,6.3955
2022-08-07,1.5684,28.84,80.31,1.81,3.81,6.2614
2022-08-08,5.9688,31.04,70.55,1.6,3.12,6.7224
2022-08-09,5.9815,31.63,65.84,1.68,0.06,6.889
2022-08-10,6.3965,32.87,58.98,2.8,0.0,6.9461
2022-08-11,2.5157,30.11,67.52,4.17,0.44,6.7889
2022-08-12,6.1862,31.38,61.73,3.48,0.03,6.7584
2022-08-13,5.22,31.8,62.51,2.95,0.0,6.7039
2022-08-14,3.1094,31.25,67.19,1.75,2.59,6.4913
2022-08-15,4.5828,29.16,72.1,3.08,9.71,6.859
2022-08-16,3.5376,29.98,67.42,5.79,0.95,6.7166
2022-08-17,5.7283,30.54,65.89,3.52,0.08,7.0517
2022-08-18,6.0722,31.77,63.11,2.09,0.0,6.9151
2022-08-19,5.7686,31.6,64.2,2.59,1.72,6.5856
2022-08-20,3.8834,30.25,68.16,0.76,3.61,6.533
2022-08-21,5.1564,31.2,60.06,1.44,0.72,6.5189
2022-08-22,4.8974,32.14,61.29,2.47,0.78,6.3454
2022-08-23,5.2961,31.06,62.5,5.12,0.4,6.6941
2022-08-24,4.1669,30.26,65.17,2.94,2.03,6.6804
2022-08-25,5.2058,31.33,60.99,1.21,0.17,6.5753
2022-08-26,5.2615,31.39,60.74,2.47,0.0,6.1872
2022-08-27,5.7163,31.51,59.53,3.32,0.0,6.3007
2022-08-28,5.3561,31.76,56.93,2.42,0.09,6.2628
2022-08-29,4.7786,31.79,57.25,0.76,2.6,6.1874
2022-08-30,4.7479,31.12,65.19,1.02,7.39,5.9566
2022-08-31,5.4403,32.82,57.54,1.84,0.01,6.0605
2022-09-01,5.4024,33.06,57.59,1.45,0.52,6.0245
2022-09-02,4.5658,32.32,57.34,0.77,3.61,5.9899
2022-09-03,6.5309,32.29,54.97,2.47,0.01,6.6058
2022-09-04,6.5964,33.12,50.68,2.38,0.0,6.7159
2022-09-05,6.2455,32.43,54.32,1.65,0.02,6.4872
2022-09-06,5.5385,32.52,51.71,1.35,0.0,6.0996
2022-09-07,5.7386,32.84,49.65,1.62,0.0,5.8747
2022-09-08,5.4528,32.13,50.67,1.11,0.02,5.7888
2022-09-09,5.0174,32.52,52.12,0.91,0.21,5.4701
2022-09-10,4.5139,31.58,65.32,1.47,5.38,5.4931
2022-09-11,5.478,31.67,63.53,1.47,2.66,5.6582
2022-09-12,5.7022,31.25,60.07,2.11,1.19,5.9918
2022-09-13,5.34,31.07,60.18,3.28,0.56,6.0235
2022-09-14,3.2455,29.87,64.6,3.86,2.81,5.6484
2022-09-15,2.6359,27.75,80.04,3.43,11.97,5.7698
2022-09-16,2.0407,26.96,82.39,2.34,14.08,5.7274
2022-09-17,5.1041,29.02,69.68,1.86,3.74,5.5464
2022-09-18,5.359,29.32,65.33,1.58,3.25,5.7353
2022-09-19,3.5083,29.2,66.75,1.32,12.29,5.5975
2022-09-20,3.8023,29.6,74.24,0.89,18.12,5.3959
2022-09-21,2.4118,28.74,78.67,1.44,22.78,5.287
2022-09-22,1.6697,27.68,87.84,2.24,71.85,5.455
2022-09-23,1.6687,26.94,89.98,2.55,30.58,5.2178
2022-09-24,1.2178,26.32,90.98,2.82,40.63,5.4036
2022-09-25,3.5302,27.25,82.97,1.87,10.25,5.485
2022-09-26,5.0976,26.52,83.96,1.64,0.41,5.4396
2022-09-27,5.6582,26.55,80.53,1.55,0.0,5.7031
2022-09-28,5.4758,27.18,77.51,1.19,0.02,5.5843
2022-09-29,5.491,26.93,78.98,1.32,0.0,5.549
2022-09-30,5.2754,26.49,82.0,1.39,0.0,5.3429
2022-10-01,5.2694,26.85,74.76,1.34,0.0,5.3618
2022-10-02,5.4996,26.28,73.05,1.54,0.0,5.514
2022-10-03,5.6266,25.04,75.61,2.35,0.0,5.6323
2022-10-04,4.9718,26.22,72.23,1.23,0.0,5.1137
2022-10-05,3.9113,27.65,76.26,0.99,0.06,4.7959
2022-10-06,3.6454,25.75,86.38,1.26,2.66,5.1302
2022-10-07,1.7846,24.71,91.74,1.52,6.17,5.1216
2022-10-08,1.1674,24.6,93.26,2.44,21.9,4.903
2022-10-09,1.5662,24.15,94.75,3.98,66.86,4.7246
2022-10-10,1.6154,24.5,90.14,2.27,23.96,5.0686
2022-10-11,3.5866,24.94,81.36,0.78,7.26,5.1847
2022-10-12,4.783,24.09,79.6,1.04,3.63,5.2934
2022-10-13,5.215,22.83,80.26,1.54,0.0,5.2169
2022-10-14,5.0825,22.22,78.83,1.65,0.0,5.0849
2022-10-15,5.0282,23.33,71.25,1.1,0.0,5.0302
2022-10-16,4.8324,24.21,63.27,0.7,0.0,4.8372
2022-10-17,4.9567,23.28,66.79,1.03,0.0,4.9577
2022-10-18,4.9531,23.44,60.22,0.97,0.0,4.9534
2022-10-19,5.0868,22.77,68.26,1.01,0.0,5.093
2022-10-20,4.9142,22.7,71.88,1.06,0.0,4.926
2022-10-21,4.9282,23.26,64.43,1.41,0.0,4.938
2022-10-22,4.6459,22.24,65.23,1.3,0.0,4.6459
2022-10-23,4.5475,21.91,61.67,0.88,0.0,4.5475
2022-10-24,4.8202,21.03,68.06,1.56,0.0,4.8235
2022-10-25,4.89,20.74,66.29,1.88,0.0,4.89
2022-10-26,4.7227,22.09,60.89,1.16,0.0,4.7244
2022-10-27,4.5278,22.4,62.56,1.05,0.0,4.5314
2022-10-28,4.2216,21.98,66.16,1.0,0.0,4.3577
2022-10-29,3.7044,22.41,60.24,0.99,0.0,3.9499
2022-10-30,3.937,21.59,56.42,0.93,0.0,3.9588
2022-10-31,4.0068,21.64,61.93,0.95,0.0,4.0087
2022-11-01,3.9084,21.38,71.77,1.12,0.0,3.9098
2022-11-02,4.0596,21.47,77.83,1.35,0.0,4.0663
2022-11-03,3.5784,21.2,74.07,1.71,0.0,3.7214
2022-11-04,3.45,21.73,76.75,1.21,0.0,3.6454
2022-11-05,3.551,20.5,88.03,1.87,0.0,3.565
2022-11-06,3.7046,21.3,86.38,1.3,0.0,4.1261
2022-11-07,3.972,22.41,84.69,0.99,0.0,4.0075
2022-11-08,2.7938,20.92,83.85,1.26,0.0,3.3542
2022-11-09,3.2892,21.43,76.08,0.94,0.0,3.3216
2022-11-10,3.1066,21.16,72.78,1.11,0.0,3.1769
2022-11-11,3.6089,18.5,73.22,2.33,0.0,3.6096
2022-11-12,4.2079,17.99,67.72,2.45,0.0,4.211
2022-11-13,3.8724,18.45,64.46,1.86,0.0,3.9274
2022-11-14,3.7409,19.06,66.62,1.42,0.0,3.8333
2022-11-15,3.4651,19.16,73.5,1.57,0.0,3.8314
2022-11-16,3.558,18.0,72.76,2.18,0.0,3.5662
2022-11-17,3.9122,16.44,69.83,2.39,0.0,3.9173
2022-11-18,4.0618,16.49,63.39,1.66,0.0,4.0644
2022-11-19,3.7649,16.82,60.4,1.03,0.0,3.8606
2022-11-20,3.6108,16.15,66.17,1.65,0.0,3.7296
2022-11-21,3.973,16.4,68.49,2.14,0.0,3.9775
2022-11-22,4.1928,15.99,60.63,1.96,0.0,4.2502
2022-11-23,4.1784,15.54,58.18,2.23,0.0,4.2811
2022-11-24,4.1378,16.42,52.61,1.82,0.0,4.2682
2022-11-25,4.0162,17.31,52.16,1.27,0.0,4.0385
2022-11-26,3.875,15.76,60.37,2.09,0.0,3.9439
2022-11-27,3.816,16.13,56.38,1.47,0.0,3.8606
2022-11-28,3.6264,17.05,49.98,1.21,0.0,3.6977
2022-11-29,3.2854,17.26,49.01,0.89,0.0,3.3722
2022-11-30,3.0358,16.42,63.59,1.36,0.0,3.1622
2022-12-01,3.4118,16.42,59.76,1.53,0.0,3.5028
2022-12-02,3.3514,17.49,53.26,0.84,0.0,3.397
2022-12-03,3.151,17.39,54.64,0.63,0.0,3.2239
2022-12-04,2.8594,16.67,59.55,1.32,0.0,2.9218
2022-12-05,3.4601,15.57,55.02,1.48,0.0,3.475
2022-12-06,3.6446,14.0,59.95,2.34,0.0,3.648
2022-12-07,3.8261,13.56,58.49,2.7,0.0,3.8414
2022-12-08,3.6698,14.21,58.2,1.92,0.0,3.7236
2022-12-09,3.6014,16.09,56.67,1.6,0.0,3.6077
2022-12-10,3.497,16.56,65.35,1.66,0.0,3.5033
2022-12-11,3.7414,16.66,62.05,1.99,0.0,3.7447
2022-12-12,3.959,16.45,57.36,2.4,0.0,3.9593
2022-12-13,4.0212,16.07,54.98,3.15,0.0,4.0224
2022-12-14,4.0841,14.37,56.61,3.04,0.0,4.085
2022-12-15,4.0778,13.24,52.39,2.16,0.0,4.08
2022-12-16,3.9305,14.14,50.0,1.77,0.0,3.9336
2022-12-17,3.7474,14.69,46.65,1.59,0.0,3.7766
2022-12-18,3.2477,14.48,50.25,1.43,0.0,3.3763
2022-12-19,2.8166,14.11,53.82,1.41,0.0,3.2952
2022-12-20,2.9945,13.47,55.09,1.66,0.0,3.5921
2022-12-21,3.1363,13.39,56.14,1.41,0.0,3.4692
2022-12-22,2.9234,12.6,56.6,1.74,0.0,3.1889
2022-12-23,2.8178,13.02,55.67,1.4,0.0,2.9875
2022-12-24,3.025,11.84,57.56,2.5,0.0,3.0293
2022-12-25,3.0077,10.11,59.78,2.17,0.0,3.4118
2022-12-26,1.739,11.23,59.02,1.74,0.0,3.1022
2022-12-27,2.9873,11.67,52.94,2.84,0.0,3.4498
2022-12-28,3.8155,12.54,48.07,3.33,0.0,3.8198
2022-12-29,3.2162,14.02,53.38,1.45,0.0,3.6528
2022-12-30,2.3112,14.9,58.05,1.44,0.0,3.4646
2022-12-31,3.0643,12.67,68.97,2.51,0.0,3.2326
2023-01-01,3.0706,12.9,49.9,1.03,0.0,3.5738
2023-01-02,1.849,12.26,51.83,1.09,0.0,3.191
2023-01-03,1.9087,9.98,54.61,1.73,0.0,2.9326
2023-01-04,1.931,8.57,58.24,1.55,0.0,2.9398
2023-01-05,1.7275,8.75,59.63,1.5,0.0,3.1558
2023-01-06,2.359,8.74,54.41,1.41,0.0,3.3139
2023-01-07,2.928,9.69,48.08,1.81,0.0,3.6139
2023-01-08,2.6076,12.35,44.61,1.89,0.0,3.5899
2023-01-09,2.2094,13.14,47.41,1.49,0.0,3.5458
2023-01-10,2.4528,12.82,53.16,1.79,0.0,3.4116
2023-01-11,2.5339,13.51,64.57,1.45,0.07,3.6142
2023-01-12,3.1118,13.82,73.58,1.8,9.38,3.5676
2023-01-13,2.1934,16.43,73.27,1.76,0.09,3.1601
2023-01-14,2.8246,12.35,56.25,2.37,0.02,3.4874
2023-01-15,4.3116,7.77,39.37,2.21,0.0,4.321
2023-01-16,4.1911,8.92,42.56,1.91,0.0,4.1993
2023-01-17,4.129,8.98,42.16,2.06,0.0,4.1381
2023-01-18,4.0874,9.25,37.57,1.51,0.0,4.1134
2023-01-19,3.5753,11.7,44.03,0.98,0.0,3.7999
2023-01-20,3.1001,13.01,55.44,1.24,0.05,3.3425
2023-01-21,3.1925,14.18,59.32,0.87,0.0,3.2177
2023-01-22,2.802,15.17,52.26,1.03,0.0,2.945
2023-01-23,2.9232,16.07,52.71,1.29,0.35,2.9714
2023-01-24,1.5062,15.89,80.09,2.39,4.43,2.7166
2023-01-25,1.087,16.17,80.75,1.29,0.11,2.7149
2023-01-26,1.7513,14.78,61.48,2.37,0.06,2.9722
2023-01-27,4.1558,11.84,49.23,2.44,0.0,4.1573
2023-01-28,4.614,13.1,40.56,2.03,0.0,4.6363
2023-01-29,0.948,14.95,45.38,1.71,0.0,3.4632
2023-01-30,1.9882,13.12,71.39,1.62,12.34,3.1874
2023-01-31,3.5784,14.2,75.93,2.73,0.0,4.229
2023-02-01,4.8019,13.03,60.64,2.96,0.0,4.8262
2023-02-02,4.8605,14.1,51.38,2.79,0.0,4.8701
2023-02-03,4.6536,15.01,49.12,2.22,0.0,4.6814
2023-02-04,4.6913,16.33,47.67,2.57,0.0,4.693
2023-02-05,4.759,17.03,54.52,2.24,0.0,4.7609
2023-02-06,4.663,18.89,43.21,1.49,0.0,4.7059
2023-02-07,4.589,17.33,48.27,2.49,0.0,4.6022
2023-02-08,4.8955,15.54,41.86,2.34,0.0,4.9553
2023-02-09,4.7935,17.4,37.91,1.69,0.0,4.8158
2023-02-10,4.7196,18.28,48.72,1.65,0.0,4.7616
2023-02-11,4.4126,18.34,48.9,1.88,0.0,4.5679
2023-02-12,5.2339,15.02,35.73,2.94,0.0,5.2339
2023-02-13,5.436,14.46,30.08,4.38,0.0,5.4449
2023-02-14,4.957,16.48,31.98,2.89,0.0,4.9766
2023-02-15,5.1334,18.5,39.76,2.82,0.0,5.1343
2023-02-16,4.7059,19.38,45.6,1.16,0.0,4.8936
2023-02-17,4.175,21.16,44.72,1.08,0.0,4.7964
2023-02-18,4.8288,21.1,40.2,1.36,0.0,4.9073
2023-02-19,4.6927,22.42,30.93,0.92,0.0,5.005
2023-02-20,4.8874,22.51,35.46,1.47,0.0,5.2265
2023-02-21,5.233,20.51,38.61,1.43,0.0,5.2433
2023-02-22,4.1969,20.45,39.34,1.8,0.03,4.938
2023-02-23,5.4458,19.66,34.42,2.4,0.0,5.4466
2023-02-24,4.8199,19.93,34.05,1.88,0.0,5.3621
2023-02-25,5.3117,21.51,35.53,1.46,0.0,5.3131
2023-02-26,5.219,23.46,31.11,1.07,0.0,5.2282
2023-02-27,5.1809,23.2,36.6,1.37,0.0,5.2099
2023-02-28,4.885,22.43,39.87,1.25,0.0,5.1826
2023-03-01,4.0937,22.61,39.55,1.2,0.0,5.1389
2023-03-02,5.3117,23.1,41.26,1.84,0.0,5.3222
2023-03-03,5.4098,23.72,43.25,2.5,0.0,5.418
2023-03-04,3.4694,22.69,41.03,2.2,0.0,5.4218
2023-03-05,5.5831,22.69,40.7,2.17,0.0,5.6042
2023-03-06,5.8531,22.67,37.77,2.23,0.0,5.8618
2023-03-07,5.5368,23.2,33.66,1.5,0.0,5.6796
2023-03-08,5.165,24.22,32.63,0.99,0.02,5.479
2023-03-09,4.6795,23.56,41.47,0.68,2.46,5.1854
2023-03-10,5.4799,23.32,38.86,1.47,0.0,5.4871
2023-03-11,5.7888,24.21,30.56,1.27,0.0,5.7934
2023-03-12,5.8301,25.53,31.8,1.06,0.0,5.8495
2023-03-13,4.9498,24.72,36.35,1.17,0.0,5.6374
2023-03-14,5.7737,25.13,37.5,1.68,0.0,5.7766
2023-03-15,5.3234,26.49,31.49,0.92,0.0,5.7778
2023-03-16,3.9216,25.37,35.87,2.41,0.0,5.1854
2023-03-17,3.4195,24.25,46.96,1.94,0.22,4.8079
2023-03-18,2.7504,21.62,61.9,1.42,6.03,5.2183
2023-03-19,4.4347,23.36,53.65,1.08,1.49,5.5622
2023-03-20,2.8474,20.68,68.31,0.86,19.76,5.3021
2023-03-21,3.917,20.28,72.56,1.23,12.13,5.4103
2023-03-22,5.063,21.96,55.12,1.42,0.03,5.8637
2023-03-23,5.9832,23.38,48.37,1.89,0.03,5.9911
2023-03-24,3.3989,24.32,52.51,1.75,7.29,5.9566
2023-03-25,5.7487,23.57,57.77,1.69,1.45,6.2714
2023-03-26,6.0355,24.1,46.74,2.4,0.0,6.102
2023-03-27,6.4301,22.77,43.64,2.54,0.0,6.4351
2023-03-28,6.5054,23.61,40.02,2.17,0.0,6.6341
2023-03-29,5.1557,26.11,36.38,1.06,0.0,6.037
2023-03-30,5.1943,25.95,46.76,1.52,6.05,5.7617
2023-03-31,4.7059,21.15,76.48,1.28,11.53,6.0727
2023-04-01,6.1466,22.84,61.31,1.44,3.83,6.6271
2023-04-02,5.6446,24.2,51.41,1.81,0.0,6.6062
2023-04-03,6.3432,26.08,47.68,1.23,4.62,6.5573
2023-04-04,6.3442,24.87,50.88,2.24,0.01,6.679
2023-04-05,6.6713,24.94,42.52,2.25,0.0,6.9026
2023-04-06,6.888,25.28,34.95,2.92,0.0,7.0558
2023-04-07,6.6271,25.12,32.25,3.08,0.0,6.9574
2023-04-08,7.2014,24.95,28.27,2.26,0.0,7.2086
2023-04-09,7.2125,26.06,28.85,1.85,0.0,7.237
2023-04-10,6.8448,26.28,29.81,2.17,0.0,7.3418
2023-04-11,7.1503,27.73,31.24,2.6,0.0,7.1906
2023-04-12,6.493,29.67,33.94,2.79,0.0,6.9379
2023-04-13,7.0416,29.32,32.07,2.32,0.0,7.0594
2023-04-14,6.6024,30.25,28.77,1.73,0.0,6.972
2023-04-15,7.086,31.56,25.2,1.31,0.0,7.1244
2023-04-16,6.6302,32.03,28.85,1.5,0.0,6.929
2023-04-17,7.3202,32.95,25.81,1.71,0.0,7.3702
2023-04-18,7.0051,32.3,30.89,1.98,0.0,7.2024
2023-04-19,6.3691,30.95,37.44,2.13,0.04,6.8726
2023-04-20,6.2126,30.07,41.33,1.92,0.59,6.7954
2023-04-21,6.2249,28.83,38.65,1.41,1.42,6.8225
2023-04-22,7.1837,28.12,32.02,1.72,0.25,7.3522
2023-04-23,4.7148,25.39,35.22,2.76,0.02,7.0836
2023-04-24,5.7444,26.77,37.8,1.91,0.01,6.8131
2023-04-25,6.6463,27.75,32.79,1.5,0.0,6.8388
2023-04-26,5.7785,29.53,31.43,0.87,0.0,6.7301
2023-04-27,5.569,28.14,35.13,2.35,0.31,6.0634
2023-04-28,3.6036,28.32,38.21,1.31,0.26,6.4447
2023-04-29,3.7274,27.53,43.24,2.1,1.41,6.6094
2023-04-30,3.427,25.92,57.83,1.15,5.75,6.2093
2023-05-01,2.1509,22.81,74.94,3.04,16.65,6.1927
2023-05-02,3.8986,23.67,72.98,2.13,5.03,6.2834
2023-05-03,4.0584,25.5,61.79,1.18,7.91,6.3605
2023-05-04,6.7666,27.78,50.06,0.88,4.45,6.8741
2023-05-05,6.3809,27.85,42.94,1.7,0.0,6.7822
2023-05-06,5.9287,29.67,40.17,2.49,0.0,6.7805
2023-05-07,6.6036,31.39,34.03,1.64,0.0,7.141
2023-05-08,7.0946,31.34,28.25,1.75,1.02,7.6949
2023-05-09,7.8314,28.92,26.05,2.9,0.24,7.8338
2023-05-10,7.9879,28.78,25.28,2.91,0.0,7.9882
2023-05-11,7.7698,30.73,22.89,1.42,0.0,7.7806
2023-05-12,7.6248,31.0,22.11,1.47,0.0,7.6342
2023-05-13,7.2559,33.0,23.93,1.35,0.0,7.416
2023-05-14,6.5911,34.06,23.48,1.78,0.0,7.0385
2023-05-15,7.2432,33.55,26.34,2.78,0.01,7.2943
2023-05-16,5.7773,33.41,27.27,3.6,0.01,6.8038
2023-05-17,5.9479,34.15,30.84,2.56,0.0,7.0848
2023-05-18,6.9478,31.87,40.45,3.26,4.57,7.3783
2023-05-19,7.7438,31.81,33.65,3.88,0.0,7.7479
2023-05-20,7.7467,32.92,28.84,2.95,0.0,7.7522
2023-05-21,7.4148,35.13,23.75,1.75,0.0,7.4179
2023-05-22,7.2893,35.86,26.36,4.01,0.0,7.3032
2023-05-23,6.8477,36.99,27.02,3.42,0.22,7.254
2023-05-24,4.3452,34.53,35.4,1.79,0.92,7.1525
2023-05-25,6.6742,32.83,40.34,1.61,5.23,7.1328
2023-05-26,6.4414,29.28,56.46,1.91,14.38,7.0603
2023-05-27,5.4828,30.39,49.56,2.1,2.29,7.0207
2023-05-28,5.8339,29.96,46.21,1.54,0.72,6.594
2023-05-29,4.8854,30.75,47.53,1.67,0.52,6.9182
2023-05-30,6.4526,30.95,46.19,1.97,1.83,7.1443
2023-05-31,6.3583,28.78,52.24,2.88,3.11,7.1928
2023-06-01,5.6066,29.85,45.75,2.56,0.01,7.5005
2023-06-02,7.2914,30.62,43.61,3.05,0.01,7.5257
2023-06-03,7.439,31.11,38.11,2.79,0.12,7.6219
2023-06-04,4.4054,28.31,44.91,1.74,0.51,7.0766
2023-06-05,6.8832,32.41,38.38,2.47,0.11,7.1465
2023-06-06,6.8004,33.34,35.91,1.78,0.01,7.3786
2023-06-07,7.1326,33.67,33.3,2.15,0.0,7.357
2023-06-08,7.0534,34.33,33.32,3.19,0.0,7.6068
2023-06-09,7.3123,35.76,32.22,2.88,0.13,7.4971
2023-06-10,7.0382,36.9,34.46,2.99,0.44,7.4443
2023-06-11,7.1081,36.48,35.48,3.7,0.0,7.2326
2023-06-12,6.9454,36.84,34.05,3.85,0.0,7.0831
2023-06-13,7.5607,38.15,32.25,5.01,0.0,7.7021
2023-06-14,7.5067,37.41,32.56,5.61,0.0,7.7986
2023-06-15,6.5059,35.85,37.49,4.89,0.02,7.4741
2023-06-16,5.7166,35.69,40.38,2.78,0.9,7.3642
2023-06-17,5.7811,35.92,38.57,2.46,0.88,7.3387
2023-06-18,5.952,34.84,43.29,2.07,1.07,7.1542
2023-06-19,3.2506,34.09,49.0,3.4,2.07,7.0392
2023-06-20,6.2974,33.85,53.21,2.34,7.96,7.0248
2023-06-21,5.2639,33.7,52.31,1.5,1.37,6.7385
2023-06-22,5.2829,34.97,53.23,1.62,3.62,6.2832
2023-06-23,4.5178,35.7,51.88,1.51,1.24,6.2302
2023-06-24,3.378,33.25,61.75,2.04,14.64,6.2258
2023-06-25,1.2562,30.18,75.39,1.35,13.27,5.1341
2023-06-26,3.6425,31.51,64.3,1.82,6.32,5.8229
2023-06-27,4.9092,31.99,58.87,1.74,4.99,6.5074
2023-06-28,4.9634,32.08,62.15,2.34,10.35,6.5597
2023-06-29,4.4066,31.34,65.67,2.69,11.14,6.9182
2023-06-30,4.7052,30.53,71.64,2.2,11.1,6.8021
2023-07-01,5.1842,30.63,67.02,1.99,3.63,6.4342
2023-07-02,5.4358,32.32,60.67,1.84,0.02,6.5803
2023-07-03,6.0828,33.95,51.79,1.58,0.07,6.7452
2023-07-04,4.3003,34.74,52.13,1.72,0.73,6.4728
2023-07-05,4.771,32.83,61.69,2.23,9.82,6.072
2023-07-06,3.3293,29.63,77.8,2.35,14.23,6.1927
2023-07-07,4.3198,30.36,74.44,2.09,10.4,6.0326
2023-07-08,2.233,29.26,83.53,2.85,25.13,6.4992
2023-07-09,2.73,29.71,83.7,2.48,48.55,6.9938
2023-07-10,3.5786,30.42,80.0,1.8,17.74,7.0949
2023-07-11,3.7027,30.64,77.05,1.02,13.64,6.6367
2023-07-12,4.1808,30.4,79.2,0.95,19.17,6.276
2023-07-13,4.571,29.91,79.74,1.82,5.79,6.277
2023-07-14,3.8376,29.44,81.43,0.67,4.87,5.8361
2023-07-15,3.3977,29.23,81.91,1.26,4.79,6.7085
2023-07-16,5.0786,30.7,73.97,0.63,3.91,6.5364
2023-07-17,4.0428,31.66,72.45,0.87,3.23,6.2489
2023-07-18,2.79,29.79,83.76,2.01,18.48,6.5962
2023-07-19,5.7002,29.57,80.5,2.15,3.67,6.9492
2023-07-20,6.6058,31.64,74.25,1.28,0.0,7.1609
2023-07-21,4.4527,31.28,77.04,1.56,1.39,6.8789
2023-07-22,5.1252,30.22,79.53,3.0,4.41,6.8851
2023-07-23,5.9998,30.04,79.24,2.68,0.1,6.9557
2023-07-24,6.2683,30.43,76.87,2.38,0.96,6.9686
2023-07-25,4.8979,30.3,81.69,1.37,13.29,6.6607
2023-07-26,2.1156,30.28,79.43,1.13,28.38,6.5842
2023-07-27,5.1775,29.08,86.57,0.91,16.52,6.516
2023-07-28,3.9295,28.54,84.17,0.84,18.2,6.6809
2023-07-29,4.1098,29.03,85.31,0.91,4.29,6.745
2023-07-30,5.6434,29.48,85.38,1.13,0.62,6.7901
2023-07-31,5.4631,30.09,80.36,1.61,0.35,6.5462
2023-08-01,6.4584,30.44,79.04,2.09,0.11,6.5866
2023-08-02,4.7489,30.3,81.74,1.69,0.82,6.4565
2023-08-03,4.9675,30.04,82.98,1.43,4.19,6.0667
2023-08-04,2.85,29.47,86.9,1.25,44.34,5.5133
2023-08-05,3.7608,29.14,87.47,1.99,20.5,6.0984
2023-08-06,5.627,29.54,82.55,2.66,9.81,6.4306
2023-08-07,4.7496,29.09,83.21,3.29,1.62,6.2974
2023-08-08,4.596,29.18,83.34,3.26,0.13,5.6914
2023-08-09,4.5809,29.4,82.24,2.47,2.0,5.9849
2023-08-10,4.6927,29.41,80.94,1.88,2.07,5.9897
2023-08-11,5.5046,29.61,79.76,1.71,0.73,6.3036
2023-08-12,6.2587,29.26,77.8,2.59,0.0,6.5738
2023-08-13,4.5031,29.14,79.32,2.72,0.07,6.4445
2023-08-14,4.2653,27.32,84.72,1.94,0.09,6.0917
2023-08-15,4.4794,29.0,79.44,0.74,1.63,6.1733
2023-08-16,5.4125,29.69,78.71,1.73,1.68,6.4318
2023-08-17,5.9333,30.09,78.77,2.19,0.27,6.4934
2023-08-18,5.863,30.16,79.09,1.58,0.87,6.2004
2023-08-19,3.7582,29.79,83.55,1.38,12.32,6.2371
2023-08-20,6.085,30.75,76.48,1.51,0.32,6.4951
2023-08-21,5.6045,30.84,74.77,1.01,1.21,6.479
2023-08-22,2.9712,29.98,83.99,1.47,14.31,6.1104
2023-08-23,0.7843,28.24,88.99,2.22,44.32,6.2213
2023-08-24,4.1777,28.21,82.74,2.15,0.83,5.4696
2023-08-25,5.4744,28.5,79.39,2.45,0.1,6.0077
2023-08-26,5.7442,28.9,76.79,2.48,0.0,6.0485
2023-08-27,5.8356,28.74,75.44,2.54,0.27,6.0202
2023-08-28,5.5814,29.43,75.67,2.13,0.13,5.9386
2023-08-29,6.0814,29.29,75.3,1.94,0.0,6.2844
2023-08-30,6.0269,29.1,76.36,1.72,0.01,6.2431
2023-08-31,6.0252,29.34,74.95,1.43,0.0,6.318
2023-09-01,6.1046,29.48,70.49,1.87,0.0,6.2681
2023-09-02,6.5234,28.86,69.4,2.15,0.0,6.5438
2023-09-03,6.6182,28.73,67.26,1.8,0.0,6.6336
2023-09-04,6.4594,29.01,68.92,1.99,0.0,6.4829
2023-09-05,6.1351,29.8,73.61,1.42,1.03,6.2268
2023-09-06,4.2245,30.11,69.81,1.42,0.12,6.1039
2023-09-07,5.6858,30.38,66.06,1.43,0.4,6.149
2023-09-08,5.1353,29.12,72.01,1.53,6.64,5.8512
2023-09-09,3.1711,27.89,83.45,2.49,17.32,5.8754
2023-09-10,2.639,27.04,90.71,2.52,72.53,6.0202
2023-09-11,4.3082,27.48,85.42,1.99,0.91,5.993
2023-09-12,4.7938,28.31,82.44,1.34,0.05,5.8555
2023-09-13,4.8866,29.06,82.63,0.85,0.01,5.5867
2023-09-14,5.111,29.45,83.88,1.26,7.07,5.4514
2023-09-15,3.8407,28.93,84.72,1.55,1.69,5.5596
2023-09-16,2.9573,26.82,87.34,3.12,13.32,5.7624
2023-09-17,4.0807,26.98,89.83,3.22,6.67,5.7569
2023-09-18,5.4024,27.24,84.07,3.52,0.15,6.191
2023-09-19,5.725,28.35,81.18,1.87,0.18,5.9786
2023-09-20,5.429,29.3,77.3,0.85,0.0,5.6554
2023-09-21,4.7767,29.58,76.85,0.88,0.16,5.6203
2023-09-22,5.0549,29.17,78.5,1.06,1.54,5.423
2023-09-23,3.8275,28.81,80.88,1.16,8.31,5.3638
2023-09-24,4.1249,28.26,79.68,0.99,2.33,5.3738
2023-09-25,5.3609,28.61,74.11,0.85,0.0,5.4641
2023-09-26,5.3134,27.77,73.99,1.12,0.0,5.4432
2023-09-27,5.6443,26.75,73.12,1.57,0.0,5.6503
2023-09-28,5.7991,25.73,73.62,1.48,0.0,5.815
2023-09-29,5.7343,25.83,63.19,1.15,0.0,5.8284
2023-09-30,5.6186,26.26,61.83,1.77,0.0,5.6261
2023-10-01,5.3038,25.55,62.69,1.9,0.0,5.4775
2023-10-02,5.6604,25.44,58.1,2.13,0.0,5.6686
2023-10-03,5.7799,24.21,54.42,2.11,0.0,5.7842
2023-10-04,5.6294,24.48,59.09,1.94,0.0,5.6393
2023-10-05,5.6566,25.43,62.27,1.63,0.0,5.683
2023-10-06,5.7629,25.17,59.55,1.78,0.0,5.7636
2023-10-07,5.5255,26.32,59.96,1.38,0.0,5.5294
2023-10-08,5.4271,27.71,58.28,1.45,0.0,5.4302
2023-10-09,5.2634,28.38,61.7,1.46,0.0,5.3405
2023-10-10,5.2466,27.98,62.97,1.03,0.0,5.3498
2023-10-11,5.443,25.97,57.89,1.96,0.0,5.4485
2023-10-12,5.3894,25.37,54.62,1.41,0.0,5.3918
2023-10-13,5.141,26.34,50.78,1.32,0.0,5.1473
2023-10-14,4.9361,27.22,49.83,1.28,0.0,5.017
2023-10-15,4.4597,26.61,54.6,0.91,0.0,4.6531
2023-10-16,3.3792,23.96,69.61,2.28,4.31,4.279
2023-10-17,2.7847,23.67,62.92,1.94,4.82,4.381
2023-10-18,4.7347,22.55,62.52,2.16,0.0,4.8643
2023-10-19,5.0645,22.6,59.88,1.91,0.0,5.0671
2023-10-20,4.823,22.74,59.19,1.49,0.0,4.8269
2023-10-21,4.6135,22.61,54.65,1.37,0.0,4.6622
2023-10-22,4.3512,23.49,49.86,1.22,0.0,4.453
2023-10-23,4.3966,23.12,58.36,1.53,0.0,4.3973
2023-10-24,4.403,23.67,57.87,1.47,0.0,4.4045
2023-10-25,4.3603,23.59,56.08,1.74,0.0,4.3651
2023-10-26,4.5991,23.14,56.8,1.64,0.0,4.6082
2023-10-27,4.6858,23.26,46.05,1.44,0.0,4.6862
2023-10-28,3.9223,24.05,46.53,1.2,0.0,4.2756
2023-10-29,4.2878,24.41,46.55,1.16,0.0,4.3058
2023-10-30,4.1561,24.15,51.63,1.21,0.0,4.1606
2023-10-31,3.6442,24.23,52.61,1.08,0.0,3.7104
2023-11-01,3.8654,25.21,45.91,0.97,0.0,3.8738
2023-11-02,3.5741,23.52,48.95,1.22,0.0,3.6456
2023-11-03,3.0338,23.21,52.72,1.19,0.0,3.1601
2023-11-04,2.928,23.43,54.4,1.47,0.0,3.174
2023-11-05,2.455,22.91,44.19,0.93,0.0,2.8934
2023-11-06,3.1147,22.99,40.14,1.05,0.0,3.3696
2023-11-07,3.3228,22.76,40.98,1.04,0.0,3.3233
2023-11-08,3.277,22.62,54.16,1.28,0.0,3.281
2023-11-09,2.893,23.5,53.03,1.37,0.0,3.0122
2023-11-10,1.7489,21.76,60.4,1.33,4.85,3.0936
2023-11-11,3.545,19.86,62.83,2.09,0.25,3.5513
2023-11-12,3.9943,19.69,62.63,1.97,0.0,3.9965
2023-11-13,3.3962,19.56,55.34,1.31,0.0,3.4802
2023-11-14,2.3395,19.23,49.58,1.37,0.0,2.9892
2023-11-15,2.701,18.79,56.24,1.4,0.0,2.7358
2023-11-16,2.5246,20.29,54.99,1.07,0.0,2.6527
2023-11-17,2.7547,20.89,54.19,1.18,0.0,2.8478
2023-11-18,2.963,20.1,50.87,1.21,0.0,2.9767
2023-11-19,2.9527,19.81,47.51,1.01,0.0,2.9602
2023-11-20,2.8186,19.73,51.79,1.41,0.0,2.8198
2023-11-21,2.8802,18.79,58.46,2.32,0.0,2.9731
2023-11-22,3.1171,17.72,57.83,2.07,0.0,3.2659
2023-11-23,3.4181,19.14,45.43,0.85,0.0,3.4315
2023-11-24,3.0636,18.96,45.35,0.83,0.0,3.0744
2023-11-25,2.5428,19.05,46.12,1.01,0.0,2.999
2023-11-26,2.4629,18.74,49.09,1.18,0.0,3.1178
2023-11-27,1.3937,17.36,53.86,1.7,0.14,2.8944
2023-11-28,1.3522,18.6,54.48,1.23,2.24,2.501
2023-11-29,2.3726,18.52,58.2,1.09,0.09,2.4079
2023-11-30,2.237,19.59,62.39,1.19,0.0,2.4926
2023-12-01,2.5951,20.56,62.8,0.82,0.0,2.8495
2023-12-02,2.8579,18.99,63.91,1.13,0.0,2.9366
2023-12-03,2.7934,18.8,59.65,1.21,0.47,2.9849
2023-12-04,2.4785,19.11,62.34,1.11,0.98,2.9381
2023-12-05,3.4346,18.09,58.35,1.74,0.1,3.4409
2023-12-06,3.4651,18.16,52.21,1.27,0.0,3.4759
2023-12-07,3.0362,18.32,50.68,1.27,0.0,3.0828
2023-12-08,3.1351,17.01,51.16,1.79,0.0,3.145
2023-12-09,3.4639,16.11,46.4,2.05,0.0,3.4656
2023-12-10,3.6518,15.25,45.78,2.45,0.0,3.6924
2023-12-11,3.4882,15.48,40.43,1.11,0.0,3.4968
2023-12-12,3.1442,15.92,41.94,0.94,0.0,3.2842
2023-12-13,3.3746,15.54,41.68,1.33,0.0,3.4224
2023-12-14,3.0679,14.26,48.47,2.13,0.0,3.4591
2023-12-15,3.4104,16.05,44.56,1.15,0.0,3.5606
2023-12-16,3.4637,15.46,45.53,1.16,0.0,3.4997
2023-12-17,3.2364,14.65,49.26,1.58,0.0,3.2729
2023-12-18,3.5424,13.86,54.58,2.76,0.0,3.5525
2023-12-19,3.9072,13.17,47.23,2.63,0.0,3.9115
2023-12-20,3.1034,12.97,44.1,1.82,0.0,3.5779
2023-12-21,3.401,13.14,43.66,1.84,0.0,3.607
2023-12-22,3.1469,14.89,41.04,0.96,0.0,3.4159
2023-12-23,2.6981,16.27,43.96,1.43,0.0,2.7473
2023-12-24,2.5402,16.72,51.16,0.93,0.0,2.5879
2023-12-25,2.8267,15.17,54.15,1.7,0.0,2.8673
2023-12-26,2.6172,15.28,55.02,1.47,0.0,3.1829
2023-12-27,2.0484,15.23,55.52,1.02,0.0,3.0478
2023-12-28,1.9092,14.45,58.29,0.84,0.0,3.144
2023-12-29,0.9823,15.35,51.45,0.98,0.0,2.5805
2023-12-30,1.4146,14.8,51.85,1.06,0.0,2.628
2023-12-31,0.6799,13.8,49.72,0.87,0.0,2.5572
