date,ALLSKY_SFC_SW_DWN,T2M,RH2M,WS2M,PRECTOTCORR,CLRSKY_SFC_SW_DWN
2018-01-01,3.9857,18.83,79.28,0.42,0.02,4.0536
2018-01-02,3.5342,16.32,88.55,0.38,0.27,3.9156
2018-01-03,3.6149,15.75,86.36,0.48,2.14,3.8762
2018-01-04,3.2218,14.39,74.91,0.5,0.01,3.7207
2018-01-05,3.9386,14.89,84.4,0.43,0.0,4.128
2018-01-06,3.6523,13.92,79.66,0.51,0.0,3.9806
2018-01-07,3.4783,11.9,69.22,0.53,0.0,3.9329
2018-01-08,3.786,11.55,71.88,0.48,0.0,3.936
2018-01-09,3.9535,12.35,79.39,0.44,0.0,4.0536
2018-01-10,3.9425,12.78,85.46,0.36,0.0,4.0615
2018-01-11,3.5693,13.26,83.59,0.36,0.0,3.9341
2018-01-12,3.6386,15.01,80.36,0.39,0.0,4.0632
2018-01-13,3.4574,14.02,88.59,0.44,0.0,3.9658
2018-01-14,3.2419,15.32,85.51,0.31,0.0,3.6996
2018-01-15,3.0415,15.41,84.06,0.46,0.03,3.5095
2018-01-16,3.3134,14.97,82.1,0.39,0.0,3.5316
2018-01-17,3.546,16.62,83.48,0.38,0.0,3.8078
2018-01-18,3.636,16.22,81.95,0.42,0.0,3.9252
2018-01-19,3.4013,15.91,79.59,0.45,0.0,3.8522
2018-01-20,3.2832,15.67,83.08,0.46,0.0,3.7438
2018-01-21,3.589,15.81,74.67,0.47,0.0,3.7865
2018-01-22,3.8846,16.25,80.89,0.44,0.0,4.0903
2018-01-23,4.1839,16.64,83.71,0.43,0.0,4.3682
2018-01-24,3.7788,16.89,80.55,0.54,0.0,4.1006
2018-01-25,3.479,15.48,71.58,0.66,0.0,3.6286
2018-01-26,3.7387,14.74,71.33,0.47,0.0,3.941
2018-01-27,3.7874,13.49,70.92,0.61,0.0,4.2802
2018-01-28,3.5501,11.77,73.56,0.46,0.0,3.9761
2018-01-29,3.7649,12.52,69.43,0.47,0.0,4.0178
2018-01-30,3.4574,13.2,69.33,0.57,0.0,3.7454
2018-01-31,3.2198,14.53,72.19,0.44,0.0,3.5273
2018-02-01,3.571,15.67,78.09,0.37,0.0,3.8179
2018-02-02,2.4924,16.64,80.86,0.45,0.0,3.269
2018-02-03,2.9851,16.9,82.12,0.54,0.0,3.4574
2018-02-04,2.5308,16.88,78.43,0.8,0.03,3.2796
2018-02-05,2.9806,16.84,76.44,0.52,0.0,3.835
2018-02-06,3.3962,17.48,77.81,0.63,0.0,3.7622
2018-02-07,2.9088,17.8,66.45,0.75,0.0,3.99
2018-02-08,3.6314,17.32,66.87,0.89,0.09,4.356
2018-02-09,4.3956,17.51,64.57,0.96,0.0,4.6063
2018-02-10,3.7603,17.24,66.42,0.82,0.0,4.4909
2018-02-11,4.085,17.18,63.22,0.48,0.0,4.757
2018-02-12,4.8958,18.03,71.75,0.59,0.0,4.9937
2018-02-13,4.8367,19.3,68.51,0.56,0.0,4.987
2018-02-14,3.2398,18.73,69.48,0.9,1.38,4.7117
2018-02-15,4.3889,17.82,72.94,0.78,0.23,4.8326
2018-02-16,5.1384,17.24,74.86,0.58,0.0,5.3006
2018-02-17,4.8288,17.68,68.48,0.59,0.0,5.1278
2018-02-18,4.3087,17.86,67.41,0.81,0.0,4.759
2018-02-19,4.2295,18.06,69.03,0.68,0.0,4.7921
2018-02-20,3.8938,18.51,70.83,0.54,0.0,4.6466
2018-02-21,4.6776,18.93,71.71,0.54,0.0,5.017
2018-02-22,4.5802,18.73,69.57,0.44,0.0,4.9013
2018-02-23,3.3252,19.14,69.84,0.69,0.17,4.2677
2018-02-24,3.7726,20.46,66.72,0.52,0.43,4.308
2018-02-25,3.9732,20.84,71.8,0.53,0.44,4.6829
2018-02-26,2.101,20.33,76.59,0.51,11.46,5.2306
2018-02-27,3.6485,19.81,73.39,0.45,0.14,4.5948
2018-02-28,4.6975,20.34,76.82,0.48,0.0,5.1576
2018-03-01,4.2564,20.68,74.02,0.63,0.0,5.0345
2018-03-02,2.406,20.56,76.03,0.62,14.42,4.7429
2018-03-03,4.2422,21.09,70.01,0.93,2.47,4.9963
2018-03-04,4.0601,21.57,67.44,0.69,0.05,5.3215
2018-03-05,4.6697,21.86,69.23,0.77,2.25,5.256
2018-03-06,5.1595,21.88,57.41,1.19,0.01,5.6304
2018-03-07,5.7914,21.07,50.55,0.7,0.0,6.0746
2018-03-08,6.0005,20.73,58.13,0.62,0.0,6.0406
2018-03-09,5.7758,21.46,68.24,0.55,0.0,5.8781
2018-03-10,5.514,20.75,59.13,0.71,0.0,5.7571
2018-03-11,4.4335,20.47,57.84,0.63,4.58,5.3966
2018-03-12,3.6079,20.8,63.17,0.64,0.77,5.639
2018-03-13,3.5995,21.36,66.02,0.46,0.39,5.0923
2018-03-14,4.6819,21.61,68.72,0.56,0.0,5.1134
2018-03-15,4.6044,22.43,73.02,0.55,1.31,5.0378
2018-03-16,3.744,22.79,69.73,1.22,2.91,4.9843
2018-03-17,5.4317,22.57,65.48,1.09,0.29,5.8586
2018-03-18,6.0998,21.68,58.02,0.95,0.45,6.2964
2018-03-19,6.4322,20.94,56.81,0.56,0.0,6.4668
2018-03-20,6.2239,21.22,60.12,0.52,0.0,6.3329
2018-03-21,5.6885,22.27,62.97,0.5,0.0,5.9959
2018-03-22,5.0971,22.94,63.61,0.53,1.13,5.5142
2018-03-23,5.3201,23.72,64.34,0.76,5.84,5.6069
2018-03-24,4.4854,23.99,66.86,0.75,0.11,5.4374
2018-03-25,5.2646,23.91,68.89,0.56,1.14,5.899
2018-03-26,5.6686,23.96,65.98,0.82,3.15,6.047
2018-03-27,3.3026,22.86,67.43,0.57,5.14,5.1636
2018-03-28,4.9416,23.07,68.78,0.53,0.14,5.3851
2018-03-29,4.1861,23.63,67.4,0.68,4.72,5.3928
2018-03-30,1.9735,23.28,72.07,0.57,8.51,6.0439
2018-03-31,4.2518,23.2,65.61,0.47,3.5,5.699
2018-04-01,5.6753,23.75,64.3,0.61,0.09,6.1798
2018-04-02,5.3657,24.49,65.1,0.49,0.01,6.1985
2018-04-03,5.9638,24.12,68.93,0.49,1.17,6.1896
2018-04-04,6.0422,24.49,65.03,0.67,0.06,6.2242
2018-04-05,5.1463,24.31,68.32,0.78,6.33,6.0876
2018-04-06,4.8581,23.71,73.57,0.49,4.29,5.9426
2018-04-07,5.4919,24.35,72.56,0.49,2.49,6.0619
2018-04-08,2.4329,21.79,86.93,0.48,8.22,5.665
2018-04-09,5.261,23.54,76.66,0.67,12.36,6.1601
2018-04-10,4.542,24.26,75.63,0.71,2.65,6.2626
2018-04-11,2.778,23.73,76.7,0.68,16.86,6.1591
2018-04-12,3.5424,23.75,75.93,0.94,15.62,6.2131
2018-04-13,5.9198,23.92,73.64,0.95,5.02,6.583
2018-04-14,5.1566,24.1,75.57,0.84,9.6,6.1836
2018-04-15,5.5003,24.93,70.82,0.51,0.13,6.2467
2018-04-16,6.1891,26.15,66.35,0.42,1.98,6.427
2018-04-17,5.2123,25.38,72.73,0.44,2.47,6.227
2018-04-18,2.9712,24.92,73.79,0.6,2.62,6.1958
2018-04-19,2.4722,24.71,75.51,0.65,4.09,6.2594
2018-04-20,2.4502,25.28,75.9,0.66,12.03,6.1219
2018-04-21,4.0567,26.07,78.04,1.04,21.58,6.1817
2018-04-22,5.1574,26.12,74.72,0.98,1.87,6.4452
2018-04-23,5.8303,25.48,73.34,0.78,0.76,6.5498
2018-04-24,6.3684,25.08,67.48,0.46,2.01,6.9907
2018-04-25,5.5934,25.38,65.45,0.63,0.14,7.1966
2018-04-26,5.5106,24.75,66.72,0.4,4.92,6.7783
2018-04-27,4.5934,23.99,72.79,0.41,2.17,6.474
2018-04-28,6.1877,25.11,71.61,0.38,4.3,6.6883
2018-04-29,3.9562,24.7,76.41,0.47,19.09,6.5076
2018-04-30,1.9351,25.32,74.58,0.34,13.69,6.5328
2018-05-01,4.9452,25.23,71.8,0.42,6.02,6.7982
2018-05-02,2.1821,24.43,76.86,0.35,2.43,6.6341
2018-05-03,6.3264,24.82,74.22,0.48,10.14,7.0884
2018-05-04,2.3206,23.5,83.66,0.29,9.19,6.8234
2018-05-05,4.825,24.48,81.08,0.64,5.83,6.6072
2018-05-06,3.491,26.14,77.79,0.62,9.44,6.5107
2018-05-07,3.3576,26.43,76.52,0.44,20.23,6.1591
2018-05-08,4.1995,26.5,80.14,0.75,20.42,6.4829
2018-05-09,1.9471,26.56,81.95,0.88,22.62,6.7925
2018-05-10,3.1219,25.15,80.29,0.73,12.9,6.925
2018-05-11,4.1438,25.52,72.49,0.51,1.88,6.4649
2018-05-12,6.3941,26.02,73.98,0.36,1.43,7.2324
2018-05-13,6.4178,25.88,73.23,0.47,1.11,7.3238
2018-05-14,5.2042,25.34,79.68,0.5,0.25,6.8962
2018-05-15,4.7719,25.56,79.73,0.52,0.53,6.8558
2018-05-16,5.1223,25.08,78.83,0.32,7.25,6.7282
2018-05-17,5.3038,26.06,75.15,0.4,3.43,6.9998
2018-05-18,5.5915,25.94,80.27,0.34,2.18,6.8866
2018-05-19,5.4005,26.13,80.74,0.28,1.54,6.8678
2018-05-20,5.6254,26.25,83.5,0.45,6.06,7.0224
2018-05-21,5.7751,27.01,81.63,0.42,2.44,7.013
2018-05-22,4.2072,26.26,87.8,0.39,3.47,6.9737
2018-05-23,4.1153,27.32,80.0,0.45,2.59,6.7889
2018-05-24,2.833,26.37,84.35,0.62,16.92,6.2352
2018-05-25,2.9462,26.97,82.28,0.69,36.39,6.5866
2018-05-26,1.8451,27.56,82.4,0.55,22.58,6.4709
2018-05-27,4.0802,27.86,79.36,0.49,28.84,7.0354
2018-05-28,5.2111,29.14,69.41,0.35,12.75,7.1803
2018-05-29,5.0628,27.99,72.24,0.52,1.56,6.8501
2018-05-30,6.4565,27.69,74.89,0.53,1.92,7.0915
2018-05-31,4.8905,27.54,78.57,0.47,9.16,6.7454
2018-06-01,4.1902,28.02,74.4,0.47,4.88,6.6211
2018-06-02,4.757,27.54,74.57,0.41,4.37,6.8417
2018-06-03,6.1481,27.59,77.84,0.43,0.15,7.0267
2018-06-04,5.371,28.11,77.82,0.32,0.77,7.001
2018-06-05,6.8258,28.49,73.86,0.39,2.43,7.295
2018-06-06,5.778,28.49,81.42,0.47,4.23,7.273
2018-06-07,6.0125,28.71,76.59,0.52,6.65,7.224
2018-06-08,5.4154,27.61,81.9,0.38,0.76,7.2086
2018-06-09,6.7476,27.86,82.02,0.47,1.2,7.351
2018-06-10,6.6893,28.57,78.62,0.8,3.86,7.4477
2018-06-11,5.4425,27.15,83.27,0.82,32.8,7.5929
2018-06-12,3.995,28.03,82.14,0.4,21.02,7.5293
2018-06-13,3.1848,27.48,85.7,0.68,50.94,6.8155
2018-06-14,2.9803,27.64,86.68,0.75,39.57,5.1883
2018-06-15,2.2495,26.96,85.99,0.8,41.71,4.831
2018-06-16,2.5577,26.78,84.58,0.75,21.48,5.8807
2018-06-17,2.4614,27.08,81.49,0.56,14.58,5.7787
2018-06-18,3.5638,27.83,81.61,0.65,8.54,5.9405
2018-06-19,4.3872,28.23,77.6,0.63,0.59,6.6108
2018-06-20,4.1266,28.43,79.19,0.49,0.26,6.1814
2018-06-21,4.9438,28.49,81.29,0.63,5.0,6.3689
2018-06-22,4.8547,28.06,81.01,0.71,13.06,6.5508
2018-06-23,4.9445,28.0,82.79,0.54,20.89,6.427
2018-06-24,4.537,28.17,83.28,0.5,18.43,6.6701
2018-06-25,3.7394,28.77,80.48,0.48,7.3,6.5657
2018-06-26,4.3366,28.33,85.07,0.32,9.01,6.8618
2018-06-27,3.3134,29.3,76.75,0.39,9.97,7.1323
2018-06-28,4.9944,27.08,85.77,0.45,5.84,7.3646
2018-06-29,4.9776,27.39,84.27,0.75,11.81,7.1729
2018-06-30,5.1499,26.41,89.89,0.64,19.98,7.1309
2018-07-01,3.7445,27.06,88.74,0.5,14.06,6.9571
2018-07-02,2.3458,28.19,83.41,0.95,19.37,6.2014
2018-07-03,2.8284,27.45,88.11,0.83,26.17,6.4123
2018-07-04,2.8757,27.77,86.77,0.8,27.52,6.4454
2018-07-05,4.3954,28.59,81.25,0.49,5.28,6.5964
2018-07-06,5.3594,28.86,81.98,0.45,1.03,6.9778
2018-07-07,5.3712,27.5,87.28,0.5,1.94,6.9869
2018-07-08,4.3094,28.83,80.37,0.51,4.91,7.3723
2018-07-09,4.9582,29.44,78.61,0.45,0.75,7.332
2018-07-10,5.6124,28.64,81.14,0.41,4.11,7.3814
2018-07-11,5.7691,29.44,79.47,0.32,5.98,7.2662
2018-07-12,4.8842,27.78,87.72,0.31,6.53,7.2677
2018-07-13,2.5579,27.38,87.3,0.47,9.22,7.2809
2018-07-14,6.1687,29.58,77.7,0.32,5.34,7.3226
2018-07-15,4.6174,29.57,79.58,0.34,12.31,7.0812
2018-07-16,4.7155,28.99,82.76,0.29,4.07,7.1842
2018-07-17,5.3275,28.9,81.49,0.38,3.31,7.2811
2018-07-18,5.5483,28.14,85.27,0.24,3.9,7.3241
2018-07-19,6.8978,30.02,77.96,0.42,1.01,7.4568
2018-07-20,6.4042,30.1,82.53,0.38,3.43,7.2732
2018-07-21,5.5034,29.19,78.08,0.31,17.41,7.3831
2018-07-22,3.8381,27.31,85.82,0.46,9.31,7.2569
2018-07-23,3.8844,28.41,79.33,0.38,9.47,7.129
2018-07-24,5.2502,27.54,86.33,0.53,9.28,7.0313
2018-07-25,4.8384,27.9,83.92,0.32,9.86,7.0721
2018-07-26,4.6464,28.79,80.13,0.34,22.31,7.224
2018-07-27,5.0095,29.24,77.96,0.34,21.08,7.103
2018-07-28,3.4037,28.25,84.31,0.34,25.83,7.1366
2018-07-29,3.1385,28.52,81.31,0.32,8.39,6.6026
2018-07-30,4.259,27.37,87.39,0.27,4.68,6.7524
2018-07-31,4.0738,27.95,83.11,0.3,11.98,6.5002
2018-08-01,4.3594,27.21,85.94,0.45,15.86,7.0332
2018-08-02,2.5975,27.61,83.64,0.51,18.74,6.7414
2018-08-03,5.083,27.09,85.46,0.49,3.56,6.8609
2018-08-04,4.9596,28.35,82.53,0.38,6.11,6.9317
2018-08-05,4.7527,27.09,91.16,0.32,1.9,6.9151
2018-08-06,5.9566,26.69,91.5,0.52,1.92,7.1575
2018-08-07,5.5958,28.92,77.93,0.48,1.49,7.201
2018-08-08,3.4848,26.68,90.31,0.34,7.0,6.8126
2018-08-09,5.4874,28.01,81.21,0.42,2.52,6.5249
2018-08-10,5.3201,28.1,80.84,0.61,0.66,6.7567
2018-08-11,5.6405,27.98,83.43,0.52,4.01,6.8438
2018-08-12,4.2902,27.88,83.49,0.47,18.62,6.6194
2018-08-13,3.3581,26.94,89.85,0.45,22.05,6.6905
2018-08-14,6.1337,28.11,85.5,0.51,1.1,7.0358
2018-08-15,5.8318,28.14,86.24,0.61,10.16,7.1568
2018-08-16,4.4477,28.05,85.34,0.41,10.68,7.0188
2018-08-17,5.7742,28.91,81.5,0.27,1.1,6.8335
2018-08-18,6.1152,29.16,80.57,0.39,0.06,6.9828
2018-08-19,6.8172,29.57,80.92,0.58,4.25,6.9658
2018-08-20,5.4456,29.26,80.96,0.53,4.07,7.0188
2018-08-21,5.4698,28.06,85.52,0.4,4.52,6.8242
2018-08-22,4.6841,28.04,84.39,0.41,4.58,6.8194
2018-08-23,4.0042,28.89,80.83,0.28,4.2,6.7003
2018-08-24,2.6935,27.15,91.71,0.35,32.85,6.5556
2018-08-25,4.9673,28.46,81.56,0.35,10.14,6.7584
2018-08-26,4.4364,27.72,86.18,0.36,6.28,6.8078
2018-08-27,4.5043,28.16,83.48,0.37,44.74,6.6478
2018-08-28,4.3385,27.93,86.17,0.25,11.22,6.7034
2018-08-29,4.7813,27.55,86.46,0.49,3.4,6.7526
2018-08-30,5.125,29.03,76.55,0.36,2.42,6.6017
2018-08-31,5.7722,28.94,81.72,0.29,13.76,6.6809
2018-09-01,4.2329,27.61,87.2,0.4,14.23,6.3914
2018-09-02,4.1734,27.86,82.16,0.45,15.31,6.3958
2018-09-03,4.8742,28.01,83.2,0.39,8.48,6.449
2018-09-04,5.2022,27.08,85.62,0.43,4.64,6.5635
2018-09-05,5.3897,27.59,86.73,0.31,34.77,6.6478
2018-09-06,5.6645,28.91,79.47,0.39,0.91,6.6038
2018-09-07,5.587,28.0,79.59,0.45,0.58,6.6569
2018-09-08,4.8115,27.31,83.65,0.64,5.9,6.3487
2018-09-09,3.7985,26.98,87.56,0.53,15.36,6.1207
2018-09-10,2.6069,25.97,89.88,0.54,17.9,6.1068
2018-09-11,1.5571,26.34,88.34,0.66,37.28,5.9556
2018-09-12,1.8454,26.32,89.7,0.57,16.74,6.1778
2018-09-13,3.9269,26.24,90.27,0.39,19.98,5.9921
2018-09-14,2.7701,26.29,89.1,0.32,13.4,5.7302
2018-09-15,4.6373,27.43,81.65,0.32,2.38,5.851
2018-09-16,5.8008,27.32,82.85,0.32,0.42,6.0701
2018-09-17,5.9158,26.96,84.48,0.31,0.13,6.1788
2018-09-18,5.7413,27.52,82.77,0.29,0.09,6.0799
2018-09-19,4.8461,26.4,89.62,0.42,0.2,6.2126
2018-09-20,3.5282,26.84,85.82,0.36,1.33,6.1642
2018-09-21,3.2513,27.1,85.08,0.32,13.27,6.2724
2018-09-22,5.5709,26.39,84.06,0.59,0.1,6.1562
2018-09-23,4.4909,26.59,83.6,0.48,0.05,5.951
2018-09-24,2.1156,26.03,86.87,0.57,3.99,5.8198
2018-09-25,1.3294,26.14,86.97,0.69,9.87,5.2759
2018-09-26,2.9657,26.3,84.64,0.53,2.22,5.405
2018-09-27,3.8278,25.99,82.58,0.45,2.42,5.3604
2018-09-28,3.2165,25.8,83.03,0.45,0.66,5.3777
2018-09-29,4.3368,26.6,82.59,0.3,3.33,5.1859
2018-09-30,4.1268,26.26,83.51,0.43,6.96,5.213
2018-10-01,3.9427,25.55,81.5,0.42,0.28,5.1833
2018-10-02,4.493,25.11,83.77,0.44,3.13,5.5111
2018-10-03,4.0409,25.46,77.86,0.33,0.32,5.4533
2018-10-04,5.3333,25.78,75.06,0.35,0.0,5.6282
2018-10-05,5.472,25.82,76.18,0.38,0.08,5.646
2018-10-06,5.1926,25.3,79.41,0.34,0.16,5.4528
2018-10-07,4.9404,24.61,79.53,0.36,0.08,5.323
2018-10-08,5.0107,23.98,80.43,0.46,2.99,5.4096
2018-10-09,5.0676,23.34,81.12,0.34,0.76,5.347
2018-10-10,4.8192,23.03,82.23,0.44,0.88,5.5634
2018-10-11,3.8822,23.57,84.98,0.39,4.3,5.37
2018-10-12,2.1228,23.21,84.91,0.34,6.82,5.3585
2018-10-13,4.2835,22.67,86.89,0.41,7.66,5.2922
2018-10-14,4.0078,22.72,86.25,0.4,2.65,5.2867
2018-10-15,4.6423,21.85,84.6,0.51,1.15,5.2248
2018-10-16,4.8466,21.77,74.45,0.35,0.0,5.31
2018-10-17,5.0386,21.45,80.26,0.38,0.06,5.2522
2018-10-18,2.8318,21.9,83.55,0.45,0.16,4.8994
2018-10-19,3.5518,22.45,78.86,0.39,0.0,4.8115
2018-10-20,4.6037,22.85,78.5,0.39,0.0,4.9042
2018-10-21,5.0179,23.02,80.22,0.4,0.0,5.1569
2018-10-22,5.1194,23.65,78.35,0.45,0.0,5.255
2018-10-23,5.1175,22.87,82.9,0.41,0.0,5.2826
2018-10-24,4.9714,21.97,82.01,0.34,0.05,5.2546
2018-10-25,5.1437,22.66,76.88,0.35,0.0,5.2368
2018-10-26,5.1814,22.59,78.79,0.55,0.0,5.2006
2018-10-27,5.1494,22.74,80.8,0.45,0.24,5.179
2018-10-28,4.5134,23.02,79.27,0.42,0.31,4.9642
2018-10-29,4.2514,23.06,75.51,0.47,0.06,5.0585
2018-10-30,4.9238,22.59,82.75,0.47,0.01,5.0294
2018-10-31,5.0102,22.62,82.29,0.56,0.63,5.045
2018-11-01,5.0323,23.7,77.03,0.46,0.01,5.0515
2018-11-02,4.902,22.62,80.94,0.38,1.63,5.0038
2018-11-03,4.3841,22.05,82.89,0.43,0.14,4.7606
2018-11-04,3.0094,21.16,85.95,0.56,2.79,4.0421
2018-11-05,2.7221,21.07,87.76,0.57,3.37,3.7392
2018-11-06,3.509,20.77,86.9,0.56,2.25,4.0354
2018-11-07,3.6022,19.26,72.41,0.45,0.0,4.2137
2018-11-08,4.5079,19.19,78.92,0.56,0.0,4.637
2018-11-09,4.5862,19.99,76.3,0.47,0.0,4.6193
2018-11-10,4.6423,20.08,76.42,0.45,0.0,4.6709
2018-11-11,4.633,20.23,77.57,0.42,0.0,4.6716
2018-11-12,4.5142,20.4,80.32,0.44,0.0,4.6154
2018-11-13,4.5187,19.72,85.34,0.29,0.0,4.699
2018-11-14,4.0181,19.55,82.58,0.36,0.02,4.5199
2018-11-15,2.7125,19.31,84.97,0.4,1.01,3.7678
2018-11-16,2.6957,19.58,81.35,0.54,0.16,3.419
2018-11-17,3.0146,19.11,83.97,0.55,0.1,3.2714
2018-11-18,3.5054,17.76,75.82,0.33,0.0,3.8803
2018-11-19,3.7982,17.93,77.48,0.48,0.0,4.044
2018-11-20,3.8887,17.46,82.92,0.32,0.0,4.1071
2018-11-21,3.9168,17.73,82.79,0.37,0.0,4.0565
2018-11-22,4.169,18.43,82.16,0.5,0.0,4.2048
2018-11-23,4.236,18.54,81.58,0.36,0.0,4.2754
2018-11-24,4.1712,18.75,85.15,0.35,0.0,4.2158
2018-11-25,4.344,18.68,83.44,0.44,0.0,4.3771
2018-11-26,4.3704,19.1,77.75,0.48,0.0,4.405
2018-11-27,4.3843,19.13,79.23,0.45,0.0,4.4066
2018-11-28,4.3764,18.89,76.22,0.44,0.0,4.4028
2018-11-29,4.2802,18.82,72.38,0.49,0.0,4.3164
2018-11-30,4.3075,17.91,80.14,0.4,0.0,4.3464
2018-12-01,4.0447,17.99,78.29,0.42,0.0,4.2516
2018-12-02,4.0694,17.78,83.48,0.33,0.0,4.2055
2018-12-03,3.8215,17.62,81.47,0.4,0.0,4.0154
2018-12-04,4.1335,17.45,82.65,0.43,0.0,4.2089
2018-12-05,3.906,17.25,82.85,0.49,0.0,4.1657
2018-12-06,3.798,18.04,81.76,0.43,0.0,4.0687
2018-12-07,3.7702,17.22,85.07,0.4,0.0,4.0702
2018-12-08,4.0757,16.76,82.85,0.43,0.0,4.146
2018-12-09,4.1609,16.99,80.76,0.5,0.0,4.193
2018-12-10,4.187,17.43,78.0,0.58,0.0,4.2132
2018-12-11,4.0891,17.49,76.49,0.53,0.0,4.2005
2018-12-12,4.0438,18.08,75.18,0.55,0.0,4.0985
2018-12-13,3.9562,17.54,74.18,0.6,0.0,3.9694
2018-12-14,3.7344,17.2,79.26,0.35,0.0,3.8686
2018-12-15,3.8431,17.77,78.06,0.39,0.0,3.8858
2018-12-16,2.8963,17.55,76.27,0.53,0.0,4.0056
2018-12-17,2.0023,17.81,78.96,0.41,0.08,4.1206
2018-12-18,0.6718,15.48,95.02,0.52,19.41,3.9936
2018-12-19,2.5363,16.2,86.31,0.38,0.72,4.1467
2018-12-20,3.39,15.74,82.05,0.48,0.0,4.0661
2018-12-21,3.3295,15.09,88.46,0.39,0.0,4.043
2018-12-22,3.7303,16.32,81.39,0.4,0.0,3.9698
2018-12-23,4.0128,16.32,78.21,0.47,0.0,4.1011
2018-12-24,3.9941,15.41,82.81,0.37,0.0,4.1988
2018-12-25,3.4574,14.62,87.72,0.41,0.0,3.9144
2018-12-26,3.1622,13.7,85.09,0.35,0.0,3.7291
2018-12-27,3.5971,13.87,82.58,0.34,0.0,3.9756
2018-12-28,1.9742,14.08,78.94,0.39,0.34,3.9509
2018-12-29,3.6826,12.68,66.69,0.47,0.0,3.7349
2018-12-30,4.2406,13.02,77.56,0.55,0.0,4.2744
2018-12-31,4.2905,14.39,69.68,0.55,0.0,4.3159
2019-01-01,4.2509,14.72,70.79,0.53,0.0,4.2734
2019-01-02,4.1683,14.65,68.9,0.5,0.0,4.2307
2019-01-03,3.8724,14.32,79.22,0.4,0.0,4.0901
2019-01-04,3.547,13.66,80.07,0.4,0.0,3.8522
2019-01-05,4.1777,13.85,78.22,0.59,0.0,4.2413
2019-01-06,4.0658,14.83,74.22,0.64,0.0,4.2907
2019-01-07,4.375,15.91,72.17,0.6,0.0,4.3877
2019-01-08,4.2276,15.4,79.43,0.44,0.0,4.2715
2019-01-09,3.8366,15.28,75.03,0.35,0.03,3.9972
2019-01-10,3.432,14.4,78.75,0.43,0.19,3.7303
2019-01-11,4.159,14.67,77.36,0.55,0.0,4.2139
2019-01-12,4.2754,14.83,71.18,0.59,0.0,4.3135
2019-01-13,4.3608,15.48,69.95,0.47,0.0,4.3807
2019-01-14,4.1741,15.1,79.41,0.44,0.0,4.2569
2019-01-15,3.6082,14.47,73.78,0.43,0.0,3.7954
2019-01-16,4.2082,14.33,76.7,0.5,0.0,4.295
2019-01-17,4.3781,16.16,70.96,0.59,0.0,4.4189
2019-01-18,4.3272,15.07,74.75,0.44,0.0,4.3608
2019-01-19,4.3066,14.93,75.45,0.45,0.0,4.3997
2019-01-20,4.2211,15.12,76.4,0.46,0.0,4.3294
2019-01-21,4.3577,15.99,71.71,0.55,0.0,4.3858
2019-01-22,4.3579,16.5,71.86,0.53,0.0,4.5252
2019-01-23,4.493,16.27,76.14,0.51,0.0,4.5274
2019-01-24,4.189,16.11,80.46,0.39,0.0,4.2854
2019-01-25,4.2182,17.46,70.56,0.51,0.0,4.2797
2019-01-26,3.8165,17.39,74.77,0.42,0.0,4.3812
2019-01-27,3.6864,17.59,74.75,0.47,0.0,4.3637
2019-01-28,4.2233,16.87,78.06,0.46,0.0,4.361
2019-01-29,2.149,15.38,76.46,0.56,0.31,4.0613
2019-01-30,4.3603,13.59,63.73,0.59,0.0,4.5187
2019-01-31,4.8106,14.3,71.12,0.68,0.0,4.8439
2019-02-01,4.1376,15.82,68.69,0.57,0.0,4.9699
2019-02-02,4.9303,16.23,68.62,0.48,0.0,4.9462
2019-02-03,4.6543,15.87,70.7,0.44,0.0,4.8358
2019-02-04,4.4587,15.61,67.36,0.53,0.0,4.6726
2019-02-05,4.2986,15.91,69.59,0.43,0.0,4.6997
2019-02-06,4.0961,16.05,68.13,0.45,0.0,4.5631
2019-02-07,4.2312,16.33,67.9,0.5,0.0,4.5444
2019-02-08,2.9705,18.21,70.06,0.4,0.03,4.5014
2019-02-09,2.9124,16.62,85.02,0.65,3.89,4.495
2019-02-10,4.2413,15.72,75.54,0.7,0.02,4.7974
2019-02-11,4.8202,15.66,70.64,0.56,0.0,5.059
2019-02-12,5.1698,17.42,68.53,0.61,0.0,5.2548
2019-02-13,5.0599,18.41,68.85,0.52,0.0,5.2644
2019-02-14,4.5662,19.16,69.15,0.53,0.0,5.1862
2019-02-15,4.4203,19.11,71.6,0.5,0.0,4.8466
2019-02-16,1.3363,17.99,71.97,0.75,1.96,4.6171
2019-02-17,4.1102,16.62,77.11,1.04,3.15,4.7146
2019-02-18,2.5841,15.49,72.32,0.7,1.84,4.5329
2019-02-19,2.9054,15.79,65.94,0.81,0.07,4.8564
2019-02-20,3.1954,17.91,63.45,0.7,0.0,4.6164
2019-02-21,3.7109,17.24,71.9,0.55,0.0,4.4225
2019-02-22,4.3766,17.84,72.14,0.52,0.0,4.6411
2019-02-23,3.8215,19.67,67.45,0.82,0.17,4.9942
2019-02-24,4.885,18.48,60.52,0.93,0.0,5.551
2019-02-25,4.2588,17.59,57.07,0.64,0.08,5.4595
2019-02-26,4.7304,18.3,64.96,0.73,0.01,5.5416
2019-02-27,2.9566,18.45,74.35,0.43,1.58,5.2234
2019-02-28,1.423,16.7,84.9,0.67,16.47,5.1989
2019-03-01,5.135,15.49,63.21,0.91,0.0,5.9165
2019-03-02,5.819,15.65,64.32,0.53,0.0,6.0511
2019-03-03,5.6364,17.31,67.81,0.52,0.0,5.9318
2019-03-04,4.0598,17.62,68.04,0.8,0.66,4.9154
2019-03-05,3.9598,18.2,80.33,0.77,5.56,4.3661
2019-03-06,4.1582,18.38,75.64,0.72,2.06,5.0623
2019-03-07,5.0266,18.08,66.5,0.86,0.0,5.4785
2019-03-08,5.6354,16.78,62.12,0.75,0.0,6.0178
2019-03-09,4.8223,17.42,57.42,0.73,0.0,5.7521
2019-03-10,4.3217,18.72,62.04,0.71,0.0,5.4936
2019-03-11,4.3886,19.39,70.98,0.59,0.0,5.3174
2019-03-12,4.9889,20.65,60.93,0.88,0.0,5.8834
2019-03-13,5.549,21.15,56.09,0.7,0.0,5.9981
2019-03-14,5.3921,21.96,57.16,0.65,0.0,5.7406
2019-03-15,5.4278,22.47,58.21,0.77,0.0,5.7588
2019-03-16,5.9942,23.42,56.27,1.22,0.0,6.1601
2019-03-17,5.6239,23.03,50.62,0.88,0.01,6.0377
2019-03-18,4.2902,21.28,57.54,0.6,0.45,5.825
2019-03-19,4.7028,20.84,65.46,0.69,1.7,5.7806
2019-03-20,4.7369,20.85,55.25,0.77,0.0,6.0262
2019-03-21,5.1845,21.33,51.83,0.72,0.03,6.133
2019-03-22,5.6035,22.2,58.25,0.79,0.62,5.9674
2019-03-23,5.5022,23.03,61.61,0.95,0.34,6.1462
2019-03-24,5.1614,21.95,47.44,0.7,0.0,6.4334
2019-03-25,5.2416,22.26,49.77,0.62,0.0,6.3012
2019-03-26,4.3068,22.56,59.01,0.56,8.32,6.1258
2019-03-27,5.461,21.69,62.48,0.85,1.07,6.3977
2019-03-28,6.6809,22.27,62.02,0.57,0.0,6.732
2019-03-29,6.054,23.46,63.2,0.58,0.01,6.3324
2019-03-30,2.0066,24.11,65.1,0.49,3.09,5.3328
2019-03-31,1.457,23.73,77.18,0.52,22.29,5.0381
2019-04-01,4.5826,23.65,76.05,0.6,7.48,6.1745
2019-04-02,5.196,23.12,75.62,0.71,4.37,6.1788
2019-04-03,4.7114,23.19,70.1,0.53,0.11,6.2522
2019-04-04,2.226,23.06,70.75,0.5,2.05,5.8961
2019-04-05,3.6629,22.95,72.21,0.56,0.78,5.6748
2019-04-06,4.6046,23.83,70.95,0.51,13.5,5.8361
2019-04-07,2.214,22.56,80.05,0.41,12.68,6.042
2019-04-08,4.8758,23.13,73.45,0.62,1.76,6.2654
2019-04-09,1.7297,20.72,85.87,0.6,24.58,6.0931
2019-04-10,5.6381,22.98,73.03,0.42,0.04,6.6605
2019-04-11,6.5136,24.07,70.86,0.48,0.51,7.0142
2019-04-12,6.5806,25.61,69.28,0.42,0.13,6.8724
2019-04-13,6.2599,25.22,72.17,0.44,1.76,6.7466
2019-04-14,3.2076,25.84,69.65,0.55,11.69,6.1291
2019-04-15,3.4841,25.59,70.27,0.45,17.45,6.569
2019-04-16,3.8954,25.7,73.57,0.52,20.63,6.3766
2019-04-17,5.6414,25.17,78.73,0.54,6.73,6.6554
2019-04-18,5.7432,25.01,67.53,0.94,0.0,6.9442
2019-04-19,6.409,24.89,65.66,0.84,0.0,7.0793
2019-04-20,6.0528,24.37,62.67,0.68,1.91,6.887
2019-04-21,3.565,24.1,67.12,0.5,12.32,6.6499
2019-04-22,3.4044,25.08,64.27,0.49,1.9,6.8066
2019-04-23,6.3343,24.76,68.1,0.57,1.72,6.9185
2019-04-24,6.612,26.07,66.8,0.52,2.19,6.9031
2019-04-25,6.7356,26.55,68.24,0.56,0.27,6.9002
2019-04-26,5.3928,27.6,66.68,0.58,2.64,6.3192
2019-04-27,4.229,27.29,70.38,0.51,15.89,5.5351
2019-04-28,2.5668,26.84,76.57,0.75,20.79,6.1433
2019-04-29,2.8889,26.73,75.56,0.59,14.62,6.6355
2019-04-30,3.0458,26.83,77.03,0.56,14.44,6.5518
2019-05-01,3.7176,26.56,80.0,0.98,41.76,6.7406
2019-05-02,5.4876,26.93,76.46,0.97,12.92,7.0118
2019-05-03,1.9027,25.7,80.74,0.51,13.98,7.1551
2019-05-04,1.0478,24.7,85.69,1.16,95.94,6.9317
2019-05-05,4.1686,24.37,79.27,1.2,6.97,6.8302
2019-05-06,6.6106,25.91,75.39,0.92,2.35,7.344
2019-05-07,4.044,26.39,70.49,0.44,1.07,6.7584
2019-05-08,4.1237,26.57,73.95,0.62,7.61,6.8066
2019-05-09,4.2295,27.14,77.19,0.58,5.36,6.6528
2019-05-10,3.8494,28.02,75.81,0.45,6.59,6.7457
2019-05-11,4.9711,27.24,81.05,0.57,10.8,6.6115
2019-05-12,5.3179,26.89,80.65,0.71,6.08,6.743
2019-05-13,5.2889,26.64,79.48,0.75,5.97,6.9502
2019-05-14,5.5075,26.91,73.65,0.54,9.89,6.8011
2019-05-15,4.4381,25.87,75.77,0.5,9.89,6.7111
2019-05-16,5.1362,26.3,76.48,0.38,7.5,6.6662
2019-05-17,3.8414,26.35,79.28,0.65,29.5,6.7291
2019-05-18,3.9067,26.67,80.27,0.74,12.78,6.8887
2019-05-19,5.9534,26.71,81.45,0.67,5.67,7.1057
2019-05-20,5.2538,26.58,77.0,0.49,1.99,6.8501
2019-05-21,4.0243,26.65,78.79,0.48,15.1,6.3641
2019-05-22,4.1446,28.16,73.6,0.47,18.04,6.6667
2019-05-23,2.5474,25.78,82.84,0.39,14.26,6.4786
2019-05-24,2.4756,26.64,80.24,0.51,11.46,5.8418
2019-05-25,2.4329,26.09,83.25,0.51,27.03,6.0828
2019-05-26,5.6842,26.41,79.28,0.75,8.14,6.7872
2019-05-27,3.6758,27.61,71.55,0.35,7.4,6.7003
2019-05-28,3.3355,27.95,68.9,0.47,3.32,6.9895
2019-05-29,5.023,27.5,71.94,0.46,8.23,6.9413
2019-05-30,2.7883,27.71,72.49,0.45,6.64,7.1659
2019-05-31,3.4111,27.13,76.7,0.55,8.88,6.7898
2019-06-01,5.7972,26.88,77.43,0.39,1.42,6.6149
2019-06-02,4.0704,27.71,75.31,0.36,1.79,7.1138
2019-06-03,4.415,26.94,80.5,0.27,26.56,6.9624
2019-06-04,4.0001,26.55,82.41,0.35,22.93,6.8107
2019-06-05,6.0485,26.43,83.7,0.52,7.07,6.9554
2019-06-06,5.5382,26.24,86.59,0.19,1.14,7.0685
2019-06-07,4.8833,27.47,81.59,0.34,4.1,6.8784
2019-06-08,5.531,28.22,76.62,0.48,4.7,7.1945
2019-06-09,5.7271,28.58,79.18,0.53,7.42,7.4522
2019-06-10,5.5625,29.16,77.07,0.52,5.23,7.4186
2019-06-11,4.2934,28.34,80.9,0.37,17.48,7.3358
2019-06-12,6.1382,29.92,74.64,0.33,1.96,7.2842
2019-06-13,6.8988,29.71,78.3,0.38,2.18,7.3846
2019-06-14,3.431,28.17,85.83,0.34,11.3,7.3332
2019-06-15,3.6103,28.09,82.66,0.6,8.06,6.5897
2019-06-16,3.1042,28.08,82.5,0.63,20.6,6.33
2019-06-17,3.269,29.08,80.31,0.56,16.72,6.3026
2019-06-18,4.9699,29.3,77.47,0.43,2.65,7.0769
2019-06-19,6.4066,29.37,77.9,0.36,0.47,7.2086
2019-06-20,4.4117,27.36,86.45,0.44,2.56,7.1244
2019-06-21,2.616,28.48,80.74,0.4,6.99,7.3862
2019-06-22,6.5448,28.62,81.3,0.44,7.5,7.4686
2019-06-23,6.0886,28.63,78.86,0.79,1.45,7.332
2019-06-24,5.509,28.81,80.67,0.94,5.18,7.3382
2019-06-25,2.6321,28.28,85.37,0.75,23.54,7.265
2019-06-26,1.9339,27.59,89.29,0.85,43.97,6.9161
2019-06-27,2.3974,27.43,88.99,0.94,54.65,6.2887
2019-06-28,2.6791,28.69,82.73,0.72,24.71,6.2777
2019-06-29,3.559,28.6,78.99,0.31,3.08,7.0214
2019-06-30,5.857,30.11,75.16,0.35,1.34,7.1923
2019-07-01,5.9316,30.24,79.13,0.48,13.81,7.4486
2019-07-02,5.111,30.01,76.41,0.39,4.42,7.4846
2019-07-03,5.3698,29.32,76.6,0.32,6.38,7.3579
2019-07-04,5.6376,30.13,76.77,0.32,6.28,7.452
2019-07-05,4.6195,27.75,90.77,0.32,15.21,7.2014
2019-07-06,5.3942,28.33,85.64,0.5,27.21,7.4436
2019-07-07,3.9127,29.21,81.65,0.42,12.17,7.0946
2019-07-08,1.3687,28.59,84.86,0.3,51.57,7.2024
2019-07-09,2.6143,28.32,84.07,0.4,101.22,7.1645
2019-07-10,1.5586,27.26,91.44,0.6,45.78,7.0058
2019-07-11,1.8593,26.81,93.82,0.55,32.97,6.473
2019-07-12,2.317,26.61,92.31,0.69,16.2,6.1613
2019-07-13,2.9167,26.76,89.42,0.81,23.7,6.2774
2019-07-14,1.631,26.37,90.63,0.49,35.58,6.1848
2019-07-15,1.4981,26.65,89.25,0.97,34.35,6.1795
2019-07-16,5.2066,27.36,82.85,0.59,10.43,6.3254
2019-07-17,5.2171,28.47,76.34,0.47,0.74,6.8618
2019-07-18,6.0242,29.29,76.81,0.39,0.44,6.8318
2019-07-19,5.7226,28.78,79.43,0.47,2.16,6.6744
2019-07-20,5.7722,27.96,84.2,0.7,2.2,7.0915
2019-07-21,4.3346,27.87,84.92,0.77,6.27,7.0565
2019-07-22,2.1281,26.72,89.73,0.51,19.05,6.9132
2019-07-23,1.6769,26.79,86.12,0.63,25.27,6.997
2019-07-24,3.5191,27.13,87.35,0.58,4.62,6.5472
2019-07-25,4.7614,27.46,86.04,0.38,4.76,6.8174
2019-07-26,4.9882,27.16,87.7,0.44,7.86,6.9984
2019-07-27,4.2036,28.77,77.93,0.43,10.42,6.9895
2019-07-28,5.9592,28.52,80.92,0.34,1.16,7.3814
2019-07-29,5.8692,27.3,84.16,0.55,4.73,7.2451
2019-07-30,5.6398,27.04,84.3,0.47,5.21,7.0805
2019-07-31,3.6526,27.53,81.38,0.48,19.61,6.8328
2019-08-01,5.0138,28.0,81.11,0.31,33.36,7.1844
2019-08-02,6.0725,27.04,88.86,0.37,9.79,7.2672
2019-08-03,5.5025,29.16,81.73,0.39,2.73,7.3013
2019-08-04,5.0621,29.48,79.14,0.33,0.43,7.2245
2019-08-05,6.5093,28.68,86.22,0.52,0.56,7.2722
2019-08-06,6.1212,27.88,89.97,0.68,1.4,7.1035
2019-08-07,6.577,28.5,84.18,0.72,3.08,7.3447
2019-08-08,5.6273,27.99,81.2,0.47,10.37,7.2502
2019-08-09,5.869,28.97,79.12,0.4,4.65,7.2468
2019-08-10,5.4511,28.12,83.68,0.36,0.97,6.9173
2019-08-11,6.6847,29.75,75.99,0.43,0.43,7.1681
2019-08-12,5.755,30.52,76.57,0.57,2.31,7.0992
2019-08-13,6.0924,28.24,83.74,0.39,11.12,6.9734
2019-08-14,5.3486,28.36,83.18,0.33,20.78,6.8196
2019-08-15,5.0736,27.57,83.78,0.59,8.39,6.619
2019-08-16,3.391,28.24,85.5,0.48,11.88,6.7634
2019-08-17,5.4989,28.71,82.11,0.31,6.9,6.737
2019-08-18,5.3191,27.84,85.9,0.58,2.93,6.7973
2019-08-19,4.553,27.83,82.09,0.67,0.59,6.7126
2019-08-20,5.0052,27.73,86.13,0.49,2.83,6.5302
2019-08-21,5.2925,29.26,75.67,0.29,0.57,6.3494
2019-08-22,5.2495,29.3,77.99,0.28,5.76,6.4838
2019-08-23,3.2352,28.27,86.29,0.31,4.64,6.4514
2019-08-24,5.5246,27.62,85.15,0.58,17.37,6.773
2019-08-25,6.2707,29.0,78.48,0.45,8.47,6.9492
2019-08-26,6.2537,29.53,78.48,0.32,0.41,6.7882
2019-08-27,5.8248,30.25,75.85,0.32,1.13,6.6478
2019-08-28,2.9213,28.71,84.32,0.3,4.19,6.4978
2019-08-29,5.67,28.8,81.53,0.34,0.82,6.6898
2019-08-30,5.3054,28.77,83.36,0.37,2.19,6.6269
2019-08-31,3.3086,27.81,87.16,0.3,19.78,6.5071
2019-09-01,6.1291,27.39,84.1,0.49,0.58,6.7183
2019-09-02,5.2025,29.18,78.54,0.37,7.92,6.6658
2019-09-03,5.8644,27.76,88.67,0.46,5.49,6.6547
2019-09-04,4.1374,26.81,89.36,0.44,20.58,6.6216
2019-09-05,3.9778,27.03,88.97,0.26,9.71,6.479
2019-09-06,5.3105,29.15,75.81,0.33,2.63,6.6674
2019-09-07,3.9982,28.25,82.65,0.28,11.27,6.5942
2019-09-08,2.7593,28.49,81.4,0.36,10.75,6.5148
2019-09-09,3.9319,28.19,83.37,0.46,4.24,6.276
2019-09-10,3.8616,26.94,90.31,0.39,12.77,6.3996
2019-09-11,3.3766,28.52,84.03,0.28,6.3,6.2618
2019-09-12,3.1915,27.25,88.05,0.32,28.02,6.223
2019-09-13,1.8768,26.89,88.78,0.53,58.65,6.001
2019-09-14,3.5066,27.08,85.26,0.46,10.66,6.1066
2019-09-15,4.5266,27.28,83.67,0.41,4.47,6.2779
2019-09-16,3.1608,27.63,82.98,0.28,16.32,6.1282
2019-09-17,3.4092,26.76,83.97,0.35,7.44,6.005
2019-09-18,4.9778,27.49,79.26,0.34,5.84,6.1349
2019-09-19,5.4708,27.93,79.82,0.31,0.79,6.1174
2019-09-20,5.3402,26.95,81.67,0.35,0.64,6.0139
2019-09-21,5.1871,27.06,82.81,0.3,1.49,6.0574
2019-09-22,4.5638,26.66,87.06,0.32,7.06,6.0034
2019-09-23,2.7394,25.54,87.73,0.27,20.09,5.8399
2019-09-24,1.7443,25.6,84.53,0.31,21.72,5.5253
2019-09-25,1.7023,24.4,88.57,0.34,32.4,5.8704
2019-09-26,3.6086,24.71,84.66,0.41,6.24,6.0588
2019-09-27,4.4966,25.35,83.73,0.36,3.35,5.9892
2019-09-28,3.7411,24.44,89.86,0.4,5.47,6.0518
2019-09-29,3.4354,23.31,90.45,0.29,17.11,5.8409
2019-09-30,2.0695,23.71,87.43,0.32,6.76,5.6146
2019-10-01,2.9474,24.51,86.98,0.34,34.13,5.5063
2019-10-02,4.4134,27.64,77.26,0.32,15.23,5.6405
2019-10-03,4.7923,25.33,86.33,0.34,1.76,5.5082
2019-10-04,4.1266,25.67,83.22,0.39,2.96,5.4715
2019-10-05,4.2492,25.97,84.35,0.37,5.6,5.3777
2019-10-06,4.5187,25.69,85.49,0.34,1.13,5.3203
2019-10-07,4.3025,26.35,81.35,0.27,3.9,5.3446
2019-10-08,1.7578,23.79,93.21,0.25,12.49,5.4451
2019-10-09,3.3432,23.77,88.27,0.35,6.32,5.6131
2019-10-10,4.6793,23.99,84.9,0.43,5.12,5.4535
2019-10-11,4.3658,24.39,84.69,0.45,1.67,5.429
2019-10-12,3.6658,23.6,82.94,0.41,0.13,5.4828
2019-10-13,5.016,23.65,82.15,0.35,0.0,5.5174
2019-10-14,5.5066,24.59,79.55,0.51,0.0,5.603
2019-10-15,5.4281,24.96,80.02,0.41,0.31,5.4792
2019-10-16,5.2673,24.58,84.71,0.32,0.41,5.4391
2019-10-17,5.3244,24.47,79.32,0.38,1.0,5.3966
2019-10-18,5.1307,24.62,75.94,0.38,0.03,5.2579
2019-10-19,4.8595,24.47,78.06,0.35,0.09,5.2195
2019-10-20,4.2845,23.58,80.93,0.32,0.02,4.9728
2019-10-21,2.5838,23.23,84.41,0.58,0.09,4.59
2019-10-22,3.7637,22.79,84.19,0.59,0.02,4.5485
2019-10-23,3.48,21.69,78.14,0.4,0.19,4.7719
2019-10-24,1.9606,20.43,89.82,0.31,6.75,4.6399
2019-10-25,1.4738,20.97,90.65,0.47,30.45,5.094
2019-10-26,2.6611,21.24,93.7,0.37,72.81,4.8012
2019-10-27,2.9698,22.22,86.19,0.39,0.03,4.8348
2019-10-28,4.2725,21.37,85.86,0.44,0.0,5.0633
2019-10-29,4.8794,23.05,82.5,0.4,0.0,5.0506
2019-10-30,4.6853,23.81,81.15,0.39,0.0,4.9416
2019-10-31,4.4614,24.07,80.74,0.37,0.0,4.8854
2019-11-01,4.8986,22.96,86.43,0.46,0.0,4.9759
2019-11-02,5.0002,23.11,82.99,0.47,0.0,5.0242
2019-11-03,4.7657,23.11,83.24,0.46,0.0,4.8864
2019-11-04,4.6282,23.32,81.0,0.32,0.01,4.793
2019-11-05,4.3846,22.11,85.67,0.38,1.0,4.7254
2019-11-06,3.815,21.96,79.11,0.35,0.88,4.4962
2019-11-07,4.4568,21.8,83.38,0.44,0.02,4.6562
2019-11-08,4.2658,22.85,82.48,0.41,0.04,4.697
2019-11-09,3.1903,22.44,88.51,0.28,5.49,4.2787
2019-11-10,2.0436,21.74,89.49,0.4,1.54,4.4244
2019-11-11,4.0646,21.5,88.2,0.37,0.18,4.5029
2019-11-12,3.9307,21.52,86.77,0.44,0.01,4.476
2019-11-13,4.3133,21.07,86.78,0.4,0.0,4.5168
2019-11-14,4.56,22.01,84.02,0.48,0.01,4.6303
2019-11-15,4.452,22.32,83.67,0.34,0.0,4.5775
2019-11-16,3.8006,21.41,83.57,0.44,0.0,4.4141
2019-11-17,3.2107,20.62,87.04,0.48,0.0,4.013
2019-11-18,3.2556,19.85,85.51,0.4,0.0,3.8657
2019-11-19,2.7869,19.66,83.57,0.48,2.87,3.9542
2019-11-20,2.7701,19.84,85.33,0.43,1.06,4.0015
2019-11-21,4.3279,19.52,81.84,0.36,0.0,4.3867
2019-11-22,4.2458,19.8,79.97,0.38,0.0,4.3733
2019-11-23,3.8522,19.74,85.03,0.3,0.0,4.3459
2019-11-24,3.6391,19.62,88.11,0.35,0.0,4.0946
2019-11-25,3.0689,19.22,89.47,0.38,0.0,4.147
2019-11-26,3.9072,20.68,78.79,0.35,0.0,4.2134
2019-11-27,4.2149,20.82,80.07,0.57,0.0,4.2679
2019-11-28,4.2396,20.5,79.75,0.47,0.0,4.2773
2019-11-29,4.1609,19.85,81.5,0.4,0.0,4.2994
2019-11-30,3.7106,19.31,86.48,0.44,0.06,4.1035
2019-12-01,3.0226,18.47,84.11,0.46,0.11,3.6574
2019-12-02,3.5993,18.22,83.13,0.34,0.0,3.8851
2019-12-03,3.9134,17.85,81.81,0.5,0.0,4.1518
2019-12-04,4.1074,16.9,82.38,0.45,0.0,4.1741
2019-12-05,4.3534,16.45,80.37,0.52,0.0,4.3692
2019-12-06,4.2504,16.83,74.71,0.53,0.0,4.3193
2019-12-07,4.139,17.68,77.31,0.46,0.0,4.2384
2019-12-08,4.1162,18.44,78.24,0.38,0.0,4.1297
2019-12-09,3.9636,18.26,78.2,0.41,0.0,4.0625
2019-12-10,3.6828,17.65,83.41,0.43,0.0,3.7889
2019-12-11,3.1068,17.37,86.28,0.42,0.0,3.4558
2019-12-12,3.1298,16.46,86.58,0.38,0.0,3.7056
2019-12-13,3.0187,17.25,80.34,0.45,0.0,3.9408
2019-12-14,3.6686,17.45,84.84,0.35,0.0,3.9852
2019-12-15,3.3257,16.93,87.2,0.36,0.01,3.8506
2019-12-16,3.0446,16.62,86.9,0.38,0.01,3.647
2019-12-17,3.396,15.5,83.66,0.39,0.01,3.7658
2019-12-18,3.385,14.52,87.36,0.31,0.0,3.7632
2019-12-19,2.9606,14.37,86.24,0.37,0.0,3.8551
2019-12-20,2.5104,14.13,89.23,0.34,0.0,3.811
2019-12-21,2.2133,13.82,88.39,0.35,0.0,3.7906
2019-12-22,2.1499,13.87,87.63,0.44,0.0,3.8112
2019-12-23,2.322,13.51,85.66,0.41,0.0,3.708
2019-12-24,2.8946,13.94,85.36,0.43,0.0,3.9269
2019-12-25,3.1774,12.95,84.8,0.34,0.0,3.7728
2019-12-26,3.6708,14.05,70.94,0.47,0.01,3.9862
2019-12-27,3.475,13.68,81.79,0.5,0.79,3.8604
2019-12-28,3.4901,13.37,84.59,0.34,0.01,3.8873
2019-12-29,4.1321,13.22,78.84,0.56,0.0,4.1726
2019-12-30,4.116,13.95,78.97,0.59,0.0,4.1527
2019-12-31,4.097,14.51,79.89,0.53,0.0,4.1194
2020-01-01,2.687,15.41,81.14,0.56,0.41,3.8496
2020-01-02,2.0585,17.16,81.99,0.5,0.51,3.851
2020-01-03,1.4263,15.09,91.91,0.52,6.57,3.7308
2020-01-04,2.7386,15.83,85.53,0.47,0.68,3.7531
2020-01-05,2.2742,14.16,83.96,0.59,2.63,3.7361
2020-01-06,3.1274,12.4,79.06,0.44,0.05,3.7514
2020-01-07,3.7423,12.69,83.25,0.43,0.08,4.003
2020-01-08,3.9276,14.01,83.53,0.33,0.0,4.0915
2020-01-09,3.4008,14.86,86.05,0.32,0.29,3.943
2020-01-10,3.5395,14.99,84.43,0.52,0.01,4.0656
2020-01-11,3.7915,13.98,86.62,0.35,0.0,4.0416
2020-01-12,4.037,14.77,84.98,0.44,0.0,4.2341
2020-01-13,4.2192,15.35,83.34,0.47,0.0,4.2487
2020-01-14,4.1947,15.2,87.33,0.36,0.0,4.2722
2020-01-15,3.9466,15.13,86.62,0.53,0.0,4.1218
2020-01-16,3.8539,15.67,84.04,0.38,0.0,4.0106
2020-01-17,3.8446,16.69,83.9,0.4,0.0,4.0366
2020-01-18,3.4726,16.95,82.73,0.51,0.0,3.8626
2020-01-19,3.0463,17.16,83.56,0.6,3.92,3.8419
2020-01-20,3.0144,14.8,83.75,0.63,0.01,3.4512
2020-01-21,3.1834,12.73,78.99,0.47,0.0,3.9242
2020-01-22,3.6086,12.67,80.18,0.53,0.0,4.0543
2020-01-23,3.2962,12.11,73.67,0.56,0.02,4.0224
2020-01-24,2.2174,11.7,79.0,0.45,0.05,3.6701
2020-01-25,4.2235,12.97,76.9,0.45,0.0,4.3915
2020-01-26,4.0267,14.04,76.82,0.49,0.0,4.2538
2020-01-27,3.4733,13.61,79.8,0.56,0.0,3.6326
2020-01-28,2.3755,13.8,79.62,0.56,0.0,2.8661
2020-01-29,3.2587,14.07,80.72,0.46,0.0,3.4313
2020-01-30,2.7482,14.45,84.62,0.41,2.01,3.463
2020-01-31,2.676,14.68,83.89,0.64,1.4,3.2736
2020-02-01,3.4099,13.72,77.84,0.47,0.06,3.9622
2020-02-02,3.2959,13.34,74.71,0.64,0.72,3.9742
2020-02-03,3.8791,12.27,80.53,0.42,0.0,4.0394
2020-02-04,4.3601,13.12,80.83,0.41,0.0,4.446
2020-02-05,4.0322,13.64,75.84,0.56,0.0,4.3721
2020-02-06,3.7886,13.83,74.32,0.43,0.0,4.2732
2020-02-07,4.3186,14.43,71.92,0.44,0.0,4.6428
2020-02-08,4.2816,15.23,73.8,0.49,0.0,4.7227
2020-02-09,4.015,15.93,73.76,0.51,0.0,4.8984
2020-02-10,4.5878,14.21,76.74,0.49,0.0,4.8406
2020-02-11,4.6111,14.12,74.65,0.5,0.0,4.8403
2020-02-12,4.5893,14.67,72.44,0.56,0.0,4.741
2020-02-13,4.0534,15.82,71.57,0.57,0.0,4.4002
2020-02-14,3.4834,16.4,68.31,0.73,0.0,3.913
2020-02-15,3.1253,16.34,80.25,0.49,0.0,3.4402
2020-02-16,3.5095,17.38,83.44,0.4,0.0,3.7526
2020-02-17,3.4536,18.22,79.08,0.53,0.0,3.9499
2020-02-18,2.9633,17.25,73.96,0.7,0.54,3.546
2020-02-19,3.253,17.63,79.11,0.42,1.61,4.0114
2020-02-20,3.3108,17.94,73.05,0.46,0.0,4.104
2020-02-21,4.7602,18.74,73.42,0.55,0.0,4.9277
2020-02-22,2.8126,18.69,76.81,0.54,0.0,5.1562
2020-02-23,4.2554,20.14,70.74,0.46,0.57,4.9133
2020-02-24,4.2022,19.66,72.67,0.43,0.64,4.805
2020-02-25,2.3983,18.99,77.66,0.48,1.7,4.8821
2020-02-26,2.353,17.97,78.7,0.62,7.05,4.6183
2020-02-27,4.7038,16.96,77.85,0.49,0.19,5.3506
2020-02-28,5.6062,17.8,73.61,0.54,0.0,5.7029
2020-02-29,5.645,19.3,71.95,0.55,0.0,5.9482
2020-03-01,5.8073,19.61,73.97,0.5,0.0,5.8963
2020-03-02,5.2867,19.88,72.39,0.6,0.74,5.6136
2020-03-03,4.1347,19.3,73.97,0.66,4.73,4.9346
2020-03-04,4.2062,19.42,71.28,0.45,0.46,5.0813
2020-03-05,4.4933,20.13,74.73,0.47,1.81,4.7388
2020-03-06,3.1774,19.45,79.23,0.43,3.25,4.6416
2020-03-07,2.6491,19.44,78.18,0.62,3.97,5.263
2020-03-08,5.0678,19.65,77.89,1.11,0.63,5.616
2020-03-09,4.4071,18.56,71.17,0.84,0.01,5.8325
2020-03-10,5.4379,18.76,70.19,0.59,0.0,5.833
2020-03-11,5.3582,19.41,64.81,0.86,0.0,5.7845
2020-03-12,5.0045,21.2,70.64,0.75,0.0,5.7118
2020-03-13,5.0693,22.17,75.16,0.55,0.0,5.9021
2020-03-14,3.4622,21.88,77.85,0.51,0.0,5.9141
2020-03-15,4.1498,21.15,73.86,0.68,0.0,6.0341
2020-03-16,6.2376,20.81,70.26,0.82,0.0,6.431
2020-03-17,6.2158,20.1,64.72,0.64,0.0,6.3622
2020-03-18,6.1375,19.84,66.87,0.76,0.0,6.311
2020-03-19,5.4377,20.53,62.62,0.76,0.0,6.1493
2020-03-20,5.2315,20.47,65.52,0.57,0.05,5.797
2020-03-21,4.3478,20.59,66.28,0.59,0.56,5.6846
2020-03-22,1.7774,20.26,70.25,0.51,2.27,5.6309
2020-03-23,5.2301,20.49,73.04,0.39,0.14,6.0804
2020-03-24,5.6798,21.12,71.75,0.44,0.01,6.0701
2020-03-25,6.0401,22.33,68.87,0.51,0.01,6.2707
2020-03-26,4.8324,22.85,68.25,0.57,0.01,5.7175
2020-03-27,4.4942,23.99,66.93,0.6,0.0,5.5946
2020-03-28,4.9198,24.95,60.92,1.04,0.0,5.8562
2020-03-29,6.3934,24.29,54.68,1.26,0.0,7.0114
2020-03-30,6.881,22.57,53.76,0.95,0.0,7.075
2020-03-31,6.498,22.46,53.16,0.71,0.0,6.7627
2020-04-01,5.7427,23.15,53.63,0.64,0.0,6.5287
2020-04-02,5.5752,24.67,56.79,0.98,0.02,6.4483
2020-04-03,6.2261,25.2,62.34,0.92,0.08,6.4013
2020-04-04,6.6406,23.53,57.85,0.8,0.01,6.8772
2020-04-05,6.6024,23.41,57.43,0.66,0.0,6.9948
2020-04-06,5.7821,23.57,55.62,0.68,0.01,6.6072
2020-04-07,5.9477,24.14,52.18,0.84,0.01,6.7313
2020-04-08,6.3336,24.76,57.19,0.49,0.86,6.7272
2020-04-09,6.2734,24.78,67.32,0.59,6.24,6.4999
2020-04-10,5.5814,24.9,63.78,0.61,2.15,6.3744
2020-04-11,5.5109,24.56,65.48,0.43,3.56,6.6948
2020-04-12,5.8735,23.96,67.18,0.53,0.73,6.7579
2020-04-13,5.9028,25.33,63.91,0.47,0.0,6.8662
2020-04-14,6.108,26.86,64.5,0.47,0.0,6.5597
2020-04-15,3.3509,25.73,72.78,0.64,12.18,6.3386
2020-04-16,5.395,24.17,74.55,0.41,24.88,6.5395
2020-04-17,3.8657,23.87,76.16,0.5,16.55,6.203
2020-04-18,3.0835,23.03,84.9,0.52,31.77,5.5493
2020-04-19,5.184,24.61,77.96,1.01,13.64,6.893
2020-04-20,6.2213,24.43,78.12,0.55,21.56,7.1777
2020-04-21,3.3017,23.08,80.21,0.55,15.69,6.5962
2020-04-22,4.5686,21.82,78.17,0.57,7.86,6.6821
2020-04-23,4.0541,22.72,74.36,0.61,4.26,6.7932
2020-04-24,3.1975,22.23,77.63,0.34,55.86,6.5309
2020-04-25,3.9166,21.56,77.51,0.42,2.16,6.414
2020-04-26,6.0622,23.25,76.99,0.46,1.54,7.0584
2020-04-27,6.3509,24.14,77.69,0.44,6.09,7.2098
2020-04-28,2.5267,23.15,82.44,0.4,9.31,7.0884
2020-04-29,5.3314,23.43,77.17,0.4,4.69,7.1105
2020-04-30,5.9981,24.88,70.98,0.49,2.58,7.0046
2020-05-01,5.6172,25.48,71.22,0.41,1.89,7.165
2020-05-02,5.3208,24.34,80.47,0.28,4.74,7.1172
2020-05-03,6.5827,25.49,70.71,0.31,3.48,7.3073
2020-05-04,6.4862,25.87,75.89,0.43,5.14,7.2418
2020-05-05,5.2841,25.99,75.86,0.69,11.22,7.0543
2020-05-06,4.3627,25.17,76.29,0.53,1.94,6.8878
2020-05-07,6.6322,24.68,76.25,0.66,3.5,7.6666
2020-05-08,6.6178,24.22,74.27,0.7,11.76,7.5331
2020-05-09,7.073,25.76,67.62,0.5,2.6,7.5689
2020-05-10,7.5067,26.47,70.88,0.41,2.34,7.6805
2020-05-11,4.5324,26.75,72.49,0.33,1.09,7.0855
2020-05-12,6.0502,26.47,73.87,0.72,1.65,7.1287
2020-05-13,3.9739,25.97,76.22,0.75,31.24,6.0365
2020-05-14,3.0377,25.98,73.36,0.54,9.06,6.6211
2020-05-15,3.5808,26.76,74.75,0.41,9.61,6.5179
2020-05-16,4.087,26.94,75.99,0.47,38.67,6.3235
2020-05-17,4.4981,27.12,71.39,0.46,0.9,6.8861
2020-05-18,6.199,27.59,72.51,0.4,0.03,7.1254
2020-05-19,4.295,26.73,70.73,0.46,0.21,7.0896
2020-05-20,2.0904,24.75,80.71,0.83,5.37,7.0385
2020-05-21,2.8982,24.42,89.39,1.39,84.9,7.4959
2020-05-22,1.9058,25.51,86.65,0.61,47.0,6.7798
2020-05-23,2.4898,26.01,85.88,0.65,17.55,6.6062
2020-05-24,1.6054,27.18,83.96,1.09,69.03,6.3622
2020-05-25,2.2918,27.2,82.67,1.51,50.95,6.1656
2020-05-26,3.9598,26.46,83.79,1.38,70.91,7.0178
2020-05-27,2.7878,25.36,79.07,0.57,31.21,7.1633
2020-05-28,6.7207,26.02,77.51,0.38,2.25,7.4016
2020-05-29,6.6893,24.59,86.96,0.37,2.35,7.3128
2020-05-30,5.4134,26.46,75.58,0.33,8.27,7.2185
2020-05-31,4.3234,27.19,73.97,0.32,23.49,7.0682
2020-06-01,3.7944,26.04,83.78,0.63,11.72,6.7754
2020-06-02,5.9174,25.92,86.55,0.88,9.2,7.1174
2020-06-03,3.5321,25.37,87.83,0.76,14.44,6.4901
2020-06-04,4.2922,25.74,85.64,0.61,7.24,6.1613
2020-06-05,4.0826,26.88,80.57,0.59,24.03,6.5722
2020-06-06,4.3534,25.69,93.28,0.58,44.77,7.3783
2020-06-07,6.0763,26.64,83.31,0.79,1.9,7.1232
2020-06-08,5.6556,27.63,80.35,0.61,0.18,6.8539
2020-06-09,6.3446,27.98,82.42,0.34,0.18,7.1532
2020-06-10,4.8413,28.61,78.81,0.3,1.19,7.0272
2020-06-11,5.597,27.28,87.57,0.44,11.94,7.1597
2020-06-12,4.2382,27.66,82.78,0.35,12.93,7.2593
2020-06-13,4.5694,26.78,87.8,0.42,17.63,7.505
2020-06-14,4.9675,28.05,81.46,0.45,6.83,7.5331
2020-06-15,5.8958,28.11,84.35,0.43,4.76,7.5185
2020-06-16,5.3741,27.04,87.65,0.36,26.48,7.4885
2020-06-17,4.4227,28.57,78.87,0.26,46.02,7.5103
2020-06-18,2.7725,28.36,82.59,0.46,22.63,7.007
2020-06-19,5.0808,28.93,79.15,0.3,22.3,7.207
2020-06-20,5.2116,28.12,85.81,0.36,10.12,7.3106
2020-06-21,6.1786,28.31,81.53,0.53,5.08,7.6116
2020-06-22,5.8673,28.4,80.9,0.5,6.64,7.6061
2020-06-23,5.519,28.07,84.26,0.77,15.87,7.296
2020-06-24,2.334,27.69,85.92,0.79,11.76,7.1227
2020-06-25,0.9946,26.88,90.42,0.55,45.07,6.8568
2020-06-26,1.5007,25.74,90.8,0.99,60.73,7.1798
2020-06-27,1.0598,26.91,89.17,0.7,97.74,6.7195
2020-06-28,4.0886,27.77,84.57,0.47,32.61,6.3298
2020-06-29,3.2803,27.18,83.57,0.39,11.68,6.8621
2020-06-30,5.9114,27.9,83.22,0.54,1.34,7.0742
2020-07-01,3.1217,27.64,87.2,0.73,12.8,7.0486
2020-07-02,2.2094,26.68,89.27,0.61,10.53,7.0721
2020-07-03,3.1226,27.36,87.14,0.46,5.74,7.211
2020-07-04,6.1027,28.48,81.38,0.38,2.14,6.9137
2020-07-05,4.2065,29.0,79.62,0.27,6.24,7.3195
2020-07-06,5.5109,27.62,83.62,0.33,30.02,7.5446
2020-07-07,5.6294,27.93,82.77,0.39,3.68,7.3906
2020-07-08,4.1268,28.47,84.35,0.57,15.92,7.2756
2020-07-09,1.8502,27.37,92.72,0.64,33.48,6.9418
2020-07-10,1.6313,27.32,89.46,1.14,41.22,7.0157
2020-07-11,2.3066,26.25,90.64,0.92,22.48,7.1599
2020-07-12,1.9961,27.75,84.98,0.64,26.72,6.84
2020-07-13,3.5976,28.41,81.66,0.38,8.98,6.8218
2020-07-14,4.9111,26.52,88.91,0.36,10.54,6.9046
2020-07-15,5.25,27.89,84.7,0.37,8.48,7.1642
2020-07-16,5.0978,27.47,86.13,0.69,3.97,7.2466
2020-07-17,3.983,26.79,88.62,0.62,3.33,7.302
2020-07-18,2.8891,26.66,88.72,0.64,15.09,7.2938
2020-07-19,2.2656,27.07,89.06,0.67,39.55,6.943
2020-07-20,2.4415,26.49,92.63,0.59,54.3,7.1347
2020-07-21,2.0815,26.69,89.69,0.65,25.69,6.7397
2020-07-22,2.6239,27.36,84.38,0.44,13.96,6.8398
2020-07-23,3.9468,27.85,83.41,0.32,15.65,6.9482
2020-07-24,3.5242,27.91,83.21,0.39,10.51,7.1724
2020-07-25,5.4336,28.18,84.42,0.42,0.96,7.1263
2020-07-26,3.4906,27.87,86.9,0.54,0.85,6.9619
2020-07-27,1.8254,28.4,83.85,0.36,8.94,6.6876
2020-07-28,3.7118,27.87,84.28,0.31,6.03,6.2537
2020-07-29,3.565,27.09,89.66,0.51,26.41,5.9342
2020-07-30,1.5259,26.67,88.27,0.62,10.49,5.6506
2020-07-31,3.3545,27.5,86.83,0.51,10.67,6.9583
2020-08-01,5.2702,28.06,83.36,0.46,4.34,6.7944
2020-08-02,6.103,28.7,83.13,0.41,4.15,6.8669
2020-08-03,6.1927,29.13,83.41,0.33,5.28,7.0075
2020-08-04,6.2021,28.49,87.42,0.6,0.05,7.2067
2020-08-05,5.9978,28.97,83.72,0.88,0.13,7.2583
2020-08-06,5.6825,29.59,79.96,0.4,4.66,7.1642
2020-08-07,5.8267,28.98,82.67,0.6,1.79,7.0469
2020-08-08,3.6096,28.11,88.57,0.4,7.24,6.929
2020-08-09,3.9694,27.61,87.52,0.37,11.63,7.0579
2020-08-10,4.1148,27.69,85.52,0.56,7.43,6.9557
2020-08-11,3.7538,27.69,86.42,0.51,10.23,6.9605
2020-08-12,4.1256,28.25,85.8,0.39,13.27,6.8321
2020-08-13,5.166,28.18,85.77,0.36,5.58,6.9578
2020-08-14,4.6073,28.08,87.9,0.29,40.87,7.0447
2020-08-15,4.7174,28.0,84.13,0.4,12.86,6.9907
2020-08-16,4.8804,28.48,80.75,0.31,8.0,7.1184
2020-08-17,3.4517,28.01,85.2,0.41,11.65,6.7404
2020-08-18,4.649,29.36,79.01,0.32,8.65,7.0982
2020-08-19,5.899,27.43,87.26,0.57,18.09,7.1474
2020-08-20,3.6629,27.04,83.52,0.49,6.22,7.0445
2020-08-21,4.3553,28.17,77.42,0.32,6.15,6.8724
2020-08-22,5.503,27.65,81.82,0.39,18.77,6.9451
2020-08-23,5.483,27.44,80.99,0.47,0.42,6.8784
2020-08-24,5.1989,28.03,83.76,0.4,2.26,6.8774
2020-08-25,5.4593,28.55,84.05,0.4,3.43,6.8693
2020-08-26,5.7732,28.73,79.81,0.44,1.32,6.8969
2020-08-27,5.509,26.74,85.74,0.54,8.03,6.9077
2020-08-28,4.8077,27.19,82.9,0.53,4.88,6.6209
2020-08-29,4.4496,27.18,85.59,0.59,12.21,6.3264
2020-08-30,4.104,27.62,84.36,0.54,9.47,6.528
2020-08-31,2.9479,27.39,85.57,0.59,8.45,6.439
2020-09-01,3.7186,25.65,88.6,0.41,4.65,6.5496
2020-09-02,5.4684,27.61,81.52,0.32,3.35,6.6698
2020-09-03,5.664,27.09,86.16,0.45,3.47,6.648
2020-09-04,4.626,27.27,84.53,0.56,1.99,6.2669
2020-09-05,3.0924,27.36,86.21,0.57,7.53,6.1685
2020-09-06,2.2925,27.18,87.92,0.42,14.71,5.9986
2020-09-07,1.8149,26.9,86.43,0.5,12.32,6.157
2020-09-08,2.7526,26.28,90.37,0.23,10.43,6.3166
2020-09-09,4.89,26.64,88.45,0.36,9.36,6.0792
2020-09-10,4.2238,28.11,82.09,0.33,5.66,5.8452
2020-09-11,4.0318,27.38,87.86,0.37,10.7,5.2514
2020-09-12,4.1647,26.7,89.88,0.4,3.43,6.0461
2020-09-13,3.5275,26.52,91.0,0.42,6.75,6.0413
2020-09-14,1.5314,26.06,91.46,0.45,7.46,5.9693
2020-09-15,2.1998,26.18,88.75,0.5,13.54,6.0703
2020-09-16,1.8211,25.97,90.8,0.6,22.16,5.9909
2020-09-17,1.9582,25.81,89.97,0.57,11.18,5.6244
2020-09-18,4.6435,27.34,83.16,0.31,1.69,6.0768
2020-09-19,5.9114,27.85,83.77,0.5,0.0,6.2875
2020-09-20,6.0506,29.04,80.77,0.52,0.4,6.3734
2020-09-21,4.6954,27.09,89.01,0.35,55.33,6.1433
2020-09-22,1.201,26.31,90.95,0.31,45.9,5.9683
2020-09-23,2.9011,26.67,89.0,0.31,37.18,5.7358
2020-09-24,3.0254,26.28,91.48,0.41,29.12,5.8601
2020-09-25,2.7127,26.28,93.63,0.48,65.71,5.3933
2020-09-26,3.7056,26.08,90.5,0.38,26.55,5.5039
2020-09-27,3.4243,26.46,86.3,0.27,12.53,5.6575
2020-09-28,4.9476,26.59,84.88,0.38,0.62,5.6818
2020-09-29,4.6541,27.35,83.39,0.29,0.01,5.688
2020-09-30,4.9392,27.82,81.26,0.27,0.28,5.6767
2020-10-01,5.0983,26.68,88.24,0.32,1.68,5.657
2020-10-02,3.9722,26.75,85.8,0.41,0.87,5.394
2020-10-03,3.7306,25.85,90.53,0.33,3.88,5.3993
2020-10-04,4.2953,26.52,88.02,0.37,3.22,5.3359
2020-10-05,4.2576,26.47,86.87,0.46,11.28,5.5058
2020-10-06,3.4404,25.28,90.54,0.43,9.67,5.3448
2020-10-07,3.0907,26.2,84.63,0.39,8.72,5.0218
2020-10-08,4.2151,26.76,83.35,0.36,2.4,5.4077
2020-10-09,5.3496,27.22,85.54,0.27,0.21,5.5082
2020-10-10,5.4089,27.77,83.78,0.26,0.17,5.5214
2020-10-11,4.9922,25.9,90.81,0.29,0.61,5.4456
2020-10-12,5.2529,27.11,82.37,0.36,0.31,5.4329
2020-10-13,5.3878,27.5,79.54,0.39,0.12,5.4641
2020-10-14,5.25,27.44,80.1,0.39,0.62,5.3894
2020-10-15,5.3446,27.65,80.41,0.34,0.54,5.4055
2020-10-16,5.2154,27.39,80.46,0.38,0.0,5.3002
2020-10-17,5.2798,27.83,74.28,0.35,0.01,5.3218
2020-10-18,5.064,26.54,83.37,0.38,0.06,5.3338
2020-10-19,4.7772,26.13,82.97,0.44,0.31,5.1358
2020-10-20,4.9999,26.71,79.53,0.35,0.27,5.1655
2020-10-21,5.0299,26.32,78.44,0.39,0.53,5.1919
2020-10-22,3.5734,26.17,83.21,0.26,11.52,4.9349
2020-10-23,1.7482,22.8,94.93,0.64,51.51,5.111
2020-10-24,1.8962,21.52,92.78,0.73,42.43,4.7537
2020-10-25,3.0478,24.88,85.36,0.42,9.61,4.7551
2020-10-26,3.5354,24.49,84.76,0.39,0.27,4.945
2020-10-27,4.6294,23.67,84.1,0.38,0.01,5.0028
2020-10-28,4.931,23.96,84.06,0.38,0.01,5.0645
2020-10-29,5.1362,24.31,83.58,0.51,0.03,5.1641
2020-10-30,5.0556,24.44,83.13,0.47,0.0,5.105
2020-10-31,3.1433,24.1,90.2,0.31,0.87,4.6277
2020-11-01,3.7615,24.82,85.23,0.29,1.78,4.4002
2020-11-02,4.3452,24.27,86.07,0.38,0.17,4.5888
2020-11-03,3.8724,23.99,86.52,0.53,0.02,4.4882
2020-11-04,3.823,22.56,82.27,0.54,0.01,4.1858
2020-11-05,4.0922,19.72,73.91,0.55,0.0,4.2127
2020-11-06,4.3843,19.38,70.93,0.51,0.0,4.4606
2020-11-07,4.7822,20.35,84.54,0.44,0.0,4.8835
2020-11-08,4.9018,20.9,84.92,0.51,0.0,4.9615
2020-11-09,4.7969,20.04,82.21,0.54,0.0,4.8454
2020-11-10,4.8458,19.78,80.63,0.54,0.0,4.8701
2020-11-11,4.8206,20.89,82.15,0.55,0.0,4.8456
2020-11-12,4.7928,21.67,81.92,0.49,0.0,4.8072
2020-11-13,4.7093,21.93,82.36,0.48,0.0,4.7537
2020-11-14,4.633,21.99,82.7,0.45,0.0,4.6706
2020-11-15,4.681,21.38,83.16,0.51,0.0,4.6963
2020-11-16,4.6229,22.02,79.4,0.43,0.0,4.638
2020-11-17,4.1839,20.85,85.82,0.51,0.08,4.2905
2020-11-18,3.595,19.09,80.9,0.62,0.02,4.1294
2020-11-19,3.283,18.59,84.26,0.43,0.01,3.9355
2020-11-20,2.4552,19.23,86.16,0.47,0.0,3.6509
2020-11-21,2.9784,19.19,84.05,0.5,0.27,3.539
2020-11-22,3.3182,17.48,85.68,0.53,0.25,3.7327
2020-11-23,3.6691,16.1,79.34,0.6,0.0,3.8206
2020-11-24,4.272,18.09,79.68,0.42,0.0,4.3426
2020-11-25,4.361,19.11,80.71,0.5,0.0,4.398
2020-11-26,3.9115,18.94,85.02,0.48,0.0,4.397
2020-11-27,1.8917,19.02,83.98,0.4,0.0,4.351
2020-11-28,4.259,20.15,79.47,0.4,0.0,4.2782
2020-11-29,4.3392,20.04,79.62,0.45,0.0,4.356
2020-11-30,4.2878,20.07,77.58,0.41,0.0,4.3109
2020-12-01,4.2715,19.77,77.0,0.42,0.0,4.2898
2020-12-02,4.1035,19.63,77.67,0.39,0.0,4.1765
2020-12-03,3.8604,19.46,80.9,0.36,0.0,3.9881
2020-12-04,3.823,19.46,79.34,0.31,0.0,4.0586
2020-12-05,3.2892,18.29,84.16,0.41,0.05,3.9425
2020-12-06,3.1692,18.08,81.71,0.38,0.0,3.6967
2020-12-07,2.7413,17.14,84.87,0.42,0.0,3.3758
2020-12-08,3.4286,16.81,84.81,0.52,0.0,3.7274
2020-12-09,3.6778,17.57,82.47,0.43,0.0,3.8138
2020-12-10,3.5354,17.32,87.65,0.34,0.0,3.7913
2020-12-11,3.3458,16.82,86.16,0.43,0.0,3.6852
2020-12-12,3.2693,16.84,86.85,0.33,0.0,3.7126
2020-12-13,2.7886,16.79,86.92,0.46,0.0,3.6341
2020-12-14,2.7902,16.02,84.21,0.48,0.0,3.1459
2020-12-15,3.1582,15.97,83.4,0.37,0.0,3.5873
2020-12-16,3.1577,15.54,86.14,0.39,0.0,3.5993
2020-12-17,2.7691,15.58,86.93,0.47,0.0,3.4697
2020-12-18,3.018,14.17,80.51,0.53,0.0,3.4853
2020-12-19,3.3941,13.4,76.14,0.45,0.0,3.6934
2020-12-20,3.9384,13.39,82.54,0.57,0.0,4.033
2020-12-21,4.0428,14.88,80.78,0.56,0.0,4.0889
2020-12-22,4.0267,15.75,78.45,0.41,0.0,4.0846
2020-12-23,4.0514,15.89,81.79,0.42,0.0,4.0884
2020-12-24,3.6938,15.71,85.92,0.37,0.0,4.0123
2020-12-25,3.8314,15.04,86.32,0.38,0.0,4.0111
2020-12-26,3.9379,14.81,80.25,0.46,0.0,4.0171
2020-12-27,3.8242,15.01,81.95,0.41,0.0,3.9802
2020-12-28,3.8599,14.79,85.85,0.4,0.0,3.9984
2020-12-29,3.8556,14.79,80.46,0.41,0.0,4.0639
2020-12-30,4.1407,15.41,79.61,0.59,0.0,4.1974
2020-12-31,4.0949,15.83,80.66,0.62,0.0,4.1486
2021-01-01,4.231,16.09,80.15,0.44,0.0,4.2593
2021-01-02,4.1894,16.61,75.41,0.53,0.0,4.2209
2021-01-03,4.1899,16.9,75.63,0.48,0.0,4.2353
2021-01-04,4.0723,17.34,72.97,0.45,0.0,4.1206
2021-01-05,4.0754,17.33,76.1,0.59,0.0,4.116
2021-01-06,3.9857,17.34,83.66,0.51,0.0,4.0625
2021-01-07,3.5021,17.65,82.56,0.5,0.0,3.6922
2021-01-08,3.3742,17.17,81.93,0.41,0.0,3.4702
2021-01-09,3.0252,16.9,82.25,0.4,0.0,3.3482
2021-01-10,2.5373,16.87,83.84,0.54,0.0,3.0182
2021-01-11,1.8869,17.56,85.57,0.51,0.0,2.5622
2021-01-12,1.793,15.94,86.23,0.41,0.01,2.5956
2021-01-13,1.8396,14.43,83.45,0.47,0.0,3.035
2021-01-14,2.1991,14.24,79.37,0.41,0.0,3.1337
2021-01-15,2.8778,14.3,85.23,0.39,0.0,3.6737
2021-01-16,2.6657,14.87,85.08,0.41,0.0,3.4262
2021-01-17,2.7024,14.93,84.23,0.5,0.0,3.5762
2021-01-18,3.5426,16.38,82.67,0.51,0.0,3.8849
2021-01-19,1.5686,15.35,84.77,0.63,0.35,3.36
2021-01-20,1.3949,15.1,84.03,0.55,2.2,2.5387
2021-01-21,1.434,14.11,82.8,0.53,0.2,2.7127
2021-01-22,3.4356,14.15,82.56,0.5,0.0,3.6276
2021-01-23,3.6024,14.07,82.67,0.38,0.0,3.9588
2021-01-24,3.4694,13.93,84.61,0.63,0.0,3.9612
2021-01-25,3.6816,13.65,83.69,0.49,0.0,4.05
2021-01-26,4.009,13.44,83.33,0.49,0.0,4.326
2021-01-27,3.8045,13.39,81.69,0.47,0.0,4.3111
2021-01-28,4.4707,14.33,80.05,0.44,0.0,4.7508
2021-01-29,4.3015,14.75,79.44,0.47,0.0,4.7602
2021-01-30,3.9595,13.95,69.53,0.7,0.0,4.1285
2021-01-31,3.522,12.13,68.4,0.46,0.0,3.8938
2021-02-01,4.0478,12.46,75.91,0.42,0.0,4.3099
2021-02-02,4.427,13.25,73.52,0.46,0.0,4.5456
2021-02-03,4.6224,14.48,76.36,0.47,0.0,4.753
2021-02-04,4.9222,16.05,74.55,0.52,0.0,4.9898
2021-02-05,5.0134,16.59,75.13,0.55,0.0,5.0705
2021-02-06,4.7208,16.45,80.31,0.44,0.01,4.955
2021-02-07,3.9523,14.34,84.13,0.61,0.49,4.4482
2021-02-08,4.9135,15.37,75.61,0.52,0.0,4.9406
2021-02-09,5.1461,16.1,66.01,0.62,0.0,5.1725
2021-02-10,4.7112,16.81,67.42,0.45,0.0,5.0244
2021-02-11,4.4887,16.01,72.49,0.59,0.0,4.704
2021-02-12,4.4628,16.06,72.42,0.53,0.0,4.6872
2021-02-13,4.3594,16.26,74.72,0.44,0.0,4.5161
2021-02-14,4.2072,16.87,76.06,0.47,0.0,4.6114
2021-02-15,3.768,16.81,73.76,0.63,0.0,4.2679
2021-02-16,4.5156,16.34,68.41,0.53,0.0,4.7155
2021-02-17,3.528,17.88,66.47,0.5,0.0,4.3966
2021-02-18,4.7676,19.21,72.93,0.58,0.0,4.865
2021-02-19,3.6204,18.86,75.77,0.5,0.0,5.0791
2021-02-20,4.8048,18.51,77.37,0.46,0.0,5.069
2021-02-21,5.4127,18.14,69.14,0.54,0.0,5.4336
2021-02-22,5.3743,18.07,67.25,0.47,0.0,5.406
2021-02-23,5.4271,18.3,67.31,0.49,0.0,5.4624
2021-02-24,4.3651,18.44,64.55,0.64,0.0,4.9056
2021-02-25,2.905,18.56,68.79,0.73,0.07,4.0145
2021-02-26,1.9714,19.54,65.47,0.68,2.79,4.308
2021-02-27,2.8673,19.22,67.38,0.7,0.11,4.71
2021-02-28,2.729,20.23,66.86,0.75,0.02,5.0657
2021-03-01,4.693,20.6,66.35,0.78,0.0,5.1622
2021-03-02,5.0789,19.96,62.3,0.92,0.0,5.4782
2021-03-03,4.9145,19.94,63.3,0.54,0.0,5.405
2021-03-04,4.6142,18.53,62.09,0.65,0.0,5.3885
2021-03-05,3.1733,19.1,59.54,0.82,6.03,5.0407
2021-03-06,4.2989,19.78,70.82,0.59,3.79,5.2488
2021-03-07,4.6522,20.47,69.16,0.63,0.31,5.2145
2021-03-08,3.8174,19.81,72.91,0.56,1.1,4.7244
2021-03-09,3.8803,21.41,77.17,0.64,2.06,4.74
2021-03-10,4.0296,21.32,70.91,0.72,3.29,4.8883
2021-03-11,4.854,21.66,71.58,0.62,0.05,5.3942
2021-03-12,5.3616,21.44,69.64,0.58,0.0,5.5507
2021-03-13,5.1986,21.7,65.78,0.69,0.0,5.6316
2021-03-14,4.6198,21.12,66.28,0.85,0.27,5.4749
2021-03-15,4.8792,20.76,73.04,0.62,0.0,5.3131
2021-03-16,4.9188,21.15,67.2,0.61,0.0,5.7545
2021-03-17,5.3818,21.03,58.64,0.64,0.0,5.7775
2021-03-18,5.4298,21.63,56.49,0.63,0.0,5.7667
2021-03-19,5.3609,22.25,63.56,0.57,0.0,5.6808
2021-03-20,5.1341,22.85,57.92,0.75,0.0,5.5054
2021-03-21,5.5872,23.27,59.68,1.02,0.0,6.2182
2021-03-22,5.8814,22.88,54.34,0.75,0.0,6.2503
2021-03-23,5.7818,23.31,53.68,0.74,0.0,6.1757
2021-03-24,5.3885,24.44,52.37,0.79,0.0,5.8075
2021-03-25,6.5616,23.56,48.48,1.11,0.0,6.8021
2021-03-26,6.2117,22.43,46.34,0.95,0.0,6.5136
2021-03-27,6.0538,21.98,48.11,0.59,0.0,6.3557
2021-03-28,6.0473,22.89,48.71,0.6,0.0,6.5779
2021-03-29,5.5054,23.27,56.71,0.63,0.98,5.9069
2021-03-30,1.901,23.15,75.27,0.58,22.03,4.5821
2021-03-31,3.9185,24.02,75.28,0.7,12.36,5.6717
2021-04-01,5.3251,23.76,72.41,0.77,2.65,6.7536
2021-04-02,6.6374,22.45,66.18,0.87,4.29,6.9257
2021-04-03,6.3034,23.15,61.7,0.73,0.15,7.0394
2021-04-04,6.7733,23.38,56.0,0.77,0.01,7.1098
2021-04-05,6.5352,23.32,61.84,0.57,1.6,6.8357
2021-04-06,6.1075,24.45,58.32,0.56,0.01,6.517
2021-04-07,5.2121,23.96,63.62,0.57,2.61,5.7098
2021-04-08,4.8583,24.58,69.73,0.63,7.41,5.8373
2021-04-09,4.6512,24.5,74.09,0.8,3.37,6.0487
2021-04-10,5.5774,25.61,67.73,0.94,2.51,6.1375
2021-04-11,5.9789,25.27,66.56,0.87,0.1,6.7759
2021-04-12,6.353,25.5,56.81,0.78,0.08,6.7822
2021-04-13,5.6796,25.8,55.94,0.86,0.09,6.4951
2021-04-14,6.0187,24.88,59.69,0.53,9.78,6.5232
2021-04-15,5.3616,24.92,64.5,0.53,1.65,6.5261
2021-04-16,5.779,24.41,71.0,0.46,24.3,6.4663
2021-04-17,2.9054,23.61,74.77,0.57,5.08,6.2045
2021-04-18,5.3695,23.54,74.12,0.78,16.06,6.4073
2021-04-19,5.9686,24.08,67.62,1.08,0.31,7.0771
2021-04-20,6.1608,24.5,65.08,0.7,1.51,7.1018
2021-04-21,6.0043,24.83,69.43,0.53,4.64,6.7303
2021-04-22,5.124,25.27,75.33,0.63,1.59,6.4834
2021-04-23,7.3742,24.77,63.3,0.9,0.0,7.6181
2021-04-24,7.2809,24.99,58.77,0.66,0.0,7.645
2021-04-25,6.7046,25.47,60.75,0.53,0.0,7.3169
2021-04-26,6.5722,26.59,60.7,0.65,0.01,7.1551
2021-04-27,6.4234,26.63,64.84,0.56,18.64,6.8338
2021-04-28,6.0806,27.68,61.02,0.51,4.43,6.9055
2021-04-29,6.8208,26.44,68.17,0.62,0.32,7.1981
2021-04-30,6.0142,26.54,67.72,0.48,2.45,6.589
2021-05-01,4.4338,24.77,74.88,0.76,4.79,6.2602
2021-05-02,4.271,25.61,73.34,0.53,10.43,6.3475
2021-05-03,3.9653,23.97,80.71,0.65,22.83,5.801
2021-05-04,3.2794,23.93,79.59,0.61,5.16,6.4896
2021-05-05,3.4745,24.65,76.05,0.35,8.2,6.4049
2021-05-06,2.6477,24.36,75.09,0.46,7.25,6.1598
2021-05-07,3.5201,24.38,76.36,0.55,10.45,6.5686
2021-05-08,3.7598,24.5,78.01,0.58,4.97,6.6862
2021-05-09,5.9839,24.79,74.0,0.75,0.49,6.8599
2021-05-10,5.5519,25.06,74.85,0.76,4.34,6.3953
2021-05-11,4.3968,25.01,75.35,0.64,0.84,6.3454
2021-05-12,3.6857,23.95,78.86,0.47,6.02,5.8632
2021-05-13,4.5938,24.02,80.81,0.69,6.72,6.1097
2021-05-14,5.6268,24.32,83.5,0.71,11.88,6.5626
2021-05-15,4.3171,26.0,72.21,0.97,0.88,6.2681
2021-05-16,4.0222,26.13,76.04,0.64,8.82,6.1562
2021-05-17,3.8748,27.14,75.87,0.8,10.04,6.1586
2021-05-18,2.593,27.58,76.5,1.12,13.39,6.0713
2021-05-19,3.8525,26.97,75.43,1.09,16.2,6.6223
2021-05-20,3.8887,27.84,74.88,1.13,18.76,6.5292
2021-05-21,4.6222,27.45,79.43,1.13,6.01,6.8405
2021-05-22,5.43,27.4,83.72,0.9,4.09,6.9977
2021-05-23,6.2242,28.39,74.87,0.58,0.01,7.2533
2021-05-24,6.5582,29.09,73.54,0.41,0.06,7.2074
2021-05-25,2.569,29.12,78.28,0.28,7.65,7.1676
2021-05-26,3.7982,28.13,81.0,0.59,10.8,7.3474
2021-05-27,3.013,27.46,71.56,0.5,6.6,7.0673
2021-05-28,5.0573,27.62,69.93,0.63,1.26,7.0723
2021-05-29,5.5687,27.78,76.09,0.66,6.02,7.1657
2021-05-30,5.383,28.21,77.3,0.75,5.63,6.5436
2021-05-31,0.8561,26.99,87.67,0.43,35.42,5.9155
2021-06-01,2.9722,27.73,78.31,0.55,7.69,5.7888
2021-06-02,3.6818,26.56,84.19,0.64,2.48,5.9213
2021-06-03,5.3496,26.9,80.59,0.82,1.83,6.2868
2021-06-04,5.0405,27.29,83.19,0.83,13.88,6.2386
2021-06-05,2.1022,27.23,83.44,1.04,31.44,5.4941
2021-06-06,2.1607,27.57,77.22,1.18,17.16,5.9808
2021-06-07,1.9519,28.28,76.95,1.07,12.61,6.5791
2021-06-08,3.469,27.54,82.3,0.76,16.03,6.3192
2021-06-09,4.8125,27.98,75.58,0.37,2.47,6.3367
2021-06-10,6.0864,27.14,78.21,0.43,1.4,7.0596
2021-06-11,3.0197,26.45,85.1,0.7,16.39,7.1261
2021-06-12,3.9924,26.39,86.75,0.62,7.96,7.3822
2021-06-13,4.8401,27.55,82.55,0.35,5.12,7.469
2021-06-14,5.0134,28.22,81.82,0.54,30.09,7.2396
2021-06-15,5.5507,29.44,74.44,0.4,2.92,7.3651
2021-06-16,5.7919,28.84,75.95,0.59,8.26,7.2434
2021-06-17,5.7353,29.11,76.95,0.35,14.78,7.3399
2021-06-18,4.5775,28.26,74.72,0.32,13.51,7.5271
2021-06-19,5.2337,26.42,83.96,0.55,20.68,7.5103
2021-06-20,4.5785,27.14,79.02,0.42,7.44,7.0718
2021-06-21,5.5841,28.37,76.58,0.4,1.7,6.9924
2021-06-22,6.2388,28.99,77.59,0.36,2.38,6.9535
2021-06-23,5.185,28.78,74.85,0.62,5.93,7.0001
2021-06-24,5.137,28.37,79.52,0.72,13.93,6.9034
2021-06-25,4.9474,28.13,80.94,0.47,14.86,7.1796
2021-06-26,4.849,28.65,77.36,0.6,5.42,7.2187
2021-06-27,4.2569,27.92,80.06,0.99,15.74,6.6593
2021-06-28,3.313,26.97,86.18,1.0,23.53,7.1309
2021-06-29,1.937,28.11,82.19,1.2,19.69,6.5366
2021-06-30,1.4698,27.05,88.26,0.8,17.15,5.7698
2021-07-01,1.7791,27.89,79.74,0.82,7.05,5.5354
2021-07-02,1.2408,26.73,86.62,0.61,16.66,5.5346
2021-07-03,2.341,27.77,85.08,0.61,39.31,5.8577
2021-07-04,4.5845,28.05,80.43,0.51,5.71,6.3048
2021-07-05,4.5785,27.59,84.29,0.52,5.56,6.5822
2021-07-06,4.2077,27.34,87.03,0.43,11.38,6.0406
2021-07-07,2.9952,28.22,81.42,0.39,11.77,5.7564
2021-07-08,4.6786,29.24,77.06,0.31,5.39,7.1657
2021-07-09,5.4552,27.13,88.95,0.4,3.28,7.0423
2021-07-10,3.7315,26.5,90.59,0.46,14.65,7.2024
2021-07-11,3.107,26.6,90.75,0.38,2.01,7.4429
2021-07-12,6.5134,28.96,79.28,0.41,4.0,7.4467
2021-07-13,4.1753,27.74,81.75,0.7,12.02,7.3481
2021-07-14,3.7949,26.31,88.08,0.7,13.29,7.2266
2021-07-15,3.1514,27.0,82.49,0.81,4.09,7.182
2021-07-16,3.7507,27.02,83.44,0.72,10.91,7.1712
2021-07-17,2.9268,27.53,82.43,0.6,1.58,7.26
2021-07-18,4.5506,27.9,83.3,0.5,7.68,7.1201
2021-07-19,3.672,28.69,80.31,0.36,13.15,7.0759
2021-07-20,4.8286,27.8,84.71,0.53,15.64,7.0188
2021-07-21,5.6148,28.82,80.36,0.39,19.81,6.9763
2021-07-22,6.3082,28.98,79.56,0.67,5.62,7.4256
2021-07-23,6.1001,28.94,78.11,0.61,7.44,7.3915
2021-07-24,6.7032,29.58,75.48,0.32,3.32,7.357
2021-07-25,5.5126,29.39,79.51,0.47,1.66,7.1849
2021-07-26,4.975,29.62,77.8,0.33,3.16,7.0776
2021-07-27,4.255,28.23,86.12,0.6,6.03,7.1143
2021-07-28,4.5624,28.89,80.02,1.05,0.68,7.3006
2021-07-29,5.3393,27.34,85.39,0.82,20.59,7.4052
2021-07-30,3.1188,27.43,86.78,0.36,22.51,7.1899
2021-07-31,2.4444,27.91,82.19,0.32,9.49,7.0236
2021-08-01,4.5024,28.11,81.35,0.32,2.35,7.0262
2021-08-02,5.5654,28.24,84.79,0.47,18.69,7.0865
2021-08-03,5.0496,27.24,89.84,0.31,6.82,7.0987
2021-08-04,5.9875,29.34,78.44,0.33,1.06,7.2266
2021-08-05,6.2928,30.19,74.58,0.32,0.74,7.0934
2021-08-06,5.0054,29.23,76.26,0.58,1.97,7.0018
2021-08-07,4.7374,26.52,86.27,0.41,21.07,7.0661
2021-08-08,5.2145,28.43,83.87,0.73,9.64,6.8623
2021-08-09,4.9766,28.29,84.94,0.79,15.19,6.5794
2021-08-10,4.3416,27.87,86.72,0.69,20.95,6.5628
2021-08-11,4.2065,28.11,88.29,0.55,13.63,6.5503
2021-08-12,3.6876,26.91,91.63,0.69,19.79,6.6187
2021-08-13,3.7466,26.83,89.16,0.69,14.43,6.6096
2021-08-14,3.1853,27.31,83.9,1.05,24.55,6.1219
2021-08-15,3.9713,27.29,87.85,0.64,3.95,6.1814
2021-08-16,3.4978,27.06,86.8,0.56,3.28,6.1142
2021-08-17,3.9826,27.19,84.33,0.44,13.35,6.1358
2021-08-18,4.5101,26.42,87.86,0.44,8.5,6.7428
2021-08-19,4.1006,26.56,87.1,0.43,6.69,6.7471
2021-08-20,3.8299,26.77,85.39,0.53,5.13,6.8381
2021-08-21,4.5924,26.49,84.9,0.8,1.95,6.8028
2021-08-22,4.5838,26.43,84.54,1.01,5.35,6.6336
2021-08-23,2.6918,26.17,86.43,0.73,37.21,6.355
2021-08-24,3.8546,26.87,85.51,0.86,4.67,6.245
2021-08-25,3.6802,26.91,90.61,0.6,9.56,6.1411
2021-08-26,1.9903,27.65,86.7,0.31,32.74,6.1776
2021-08-27,2.1557,27.39,83.34,0.34,11.57,6.0367
2021-08-28,4.0111,27.2,84.97,0.26,2.46,6.6996
2021-08-29,3.9785,26.09,90.44,0.31,1.99,6.7462
2021-08-30,4.0514,26.69,84.82,0.46,6.64,6.6084
2021-08-31,5.1098,26.04,89.04,0.39,13.24,6.5856
2021-09-01,4.1028,26.95,83.11,0.44,2.04,6.5386
2021-09-02,2.1161,27.51,80.05,0.38,10.36,6.4867
2021-09-03,5.4619,27.24,81.8,0.4,0.44,6.5717
2021-09-04,5.083,28.14,79.83,0.38,2.9,6.4661
2021-09-05,5.4912,28.7,79.39,0.39,3.16,6.2585
2021-09-06,5.1499,28.07,85.83,0.29,38.04,6.605
2021-09-07,3.0754,25.53,92.74,0.3,9.54,6.5748
2021-09-08,5.4494,27.16,81.54,0.36,1.56,6.4231
2021-09-09,4.7023,26.47,88.48,0.37,4.2,6.4349
2021-09-10,6.3449,27.26,85.14,0.65,3.4,6.5405
2021-09-11,5.8522,28.02,81.4,0.39,5.89,6.6158
2021-09-12,6.299,27.82,83.14,0.38,0.02,6.5278
2021-09-13,5.9861,28.84,77.85,0.41,2.31,6.5102
2021-09-14,5.1362,27.91,82.45,0.37,3.27,6.4666
2021-09-15,6.0852,28.69,79.79,0.3,2.27,6.2971
2021-09-16,3.3698,26.5,91.34,0.39,6.47,6.1428
2021-09-17,4.2161,25.99,88.98,0.41,6.89,6.0415
2021-09-18,3.6895,27.03,82.88,0.35,15.73,6.1447
2021-09-19,4.949,27.81,80.35,0.3,2.86,6.1615
2021-09-20,5.6162,27.61,83.47,0.37,1.62,6.1584
2021-09-21,4.5084,25.56,91.04,0.46,6.59,6.0151
2021-09-22,4.873,25.73,88.77,0.32,1.95,6.1397
2021-09-23,5.1197,26.64,85.18,0.33,2.09,6.1694
2021-09-24,5.7691,28.3,77.17,0.31,0.99,6.1346
2021-09-25,5.8306,28.23,78.76,0.31,2.13,6.0958
2021-09-26,5.9712,27.37,82.41,0.5,0.84,6.1411
2021-09-27,5.7091,27.58,79.81,0.44,5.11,6.0934
2021-09-28,5.0544,26.84,83.68,0.44,0.43,5.9736
2021-09-29,3.6036,26.06,88.36,0.3,3.9,5.8291
2021-09-30,4.8574,25.15,90.2,0.46,0.69,5.7742
2021-10-01,5.3808,26.25,82.93,0.56,0.19,5.8164
2021-10-02,4.5742,25.73,81.06,0.5,1.22,5.7475
2021-10-03,2.3213,26.2,88.78,0.44,12.39,5.4146
2021-10-04,2.3594,26.42,85.95,0.26,10.88,5.4108
2021-10-05,3.1404,25.38,84.2,0.31,11.98,5.3474
2021-10-06,4.7455,25.47,82.17,0.35,0.08,5.497
2021-10-07,4.7969,25.89,84.21,0.32,0.25,5.4146
2021-10-08,4.512,26.73,82.94,0.32,0.4,5.2078
2021-10-09,4.4167,26.46,85.07,0.35,2.03,5.0148
2021-10-10,4.6754,25.8,86.02,0.33,1.41,5.0393
2021-10-11,5.3273,26.73,81.53,0.33,0.0,5.3846
2021-10-12,5.3642,28.03,78.92,0.36,0.0,5.4708
2021-10-13,5.1557,28.47,78.16,0.4,0.23,5.4202
2021-10-14,5.2651,27.7,81.78,0.38,0.66,5.4487
2021-10-15,5.1672,28.15,76.14,0.42,0.54,5.3866
2021-10-16,4.963,26.5,81.39,0.56,1.54,5.281
2021-10-17,4.4659,26.48,80.19,0.47,0.2,5.3266
2021-10-18,4.2689,25.4,83.88,0.45,3.79,5.3638
2021-10-19,2.1082,25.07,89.22,0.22,17.59,5.1905
2021-10-20,2.5277,24.32,92.25,0.39,27.1,4.9903
2021-10-21,3.8273,23.35,89.45,0.66,4.59,4.998
2021-10-22,3.4294,21.4,79.54,0.55,0.67,4.7138
2021-10-23,4.356,22.04,79.76,0.39,0.0,4.8029
2021-10-24,4.62,22.66,82.45,0.3,0.0,4.8646
2021-10-25,4.2046,22.92,82.99,0.29,0.0,4.8161
2021-10-26,4.2461,22.8,83.02,0.39,0.0,4.7374
2021-10-27,4.5199,22.35,82.88,0.43,0.0,4.7659
2021-10-28,4.8516,22.47,84.12,0.3,0.0,4.8782
2021-10-29,5.029,22.98,81.95,0.39,0.0,5.0618
2021-10-30,4.9841,22.3,84.82,0.35,0.0,5.0376
2021-10-31,4.6994,20.73,84.95,0.36,0.0,4.8605
2021-11-01,4.1549,19.4,73.51,0.37,0.0,4.7266
2021-11-02,4.6591,19.52,77.33,0.47,0.0,4.8233
2021-11-03,4.8185,19.63,79.58,0.33,0.0,4.8806
2021-11-04,4.4906,20.3,83.57,0.52,0.0,4.6536
2021-11-05,4.6457,18.92,79.85,0.43,0.0,4.8624
2021-11-06,4.6502,19.09,76.57,0.4,0.0,4.8017
2021-11-07,4.6282,19.92,78.04,0.36,0.0,4.7414
2021-11-08,4.7614,20.04,74.04,0.5,0.0,4.7794
2021-11-09,4.7969,20.1,77.36,0.53,0.0,4.8274
2021-11-10,4.7566,20.82,76.4,0.41,0.0,4.7688
2021-11-11,4.5216,19.98,80.8,0.31,0.0,4.6224
2021-11-12,4.2233,20.05,85.55,0.38,0.0,4.3289
2021-11-13,4.1405,18.62,82.25,0.47,0.0,4.2199
2021-11-14,4.0476,18.61,81.81,0.41,0.0,4.121
2021-11-15,4.0896,19.7,86.65,0.4,0.0,4.2113
2021-11-16,4.1719,19.37,85.87,0.48,0.0,4.2941
2021-11-17,4.4198,19.06,78.53,0.44,0.0,4.4782
2021-11-18,4.4503,18.81,78.94,0.42,0.0,4.4981
2021-11-19,4.1417,18.62,82.27,0.35,0.0,4.2283
2021-11-20,3.7783,18.8,85.37,0.39,0.0,4.0219
2021-11-21,3.3487,19.73,84.1,0.43,0.0,3.9341
2021-11-22,2.2663,19.61,83.87,0.63,0.01,3.635
2021-11-23,2.5051,18.28,85.06,0.48,0.02,3.4102
2021-11-24,3.3281,17.01,83.55,0.47,0.01,3.7325
2021-11-25,3.3586,17.64,74.72,0.47,0.0,3.858
2021-11-26,3.6816,16.77,75.88,0.49,0.0,3.8568
2021-11-27,4.0925,17.1,73.56,0.58,0.0,4.1731
2021-11-28,4.2341,18.0,75.12,0.48,0.0,4.3296
2021-11-29,4.2091,17.3,75.71,0.52,0.0,4.2588
2021-11-30,4.1393,17.11,80.05,0.52,0.0,4.2425
2021-12-01,4.273,18.26,78.99,0.52,0.0,4.291
2021-12-02,4.1729,19.52,75.02,0.42,0.0,4.2178
2021-12-03,4.063,19.19,82.35,0.4,0.01,4.1702
2021-12-04,3.1966,19.8,83.02,0.38,0.0,3.9996
2021-12-05,3.977,20.22,80.75,0.43,0.04,4.0464
2021-12-06,3.6343,18.81,89.9,0.33,0.54,3.8803
2021-12-07,3.4195,19.61,89.14,0.33,1.17,3.7174
2021-12-08,3.5244,18.77,84.59,0.38,0.05,3.9463
2021-12-09,3.8772,18.33,85.29,0.35,0.0,3.9979
2021-12-10,3.4236,17.58,85.21,0.46,0.0,3.7339
2021-12-11,3.0986,16.92,76.67,0.49,0.0,3.4234
2021-12-12,3.6012,15.15,83.5,0.46,0.0,3.8477
2021-12-13,3.8779,16.26,75.82,0.46,0.0,4.0049
2021-12-14,4.0212,16.03,81.24,0.37,0.0,4.1059
2021-12-15,3.8014,15.77,84.0,0.38,0.0,3.9799
2021-12-16,3.6576,14.91,82.68,0.47,0.0,3.8998
2021-12-17,3.9648,15.34,81.42,0.45,0.0,4.051
2021-12-18,4.0243,16.46,77.27,0.46,0.0,4.0486
2021-12-19,4.0322,15.51,81.17,0.34,0.0,4.0711
2021-12-20,4.1362,15.44,79.7,0.45,0.0,4.1779
2021-12-21,4.133,15.43,78.24,0.53,0.0,4.1645
2021-12-22,3.4073,15.77,77.17,0.48,2.99,3.6463
2021-12-23,3.641,16.24,73.2,0.5,1.03,3.7356
2021-12-24,3.8602,15.04,73.87,0.63,0.0,4.0286
2021-12-25,3.6523,15.12,72.87,0.57,0.02,3.8662
2021-12-26,3.6907,15.52,73.42,0.45,0.0,3.8947
2021-12-27,3.7147,14.64,76.93,0.46,0.0,3.9547
2021-12-28,3.4315,14.2,80.58,0.53,0.0,3.8431
2021-12-29,1.326,14.57,84.31,0.53,0.17,3.7896
2021-12-30,1.9133,15.76,79.59,0.41,0.2,3.9074
2021-12-31,3.943,15.29,80.36,0.44,0.04,4.086
2022-01-01,3.4289,13.87,86.94,0.45,0.0,4.0078
2022-01-02,4.1143,15.55,74.83,0.55,0.0,4.1599
2022-01-03,3.9629,15.28,76.44,0.47,0.0,4.0966
2022-01-04,3.756,14.97,78.12,0.39,0.0,4.013
2022-01-05,3.6338,15.84,73.82,0.42,0.0,4.0116
2022-01-06,3.9154,15.9,75.64,0.51,0.0,4.0546
2022-01-07,3.8448,15.85,80.4,0.43,0.0,3.918
2022-01-08,3.935,16.24,84.82,0.4,0.0,4.0145
2022-01-09,3.7999,16.57,85.78,0.43,0.0,3.9206
2022-01-10,3.5609,17.13,86.42,0.41,0.0,3.863
2022-01-11,3.1066,17.66,83.18,0.41,0.0,3.7747
2022-01-12,2.8584,17.07,86.99,0.37,10.32,3.7111
2022-01-13,3.2645,15.1,83.7,0.67,5.56,4.055
2022-01-14,2.4365,14.37,77.89,0.35,0.6,4.0332
2022-01-15,3.7315,15.21,73.68,0.55,0.0,4.0284
2022-01-16,4.0709,14.09,82.74,0.42,0.0,4.1772
2022-01-17,4.3126,15.03,76.49,0.54,0.0,4.465
2022-01-18,3.1867,15.08,76.21,0.65,0.0,4.3817
2022-01-19,4.0327,16.14,72.76,0.46,0.06,4.253
2022-01-20,2.4197,15.49,76.84,0.4,0.99,3.9271
2022-01-21,3.367,14.85,79.51,0.42,0.85,3.7522
2022-01-22,2.9148,14.27,75.86,0.52,0.13,3.8916
2022-01-23,2.1756,14.58,80.38,0.43,0.33,3.6708
2022-01-24,3.1901,15.97,78.02,0.39,0.03,3.8933
2022-01-25,3.5002,15.28,81.2,0.48,0.26,3.8688
2022-01-26,3.3029,14.77,83.75,0.52,2.01,3.695
2022-01-27,3.4229,14.19,78.86,0.68,0.4,3.7949
2022-01-28,3.5784,12.26,73.14,0.62,0.08,3.7925
2022-01-29,3.8405,11.87,77.84,0.55,0.0,4.0577
2022-01-30,3.3979,12.99,76.32,0.57,0.0,3.5378
2022-01-31,3.5832,13.58,75.19,0.45,0.01,3.8076
2022-02-01,1.9013,12.82,81.59,0.6,4.53,3.0166
2022-02-02,2.8332,14.02,79.55,0.54,0.49,3.4181
2022-02-03,2.8999,14.87,77.98,0.51,0.44,3.8033
2022-02-04,0.8071,14.99,82.36,0.68,22.23,4.1578
2022-02-05,2.1348,13.79,82.78,0.69,8.9,4.3313
2022-02-06,4.417,12.92,79.98,0.64,0.81,4.7153
2022-02-07,3.9401,12.23,80.08,0.5,0.0,4.7532
2022-02-08,3.4104,13.16,76.8,0.58,0.0,4.4002
2022-02-09,4.0015,13.3,76.89,0.56,0.32,4.4539
2022-02-10,3.1162,14.56,81.14,0.64,1.92,3.9828
2022-02-11,2.9664,14.93,81.8,0.65,0.76,4.4419
2022-02-12,3.5443,13.43,73.4,0.68,0.48,4.1657
2022-02-13,5.143,13.79,72.21,0.63,0.0,5.196
2022-02-14,5.5114,15.77,60.83,0.59,0.0,5.521
2022-02-15,5.5224,15.4,67.46,0.52,0.0,5.5519
2022-02-16,5.3172,15.42,73.05,0.63,0.0,5.3772
2022-02-17,5.01,14.95,70.5,0.68,0.0,5.1854
2022-02-18,4.1818,15.09,69.44,0.63,0.0,4.8254
2022-02-19,4.7148,15.19,65.74,0.79,0.0,4.9872
2022-02-20,4.1165,15.9,65.6,0.98,1.45,5.1262
2022-02-21,3.3214,14.66,77.03,0.64,4.68,4.9488
2022-02-22,4.687,15.58,70.3,0.59,0.22,4.9421
2022-02-23,4.1213,16.8,68.44,0.66,0.0,4.7225
2022-02-24,4.369,17.46,72.42,0.6,0.43,4.841
2022-02-25,3.9276,16.34,84.61,0.45,8.35,4.5202
2022-02-26,4.9606,18.08,78.1,0.58,0.17,5.1953
2022-02-27,4.3942,17.97,74.79,0.71,0.12,5.0594
2022-02-28,3.8498,19.05,74.15,0.95,0.75,4.6289
2022-03-01,4.783,18.74,66.24,0.56,0.0,5.1209
2022-03-02,5.364,17.73,70.22,0.52,0.0,5.4523
2022-03-03,5.207,17.98,69.91,0.55,0.0,5.5601
2022-03-04,5.3158,18.39,66.3,0.68,0.0,5.5649
2022-03-05,4.9987,19.26,61.76,0.82,0.0,5.5296
2022-03-06,5.658,19.44,65.72,0.53,0.0,5.707
2022-03-07,6.2642,21.65,53.77,0.74,0.0,6.2734
2022-03-08,6.0499,22.23,55.64,0.6,0.0,6.0814
2022-03-09,6.0756,21.04,63.41,0.5,0.0,6.1006
2022-03-10,6.1116,20.8,62.2,0.49,0.0,6.1313
2022-03-11,6.0091,20.83,60.03,0.58,0.0,6.0679
2022-03-12,5.8198,20.67,61.8,0.48,0.0,5.9616
2022-03-13,5.8274,21.24,65.03,0.46,0.0,6.0286
2022-03-14,6.0415,22.29,63.2,0.45,0.0,6.0562
2022-03-15,5.6647,22.66,61.96,0.51,0.0,5.7461
2022-03-16,5.8344,23.06,57.31,0.74,0.0,5.8735
2022-03-17,5.6374,22.68,59.94,0.59,0.0,5.7242
2022-03-18,5.6066,23.86,62.27,0.65,0.0,5.6479
2022-03-19,4.1237,24.97,64.57,0.74,0.0,5.5022
2022-03-20,4.8199,24.58,58.36,0.94,0.0,5.4806
2022-03-21,5.1458,24.49,58.4,0.84,0.0,5.4564
2022-03-22,3.7164,24.84,61.56,0.65,1.07,5.0882
2022-03-23,4.9193,24.89,64.75,0.59,0.09,5.3952
2022-03-24,4.8338,24.83,57.17,1.14,0.17,5.5397
2022-03-25,4.3596,24.32,70.77,1.33,9.67,5.4096
2022-03-26,4.8204,24.77,72.85,1.33,13.01,5.6453
2022-03-27,5.417,23.76,70.9,0.79,3.96,6.0161
2022-03-28,2.8788,23.24,69.04,0.58,0.89,5.4086
2022-03-29,2.5253,23.77,71.57,0.57,2.76,4.6812
2022-03-30,1.932,24.16,73.94,0.45,4.51,5.0112
2022-03-31,0.8959,24.22,79.68,0.55,16.86,3.8743
2022-04-01,1.5742,24.92,80.8,0.72,27.59,4.4081
2022-04-02,1.5523,25.57,77.54,0.45,8.92,5.0789
2022-04-03,1.6968,24.84,80.06,0.7,12.74,5.3287
2022-04-04,1.9128,24.66,78.94,1.26,29.54,5.5591
2022-04-05,2.9393,24.38,80.0,0.76,14.09,6.0079
2022-04-06,2.1912,24.89,77.55,0.78,2.76,5.7794
2022-04-07,2.5063,25.11,72.95,0.62,1.07,5.8046
2022-04-08,3.4234,24.92,73.43,0.71,3.3,5.8718
2022-04-09,2.7274,24.29,74.8,0.49,7.44,5.9688
2022-04-10,3.5369,24.36,73.02,0.53,4.82,6.0374
2022-04-11,2.91,24.16,78.71,0.49,15.98,5.5428
2022-04-12,4.3946,24.6,77.83,0.58,4.42,5.2817
2022-04-13,4.0783,25.07,80.77,0.6,15.64,5.6707
2022-04-14,4.1309,24.81,84.33,0.98,15.12,6.1442
2022-04-15,6.0266,25.87,76.25,1.14,8.95,6.6847
2022-04-16,6.288,25.31,78.98,0.97,14.95,6.6869
2022-04-17,5.5392,25.7,76.78,0.94,18.06,6.5393
2022-04-18,4.8552,25.42,77.98,0.6,8.6,6.2755
2022-04-19,4.8636,25.53,77.5,0.49,5.67,6.0672
2022-04-20,3.0082,24.1,81.34,0.49,15.84,5.7182
2022-04-21,6.4214,23.31,78.66,0.46,2.86,6.8405
2022-04-22,2.8046,24.97,78.72,0.62,9.59,5.3834
2022-04-23,4.2024,24.94,77.61,1.0,2.76,6.3998
2022-04-24,6.2918,25.4,76.21,0.94,2.65,7.0258
2022-04-25,6.3694,25.65,74.11,0.78,0.69,6.9763
2022-04-26,6.0749,26.33,74.17,0.51,3.06,6.7872
2022-04-27,5.2222,26.13,75.65,0.74,6.78,6.5021
2022-04-28,5.9028,26.41,71.72,0.5,0.13,6.2359
2022-04-29,5.2248,26.38,70.72,0.52,4.53,6.0814
2022-04-30,2.2046,26.1,74.39,0.34,13.14,5.9568
2022-05-01,5.6165,23.97,83.29,0.48,2.47,6.63
2022-05-02,1.9411,25.22,77.51,0.43,9.77,6.6427
2022-05-03,3.3523,24.84,76.77,0.49,2.07,5.8486
2022-05-04,5.3882,22.55,81.89,0.79,1.78,6.767
2022-05-05,6.7613,25.18,70.03,0.5,1.12,7.2734
2022-05-06,6.6626,26.63,68.21,0.46,1.53,7.2701
2022-05-07,5.1074,27.53,68.16,0.4,1.71,7.1878
2022-05-08,6.564,27.59,68.85,0.37,0.07,7.0435
2022-05-09,6.6132,26.81,70.48,0.51,2.79,7.0313
2022-05-10,4.4885,25.77,77.12,0.58,6.4,6.7697
2022-05-11,5.6604,26.79,80.28,0.75,17.53,7.0351
2022-05-12,4.9661,26.95,83.78,0.73,46.48,6.6845
2022-05-13,1.4527,27.63,82.1,0.65,56.83,5.9393
2022-05-14,2.514,27.58,81.38,1.13,39.91,5.113
2022-05-15,1.8895,27.79,81.25,1.16,35.26,6.0444
2022-05-16,1.309,27.39,80.8,0.72,26.57,5.9803
2022-05-17,2.1787,25.74,86.48,0.84,77.75,5.8442
2022-05-18,4.6027,25.61,86.7,0.97,27.11,6.7193
2022-05-19,3.4332,26.46,82.26,0.95,22.84,6.5162
2022-05-20,3.4454,26.33,82.34,0.72,34.65,6.2088
2022-05-21,2.6222,26.78,77.22,0.61,5.88,6.4584
2022-05-22,5.2874,26.35,79.78,0.52,6.34,6.6418
2022-05-23,5.0578,26.62,76.01,0.48,5.93,6.8551
2022-05-24,6.6977,27.81,73.42,0.34,0.04,7.1527
2022-05-25,2.7286,25.58,86.66,0.42,6.43,6.6732
2022-05-26,5.76,26.1,80.94,0.84,1.34,6.6689
2022-05-27,5.4794,26.21,76.54,0.73,0.04,6.9547
2022-05-28,6.3715,26.49,77.56,0.47,5.05,6.8239
2022-05-29,5.7653,28.1,72.44,0.33,4.02,6.6187
2022-05-30,5.2133,27.69,75.25,0.33,2.66,6.5292
2022-05-31,4.7508,27.62,79.27,0.33,4.54,6.7637
2022-06-01,5.4142,26.56,86.47,0.32,6.46,6.888
2022-06-02,5.5858,26.67,85.52,0.6,21.55,6.9175
2022-06-03,2.5301,26.67,84.84,0.74,20.49,6.1027
2022-06-04,3.4087,26.6,81.57,0.67,30.99,6.0242
2022-06-05,2.64,26.29,81.03,0.67,28.81,6.276
2022-06-06,1.9294,28.09,76.38,0.42,14.85,6.27
2022-06-07,3.9562,27.58,83.48,0.44,25.01,6.5748
2022-06-08,3.4567,27.48,84.59,0.45,14.0,6.4349
2022-06-09,1.8806,27.01,83.46,0.78,5.74,5.5726
2022-06-10,3.4747,25.58,86.99,0.53,29.0,6.5477
2022-06-11,3.6252,26.45,82.12,0.73,21.0,6.3938
2022-06-12,2.0508,27.17,84.76,0.72,60.23,6.5712
2022-06-13,2.0892,27.31,85.43,0.67,40.7,6.0108
2022-06-14,1.0814,27.1,86.85,0.8,70.05,6.0398
2022-06-15,2.585,25.87,88.35,1.04,58.54,6.1193
2022-06-16,1.0541,25.8,88.36,0.83,71.2,6.1874
2022-06-17,2.2291,24.8,89.37,0.9,39.14,5.6695
2022-06-18,2.0359,25.9,88.26,0.99,42.23,5.7473
2022-06-19,2.8776,26.9,83.45,0.55,26.28,6.0631
2022-06-20,3.954,26.53,87.16,0.63,19.77,6.0866
2022-06-21,4.7388,27.69,79.09,0.33,3.39,6.8263
2022-06-22,6.1339,28.03,83.31,0.42,2.85,7.1422
2022-06-23,5.6842,27.3,82.99,0.58,2.71,7.2197
2022-06-24,5.5716,26.88,85.21,0.47,3.47,7.3666
2022-06-25,5.8128,28.13,77.92,0.51,2.53,7.4162
2022-06-26,4.7388,27.17,85.89,0.68,7.05,7.3104
2022-06-27,2.4058,27.09,86.72,0.79,10.78,7.2091
2022-06-28,2.1876,26.37,88.92,0.58,17.98,7.2713
2022-06-29,2.1953,25.79,88.97,0.56,15.43,7.1314
2022-06-30,5.5548,26.82,83.11,0.47,13.34,7.1923
2022-07-01,4.4695,28.17,79.95,0.38,1.81,7.4158
2022-07-02,6.3586,28.03,83.06,0.31,2.65,7.4239
2022-07-03,4.987,27.76,83.71,0.45,1.04,7.2396
2022-07-04,5.7588,27.84,84.4,0.34,0.33,7.3891
2022-07-05,5.7048,28.59,83.92,0.42,3.26,7.3529
2022-07-06,4.6402,28.3,86.13,0.41,6.01,7.4258
2022-07-07,7.039,28.33,80.41,0.65,0.07,7.5012
2022-07-08,4.1974,28.11,81.13,0.62,2.9,7.3723
2022-07-09,6.4894,28.61,82.53,0.38,1.57,7.3306
2022-07-10,5.5574,28.69,81.21,0.38,14.34,7.2348
2022-07-11,4.7059,28.35,83.48,0.44,8.83,7.3843
2022-07-12,5.9081,28.69,78.82,0.36,3.1,7.4621
2022-07-13,6.4498,29.65,79.18,0.46,3.33,7.4014
2022-07-14,6.8462,29.91,77.06,0.58,1.19,7.5331
2022-07-15,6.2484,30.52,75.35,0.39,0.74,7.4873
2022-07-16,6.361,29.98,78.94,0.42,2.47,7.4918
2022-07-17,3.0811,27.94,85.96,0.69,12.92,7.4194
2022-07-18,5.4432,27.59,82.18,0.87,2.39,7.3032
2022-07-19,4.3807,27.07,86.85,0.55,6.54,7.1621
2022-07-20,4.4294,28.32,82.1,0.3,31.81,7.2314
2022-07-21,4.0495,29.22,78.64,0.27,5.86,7.1887
2022-07-22,5.2111,26.16,92.61,0.4,4.71,7.3181
2022-07-23,6.0022,27.14,87.47,0.53,12.64,7.3817
2022-07-24,3.9161,25.86,91.32,0.46,10.16,7.241
2022-07-25,3.9521,26.6,83.51,0.58,23.77,7.0716
2022-07-26,4.4306,27.39,81.08,0.47,10.68,7.0906
2022-07-27,4.6015,27.09,84.3,0.56,2.59,7.0164
2022-07-28,3.6139,27.85,82.52,0.46,5.11,6.889
2022-07-29,5.1024,27.75,83.51,0.59,4.0,6.9696
2022-07-30,4.1309,27.01,86.85,0.68,9.13,6.6461
2022-07-31,1.4894,26.73,89.28,0.57,13.75,6.7344
2022-08-01,2.5992,27.54,84.6,0.64,10.9,6.505
2022-08-02,4.566,28.11,80.25,0.4,6.18,6.6041
2022-08-03,4.8809,27.18,89.12,0.34,29.37,6.8659
2022-08-04,4.2917,26.57,90.86,0.41,18.27,7.0486
2022-08-05,5.778,27.84,83.6,0.43,12.66,6.9708
2022-08-06,4.5475,28.18,82.01,0.38,1.76,7.1186
2022-08-07,6.8474,29.81,76.24,0.4,14.58,7.1647
2022-08-08,6.1519,28.66,83.21,0.63,3.49,7.2154
2022-08-09,5.5745,28.77,79.78,0.61,14.2,7.3006
2022-08-10,3.0334,26.83,87.34,0.55,5.46,7.0584
2022-08-11,7.0303,28.89,75.69,0.51,0.01,7.3286
2022-08-12,6.289,28.08,79.02,0.4,1.44,7.0202
2022-08-13,4.2082,27.94,83.81,0.65,6.35,7.0171
2022-08-14,5.2298,28.11,79.76,0.49,7.0,7.1801
2022-08-15,6.0679,27.92,76.59,0.58,0.84,7.1275
2022-08-16,4.8516,27.78,80.87,0.61,1.81,6.8623
2022-08-17,5.6753,28.39,82.59,0.45,1.05,6.7325
2022-08-18,6.1001,28.97,82.86,0.45,0.79,6.7723
2022-08-19,6.3535,27.72,82.61,0.79,1.2,7.1095
2022-08-20,5.7823,29.43,75.48,0.33,0.27,7.0582
2022-08-21,6.1181,26.57,86.97,0.47,2.85,6.8597
2022-08-22,5.2862,29.2,76.61,0.39,2.51,6.7687
2022-08-23,3.5282,27.84,85.64,0.5,5.58,6.889
2022-08-24,5.9102,29.47,77.22,0.44,1.59,6.8522
2022-08-25,5.2978,28.0,79.01,0.61,0.62,6.912
2022-08-26,5.3477,27.26,80.18,0.52,0.6,6.3787
2022-08-27,3.2244,27.33,82.7,0.68,7.06,6.5021
2022-08-28,3.336,27.08,83.81,0.45,7.03,6.3696
2022-08-29,4.9121,27.94,80.54,0.49,3.71,6.4145
2022-08-30,3.209,27.02,84.89,0.66,8.05,6.4169
2022-08-31,2.1254,27.26,79.95,0.54,0.69,6.419
2022-09-01,2.184,25.78,86.61,0.6,8.9,6.3091
2022-09-02,3.4937,26.01,89.02,0.45,3.42,6.1253
2022-09-03,2.7485,27.14,86.76,0.67,14.96,5.7098
2022-09-04,4.4362,27.0,87.04,0.61,13.06,6.1757
2022-09-05,4.3049,26.69,86.77,0.5,3.41,6.2933
2022-09-06,4.368,26.9,87.15,0.33,4.69,6.0034
2022-09-07,5.1588,26.45,90.67,0.41,1.24,6.3533
2022-09-08,4.6214,26.01,88.72,0.57,2.41,6.5203
2022-09-09,4.1287,24.47,88.19,0.64,1.78,6.5081
2022-09-10,5.5918,26.08,82.97,0.62,1.7,6.4826
2022-09-11,5.801,26.11,88.3,0.35,6.71,6.4824
2022-09-12,4.4969,25.92,86.89,0.28,22.45,6.395
2022-09-13,3.1286,27.12,84.39,0.28,19.98,6.3979
2022-09-14,4.8017,27.74,79.84,0.38,8.05,6.4675
2022-09-15,4.4683,27.12,83.48,0.42,10.58,6.2983
2022-09-16,4.5948,26.75,84.45,0.53,4.15,6.1176
2022-09-17,4.2504,27.98,79.75,0.37,0.55,6.1205
2022-09-18,5.5536,27.96,82.91,0.3,2.74,6.1538
2022-09-19,4.8415,28.61,79.88,0.32,3.1,6.2251
2022-09-20,4.7177,26.86,85.76,0.43,2.07,6.1104
2022-09-21,5.321,27.12,82.67,0.55,1.15,6.0511
2022-09-22,4.1911,27.8,79.36,0.39,1.92,5.982
2022-09-23,3.2071,26.35,86.74,0.37,1.62,5.97
2022-09-24,3.6034,26.39,85.06,0.42,3.95,5.9141
2022-09-25,2.9114,26.9,79.68,0.32,1.27,5.8562
2022-09-26,4.9718,26.47,83.38,0.27,5.4,5.917
2022-09-27,4.7021,26.54,85.88,0.31,0.85,5.6863
2022-09-28,4.7441,26.62,83.92,0.33,0.95,5.6395
2022-09-29,4.5293,26.15,83.6,0.29,0.21,5.7614
2022-09-30,5.6155,27.75,77.39,0.31,0.05,5.8682
2022-10-01,5.688,28.2,76.37,0.35,0.28,5.8658
2022-10-02,3.9886,27.43,80.93,0.38,3.37,5.5774
2022-10-03,1.9366,26.09,87.92,0.44,24.95,5.6354
2022-10-04,3.9521,26.08,89.25,0.28,5.58,5.821
2022-10-05,3.9878,26.15,86.73,0.46,6.38,5.7691
2022-10-06,4.6735,25.95,86.43,0.45,1.32,5.6988
2022-10-07,4.8264,26.2,83.34,0.5,1.87,5.6839
2022-10-08,3.2582,25.64,85.48,0.59,5.32,5.5169
2022-10-09,2.7372,25.23,89.22,0.59,8.85,5.3318
2022-10-10,2.8944,25.27,87.39,0.61,11.14,5.5145
2022-10-11,3.4747,24.6,93.27,0.48,22.01,5.3378
2022-10-12,2.0952,24.31,90.2,0.46,12.3,5.5867
2022-10-13,3.7274,23.78,92.46,0.32,12.92,5.4559
2022-10-14,4.1964,25.14,84.6,0.39,0.71,5.1379
2022-10-15,4.8329,24.32,82.47,0.34,0.03,5.435
2022-10-16,5.479,24.73,77.41,0.42,0.0,5.5282
2022-10-17,5.2356,24.96,75.63,0.38,0.13,5.4972
2022-10-18,5.3182,24.72,76.73,0.45,0.17,5.4502
2022-10-19,4.9738,23.83,77.78,0.38,0.01,5.3453
2022-10-20,5.274,23.42,79.88,0.48,0.0,5.3544
2022-10-21,5.4902,22.68,81.89,0.51,0.0,5.5176
2022-10-22,5.4708,22.75,77.64,0.54,0.0,5.4826
2022-10-23,3.2064,20.84,85.72,0.5,0.3,5.1929
2022-10-24,1.3704,19.61,94.19,0.86,55.59,5.2253
2022-10-25,1.1436,20.12,90.71,0.63,36.2,5.1127
2022-10-26,2.5764,21.35,83.51,0.51,0.8,4.6315
2022-10-27,3.5983,20.94,76.92,0.43,0.01,4.7954
2022-10-28,4.9728,20.68,81.78,0.48,0.0,5.0753
2022-10-29,5.1346,20.95,80.34,0.49,0.0,5.2104
2022-10-30,5.1374,21.56,80.2,0.49,0.0,5.1895
2022-10-31,5.1252,21.49,80.64,0.45,0.0,5.1816
2022-11-01,5.1672,21.56,75.07,0.47,0.0,5.2073
2022-11-02,4.6658,22.71,74.48,0.35,0.02,5.0021
2022-11-03,4.4311,22.29,79.18,0.4,0.02,4.7112
2022-11-04,4.6385,21.27,83.1,0.43,0.25,4.6658
2022-11-05,4.86,22.23,77.17,0.43,0.02,4.8842
2022-11-06,4.8,22.14,78.44,0.4,0.0,4.8648
2022-11-07,4.5322,21.78,76.23,0.39,0.0,4.6519
2022-11-08,4.5691,21.68,73.02,0.41,0.0,4.7194
2022-11-09,4.6097,20.63,77.53,0.36,0.0,4.7422
2022-11-10,4.6387,19.89,76.24,0.45,0.0,4.7729
2022-11-11,4.4981,19.85,76.46,0.43,0.0,4.6373
2022-11-12,4.2533,20.56,77.61,0.46,0.0,4.5257
2022-11-13,4.3351,19.28,80.69,0.43,0.0,4.5581
2022-11-14,4.5624,19.02,76.06,0.51,0.0,4.6046
2022-11-15,4.4273,19.6,74.16,0.52,0.0,4.4801
2022-11-16,4.4071,19.78,77.05,0.52,0.0,4.529
2022-11-17,4.2698,19.8,74.58,0.35,0.0,4.4921
2022-11-18,4.5564,18.34,76.54,0.55,0.0,4.5804
2022-11-19,4.6126,17.34,77.5,0.58,0.0,4.68
2022-11-20,4.5869,19.19,68.41,0.42,0.0,4.6454
2022-11-21,4.4554,18.68,71.36,0.4,0.0,4.5206
2022-11-22,4.4645,18.75,77.4,0.4,0.0,4.4885
2022-11-23,4.3694,18.66,80.05,0.47,0.0,4.3846
2022-11-24,4.4033,18.57,79.37,0.62,0.0,4.4285
2022-11-25,4.4962,18.52,72.7,0.6,0.0,4.5101
2022-11-26,4.4364,18.9,70.3,0.44,0.0,4.4738
2022-11-27,4.3906,18.29,75.44,0.39,0.0,4.416
2022-11-28,4.3087,18.22,70.46,0.49,0.0,4.3279
2022-11-29,4.224,19.14,73.83,0.45,0.0,4.2461
2022-11-30,4.1561,19.9,77.59,0.42,0.0,4.175
2022-12-01,4.0836,19.9,76.85,0.42,0.0,4.1093
2022-12-02,4.0402,18.95,78.37,0.39,0.0,4.0798
2022-12-03,4.1419,18.72,74.15,0.47,0.0,4.1782
2022-12-04,4.201,18.25,77.57,0.53,0.0,4.2202
2022-12-05,4.2168,17.93,74.15,0.46,0.0,4.2408
2022-12-06,4.1858,18.29,76.3,0.49,0.0,4.2226
2022-12-07,4.1081,18.52,81.03,0.36,0.0,4.1736
2022-12-08,4.0723,17.34,76.11,0.53,0.0,4.2074
2022-12-09,4.1784,16.91,72.75,0.48,0.0,4.1981
2022-12-10,4.0476,17.11,76.19,0.47,0.0,4.1726
2022-12-11,3.8208,17.07,81.8,0.4,0.0,3.9694
2022-12-12,3.6168,17.98,82.24,0.36,0.0,3.8074
2022-12-13,3.5786,17.72,82.26,0.41,0.0,3.719
2022-12-14,3.5285,17.46,84.74,0.37,0.0,3.6713
2022-12-15,3.395,17.45,84.53,0.44,0.0,3.6197
2022-12-16,3.0694,17.14,86.09,0.36,0.0,3.4622
2022-12-17,3.8196,16.59,84.28,0.55,0.0,3.907
2022-12-18,3.8738,16.97,76.88,0.55,0.0,3.9444
2022-12-19,3.6355,17.2,80.27,0.43,0.0,3.7632
2022-12-20,3.4771,18.67,75.65,0.33,0.01,3.6931
2022-12-21,3.5981,17.55,86.37,0.4,0.0,3.7939
2022-12-22,3.3012,17.01,86.74,0.37,0.0,3.7819
2022-12-23,3.1781,15.57,79.43,0.43,0.0,3.3797
2022-12-24,3.4934,15.72,83.31,0.37,0.0,3.8371
2022-12-25,2.7852,16.6,78.92,0.52,0.06,3.0233
2022-12-26,2.2752,16.23,86.46,0.49,2.27,2.6326
2022-12-27,1.879,15.92,83.61,0.68,0.13,2.5272
2022-12-28,1.6402,13.36,78.54,0.41,0.01,2.4502
2022-12-29,2.4588,13.22,83.67,0.49,0.0,2.9902
2022-12-30,3.2249,14.05,78.87,0.5,0.0,3.4838
2022-12-31,3.0607,13.93,85.94,0.42,0.0,3.4622
2023-01-01,3.4692,14.56,81.04,0.44,0.0,3.6631
2023-01-02,3.7536,14.77,76.28,0.51,0.0,3.8566
2023-01-03,3.948,14.83,76.27,0.5,0.0,4.0322
2023-01-04,4.0279,14.05,76.35,0.48,0.0,4.0738
2023-01-05,4.1942,13.93,76.78,0.63,0.0,4.2293
2023-01-06,4.2998,14.93,70.41,0.63,0.0,4.3147
2023-01-07,4.201,15.73,69.99,0.51,0.0,4.2271
2023-01-08,4.1894,15.86,72.66,0.51,0.0,4.223
2023-01-09,4.2458,15.92,71.28,0.61,0.0,4.2737
2023-01-10,4.2269,16.2,71.89,0.51,0.0,4.2542
2023-01-11,3.9864,15.45,77.63,0.52,0.0,4.044
2023-01-12,3.8635,15.58,80.79,0.42,0.0,4.0994
2023-01-13,3.1138,14.96,74.67,0.56,0.0,3.5539
2023-01-14,2.1379,15.01,77.61,0.59,0.0,2.8085
2023-01-15,2.5481,14.16,81.39,0.54,0.0,3.2664
2023-01-16,2.8243,13.0,76.47,0.62,0.0,3.3389
2023-01-17,2.825,11.77,73.03,0.4,0.0,3.2069
2023-01-18,3.2654,11.99,66.82,0.48,0.0,3.649
2023-01-19,3.7109,12.29,70.34,0.54,0.0,3.8935
2023-01-20,3.9931,12.72,74.17,0.56,0.0,4.0973
2023-01-21,4.0481,14.19,77.05,0.48,0.0,4.1722
2023-01-22,4.0447,14.15,76.13,0.44,0.0,4.2067
2023-01-23,3.8714,14.66,77.37,0.54,0.0,4.0716
2023-01-24,4.0128,15.94,76.49,0.54,0.0,4.0968
2023-01-25,4.0714,16.52,78.45,0.58,0.0,4.1328
2023-01-26,3.625,17.47,81.13,0.46,0.0,3.8971
2023-01-27,3.7711,17.39,83.54,0.49,0.0,3.8323
2023-01-28,3.6091,17.54,82.62,0.45,0.0,3.7793
2023-01-29,3.9852,17.92,79.74,0.47,0.0,4.2802
2023-01-30,4.6164,18.33,75.59,0.5,0.0,4.6582
2023-01-31,4.0039,18.77,80.25,0.5,0.0,4.6207
2023-02-01,3.9065,18.39,72.29,0.55,0.0,4.2259
2023-02-02,4.1393,16.27,65.7,0.52,0.0,4.554
2023-02-03,4.5806,16.86,69.18,0.57,0.0,4.7304
2023-02-04,4.1496,16.64,76.26,0.4,0.0,4.2732
2023-02-05,3.87,17.01,76.83,0.44,0.0,4.0433
2023-02-06,3.3262,15.87,70.4,0.59,0.0,3.6473
2023-02-07,3.1433,15.93,68.12,0.75,0.0,3.9562
2023-02-08,3.2482,16.81,71.13,0.63,0.05,4.0262
2023-02-09,2.8051,16.88,76.41,0.48,0.0,3.9758
2023-02-10,2.5606,16.44,75.49,0.52,0.0,3.5131
2023-02-11,3.379,16.41,67.35,0.67,0.0,4.1542
2023-02-12,3.8371,17.65,64.04,0.89,0.01,4.7146
2023-02-13,4.8278,16.19,54.93,0.8,0.08,5.2063
2023-02-14,4.9286,15.88,58.95,0.59,0.0,5.065
2023-02-15,4.6274,16.92,65.94,0.54,0.0,4.8158
2023-02-16,3.9833,19.25,67.96,0.58,0.0,4.7232
2023-02-17,4.8427,19.71,69.07,0.46,0.0,4.9608
2023-02-18,4.763,19.13,65.78,0.52,0.0,4.9116
2023-02-19,4.2734,19.05,66.73,0.5,0.0,4.553
2023-02-20,2.2742,19.53,71.42,0.54,0.23,3.7606
2023-02-21,1.1791,19.99,74.87,0.65,1.45,2.9724
2023-02-22,2.9878,20.75,76.0,0.91,1.46,3.8818
2023-02-23,3.193,20.02,72.49,0.89,0.21,4.7906
2023-02-24,4.571,19.48,64.71,0.64,0.48,5.1283
2023-02-25,5.0014,19.76,65.46,0.7,0.01,5.1972
2023-02-26,5.3791,19.22,67.38,0.56,0.0,5.4482
2023-02-27,4.6301,19.09,61.35,0.63,0.0,5.2118
2023-02-28,4.9097,18.72,61.39,0.56,0.0,5.3198
2023-03-01,4.9946,18.99,71.08,0.57,0.0,5.177
2023-03-02,4.5475,20.11,71.68,0.51,0.0,4.8487
2023-03-03,4.7225,21.02,64.4,0.5,0.0,4.9085
2023-03-04,4.8288,21.68,66.69,0.53,0.0,5.0234
2023-03-05,4.8691,21.92,70.65,0.52,0.13,5.1883
2023-03-06,4.4801,21.79,62.22,0.79,0.07,5.1144
2023-03-07,5.532,21.12,53.58,0.82,0.09,5.9602
2023-03-08,5.3988,20.48,60.83,0.53,0.0,5.8133
2023-03-09,5.5325,21.19,63.48,0.67,0.0,5.6635
2023-03-10,5.0863,19.79,60.75,0.59,0.0,5.7403
2023-03-11,5.2464,21.83,60.35,0.53,0.0,5.6381
2023-03-12,4.9402,22.36,60.63,0.61,0.0,5.3383
2023-03-13,5.5896,22.23,62.58,0.46,0.0,5.675
2023-03-14,5.2783,21.88,62.75,0.68,2.39,5.5397
2023-03-15,3.4855,21.78,70.12,0.7,13.03,4.9884
2023-03-16,4.0663,22.14,68.01,0.69,5.59,5.2764
2023-03-17,4.1362,20.87,77.73,0.44,2.7,4.8559
2023-03-18,4.6409,21.62,74.2,0.55,3.97,5.0419
2023-03-19,1.0817,21.14,77.85,0.39,24.39,4.8391
2023-03-20,2.7096,20.92,76.9,0.38,15.92,5.5039
2023-03-21,3.3672,19.81,81.32,0.65,19.25,5.701
2023-03-22,4.6356,19.97,78.14,1.05,6.75,5.7425
2023-03-23,4.7928,19.86,73.08,0.93,0.36,6.1243
2023-03-24,2.6585,20.49,71.05,0.7,1.3,5.795
2023-03-25,4.7522,21.63,73.68,0.68,2.46,5.7389
2023-03-26,4.0879,22.84,72.15,0.97,1.23,5.431
2023-03-27,5.6309,22.93,71.09,1.11,0.59,6.1351
2023-03-28,5.8582,22.84,69.24,1.05,2.46,6.1577
2023-03-29,6.0473,22.64,68.99,0.81,0.68,6.2671
2023-03-30,5.0052,22.35,70.36,0.74,1.0,5.909
2023-03-31,5.1014,22.44,74.06,0.48,3.99,5.8687
2023-04-01,1.991,21.06,85.35,0.34,13.71,6.2714
2023-04-02,5.8507,21.27,77.5,0.85,7.15,6.6571
2023-04-03,4.5425,22.03,69.35,1.05,1.18,6.3526
2023-04-04,4.6567,22.85,69.23,0.99,2.29,6.3794
2023-04-05,5.4444,23.75,72.1,1.05,5.96,6.449
2023-04-06,6.5438,23.39,72.41,0.83,0.5,6.9646
2023-04-07,6.5465,23.81,62.38,0.71,0.04,6.967
2023-04-08,6.7169,24.21,60.09,0.61,0.0,6.9377
2023-04-09,6.3454,24.93,58.55,0.87,0.0,6.7766
2023-04-10,6.8011,24.9,52.63,1.11,0.0,6.9432
2023-04-11,6.8285,24.92,53.2,0.87,0.0,6.9334
2023-04-12,6.9463,24.35,54.13,0.67,0.0,7.0675
2023-04-13,6.4241,25.5,52.94,0.63,0.0,6.6874
2023-04-14,6.3286,26.98,54.87,0.65,0.0,6.5474
2023-04-15,5.6748,26.66,56.85,0.47,0.0,6.312
2023-04-16,6.0367,26.57,55.05,0.7,0.0,6.5167
2023-04-17,6.4483,28.24,51.49,0.98,0.01,6.5278
2023-04-18,6.0216,28.7,60.53,0.79,0.11,6.3624
2023-04-19,5.833,28.61,59.85,0.99,2.25,6.3048
2023-04-20,5.2637,27.76,63.53,0.77,8.1,6.4992
2023-04-21,4.841,26.59,67.3,0.96,11.48,6.1241
2023-04-22,6.1159,25.82,67.58,0.77,5.28,6.8489
2023-04-23,1.0426,22.66,74.29,0.47,17.2,6.5196
2023-04-24,7.0224,23.93,70.96,0.47,0.14,7.11
2023-04-25,6.8532,24.82,67.02,0.5,2.64,7.2499
2023-04-26,6.1116,24.86,67.32,0.67,0.7,6.9134
2023-04-27,5.8896,25.17,68.01,0.67,3.3,6.7802
2023-04-28,5.9299,24.85,65.08,0.76,0.27,6.5662
2023-04-29,4.3711,25.36,65.34,0.58,1.57,6.235
2023-04-30,5.2582,25.02,72.18,0.53,8.57,6.6314
2023-05-01,5.6626,24.69,75.0,0.75,6.69,6.6787
2023-05-02,6.337,25.0,67.49,0.83,2.71,7.3068
2023-05-03,5.203,25.52,67.71,0.82,2.21,7.008
2023-05-04,4.8122,24.94,76.24,0.75,10.28,6.8069
2023-05-05,6.0043,25.59,73.32,1.0,0.71,6.6739
2023-05-06,5.8354,25.99,66.55,1.03,0.48,7.0548
2023-05-07,6.2287,26.38,64.06,0.66,0.2,6.8916
2023-05-08,6.8047,27.12,59.44,0.76,0.11,7.375
2023-05-09,6.9617,27.45,52.35,0.93,0.0,7.2185
2023-05-10,6.4776,28.07,51.24,0.87,0.43,7.2002
2023-05-11,6.63,28.03,58.72,0.62,0.46,7.2091
2023-05-12,5.873,28.21,56.94,0.44,0.16,6.8714
2023-05-13,6.6605,28.42,52.05,0.75,0.0,7.2089
2023-05-14,4.9339,27.59,53.51,1.38,0.09,6.9146
2023-05-15,5.7132,26.32,59.39,0.9,1.42,7.4035
2023-05-16,4.825,26.29,69.81,0.69,21.98,6.7471
2023-05-17,3.1253,26.0,73.84,0.61,11.0,6.2222
2023-05-18,3.2491,25.28,75.4,0.42,7.77,6.1246
2023-05-19,3.7793,26.27,75.76,0.57,5.98,6.5069
2023-05-20,5.0798,26.16,76.38,0.88,14.0,6.683
2023-05-21,4.9752,26.67,71.45,0.55,6.64,6.7853
2023-05-22,4.326,26.64,71.28,0.49,3.52,6.1145
2023-05-23,4.9992,26.8,73.96,0.4,2.52,6.4466
2023-05-24,4.5698,26.01,75.44,0.41,2.75,6.9902
2023-05-25,6.377,26.34,75.13,0.52,16.66,7.4184
2023-05-26,5.7098,25.7,79.15,0.67,14.7,6.8316
2023-05-27,3.2136,26.33,76.92,0.66,13.36,7.2367
2023-05-28,6.5141,26.4,77.9,0.39,0.32,7.4318
2023-05-29,7.4554,27.98,72.21,0.37,0.09,7.6454
2023-05-30,7.4474,29.04,69.15,0.38,0.0,7.698
2023-05-31,7.4743,29.84,64.57,0.75,0.0,7.6574
2023-06-01,4.8758,29.1,71.31,0.87,6.2,6.443
2023-06-02,6.5105,28.84,66.49,1.02,1.45,6.9677
2023-06-03,6.594,28.98,62.42,0.73,0.08,6.9694
2023-06-04,6.5062,28.84,65.12,0.73,0.15,6.8249
2023-06-05,6.2114,28.52,64.84,0.46,0.01,7.3714
2023-06-06,6.341,30.07,60.66,0.46,0.04,7.0747
2023-06-07,6.7824,30.7,62.48,0.43,0.15,7.1798
2023-06-08,4.9039,29.49,70.34,0.36,1.3,7.3716
2023-06-09,3.383,27.83,79.59,0.39,20.36,7.3356
2023-06-10,4.6457,26.83,86.17,0.31,6.62,7.6577
2023-06-11,4.3452,28.04,80.74,0.58,34.93,6.9758
2023-06-12,4.4794,28.73,74.93,0.52,3.03,6.5088
2023-06-13,5.107,29.05,74.91,0.59,11.42,6.1291
2023-06-14,3.2832,28.17,81.51,0.67,33.28,6.264
2023-06-15,3.1687,28.35,76.98,1.37,38.47,6.5606
2023-06-16,1.9166,28.21,79.07,1.25,59.75,6.6667
2023-06-17,2.4228,28.43,78.07,1.14,26.01,6.2045
2023-06-18,2.1648,28.2,79.66,0.59,53.88,5.8795
2023-06-19,1.7647,27.26,85.07,0.51,25.55,6.0079
2023-06-20,1.6865,27.67,80.41,0.64,21.34,6.24
2023-06-21,1.74,27.59,81.14,0.57,37.06,6.4966
2023-06-22,3.0583,27.33,84.77,0.4,18.98,6.4954
2023-06-23,4.1078,29.04,78.24,0.42,2.82,7.3022
2023-06-24,6.2513,29.63,74.87,0.29,0.76,7.513
2023-06-25,6.0605,29.5,75.36,0.35,1.95,7.469
2023-06-26,6.0869,28.18,83.18,0.36,4.74,7.5624
2023-06-27,4.1412,29.06,75.3,0.29,20.08,7.5643
2023-06-28,4.3243,28.4,80.41,0.36,27.21,7.2703
2023-06-29,2.8493,27.38,84.73,0.58,17.07,7.3562
2023-06-30,3.9314,27.89,83.0,0.61,21.13,7.3745
2023-07-01,3.4615,27.89,84.77,0.74,26.74,7.23
2023-07-02,2.2034,28.2,84.01,0.55,10.15,7.115
2023-07-03,3.425,27.14,89.19,0.58,20.34,7.2211
2023-07-04,4.1561,28.05,82.36,0.56,1.44,7.2833
2023-07-05,6.0461,27.23,88.45,0.3,19.0,7.3051
2023-07-06,4.1333,28.46,80.13,0.43,12.18,7.399
2023-07-07,5.3287,28.14,81.27,0.48,16.83,7.5048
2023-07-08,5.4622,28.86,78.68,0.53,2.58,7.5326
2023-07-09,5.3453,28.52,77.29,0.49,2.7,7.4299
2023-07-10,4.17,28.96,81.23,0.61,9.21,7.1028
2023-07-11,2.7864,28.21,84.76,0.93,18.26,7.0718
2023-07-12,2.4343,27.05,84.83,0.86,18.95,7.0644
2023-07-13,4.0159,27.89,83.95,0.79,21.11,6.7742
2023-07-14,4.183,28.6,75.81,0.39,3.43,7.1882
2023-07-15,5.5154,29.51,74.06,0.37,2.85,7.3997
2023-07-16,4.6147,29.08,76.4,0.41,0.61,7.289
2023-07-17,4.0152,26.75,86.09,0.69,4.3,7.1851
2023-07-18,6.109,29.7,70.84,0.48,0.49,7.475
2023-07-19,6.6581,30.63,71.86,0.35,0.21,7.3742
2023-07-20,6.1795,30.22,77.99,0.41,2.91,7.0298
2023-07-21,5.0513,26.97,88.83,0.69,27.87,7.2653
2023-07-22,5.1967,27.66,86.05,0.46,1.73,7.3985
2023-07-23,5.0285,28.53,83.85,0.35,2.22,7.1539
2023-07-24,5.4792,28.02,82.17,0.53,1.29,7.1542
2023-07-25,5.2718,29.8,74.17,0.38,2.47,7.3872
2023-07-26,4.9738,28.67,80.36,0.48,5.34,7.3354
2023-07-27,5.6294,28.79,80.05,0.6,10.86,7.2228
2023-07-28,4.789,28.69,81.05,0.56,13.1,7.1088
2023-07-29,4.4921,30.09,74.86,0.32,5.0,7.2521
2023-07-30,6.0862,29.52,79.57,0.4,2.52,7.3303
2023-07-31,6.4058,28.39,82.93,0.61,3.62,7.2982
2023-08-01,5.8925,29.19,80.66,0.79,2.05,7.2192
2023-08-02,5.3098,28.8,84.15,0.46,7.92,7.2936
2023-08-03,4.6253,28.86,81.12,0.29,9.51,7.1371
2023-08-04,3.5798,29.58,79.19,0.44,8.38,6.6449
2023-08-05,5.2248,28.29,81.92,0.79,6.77,6.6478
2023-08-06,4.0788,27.81,86.64,0.43,20.79,7.1258
2023-08-07,4.3054,29.39,84.58,0.26,28.26,6.8724
2023-08-08,4.7446,27.76,88.41,0.48,12.46,6.93
2023-08-09,4.0553,27.07,89.9,0.46,5.32,6.9583
2023-08-10,4.5588,29.05,80.41,0.5,2.31,6.6365
2023-08-11,4.5989,28.11,83.73,0.75,4.28,6.3953
2023-08-12,3.7745,27.94,86.13,0.71,18.95,5.9506
2023-08-13,2.2406,27.36,86.17,0.62,14.76,6.6456
2023-08-14,5.2296,27.69,80.38,0.6,6.65,6.8366
2023-08-15,5.1322,27.2,86.01,0.6,2.02,6.4694
2023-08-16,4.1527,28.73,82.19,0.53,6.98,6.3754
2023-08-17,5.8831,29.37,83.36,0.4,3.7,6.6982
2023-08-18,4.962,29.59,80.74,0.4,4.07,6.9187
2023-08-19,3.5309,27.71,88.17,0.43,0.78,6.7286
2023-08-20,4.3673,27.6,82.55,0.65,0.3,6.7606
2023-08-21,3.5777,27.66,84.29,0.64,6.75,6.66
2023-08-22,0.9682,27.16,85.58,0.44,12.92,6.0398
2023-08-23,2.7725,27.41,82.73,0.49,8.89,6.5484
2023-08-24,1.6649,27.9,82.68,0.42,15.3,6.4817
2023-08-25,3.8316,27.17,86.33,0.31,14.54,6.6991
2023-08-26,2.855,26.9,89.85,0.49,14.58,6.1946
2023-08-27,3.0413,27.16,89.03,0.61,48.94,5.729
2023-08-28,4.1806,27.77,83.19,0.73,1.11,6.2738
2023-08-29,4.6649,27.32,77.53,0.4,0.04,6.3113
2023-08-30,6.0874,28.13,73.53,0.39,0.01,6.6166
2023-08-31,5.897,28.17,75.98,0.38,0.11,6.5208
2023-09-01,4.7645,28.29,79.41,0.42,0.44,5.8879
2023-09-02,4.2787,28.7,77.73,0.43,0.27,6.1289
2023-09-03,6.1236,29.06,76.81,0.52,0.18,6.7018
2023-09-04,6.5978,29.96,71.9,0.57,0.25,6.7819
2023-09-05,6.5698,29.37,74.56,0.49,0.27,6.655
2023-09-06,6.157,28.77,76.24,0.62,2.55,6.6936
2023-09-07,5.754,28.67,78.48,0.46,9.33,6.5518
2023-09-08,2.5454,26.84,87.61,0.45,12.99,6.5755
2023-09-09,5.3894,27.14,85.73,0.37,4.6,6.4306
2023-09-10,4.5533,28.38,79.93,0.45,2.88,6.4387
2023-09-11,5.1694,28.59,82.49,0.27,3.38,6.27
2023-09-12,4.7167,26.72,83.68,0.42,3.01,6.2278
2023-09-13,4.9325,26.83,88.11,0.4,2.45,6.3055
2023-09-14,5.5841,28.12,79.15,0.52,0.56,6.4193
2023-09-15,6.0756,28.7,78.03,0.4,1.38,6.546
2023-09-16,5.8747,28.51,79.9,0.36,0.0,6.3398
2023-09-17,5.8639,29.43,73.73,0.4,0.15,6.2424
2023-09-18,5.4334,26.91,84.46,0.47,2.1,6.1013
2023-09-19,3.0754,25.95,86.96,0.47,15.19,6.2678
2023-09-20,4.3606,25.67,88.57,0.4,16.29,6.2071
2023-09-21,1.2922,26.5,84.77,0.31,40.34,6.115
2023-09-22,3.8738,25.7,87.01,0.33,9.45,5.9585
2023-09-23,3.7046,26.41,84.69,0.31,4.74,6.0787
2023-09-24,4.1842,26.5,84.77,0.34,3.61,6.0058
2023-09-25,3.9089,27.8,81.73,0.28,1.64,5.9544
2023-09-26,4.6111,27.18,81.81,0.3,0.25,6.0259
2023-09-27,5.1631,27.08,84.4,0.39,0.16,5.8685
2023-09-28,5.833,27.82,79.56,0.52,0.0,6.059
2023-09-29,5.5764,27.87,82.29,0.48,0.17,5.9477
2023-09-30,4.4774,27.29,84.99,0.42,4.45,5.8802
2023-10-01,4.3582,27.73,80.48,0.41,13.67,5.8793
2023-10-02,4.3301,28.07,80.66,0.37,6.42,5.8459
2023-10-03,3.665,27.09,87.08,0.39,8.56,5.7845
2023-10-04,2.4091,26.71,82.07,0.22,7.4,5.7475
2023-10-05,1.5965,24.07,89.56,0.39,35.58,5.731
2023-10-06,2.5205,25.0,89.87,0.5,31.81,5.4269
2023-10-07,2.653,24.61,92.22,0.57,14.37,5.5152
2023-10-08,2.7142,25.63,88.77,0.45,9.41,5.1696
2023-10-09,4.3246,25.09,87.63,0.54,4.81,5.123
2023-10-10,3.7166,26.42,81.1,0.32,0.2,5.077
2023-10-11,4.6426,25.98,79.91,0.38,0.19,5.2246
2023-10-12,4.4825,24.89,84.64,0.42,0.22,4.9634
2023-10-13,4.109,24.64,76.72,0.35,0.15,4.8984
2023-10-14,3.7553,24.15,78.48,0.35,0.52,5.107
2023-10-15,4.4966,24.56,75.91,0.37,0.02,5.0712
2023-10-16,5.0558,23.78,78.51,0.45,0.0,5.2738
2023-10-17,5.3059,24.09,78.26,0.32,0.0,5.371
2023-10-18,4.9798,23.28,79.6,0.31,0.0,5.256
2023-10-19,4.9553,23.24,79.63,0.42,0.0,5.1871
2023-10-20,5.117,22.95,78.54,0.44,0.0,5.2783
2023-10-21,5.429,22.57,76.09,0.54,0.0,5.4475
2023-10-22,5.3702,22.85,76.25,0.54,0.01,5.4017
2023-10-23,4.5926,23.23,79.75,0.43,0.77,5.2342
2023-10-24,4.4278,22.19,89.4,0.49,0.97,5.0014
2023-10-25,4.9898,22.17,83.05,0.46,0.46,5.0681
2023-10-26,5.0278,22.94,84.54,0.39,1.37,5.1713
2023-10-27,4.8298,22.41,81.32,0.4,0.12,5.1166
2023-10-28,4.9594,22.02,77.07,0.44,0.03,5.1766
2023-10-29,5.0729,21.08,79.06,0.52,0.0,5.1641
2023-10-30,5.1142,21.45,79.35,0.54,0.0,5.1504
2023-10-31,5.1182,21.58,79.12,0.51,0.0,5.1571
2023-11-01,5.1158,22.86,68.89,0.52,0.0,5.1502
2023-11-02,5.0198,22.15,72.67,0.49,0.0,5.0671
2023-11-03,4.6879,21.29,77.85,0.4,0.0,4.854
2023-11-04,4.0351,21.0,83.81,0.36,0.01,4.5569
2023-11-05,4.1527,20.88,81.28,0.35,0.0,4.513
2023-11-06,4.6546,20.12,78.78,0.49,0.0,4.7611
2023-11-07,4.5804,19.77,76.09,0.48,0.0,4.7066
2023-11-08,4.4042,20.04,75.7,0.45,0.12,4.5322
2023-11-09,4.4448,20.03,79.27,0.41,0.01,4.5434
2023-11-10,4.6075,20.21,74.1,0.53,0.0,4.6486
2023-11-11,4.5814,20.39,74.21,0.54,0.0,4.633
2023-11-12,4.5761,19.8,76.63,0.51,0.0,4.6332
2023-11-13,4.6906,19.36,77.66,0.6,0.0,4.7213
2023-11-14,4.6853,19.37,75.8,0.56,0.0,4.7405
2023-11-15,4.5761,19.95,71.41,0.45,0.0,4.6495
2023-11-16,3.9122,20.54,80.25,0.48,0.1,4.3049
2023-11-17,2.4895,20.56,90.6,0.68,7.29,4.2022
2023-11-18,4.4299,20.46,83.43,0.58,0.52,4.505
2023-11-19,4.3776,21.09,81.37,0.54,0.12,4.4208
2023-11-20,4.307,22.09,75.81,0.34,0.0,4.417
2023-11-21,3.6329,20.81,83.98,0.45,0.92,4.1602
2023-11-22,3.3103,19.61,85.93,0.43,0.03,4.026
2023-11-23,4.0663,20.32,75.63,0.47,0.0,4.2578
2023-11-24,4.3243,19.67,79.28,0.55,0.0,4.4023
2023-11-25,4.265,18.67,77.73,0.57,0.0,4.3224
2023-11-26,4.4441,18.55,76.94,0.56,0.0,4.4616
2023-11-27,4.4381,18.4,75.96,0.58,0.0,4.4671
2023-11-28,4.1208,19.95,69.82,0.48,0.0,4.3565
2023-11-29,3.6077,19.57,74.54,0.41,0.0,4.183
2023-11-30,4.277,19.44,73.02,0.57,0.0,4.3008
2023-12-01,4.2391,19.56,70.12,0.53,0.0,4.3068
2023-12-02,3.7546,20.85,69.92,0.57,0.0,4.1105
2023-12-03,3.9019,19.76,78.9,0.51,0.0,4.1616
2023-12-04,3.8388,19.35,79.05,0.43,0.0,4.103
2023-12-05,2.9179,19.3,81.06,0.42,0.0,3.8333
2023-12-06,3.439,20.02,81.16,0.56,0.04,3.8926
2023-12-07,1.9082,18.83,92.3,0.36,8.42,3.7454
2023-12-08,2.8922,18.47,89.72,0.44,2.45,3.7591
2023-12-09,2.9858,18.3,87.43,0.42,0.1,3.9331
2023-12-10,2.1883,17.08,83.55,0.45,0.0,3.7135
2023-12-11,3.3953,16.59,81.26,0.57,0.19,3.9658
2023-12-12,3.7872,16.71,81.57,0.46,0.32,4.0469
2023-12-13,2.8795,16.31,82.99,0.35,0.21,3.8974
2023-12-14,3.0773,14.81,71.1,0.49,0.0,3.51
2023-12-15,3.6602,15.01,72.79,0.48,0.0,3.7454
2023-12-16,3.8239,15.62,72.04,0.47,0.0,4.0342
2023-12-17,4.0169,16.21,71.41,0.53,0.0,4.074
2023-12-18,3.9238,16.1,76.7,0.57,0.0,4.1095
2023-12-19,3.7942,15.17,75.98,0.6,0.0,4.0987
2023-12-20,3.6797,15.19,75.68,0.58,0.0,4.1683
2023-12-21,4.0435,16.35,77.96,0.51,0.0,4.157
2023-12-22,4.0104,16.48,76.09,0.5,0.0,4.0944
2023-12-23,2.154,16.31,81.61,0.46,0.0,3.8669
2023-12-24,3.5592,17.76,79.79,0.5,0.07,3.6658
2023-12-25,3.7354,18.35,77.45,0.4,0.01,3.7978
2023-12-26,3.7193,18.41,76.57,0.54,0.0,3.8182
2023-12-27,3.821,17.47,79.25,0.49,0.0,3.941
2023-12-28,3.6766,17.54,76.13,0.49,0.0,3.8962
2023-12-29,3.9737,18.09,71.81,0.4,0.0,4.0073
2023-12-30,4.0337,17.51,71.53,0.54,0.0,4.0728
2023-12-31,4.0039,16.95,75.31,0.43,0.0,4.0474
