date,ALLSKY_SFC_SW_DWN,T2M,RH2M,WS2M,PRECTOTCORR,CLRSKY_SFC_SW_DWN
2018-01-01,5.136,21.5,52.57,1.17,0.0,5.1893
2018-01-02,4.4431,19.99,56.52,1.18,0.0,4.6927
2018-01-03,4.307,19.99,53.93,1.2,0.0,4.5211
2018-01-04,4.5307,19.38,46.52,1.53,0.0,4.561
2018-01-05,4.7618,19.87,43.59,1.13,0.0,4.8593
2018-01-06,4.7558,19.67,44.25,1.12,0.0,4.8187
2018-01-07,4.4544,19.9,45.26,1.05,0.0,4.513
2018-01-08,4.5252,19.02,51.92,1.79,0.0,4.5782
2018-01-09,4.8281,18.88,51.37,1.68,0.0,4.8888
2018-01-10,5.0395,20.79,47.46,1.31,0.0,5.0527
2018-01-11,4.9392,22.1,42.53,1.18,0.0,4.9658
2018-01-12,4.9258,22.66,35.42,1.6,0.0,4.9574
2018-01-13,5.0834,23.73,34.49,1.64,0.0,5.1302
2018-01-14,4.6649,22.97,42.05,1.59,0.0,4.7134
2018-01-15,4.1124,23.44,46.47,1.55,0.0,4.2742
2018-01-16,5.0758,22.95,40.49,1.84,0.0,5.1175
2018-01-17,5.1187,22.43,34.4,1.59,0.0,5.1641
2018-01-18,5.341,22.02,33.36,1.87,0.0,5.4326
2018-01-19,5.5666,21.41,27.61,1.83,0.0,5.6556
2018-01-20,5.509,21.09,26.66,1.54,0.0,5.6244
2018-01-21,5.251,21.8,27.82,1.46,0.0,5.375
2018-01-22,5.2145,20.79,44.02,1.6,0.0,5.257
2018-01-23,4.8751,21.63,52.72,1.65,0.0,4.8974
2018-01-24,4.5406,21.98,37.94,1.9,0.0,4.6066
2018-01-25,5.0429,21.18,28.13,1.7,0.0,5.1528
2018-01-26,5.4778,20.92,15.62,1.52,0.0,5.6376
2018-01-27,5.1782,21.81,16.37,0.94,0.0,5.4235
2018-01-28,4.9663,21.42,23.21,1.58,0.0,5.029
2018-01-29,5.4547,21.78,28.56,1.78,0.0,5.5596
2018-01-30,5.7583,21.54,22.46,2.2,0.0,5.9892
2018-01-31,6.1135,22.47,18.55,2.06,0.0,6.2004
2018-02-01,6.0857,23.5,15.75,1.9,0.0,6.2825
2018-02-02,6.066,24.09,16.0,1.05,0.0,6.234
2018-02-03,6.1013,22.88,26.9,1.63,0.0,6.1495
2018-02-04,6.0554,22.57,41.12,1.95,0.0,6.0773
2018-02-05,5.6537,22.62,40.67,2.25,0.0,6.0845
2018-02-06,5.4931,23.83,36.51,1.58,0.0,6.0168
2018-02-07,3.1397,23.5,33.71,1.23,0.0,5.6105
2018-02-08,5.9537,25.93,25.91,0.82,0.0,6.0014
2018-02-09,4.6973,25.86,29.29,1.45,0.0,5.6846
2018-02-10,2.8735,25.09,37.02,1.12,0.0,5.6412
2018-02-11,4.585,24.72,54.47,3.47,0.0,5.3431
2018-02-12,4.9193,25.2,56.98,3.05,0.02,5.2034
2018-02-13,4.6634,24.34,54.98,2.56,0.03,4.9872
2018-02-14,5.6438,23.84,55.37,2.21,0.0,5.784
2018-02-15,5.5471,23.92,45.5,2.16,0.0,5.9868
2018-02-16,5.909,23.48,28.28,2.33,0.0,6.3266
2018-02-17,6.6226,24.07,22.51,2.3,0.0,6.6406
2018-02-18,6.4027,24.59,25.89,1.38,0.0,6.409
2018-02-19,5.9582,25.0,39.42,1.46,0.0,6.053
2018-02-20,5.5529,25.68,46.17,1.75,0.0,5.7434
2018-02-21,5.4564,25.94,40.58,1.72,0.0,5.6357
2018-02-22,5.6038,25.97,37.35,1.62,0.0,5.9011
2018-02-23,6.0804,25.69,39.1,1.87,0.0,6.138
2018-02-24,6.5018,25.11,40.27,2.39,0.0,6.5167
2018-02-25,6.5957,25.24,32.7,1.94,0.0,6.6809
2018-02-26,6.4222,26.73,22.7,1.64,0.0,6.432
2018-02-27,6.0835,27.58,25.46,2.09,0.0,6.2138
2018-02-28,6.6209,27.4,20.85,1.89,0.0,6.6266
2018-03-01,6.5669,27.54,18.16,1.49,0.0,6.6206
2018-03-02,6.4954,28.28,19.5,1.27,0.0,6.5436
2018-03-03,6.1668,28.17,21.21,1.31,0.0,6.1872
2018-03-04,6.2155,28.42,20.48,1.77,0.0,6.2208
2018-03-05,6.3737,27.73,25.81,2.55,0.0,6.377
2018-03-06,6.2856,27.87,24.4,2.06,0.0,6.3062
2018-03-07,6.1027,27.82,29.07,2.17,0.0,6.1668
2018-03-08,5.9566,27.56,26.06,2.4,0.0,5.9674
2018-03-09,6.0931,27.85,30.41,1.97,0.0,6.1286
2018-03-10,5.5709,28.29,34.81,1.44,0.0,5.9573
2018-03-11,5.575,28.48,35.02,2.21,0.0,5.7432
2018-03-12,5.3582,28.5,35.68,2.13,0.0,5.8277
2018-03-13,6.5969,28.51,33.42,2.3,0.0,6.6314
2018-03-14,6.3605,29.44,27.18,2.21,0.0,6.3883
2018-03-15,3.6811,29.79,31.91,1.76,0.0,5.7883
2018-03-16,3.1613,27.7,37.21,2.8,0.39,5.7967
2018-03-17,5.4883,27.14,46.02,1.5,0.01,6.0775
2018-03-18,6.3058,28.52,41.85,1.86,0.0,6.7843
2018-03-19,5.8284,28.33,37.42,1.57,0.0,6.3338
2018-03-20,6.0252,29.58,32.5,1.27,0.0,6.3084
2018-03-21,6.0096,30.65,30.61,1.97,0.04,6.2712
2018-03-22,6.7022,30.88,24.45,1.99,0.05,6.8232
2018-03-23,7.1909,30.27,18.98,1.78,0.0,7.1966
2018-03-24,6.8496,29.84,17.92,1.83,0.0,6.8904
2018-03-25,6.2506,29.98,26.63,1.69,0.0,6.4392
2018-03-26,6.5405,30.05,29.21,1.6,0.0,6.732
2018-03-27,6.8486,30.75,27.05,1.26,0.0,6.9727
2018-03-28,6.7903,32.23,21.44,1.37,0.0,6.8628
2018-03-29,6.5623,31.22,22.3,1.51,0.0,6.8446
2018-03-30,6.0962,31.67,23.78,1.64,0.0,6.5899
2018-03-31,5.5939,31.48,44.51,2.78,0.0,6.4097
2018-04-01,5.6002,31.33,45.74,2.25,2.64,6.3857
2018-04-02,6.301,29.75,49.81,1.95,8.6,6.7692
2018-04-03,6.2374,28.56,54.59,1.64,1.06,6.7452
2018-04-04,6.078,30.32,43.17,1.99,0.0,6.7082
2018-04-05,5.376,30.21,46.57,1.95,2.63,6.4829
2018-04-06,4.8535,29.73,48.33,1.3,2.96,6.3828
2018-04-07,5.0266,29.24,52.05,1.63,5.61,6.3686
2018-04-08,5.2884,27.07,62.35,1.59,9.01,6.727
2018-04-09,6.5016,27.83,54.62,1.9,0.16,6.9252
2018-04-10,6.9775,28.23,54.86,2.25,0.14,7.1242
2018-04-11,6.7414,28.71,52.34,1.67,0.0,7.2497
2018-04-12,6.7291,29.79,46.34,1.34,0.08,7.2115
2018-04-13,7.2276,30.53,41.25,2.32,0.0,7.3538
2018-04-14,6.5359,30.97,43.42,1.83,0.0,7.081
2018-04-15,4.7762,30.49,47.14,2.27,0.01,6.8621
2018-04-16,7.0543,32.08,38.75,1.55,0.0,7.2218
2018-04-17,7.067,33.45,35.89,1.83,0.06,7.3481
2018-04-18,6.9874,34.43,32.3,1.72,0.03,7.0963
2018-04-19,6.9811,34.46,25.73,2.16,0.05,7.2754
2018-04-20,7.1873,34.36,22.69,2.29,0.0,7.41
2018-04-21,7.4914,33.14,33.41,1.83,0.02,7.523
2018-04-22,6.5945,33.42,39.24,1.39,0.68,7.2607
2018-04-23,6.6718,33.82,34.78,1.47,0.03,7.3327
2018-04-24,7.1489,33.76,25.67,1.85,0.09,7.4189
2018-04-25,6.9086,32.7,36.83,1.96,0.23,7.4369
2018-04-26,6.2314,33.06,37.07,2.95,0.05,7.2017
2018-04-27,7.0274,33.77,30.12,3.15,0.02,7.2302
2018-04-28,7.3673,32.85,38.38,3.07,0.0,7.387
2018-04-29,6.8928,34.62,28.02,2.25,0.0,7.195
2018-04-30,7.3778,35.24,24.75,2.45,0.0,7.529
2018-05-01,6.7848,34.91,28.78,2.47,0.0,7.0092
2018-05-02,6.8386,33.73,44.6,3.0,0.01,7.0366
2018-05-03,4.542,31.48,52.26,3.04,12.01,6.419
2018-05-04,6.5594,29.55,60.89,2.05,4.99,7.0798
2018-05-05,6.78,31.11,53.05,2.57,0.0,7.2828
2018-05-06,6.0691,32.66,44.04,2.54,0.03,7.1362
2018-05-07,6.8278,32.99,39.94,2.17,0.05,7.279
2018-05-08,6.427,33.51,41.82,2.2,0.0,6.8093
2018-05-09,5.3594,33.42,41.27,2.68,0.0,6.9545
2018-05-10,6.1649,32.69,44.76,2.88,0.0,7.0644
2018-05-11,6.7848,33.21,40.34,2.36,0.0,7.097
2018-05-12,6.287,34.3,34.95,2.1,1.23,7.1911
2018-05-13,5.4955,33.61,36.49,2.13,0.77,7.0301
2018-05-14,5.7173,33.07,38.07,2.86,1.21,6.8748
2018-05-15,6.9878,32.8,39.3,2.25,1.32,7.1772
2018-05-16,6.4222,33.47,33.09,2.61,0.0,6.8969
2018-05-17,6.0178,33.65,36.15,2.63,1.8,6.9175
2018-05-18,6.5093,33.13,39.3,2.34,0.26,6.9029
2018-05-19,6.9043,34.71,33.74,3.47,0.0,7.0822
2018-05-20,6.9552,34.31,33.99,3.24,0.0,7.0106
2018-05-21,6.294,32.53,38.82,3.23,0.0,6.7325
2018-05-22,6.1747,31.04,51.15,2.38,0.27,6.5182
2018-05-23,5.0621,32.73,43.62,2.26,0.33,6.3689
2018-05-24,5.6926,31.99,45.78,3.28,0.21,6.3002
2018-05-25,6.4097,33.89,37.3,3.45,0.01,6.7802
2018-05-26,6.762,33.43,42.41,3.36,0.07,6.8628
2018-05-27,6.3139,32.5,47.04,1.99,2.62,6.841
2018-05-28,6.9166,33.22,42.95,2.92,0.0,7.0831
2018-05-29,6.6372,34.22,43.3,2.91,0.07,6.7853
2018-05-30,6.0924,34.41,40.84,2.83,0.01,6.709
2018-05-31,5.6767,31.15,52.4,2.99,0.33,6.3331
2018-06-01,5.6482,30.8,58.36,1.42,3.36,6.3972
2018-06-02,2.6626,28.3,64.79,2.01,1.73,6.8038
2018-06-03,5.9633,31.34,52.14,2.17,0.23,6.576
2018-06-04,6.5645,32.41,47.53,2.9,0.01,6.8196
2018-06-05,5.8478,30.67,52.54,2.71,0.74,6.5894
2018-06-06,5.6918,28.94,64.9,2.74,8.61,6.5086
2018-06-07,4.1131,27.43,76.49,3.08,7.28,6.0384
2018-06-08,4.23,27.42,74.35,2.77,0.37,6.3502
2018-06-09,4.2962,27.44,71.32,4.42,6.42,5.8882
2018-06-10,4.6922,27.95,66.92,5.56,7.16,6.0742
2018-06-11,3.3667,27.33,73.52,5.71,3.42,6.4058
2018-06-12,4.759,28.28,68.97,5.16,3.53,6.119
2018-06-13,6.607,29.51,60.74,5.35,0.46,6.7586
2018-06-14,5.6153,30.34,54.32,4.96,0.0,6.7584
2018-06-15,6.5878,30.12,53.68,4.57,1.31,6.7819
2018-06-16,6.7418,30.08,49.83,4.96,0.03,7.164
2018-06-17,6.4349,29.4,53.18,4.81,0.14,7.2878
2018-06-18,5.9347,28.95,57.25,5.15,0.26,7.547
2018-06-19,7.0766,28.75,59.61,4.81,0.2,7.4748
2018-06-20,7.2655,28.8,60.96,2.79,0.0,7.5125
2018-06-21,6.6713,29.36,61.23,1.97,10.13,7.404
2018-06-22,3.9816,27.81,73.72,1.65,27.39,7.1532
2018-06-23,3.985,26.74,78.6,1.99,15.44,7.2374
2018-06-24,5.6909,27.19,68.82,3.36,0.05,6.9936
2018-06-25,5.6611,27.5,63.19,5.21,0.01,7.025
2018-06-26,5.1336,27.73,64.31,5.3,2.08,6.9917
2018-06-27,4.7945,26.73,71.67,4.86,9.96,7.1323
2018-06-28,3.6456,26.51,71.43,4.22,1.74,6.853
2018-06-29,5.2164,27.48,64.14,3.28,0.78,6.7918
2018-06-30,6.5806,26.87,63.59,2.31,0.18,6.9998
2018-07-01,5.0681,28.01,58.51,2.91,0.01,7.0654
2018-07-02,6.0869,28.48,57.65,3.25,0.03,7.2559
2018-07-03,4.6702,26.44,65.23,5.04,0.66,7.3831
2018-07-04,5.2438,27.83,62.53,5.22,0.05,6.9103
2018-07-05,5.0921,27.34,68.47,5.1,10.94,7.1916
2018-07-06,3.4241,26.28,72.05,4.82,9.85,6.4901
2018-07-07,1.9351,24.94,73.26,5.15,7.54,6.5779
2018-07-08,1.9726,25.0,77.08,6.15,5.27,6.2184
2018-07-09,3.281,25.38,78.27,4.88,7.32,6.401
2018-07-10,4.0171,26.78,71.98,5.27,1.23,6.2201
2018-07-11,2.8464,27.03,72.12,4.72,12.33,6.3758
2018-07-12,2.6114,25.24,77.79,6.02,8.79,7.0464
2018-07-13,3.7553,25.54,79.22,5.15,7.0,6.9881
2018-07-14,2.8682,25.73,76.91,4.51,5.88,6.889
2018-07-15,3.3706,25.79,78.53,5.38,2.29,7.1758
2018-07-16,2.5457,25.41,81.28,5.52,6.17,7.0406
2018-07-17,4.7935,26.86,72.74,5.91,2.95,6.629
2018-07-18,4.9687,27.04,71.85,5.1,0.56,6.8479
2018-07-19,5.2222,26.3,74.01,4.94,5.17,6.9094
2018-07-20,3.6571,25.38,79.57,5.11,1.36,6.9559
2018-07-21,4.1494,25.59,76.97,4.76,1.02,6.8455
2018-07-22,4.0711,26.21,72.84,5.02,0.03,7.1981
2018-07-23,5.0892,26.95,68.11,4.7,0.7,7.0212
2018-07-24,4.9838,27.41,67.67,4.86,1.53,6.624
2018-07-25,5.0969,27.4,68.16,4.58,1.15,6.4783
2018-07-26,4.2168,26.54,70.95,4.58,0.41,6.2976
2018-07-27,4.6889,27.17,68.32,4.42,0.02,6.1394
2018-07-28,4.2106,27.56,65.78,4.17,0.0,5.4034
2018-07-29,4.8758,27.98,64.89,3.97,0.0,5.5541
2018-07-30,5.3642,28.14,62.69,4.05,0.0,6.1627
2018-07-31,5.1898,27.77,63.73,4.3,0.0,6.4663
2018-08-01,4.4587,27.45,66.85,4.45,5.36,5.9369
2018-08-02,4.7398,27.48,68.52,4.34,1.58,6.2261
2018-08-03,5.2183,27.28,66.78,4.21,0.39,6.1937
2018-08-04,4.776,27.17,67.76,4.33,1.62,6.2801
2018-08-05,4.8182,27.16,66.49,4.64,0.88,6.3499
2018-08-06,4.2965,26.78,66.99,4.97,3.09,6.234
2018-08-07,3.1531,26.41,68.97,4.83,2.16,6.4702
2018-08-08,3.36,25.78,71.94,4.79,2.74,6.4169
2018-08-09,4.4364,26.95,73.23,3.68,8.72,6.4063
2018-08-10,4.5826,26.97,71.26,4.53,4.88,6.5556
2018-08-11,1.3344,25.56,79.64,5.27,25.49,6.5419
2018-08-12,3.1306,24.5,82.14,5.36,4.79,6.4855
2018-08-13,3.875,24.92,78.21,5.5,4.82,6.7106
2018-08-14,3.4886,25.22,79.6,3.86,1.02,6.6883
2018-08-15,2.105,24.94,81.97,4.35,3.66,6.3307
2018-08-16,2.1127,24.45,85.85,5.98,9.93,6.719
2018-08-17,3.8645,25.69,75.71,5.6,1.37,7.0262
2018-08-18,4.4717,25.47,76.88,4.88,4.56,6.6641
2018-08-19,2.4012,25.39,80.36,4.93,13.66,6.6408
2018-08-20,1.6625,23.88,86.15,5.64,29.33,6.7678
2018-08-21,4.236,25.22,79.37,5.15,4.28,7.0368
2018-08-22,4.685,25.9,77.23,4.38,0.26,6.7872
2018-08-23,4.8346,26.18,77.2,4.34,0.43,6.8626
2018-08-24,5.383,25.53,78.44,3.86,0.33,6.5998
2018-08-25,5.3074,25.35,77.98,4.08,0.31,6.6545
2018-08-26,3.8669,25.03,79.14,3.95,4.59,6.5462
2018-08-27,3.7164,24.24,83.48,3.7,3.1,6.414
2018-08-28,5.2843,25.1,79.81,3.34,0.49,6.6377
2018-08-29,5.8615,25.84,76.43,2.71,0.13,6.6626
2018-08-30,6.1162,25.84,73.63,3.04,0.04,6.7318
2018-08-31,4.6474,25.94,73.61,3.0,0.28,6.7985
2018-09-01,5.6342,25.28,77.73,2.77,2.25,6.629
2018-09-02,5.225,25.52,76.98,3.18,2.65,6.3295
2018-09-03,5.0626,25.86,74.85,3.07,1.04,6.7939
2018-09-04,6.1277,25.87,72.3,3.33,0.07,6.7891
2018-09-05,4.889,25.5,72.72,3.55,0.71,6.4284
2018-09-06,4.5924,24.93,74.56,3.32,0.42,6.3989
2018-09-07,5.3184,25.56,70.3,3.38,0.0,6.259
2018-09-08,6.0646,26.18,66.87,2.62,0.0,6.8179
2018-09-09,5.6268,26.26,67.44,1.17,0.0,6.7207
2018-09-10,5.3717,26.6,70.56,1.03,1.77,6.6245
2018-09-11,5.6441,26.66,76.0,1.13,5.49,6.5861
2018-09-12,4.5305,26.82,73.55,0.9,0.25,6.3655
2018-09-13,5.6664,27.27,67.79,1.13,0.0,6.5969
2018-09-14,5.569,27.15,68.8,0.87,0.01,6.4272
2018-09-15,5.4336,27.37,66.22,1.54,0.0,6.3499
2018-09-16,5.5937,26.36,71.56,2.05,0.53,6.4678
2018-09-17,3.5628,24.65,83.88,1.38,28.66,6.1423
2018-09-18,4.6639,24.78,82.27,2.38,5.5,6.4555
2018-09-19,3.6655,25.08,81.79,2.28,16.26,5.9916
2018-09-20,4.0394,24.86,81.97,2.35,1.97,6.1997
2018-09-21,1.3306,23.12,85.03,4.47,9.55,6.0802
2018-09-22,4.9601,24.76,77.27,2.66,1.8,6.2213
2018-09-23,5.6114,25.33,76.41,1.52,0.32,6.3866
2018-09-24,5.1754,25.37,80.68,1.11,3.29,6.191
2018-09-25,5.2414,26.27,77.04,1.27,0.7,6.168
2018-09-26,4.2432,25.82,78.69,1.16,1.32,6.067
2018-09-27,5.5243,25.62,78.35,1.17,3.0,6.1975
2018-09-28,4.3714,25.63,79.8,1.41,0.57,6.2806
2018-09-29,4.7762,25.98,78.68,1.72,0.01,6.1214
2018-09-30,5.3599,26.42,75.12,1.7,0.16,5.9309
2018-10-01,4.9301,25.99,75.74,1.71,0.07,5.8553
2018-10-02,5.7526,26.82,74.03,1.36,0.0,6.047
2018-10-03,5.8219,26.87,73.94,1.37,0.0,6.1934
2018-10-04,5.8445,26.38,74.73,1.81,0.0,6.1862
2018-10-05,6.3362,25.72,70.17,2.05,0.0,6.3545
2018-10-06,5.9904,25.91,63.86,1.87,0.0,6.1783
2018-10-07,5.5798,26.1,67.87,2.0,0.0,5.9496
2018-10-08,6.1452,25.85,63.5,2.04,0.0,6.2047
2018-10-09,5.7422,25.4,62.65,2.49,0.0,6.0982
2018-10-10,4.8602,25.43,55.83,3.16,0.0,6.2645
2018-10-11,4.9658,25.44,55.99,3.76,0.0,6.0833
2018-10-12,5.741,26.15,64.13,2.85,0.0,6.1606
2018-10-13,5.5704,26.77,65.86,1.72,0.0,6.1418
2018-10-14,5.1178,26.57,65.05,1.72,0.0,5.88
2018-10-15,3.9293,26.22,60.05,1.7,0.11,5.5735
2018-10-16,4.1971,25.26,70.18,1.16,9.93,5.5579
2018-10-17,3.6206,24.6,77.77,1.1,8.55,5.7038
2018-10-18,4.5379,24.74,71.01,1.27,4.16,5.7936
2018-10-19,5.9088,24.86,67.5,1.6,0.0,5.976
2018-10-20,5.8313,25.52,58.04,1.67,0.0,5.9304
2018-10-21,5.4612,25.97,60.12,1.42,0.0,5.8116
2018-10-22,5.4624,26.71,54.6,1.23,0.0,5.6302
2018-10-23,5.0122,26.65,59.73,1.36,0.0,5.3966
2018-10-24,2.927,26.47,57.78,1.56,0.0,5.2709
2018-10-25,5.2022,24.92,55.19,1.94,0.0,5.5061
2018-10-26,5.9614,23.86,51.21,2.31,0.0,5.9678
2018-10-27,6.0298,24.44,49.69,2.01,0.0,6.031
2018-10-28,5.7749,23.6,53.02,2.67,0.0,5.9556
2018-10-29,5.795,22.82,53.54,2.9,0.0,5.9359
2018-10-30,5.899,22.94,59.94,2.12,0.0,5.9016
2018-10-31,5.9069,23.74,62.81,1.84,0.0,5.9402
2018-11-01,4.8504,24.85,73.86,2.28,0.13,5.7588
2018-11-02,3.4183,25.54,71.78,2.31,0.07,5.681
2018-11-03,4.4568,26.07,68.72,2.22,0.0,5.7749
2018-11-04,5.1586,26.0,68.44,2.03,0.0,5.6702
2018-11-05,4.9536,25.94,64.64,1.65,0.0,5.3652
2018-11-06,4.7114,26.09,63.65,1.73,0.0,5.291
2018-11-07,4.8986,26.41,60.01,1.39,0.0,5.2514
2018-11-08,4.8468,25.9,59.28,1.63,0.0,5.1187
2018-11-09,5.1041,25.02,56.65,1.41,0.0,5.2058
2018-11-10,5.3549,24.66,45.33,1.52,0.0,5.4475
2018-11-11,5.5894,23.07,43.57,1.89,0.0,5.6006
2018-11-12,5.4319,22.3,45.52,2.07,0.0,5.4398
2018-11-13,5.5015,22.63,43.95,2.04,0.0,5.5296
2018-11-14,5.4806,22.85,45.09,1.77,0.0,5.5627
2018-11-15,5.6851,23.39,42.39,2.16,0.0,5.6938
2018-11-16,5.2848,25.1,54.32,1.94,0.0,5.5603
2018-11-17,4.2979,26.24,69.41,1.76,0.05,5.4091
2018-11-18,4.0457,26.72,64.59,1.87,0.0,5.1142
2018-11-19,4.5461,26.4,63.02,2.15,0.0,5.1934
2018-11-20,3.9605,25.55,61.09,1.98,0.0,4.7544
2018-11-21,5.0534,25.13,56.08,2.1,0.0,5.0729
2018-11-22,4.8259,24.89,58.39,2.04,0.0,5.0986
2018-11-23,4.0399,24.18,55.5,1.68,0.0,4.8358
2018-11-24,4.8595,23.92,41.4,1.75,0.0,5.051
2018-11-25,5.227,22.91,39.93,1.8,0.0,5.2351
2018-11-26,5.2517,22.44,35.97,1.71,0.0,5.3275
2018-11-27,5.2793,22.07,41.39,1.66,0.0,5.287
2018-11-28,5.0647,22.02,52.86,1.61,0.0,5.0671
2018-11-29,4.9159,22.64,57.05,1.31,0.0,5.035
2018-11-30,4.7527,22.87,43.45,1.56,0.0,4.8862
2018-12-01,4.578,22.63,47.63,1.62,0.0,4.6471
2018-12-02,4.2185,22.97,59.31,1.49,0.0,4.5917
2018-12-03,4.0654,22.79,64.31,1.82,0.0,4.6049
2018-12-04,3.4154,24.17,55.77,1.39,0.02,4.3488
2018-12-05,2.8627,24.27,65.81,1.04,0.01,3.7913
2018-12-06,2.9426,24.99,64.41,1.06,0.0,3.6518
2018-12-07,3.1805,25.42,63.06,1.57,0.0,3.5232
2018-12-08,3.0821,25.39,62.68,1.78,0.0,3.6602
2018-12-09,3.0749,25.28,59.48,1.91,0.0,3.5338
2018-12-10,2.8339,25.82,57.62,2.35,0.0,3.444
2018-12-11,3.0538,25.0,56.93,1.45,0.0,3.3002
2018-12-12,3.3367,24.98,52.87,1.46,0.0,3.7512
2018-12-13,2.5913,23.25,68.3,1.51,8.12,3.4231
2018-12-14,1.9068,20.81,78.15,2.05,6.71,3.7538
2018-12-15,4.3423,21.27,58.17,2.82,0.0,4.4117
2018-12-16,3.8662,18.34,63.92,3.3,0.73,4.4393
2018-12-17,2.2138,17.62,81.11,4.21,3.56,4.8228
2018-12-18,1.8221,18.39,73.31,3.55,0.58,5.0496
2018-12-19,3.6492,18.83,70.53,2.13,0.0,4.9586
2018-12-20,3.4061,20.01,64.55,1.24,0.0,4.7959
2018-12-21,4.7827,20.57,58.08,1.33,0.0,4.9327
2018-12-22,4.6946,20.36,52.47,1.36,0.0,4.9224
2018-12-23,4.1021,20.72,53.46,1.25,0.0,4.435
2018-12-24,4.4263,20.77,43.74,1.54,0.0,4.6298
2018-12-25,4.7506,21.9,41.13,1.45,0.0,4.8571
2018-12-26,3.7709,23.32,48.9,1.25,0.0,4.1918
2018-12-27,4.3027,21.96,37.0,2.51,0.04,4.6466
2018-12-28,5.148,17.63,28.08,2.49,0.11,5.1809
2018-12-29,5.0966,17.23,32.72,2.09,0.0,5.1674
2018-12-30,5.1559,17.05,35.89,1.72,0.0,5.2121
2018-12-31,5.3686,17.66,26.55,1.78,0.0,5.4473
2019-01-01,5.4518,19.05,24.4,1.88,0.0,5.4929
2019-01-02,5.3398,20.76,27.93,1.48,0.0,5.3772
2019-01-03,4.9553,20.46,37.4,1.62,0.0,5.0959
2019-01-04,4.9826,20.11,35.13,1.8,0.0,5.0237
2019-01-05,4.8048,20.53,57.59,1.82,0.0,4.8127
2019-01-06,4.1794,20.54,60.69,2.12,0.0,4.2257
2019-01-07,4.38,21.26,54.18,1.48,0.0,4.3846
2019-01-08,4.6867,19.87,32.39,2.08,0.0,4.7501
2019-01-09,5.287,19.97,20.72,1.86,0.0,5.3134
2019-01-10,5.0801,19.99,27.5,1.5,0.0,5.1475
2019-01-11,4.4633,21.03,59.24,1.75,0.0,4.4772
2019-01-12,4.1923,21.89,60.8,2.27,0.0,4.2888
2019-01-13,4.4597,22.03,58.36,2.28,0.0,4.4789
2019-01-14,4.5626,21.85,54.21,1.87,0.0,4.5641
2019-01-15,4.3202,21.19,45.43,2.07,0.0,4.3229
2019-01-16,4.8706,20.91,33.34,1.71,0.0,4.8845
2019-01-17,5.2594,21.75,31.82,1.45,0.0,5.3422
2019-01-18,4.9594,21.92,42.36,1.47,0.0,4.9865
2019-01-19,5.1434,21.32,34.48,1.6,0.0,5.1672
2019-01-20,5.5224,22.23,37.79,1.58,0.0,5.544
2019-01-21,5.4014,22.13,47.4,2.12,0.0,5.4216
2019-01-22,4.9776,22.08,52.86,2.93,0.0,5.0002
2019-01-23,4.7071,22.76,56.94,2.07,0.0,4.9039
2019-01-24,4.14,24.33,57.21,2.57,0.0,4.5787
2019-01-25,4.0894,24.23,60.56,3.31,0.46,4.7669
2019-01-26,2.4305,23.58,70.02,2.63,6.93,4.0234
2019-01-27,0.989,21.41,75.62,2.47,9.12,4.0786
2019-01-28,2.4293,18.93,75.88,2.64,5.69,4.6582
2019-01-29,5.6261,16.94,40.47,2.67,0.0,5.6844
2019-01-30,6.055,16.96,36.31,1.79,0.0,6.155
2019-01-31,5.0302,18.76,59.67,1.9,0.0,5.2015
2019-02-01,5.106,20.88,67.36,1.99,0.0,5.2728
2019-02-02,5.3059,21.35,62.89,1.89,0.0,5.3146
2019-02-03,5.4818,21.29,58.85,1.88,0.0,5.4914
2019-02-04,5.4084,21.9,62.55,1.91,0.0,5.5202
2019-02-05,5.5529,22.72,58.43,1.32,0.0,5.5644
2019-02-06,5.358,23.44,47.87,1.38,0.0,5.3837
2019-02-07,5.189,24.02,57.6,2.92,0.0,5.3095
2019-02-08,4.405,24.27,63.28,1.47,0.0,4.8518
2019-02-09,5.3561,22.74,41.24,2.4,0.0,5.5025
2019-02-10,5.9287,21.29,25.53,1.58,0.0,6.035
2019-02-11,4.4386,22.38,48.96,2.12,0.0,5.2176
2019-02-12,5.1725,24.2,58.63,2.23,0.0,5.3402
2019-02-13,5.9556,23.94,54.03,2.07,0.0,6.0439
2019-02-14,6.0216,24.49,48.11,1.98,0.0,6.0504
2019-02-15,5.8274,25.94,51.01,2.24,0.3,5.9998
2019-02-16,5.6741,26.38,48.1,1.64,0.31,5.8476
2019-02-17,5.4806,25.81,51.04,2.13,0.0,5.8102
2019-02-18,5.7718,24.86,32.21,1.56,0.0,6.0626
2019-02-19,5.6354,26.54,35.59,2.0,0.0,5.8135
2019-02-20,5.8817,26.79,55.25,2.89,0.0,5.9366
2019-02-21,6.1025,26.95,48.07,1.92,0.0,6.1224
2019-02-22,5.9467,28.49,34.58,1.62,0.0,6.144
2019-02-23,6.0134,28.85,30.31,1.19,0.0,6.1666
2019-02-24,6.3017,28.42,25.0,2.24,0.0,6.3113
2019-02-25,5.9378,27.81,29.74,2.18,0.0,6.2213
2019-02-26,6.1918,27.3,30.76,1.22,0.0,6.2681
2019-02-27,5.2536,27.35,50.63,1.32,0.0,6.1848
2019-02-28,6.2702,26.38,40.37,1.8,0.0,6.4848
2019-03-01,5.5286,26.69,35.35,1.76,0.03,5.9952
2019-03-02,5.2342,27.85,55.59,3.54,0.0,5.742
2019-03-03,5.7163,28.75,51.64,2.38,0.0,6.1368
2019-03-04,6.3238,29.39,40.61,2.66,0.0,6.3614
2019-03-05,6.5054,28.3,26.52,2.76,0.0,6.5302
2019-03-06,6.8753,27.35,19.1,2.66,0.0,6.8832
2019-03-07,6.6298,26.7,21.6,1.77,0.0,6.635
2019-03-08,6.0734,27.2,27.04,1.54,0.14,6.4642
2019-03-09,5.7876,28.27,37.55,1.36,0.0,6.4058
2019-03-10,6.2974,28.95,40.66,1.17,0.0,6.6353
2019-03-11,6.1006,30.18,43.35,2.83,0.0,6.6674
2019-03-12,5.7756,30.51,35.9,2.42,0.0,6.1152
2019-03-13,6.4742,29.87,32.36,3.11,0.0,6.6737
2019-03-14,6.377,29.6,24.52,2.26,0.0,6.5945
2019-03-15,6.7356,29.6,26.44,2.57,0.0,6.7627
2019-03-16,6.6744,29.22,30.38,3.36,0.0,6.6794
2019-03-17,6.6857,29.01,37.52,3.71,0.0,6.6876
2019-03-18,6.9324,28.59,32.07,2.99,0.0,6.9341
2019-03-19,6.7234,29.04,44.54,2.5,0.0,6.9175
2019-03-20,5.6448,29.83,47.17,3.73,1.25,5.9846
2019-03-21,6.3053,29.76,44.35,3.66,0.01,6.7006
2019-03-22,6.391,29.83,39.22,1.89,0.0,6.7574
2019-03-23,6.2508,31.45,38.47,1.77,0.0,6.7992
2019-03-24,6.4716,32.0,31.3,1.86,0.0,6.6626
2019-03-25,6.4116,31.37,31.59,2.0,0.0,6.4471
2019-03-26,6.2369,31.46,35.18,1.89,0.21,6.5921
2019-03-27,6.499,32.24,33.02,1.44,0.0,6.7958
2019-03-28,6.7414,31.87,29.45,1.63,0.0,6.8904
2019-03-29,7.0704,31.61,20.68,1.86,0.0,7.0879
2019-03-30,6.7853,31.81,27.91,1.8,0.0,7.0195
2019-03-31,6.5424,33.19,28.62,2.07,0.01,6.799
2019-04-01,6.4685,33.78,22.19,1.54,0.04,6.63
2019-04-02,6.9178,32.68,25.93,2.29,0.0,7.2739
2019-04-03,6.1246,31.4,41.68,3.38,0.0,7.0759
2019-04-04,6.2698,31.07,37.16,2.61,0.0,6.7164
2019-04-05,5.8944,32.19,38.38,1.87,2.18,6.7747
2019-04-06,5.9998,32.77,34.05,1.72,3.44,6.8686
2019-04-07,6.66,32.16,32.23,1.91,0.41,7.0277
2019-04-08,6.5683,32.17,35.96,2.32,0.0,7.3406
2019-04-09,6.1855,32.56,38.86,2.11,0.16,7.17
2019-04-10,6.396,33.01,35.67,1.83,0.1,7.1866
2019-04-11,6.9955,33.1,31.39,1.93,0.01,7.4112
2019-04-12,6.7754,33.15,33.16,2.09,5.2,7.1714
2019-04-13,6.5695,31.71,37.43,2.44,1.54,7.242
2019-04-14,7.0613,32.01,33.58,2.36,0.11,7.333
2019-04-15,7.0121,32.73,26.3,2.27,0.0,7.2833
2019-04-16,7.4734,32.0,24.87,2.81,0.0,7.5067
2019-04-17,6.4457,31.5,35.81,2.17,1.33,7.2996
2019-04-18,6.738,32.49,39.88,2.49,3.55,7.2749
2019-04-19,6.4807,30.28,56.19,2.43,6.58,7.1959
2019-04-20,6.2851,31.06,51.2,3.62,0.6,7.2638
2019-04-21,6.372,31.93,41.07,2.55,0.32,6.9989
2019-04-22,6.6902,31.42,43.22,3.08,1.14,7.2878
2019-04-23,7.1232,31.62,38.49,2.3,0.2,7.3994
2019-04-24,7.5278,32.03,36.76,2.8,0.34,7.7237
2019-04-25,6.9566,33.14,30.16,2.66,0.0,7.4278
2019-04-26,7.098,34.28,28.85,2.9,0.0,7.3642
2019-04-27,6.4145,34.43,32.09,2.53,0.0,6.9864
2019-04-28,5.6868,34.48,32.24,2.58,0.0,6.8866
2019-04-29,6.5693,34.27,32.61,3.07,0.01,6.9986
2019-04-30,5.8745,34.38,34.49,1.9,0.01,6.9454
2019-05-01,6.4402,34.24,32.08,2.65,0.05,7.1208
2019-05-02,6.0626,34.72,25.63,3.34,0.07,7.2043
2019-05-03,7.2358,33.18,22.25,3.29,0.0,7.7062
2019-05-04,7.6202,33.49,19.35,3.9,0.0,7.7578
2019-05-05,7.1443,33.97,17.44,3.42,0.0,7.6584
2019-05-06,6.9199,34.61,17.56,2.18,0.0,7.6531
2019-05-07,6.6662,34.98,21.47,1.37,0.0,7.459
2019-05-08,6.6749,34.96,19.81,2.54,0.0,7.3178
2019-05-09,7.4774,34.82,19.1,3.22,0.0,7.6596
2019-05-10,7.2473,35.19,22.44,2.2,0.0,7.56
2019-05-11,6.1159,33.45,45.26,1.78,1.04,6.7106
2019-05-12,5.4838,32.21,39.73,1.92,2.03,6.893
2019-05-13,6.4075,33.98,37.31,1.63,0.54,6.8724
2019-05-14,6.1843,34.25,37.09,2.37,1.17,7.0306
2019-05-15,6.2654,33.95,40.65,1.94,0.0,7.261
2019-05-16,6.929,34.64,35.22,2.56,0.0,7.1916
2019-05-17,6.6571,34.91,31.09,1.7,0.0,7.2576
2019-05-18,7.2725,35.28,27.98,1.73,0.0,7.4359
2019-05-19,7.0925,35.81,24.35,1.39,0.0,7.4225
2019-05-20,6.2515,35.15,31.97,2.12,0.2,7.1515
2019-05-21,6.0173,35.18,34.49,2.81,6.08,6.8311
2019-05-22,6.4838,33.7,43.52,2.18,0.77,6.8791
2019-05-23,6.0091,34.14,42.97,2.51,0.99,6.8815
2019-05-24,6.9283,34.83,40.2,2.05,0.14,7.1455
2019-05-25,7.4143,35.37,32.63,3.31,0.0,7.4825
2019-05-26,7.1854,36.21,32.49,2.17,0.0,7.5506
2019-05-27,7.2086,37.2,28.79,2.14,0.01,7.3711
2019-05-28,7.247,37.04,29.1,2.07,0.0,7.5876
2019-05-29,7.019,36.11,36.18,2.8,0.45,7.3522
2019-05-30,5.8846,34.54,42.85,3.3,1.46,6.9684
2019-05-31,6.2455,34.33,44.81,3.56,0.03,6.6518
2019-06-01,3.5962,34.11,41.51,2.29,0.13,6.275
2019-06-02,6.0062,34.19,37.74,2.31,1.18,6.7164
2019-06-03,5.9441,34.29,44.33,2.67,4.97,6.8462
2019-06-04,6.6492,33.02,49.43,1.97,0.02,7.0661
2019-06-05,6.3221,34.29,42.05,2.19,0.04,6.9768
2019-06-06,5.6474,32.4,46.27,3.73,3.48,6.6334
2019-06-07,5.8018,32.11,46.2,2.46,0.19,6.509
2019-06-08,3.449,28.97,61.54,2.01,6.49,6.3818
2019-06-09,6.3389,32.3,52.47,2.67,0.06,6.5309
2019-06-10,6.4853,31.6,51.94,2.81,0.09,6.9847
2019-06-11,7.3296,32.55,47.02,4.15,0.05,7.4611
2019-06-12,7.2372,31.77,49.66,5.18,0.0,7.6807
2019-06-13,6.0007,29.72,55.22,4.79,0.04,7.4894
2019-06-14,7.0783,31.72,41.89,5.08,0.0,7.517
2019-06-15,7.4242,31.63,39.66,4.77,0.0,7.5216
2019-06-16,7.0073,32.42,42.22,4.97,0.02,7.3586
2019-06-17,5.3501,29.79,51.3,3.79,0.59,7.1244
2019-06-18,6.6804,33.09,38.95,4.05,0.02,7.2077
2019-06-19,7.3663,34.13,38.98,4.62,0.0,7.5403
2019-06-20,5.9935,31.11,55.87,3.59,9.82,7.1088
2019-06-21,4.992,27.39,72.27,1.74,4.31,6.6127
2019-06-22,3.24,26.82,77.24,3.22,7.72,6.3595
2019-06-23,4.1134,27.82,67.52,2.14,1.04,6.7253
2019-06-24,5.2008,28.88,67.21,2.54,10.69,6.4476
2019-06-25,5.3482,28.47,73.47,2.3,5.82,6.9684
2019-06-26,5.8418,28.23,69.7,3.11,1.08,7.0927
2019-06-27,6.7469,29.01,65.18,3.76,0.35,7.255
2019-06-28,4.8504,28.33,66.2,4.98,0.34,7.3118
2019-06-29,4.2766,26.95,68.14,6.06,2.13,6.7668
2019-06-30,3.1224,26.0,70.17,5.64,0.35,6.2962
2019-07-01,2.7264,26.93,66.52,4.84,1.91,5.8099
2019-07-02,3.3132,26.7,67.38,5.75,3.85,6.8112
2019-07-03,3.9946,27.27,62.87,6.02,1.23,6.8218
2019-07-04,4.9229,28.9,58.19,5.78,0.03,7.0224
2019-07-05,3.474,27.71,65.11,5.8,2.06,6.6785
2019-07-06,3.431,28.91,63.31,6.56,0.17,6.9902
2019-07-07,4.6332,27.86,65.55,6.14,5.23,6.7649
2019-07-08,5.0496,28.32,67.84,5.3,2.93,6.7512
2019-07-09,4.7078,28.22,67.16,4.92,0.47,6.9559
2019-07-10,5.5414,28.07,65.6,5.57,0.51,6.9655
2019-07-11,5.1554,27.38,68.81,4.89,5.74,6.7714
2019-07-12,5.2699,27.74,67.15,3.59,1.79,7.0013
2019-07-13,5.8162,27.62,68.64,3.67,1.7,6.8042
2019-07-14,5.6858,27.47,70.7,3.42,3.06,7.0236
2019-07-15,5.3326,27.76,66.68,3.43,2.62,6.9523
2019-07-16,5.9234,27.63,65.88,3.47,3.58,6.8861
2019-07-17,6.2537,27.6,68.16,3.4,1.1,7.0584
2019-07-18,5.8603,28.37,68.03,2.59,0.64,6.7469
2019-07-19,4.5062,27.12,73.45,1.49,15.99,6.8676
2019-07-20,4.1047,27.8,72.19,2.05,7.81,6.7018
2019-07-21,5.1295,28.19,71.11,3.11,0.73,7.0171
2019-07-22,6.0862,27.68,72.87,3.44,0.69,7.3068
2019-07-23,5.5106,27.48,73.01,3.05,0.17,7.3318
2019-07-24,5.8013,28.12,68.64,3.29,0.02,7.1148
2019-07-25,4.5965,27.03,75.2,4.26,11.53,7.0651
2019-07-26,2.4293,25.41,80.28,4.8,15.03,6.7253
2019-07-27,2.7204,25.72,75.62,6.08,5.05,6.7118
2019-07-28,2.1019,25.14,81.58,5.24,9.59,6.1574
2019-07-29,1.8715,24.76,81.85,4.92,7.52,6.673
2019-07-30,3.5299,25.21,78.44,5.65,1.93,6.9691
2019-07-31,4.9102,27.01,71.7,4.81,2.44,7.1803
2019-08-01,3.7951,26.46,75.58,5.01,14.23,7.0992
2019-08-02,1.1498,24.97,82.07,5.74,38.78,7.2732
2019-08-03,2.6285,24.49,84.6,6.18,13.68,7.1287
2019-08-04,3.6802,24.68,78.76,7.5,3.52,7.3558
2019-08-05,4.32,25.17,83.89,5.71,7.62,7.0164
2019-08-06,3.4918,25.06,84.29,6.99,12.91,6.7882
2019-08-07,2.4432,24.54,83.34,6.52,9.54,6.5299
2019-08-08,3.6091,25.37,81.66,6.12,3.0,6.4865
2019-08-09,3.7625,26.71,76.99,5.36,0.15,6.5566
2019-08-10,4.7832,26.93,75.48,4.26,0.0,6.2594
2019-08-11,5.8121,26.64,75.87,3.8,5.08,6.6814
2019-08-12,4.7525,25.76,80.61,3.75,1.31,6.372
2019-08-13,3.8472,25.72,81.1,3.41,1.29,6.3257
2019-08-14,4.6723,25.85,81.49,2.52,3.84,6.3989
2019-08-15,5.4737,26.14,78.67,2.53,1.14,6.7752
2019-08-16,6.0161,26.96,75.95,2.84,0.01,6.6226
2019-08-17,5.6294,25.71,81.57,2.41,2.51,6.57
2019-08-18,2.6153,24.77,87.52,2.24,7.33,6.3226
2019-08-19,4.9454,26.63,79.88,1.56,1.91,6.5268
2019-08-20,4.4064,26.02,83.84,2.95,3.06,6.4675
2019-08-21,4.3128,25.3,86.05,2.4,3.64,6.4625
2019-08-22,5.2248,25.57,82.46,2.9,5.04,6.7486
2019-08-23,4.0452,25.07,83.61,3.2,4.18,6.571
2019-08-24,5.8862,25.95,77.69,3.32,1.82,6.7042
2019-08-25,5.7158,26.4,75.13,3.55,2.05,6.6247
2019-08-26,5.6503,26.19,72.06,3.87,0.11,6.8297
2019-08-27,6.8772,26.31,70.21,3.74,0.02,7.1155
2019-08-28,6.4044,27.11,69.97,2.92,0.0,7.0608
2019-08-29,5.9642,26.96,76.01,2.56,5.72,7.0925
2019-08-30,4.607,26.49,80.23,2.81,8.21,6.7721
2019-08-31,4.0793,24.67,90.15,2.92,19.05,6.7447
2019-09-01,3.595,24.92,85.07,3.62,14.52,6.7459
2019-09-02,3.769,24.56,83.64,3.84,10.03,6.5801
2019-09-03,3.4867,24.12,88.25,4.17,7.48,6.721
2019-09-04,3.5662,24.63,83.13,4.47,2.2,6.7795
2019-09-05,4.7561,25.49,83.99,4.49,3.61,6.7584
2019-09-06,3.3982,24.69,86.67,4.63,2.58,6.7387
2019-09-07,3.5885,25.16,83.56,4.85,1.67,6.8131
2019-09-08,4.2499,25.99,79.69,4.52,1.03,6.6955
2019-09-09,4.1074,26.39,78.15,4.36,1.17,6.8057
2019-09-10,4.967,26.75,78.28,3.69,0.33,6.569
2019-09-11,4.763,26.65,76.08,3.43,0.76,6.3437
2019-09-12,2.987,25.41,81.01,3.57,1.32,6.4222
2019-09-13,4.7585,25.88,78.49,3.13,0.19,6.5076
2019-09-14,4.9536,26.32,79.51,2.53,7.92,6.4601
2019-09-15,4.9056,25.88,79.6,2.82,1.52,6.5107
2019-09-16,4.2408,25.85,82.0,2.32,0.57,6.223
2019-09-17,4.5569,26.72,82.1,1.55,13.97,6.2124
2019-09-18,4.1388,26.26,82.68,1.38,9.9,6.181
2019-09-19,4.2682,25.48,84.49,1.22,3.79,6.6754
2019-09-20,4.307,25.58,84.21,1.36,7.65,6.493
2019-09-21,5.5104,25.88,84.3,0.91,10.28,6.2318
2019-09-22,4.9879,26.06,83.77,1.31,2.78,6.4702
2019-09-23,4.9248,26.3,84.04,1.35,5.48,6.4279
2019-09-24,4.1345,25.8,88.45,1.22,7.17,6.2825
2019-09-25,4.2108,24.8,90.45,3.57,37.3,6.383
2019-09-26,3.9924,24.67,87.75,3.26,17.11,6.4618
2019-09-27,4.7854,24.91,86.5,1.99,16.16,6.4159
2019-09-28,4.29,24.69,87.91,1.92,0.07,6.2071
2019-09-29,4.5547,24.74,86.45,1.81,0.94,6.1466
2019-09-30,4.115,25.24,82.07,1.65,5.45,6.1548
2019-10-01,5.3417,25.36,82.18,1.56,3.76,6.0984
2019-10-02,5.1869,25.29,84.42,1.4,3.51,6.0686
2019-10-03,4.7734,25.22,81.39,0.75,0.64,6.0607
2019-10-04,4.8821,24.73,85.13,0.84,8.66,5.8207
2019-10-05,4.7899,24.56,85.39,1.08,0.3,5.9057
2019-10-06,3.3631,24.96,82.42,0.77,18.03,5.6542
2019-10-07,5.1658,24.93,84.0,1.01,11.16,5.6268
2019-10-08,4.2727,24.39,87.83,1.64,1.06,5.5548
2019-10-09,4.1762,24.42,88.36,1.01,3.19,5.3494
2019-10-10,4.0356,24.26,90.93,0.92,2.51,5.5186
2019-10-11,4.2158,23.76,93.08,1.33,10.58,5.7454
2019-10-12,4.8384,24.41,89.24,1.28,1.68,5.8342
2019-10-13,4.3435,24.79,86.38,1.21,0.18,5.8207
2019-10-14,4.5206,24.59,88.96,2.01,0.07,5.6038
2019-10-15,4.6915,23.47,87.62,1.65,0.76,5.6945
2019-10-16,3.3542,23.98,87.74,1.38,1.79,5.4521
2019-10-17,4.3258,23.46,89.09,1.84,3.12,5.5769
2019-10-18,4.4726,23.45,90.6,2.17,15.12,6.115
2019-10-19,4.1616,23.67,88.43,1.91,4.26,6.018
2019-10-20,3.7918,23.17,90.35,1.73,5.2,5.8834
2019-10-21,3.8491,23.39,89.09,2.15,0.54,5.827
2019-10-22,4.1477,23.78,86.02,1.59,0.7,5.8918
2019-10-23,4.163,23.7,87.67,1.82,3.19,5.5138
2019-10-24,3.3288,24.01,87.12,1.28,8.29,5.3777
2019-10-25,4.3483,23.58,85.65,1.56,4.01,5.8073
2019-10-26,4.783,23.85,87.08,2.02,0.73,5.7756
2019-10-27,5.023,24.03,86.97,1.71,0.39,5.7991
2019-10-28,5.0179,24.13,88.8,1.82,0.92,5.7576
2019-10-29,4.139,23.81,88.75,1.81,3.46,5.6107
2019-10-30,3.9497,23.46,88.27,1.73,3.69,5.2634
2019-10-31,3.606,23.22,86.73,1.65,2.06,5.381
2019-11-01,4.7726,23.96,85.0,1.57,0.07,5.6554
2019-11-02,4.8226,23.96,85.79,1.3,2.43,5.4629
2019-11-03,4.855,24.03,85.26,1.3,0.13,5.2968
2019-11-04,5.4005,23.67,81.03,1.39,0.0,5.4336
2019-11-05,4.9044,23.45,79.88,1.59,0.0,4.9342
2019-11-06,4.5144,24.01,79.34,1.06,0.28,4.9882
2019-11-07,4.6992,23.45,84.96,1.01,0.8,4.8828
2019-11-08,4.1527,23.49,81.52,1.57,0.25,4.8492
2019-11-09,4.709,22.57,78.08,2.09,0.0,4.9754
2019-11-10,5.3474,21.79,79.52,1.87,0.0,5.3508
2019-11-11,5.0971,22.47,83.52,2.09,0.0,5.4197
2019-11-12,5.0062,21.85,80.56,1.83,0.0,5.3501
2019-11-13,5.0138,20.93,78.97,1.77,0.0,5.1689
2019-11-14,4.0958,21.36,84.17,1.67,0.07,5.1379
2019-11-15,3.541,22.13,81.92,1.74,0.01,5.1192
2019-11-16,5.075,22.74,82.04,1.56,0.0,5.1814
2019-11-17,5.1,21.66,80.92,2.05,0.0,5.1014
2019-11-18,5.01,20.88,79.82,2.1,0.0,5.0251
2019-11-19,4.4254,21.12,80.71,1.55,0.0,4.8588
2019-11-20,4.1299,21.18,81.77,1.55,0.0,4.7659
2019-11-21,4.0488,21.28,82.53,1.77,0.0,4.5482
2019-11-22,4.7395,20.71,80.69,1.4,0.0,4.9536
2019-11-23,5.0971,20.11,78.98,1.59,0.0,5.1036
2019-11-24,4.8197,20.31,80.54,1.47,0.0,4.8341
2019-11-25,4.866,20.49,81.01,1.97,0.0,4.8986
2019-11-26,4.7602,20.68,80.67,2.14,0.0,4.8972
2019-11-27,4.8722,20.8,79.15,1.91,0.0,5.0599
2019-11-28,4.7371,21.23,80.03,1.87,0.0,5.1454
2019-11-29,4.6231,21.23,80.34,1.58,0.0,5.0158
2019-11-30,4.3159,22.12,78.78,1.63,0.0,4.9133
2019-12-01,3.2851,22.15,83.44,1.92,0.0,4.7738
2019-12-02,1.8638,22.35,85.6,1.97,1.36,4.4606
2019-12-03,2.7098,22.49,82.6,2.27,3.63,4.3478
2019-12-04,3.9175,21.61,79.94,2.31,0.0,4.5391
2019-12-05,3.9518,20.56,79.77,1.79,0.0,4.3841
2019-12-06,3.816,19.3,78.93,1.66,0.0,4.4664
2019-12-07,4.4318,19.62,76.05,1.52,0.0,4.4914
2019-12-08,3.6571,20.63,79.17,1.79,0.0,4.6346
2019-12-09,4.0258,20.94,78.43,1.55,0.0,4.5067
2019-12-10,4.4436,20.77,78.42,1.45,0.0,4.6224
2019-12-11,4.488,21.04,76.64,1.47,0.0,4.811
2019-12-12,4.7501,21.06,77.14,2.23,0.0,4.9162
2019-12-13,4.4549,21.82,77.12,2.35,0.0,4.6625
2019-12-14,4.4666,22.66,78.42,2.25,0.0,4.8883
2019-12-15,4.4746,22.26,76.38,2.26,0.0,4.6154
2019-12-16,4.4909,21.78,76.68,1.89,0.0,4.6843
2019-12-17,4.4314,21.14,77.02,2.04,0.0,4.6944
2019-12-18,4.0044,20.76,77.07,1.71,0.0,4.6193
2019-12-19,4.0951,20.48,74.81,1.67,0.0,4.649
2019-12-20,4.1266,20.34,69.16,1.63,0.0,4.6246
2019-12-21,3.9605,20.46,71.09,1.71,0.0,4.5101
2019-12-22,3.7421,20.89,76.87,1.93,0.0,4.5031
2019-12-23,3.7006,20.54,73.38,2.05,0.0,4.3337
2019-12-24,4.2538,20.83,72.49,2.16,0.0,4.4038
2019-12-25,4.1988,21.42,72.77,2.1,0.0,4.3222
2019-12-26,3.2794,22.2,74.76,1.38,0.0,4.3409
2019-12-27,2.965,21.52,75.83,1.95,0.0,4.0142
2019-12-28,3.5993,18.76,62.78,2.44,0.0,4.3354
2019-12-29,4.1582,18.47,59.39,1.58,0.0,4.6558
2019-12-30,3.6163,19.62,72.68,2.0,0.0,4.1534
2019-12-31,2.567,20.84,77.05,3.46,0.14,4.2593
2020-01-01,3.6199,21.74,76.54,3.33,0.42,4.5912
2020-01-02,3.1978,22.47,80.43,2.86,3.42,4.5778
2020-01-03,3.0269,22.84,80.3,1.96,8.85,4.6682
2020-01-04,3.1584,21.81,75.49,1.55,0.16,4.1674
2020-01-05,4.3918,19.77,72.43,2.92,0.0,4.6181
2020-01-06,3.8186,20.28,73.8,2.38,0.0,4.7263
2020-01-07,3.1176,22.03,76.72,2.19,0.0,4.4052
2020-01-08,3.6264,22.74,75.76,2.77,0.0,4.2934
2020-01-09,3.0792,22.5,75.36,2.45,0.0,4.2456
2020-01-10,3.8429,20.23,70.81,2.79,0.0,4.4849
2020-01-11,4.4743,19.28,65.09,2.15,0.0,4.59
2020-01-12,5.3311,18.64,55.18,1.82,0.0,5.3371
2020-01-13,5.269,20.11,46.28,1.11,0.0,5.2795
2020-01-14,4.7069,20.53,60.67,1.77,0.0,4.7263
2020-01-15,4.9128,20.73,67.47,2.85,0.0,4.9358
2020-01-16,5.1391,20.96,67.56,2.78,0.0,5.2102
2020-01-17,4.3745,21.58,67.23,2.27,0.0,4.9217
2020-01-18,4.1923,22.72,72.51,2.37,0.0,4.8077
2020-01-19,4.2384,22.88,70.28,1.69,0.0,4.8466
2020-01-20,4.0505,22.31,66.51,1.42,0.0,4.3918
2020-01-21,5.0086,22.22,66.23,2.34,0.0,5.0225
2020-01-22,5.166,22.2,65.88,2.57,0.0,5.1802
2020-01-23,5.1108,22.06,64.18,1.88,0.0,5.1254
2020-01-24,5.1394,21.76,60.63,2.01,0.0,5.1583
2020-01-25,5.0762,22.2,55.03,1.8,0.0,5.0957
2020-01-26,5.1322,23.58,49.0,1.66,0.0,5.1444
2020-01-27,5.3527,23.03,46.6,1.83,0.0,5.4257
2020-01-28,4.5996,24.53,58.2,2.66,0.0,4.8341
2020-01-29,4.1998,25.23,54.49,1.82,0.0,4.7364
2020-01-30,4.6382,22.92,55.47,2.38,0.09,4.9798
2020-01-31,4.5343,22.83,48.79,1.96,0.0,4.9745
2020-02-01,4.2082,24.59,61.4,2.69,0.0,4.5082
2020-02-02,3.4018,24.25,64.01,2.41,0.0,4.5514
2020-02-03,4.4294,24.4,63.62,2.61,0.0,4.6152
2020-02-04,5.4211,24.33,60.2,2.78,0.0,5.4355
2020-02-05,5.0578,24.89,56.77,1.91,0.0,5.4137
2020-02-06,5.027,24.92,54.76,2.13,0.0,5.3434
2020-02-07,4.5718,25.81,53.91,2.68,0.0,4.9454
2020-02-08,3.1819,23.87,67.18,3.12,2.2,4.7371
2020-02-09,2.5954,21.16,72.03,3.23,1.26,5.232
2020-02-10,3.821,22.6,70.15,2.99,0.27,5.658
2020-02-11,3.9703,23.24,67.4,2.99,0.0,5.4713
2020-02-12,3.7142,23.34,63.07,2.08,0.0,5.3659
2020-02-13,6.1476,22.6,41.81,2.41,0.0,6.1594
2020-02-14,6.3523,23.31,32.45,2.02,0.0,6.3636
2020-02-15,6.1572,24.84,30.19,1.51,0.0,6.1651
2020-02-16,6.1253,24.11,35.11,1.96,0.0,6.1274
2020-02-17,6.1642,24.15,32.0,2.16,0.0,6.2357
2020-02-18,6.4704,23.37,25.43,2.53,0.0,6.547
2020-02-19,6.1961,23.92,33.77,1.93,0.0,6.2131
2020-02-20,5.8634,24.68,57.47,3.03,0.0,5.9023
2020-02-21,6.1382,23.87,51.78,2.98,0.0,6.1937
2020-02-22,6.2534,24.37,51.74,2.68,0.0,6.2578
2020-02-23,6.2743,24.65,52.06,2.64,0.0,6.2746
2020-02-24,6.1044,26.43,49.06,2.22,0.0,6.1606
2020-02-25,4.9889,25.86,48.24,2.47,0.0,5.4624
2020-02-26,5.8723,24.29,30.97,2.67,0.0,6.1253
2020-02-27,6.5928,24.07,28.3,2.35,0.0,6.5947
2020-02-28,5.9182,24.9,46.09,2.28,0.0,6.0974
2020-02-29,5.8003,25.98,54.49,2.1,0.0,6.1166
2020-03-01,5.981,26.74,52.48,2.15,2.42,6.0518
2020-03-02,5.4845,27.26,44.95,1.39,0.71,5.8968
2020-03-03,5.2735,27.8,42.34,1.99,0.0,5.8073
2020-03-04,5.7576,27.99,34.47,1.4,0.01,6.018
2020-03-05,5.6021,27.32,47.62,1.86,0.95,6.0391
2020-03-06,5.0299,26.85,54.74,3.42,1.68,5.665
2020-03-07,4.7695,27.05,57.54,2.21,1.03,5.8526
2020-03-08,4.5118,27.41,52.07,1.63,0.58,5.9016
2020-03-09,4.2641,27.28,54.72,1.78,0.12,6.1166
2020-03-10,6.113,28.47,48.42,2.72,0.0,6.367
2020-03-11,4.6529,28.43,50.08,2.74,0.66,6.0998
2020-03-12,4.525,27.97,49.43,2.73,0.42,6.156
2020-03-13,6.2054,28.38,47.98,3.67,0.06,6.5995
2020-03-14,4.9459,28.64,44.36,2.01,0.0,6.3984
2020-03-15,6.5604,28.16,48.77,2.7,0.0,6.6343
2020-03-16,6.7294,28.13,47.8,2.04,0.0,6.7608
2020-03-17,6.8076,28.73,44.15,2.6,0.0,6.8268
2020-03-18,6.7531,29.73,35.86,1.3,0.06,6.8191
2020-03-19,5.5073,28.32,44.03,1.78,5.26,6.6763
2020-03-20,6.0163,28.6,47.16,1.85,0.79,6.8026
2020-03-21,6.5868,28.2,39.82,2.26,0.0,6.7049
2020-03-22,6.6785,27.71,31.9,1.36,0.0,6.9432
2020-03-23,6.2306,28.65,38.63,1.78,0.07,6.7056
2020-03-24,6.5666,29.41,44.06,2.46,0.0,6.7795
2020-03-25,6.474,29.58,41.97,2.56,0.0,6.6134
2020-03-26,6.786,29.43,42.13,2.16,0.0,6.8158
2020-03-27,7.0277,30.01,35.74,2.35,0.0,7.0289
2020-03-28,6.6638,30.51,32.69,1.68,0.65,6.8126
2020-03-29,6.3425,31.15,34.76,1.09,1.15,6.5902
2020-03-30,6.4145,30.91,36.64,1.91,0.05,6.4224
2020-03-31,6.1289,31.54,33.89,1.1,0.0,6.3684
2020-04-01,4.9106,31.95,31.32,1.54,0.0,6.3857
2020-04-02,5.2913,32.47,29.79,1.57,0.11,6.5465
2020-04-03,4.6586,31.72,36.5,2.56,0.33,6.2335
2020-04-04,3.0665,29.12,42.23,1.38,0.77,5.9731
2020-04-05,6.1836,31.1,34.65,2.62,0.0,6.8899
2020-04-06,5.0522,31.34,42.15,1.71,2.43,6.9516
2020-04-07,5.7934,31.9,39.14,1.83,0.11,6.5866
2020-04-08,6.5873,32.34,34.36,2.12,0.01,6.9775
2020-04-09,6.3869,30.81,42.28,2.33,4.57,7.0572
2020-04-10,6.8477,30.12,44.14,2.11,0.62,6.9384
2020-04-11,7.2384,30.63,38.58,2.05,0.0,7.3118
2020-04-12,6.8215,31.7,33.31,1.95,0.0,7.271
2020-04-13,6.0334,32.07,32.41,2.18,0.0,7.0639
2020-04-14,6.6226,32.04,28.71,2.67,0.0,7.1556
2020-04-15,6.3828,31.57,30.19,2.27,0.0,6.9382
2020-04-16,6.7121,32.18,28.53,2.46,0.0,6.9977
2020-04-17,6.3914,32.41,34.02,2.49,0.11,7.1006
2020-04-18,6.221,32.7,37.07,2.8,0.2,7.1179
2020-04-19,5.9914,32.2,37.94,2.46,0.56,7.2456
2020-04-20,5.6263,32.62,37.03,2.52,0.97,6.9778
2020-04-21,6.744,32.59,34.35,2.53,0.52,7.0603
2020-04-22,6.9274,32.93,35.75,3.33,0.06,7.4426
2020-04-23,6.9775,33.55,41.24,2.94,0.0,7.2134
2020-04-24,6.361,33.64,42.65,3.48,0.65,6.9895
2020-04-25,6.7819,33.98,39.51,2.7,0.17,7.0526
2020-04-26,6.5558,32.39,50.3,3.47,3.28,7.1993
2020-04-27,6.8474,31.02,55.19,3.66,2.75,7.181
2020-04-28,6.5628,30.05,54.12,3.08,2.34,7.4326
2020-04-29,7.014,30.93,47.78,2.24,1.02,7.3913
2020-04-30,6.2045,32.38,39.26,2.0,0.0,7.2686
2020-05-01,5.8034,32.99,40.39,1.83,2.97,7.1174
2020-05-02,6.1843,31.73,47.3,1.78,5.94,6.967
2020-05-03,7.1861,32.77,39.84,2.05,0.0,7.3164
2020-05-04,6.7114,33.87,38.86,1.76,0.22,7.0303
2020-05-05,6.9401,34.33,35.77,2.53,0.0,7.1246
2020-05-06,6.2278,33.89,39.63,2.66,0.2,7.1784
2020-05-07,5.285,32.61,45.49,3.01,2.27,7.1429
2020-05-08,5.689,32.04,46.92,2.2,3.64,7.2473
2020-05-09,6.3799,33.41,41.13,2.16,0.13,7.1868
2020-05-10,4.3855,32.87,39.68,2.31,0.07,7.2516
2020-05-11,6.7589,32.81,37.24,2.32,0.0,7.4453
2020-05-12,6.5218,32.45,42.94,2.7,4.31,7.4942
2020-05-13,6.81,31.96,46.62,2.46,0.83,7.3654
2020-05-14,6.9986,32.93,40.43,2.8,0.0,7.445
2020-05-15,6.5638,33.44,38.22,2.24,0.0,7.1486
2020-05-16,5.4931,33.24,43.75,1.74,5.24,6.9055
2020-05-17,5.305,32.2,52.34,1.85,4.36,7.0447
2020-05-18,5.995,32.86,42.75,2.17,0.56,6.7416
2020-05-19,5.1766,33.33,34.35,3.53,2.56,6.9338
2020-05-20,6.805,33.75,28.32,2.56,0.0,7.5374
2020-05-21,7.6675,33.04,17.84,3.57,0.0,7.9538
2020-05-22,7.7112,33.98,18.43,2.5,0.0,7.7417
2020-05-23,7.6274,34.75,24.63,2.14,0.0,7.6474
2020-05-24,6.7982,34.19,39.13,1.97,0.0,7.3068
2020-05-25,6.3358,34.8,38.02,2.66,0.0,7.073
2020-05-26,6.5712,35.17,40.91,2.52,0.0,7.1316
2020-05-27,7.1741,35.93,34.75,2.59,0.0,7.4198
2020-05-28,7.7076,37.04,26.36,2.98,0.0,7.8026
2020-05-29,7.0997,36.36,30.29,3.28,0.96,7.6392
2020-05-30,6.133,33.47,39.98,3.06,2.25,7.3178
2020-05-31,3.8455,31.61,51.06,2.28,7.7,6.7877
2020-06-01,5.6314,28.46,70.01,1.23,8.15,6.7514
2020-06-02,6.2062,26.02,75.77,2.05,12.94,7.321
2020-06-03,5.6119,27.05,75.31,3.05,3.82,7.2444
2020-06-04,5.7355,28.92,63.84,4.86,1.42,7.4333
2020-06-05,6.7193,29.92,57.46,3.53,0.43,7.5319
2020-06-06,6.9053,30.06,51.0,4.5,0.0,7.5658
2020-06-07,6.5393,30.14,53.75,4.0,0.0,7.4983
2020-06-08,6.2218,30.42,50.88,3.92,0.0,7.3906
2020-06-09,6.7622,30.18,50.68,3.34,5.62,7.4923
2020-06-10,4.8166,28.15,72.59,3.15,24.41,6.8378
2020-06-11,2.5298,25.58,82.61,4.59,28.85,6.2501
2020-06-12,3.271,24.48,80.39,3.74,5.56,6.1102
2020-06-13,5.2226,27.37,71.55,4.48,0.1,6.9264
2020-06-14,5.3172,27.88,69.76,3.42,0.75,7.2773
2020-06-15,5.0414,28.11,70.47,4.3,2.74,7.2264
2020-06-16,4.1846,27.6,75.42,3.85,8.34,7.0934
2020-06-17,4.0416,26.76,78.38,4.52,11.84,7.1964
2020-06-18,4.5094,27.35,72.86,4.68,9.3,7.2437
2020-06-19,5.0153,27.5,73.26,4.46,0.99,6.7973
2020-06-20,4.9858,26.86,74.46,4.53,3.37,6.611
2020-06-21,4.2703,26.55,75.31,4.39,0.55,6.5758
2020-06-22,4.4232,27.53,70.05,4.25,1.03,7.2941
2020-06-23,6.1416,27.3,71.25,3.05,1.31,6.9646
2020-06-24,6.7656,28.71,65.54,1.86,0.53,7.2389
2020-06-25,6.7586,28.87,64.04,2.39,0.59,6.9965
2020-06-26,5.6974,28.65,67.8,2.24,0.07,7.0502
2020-06-27,5.693,27.87,75.38,1.83,15.65,7.0774
2020-06-28,5.087,26.99,82.55,1.51,9.62,7.3589
2020-06-29,4.8396,26.16,84.38,1.56,15.88,6.9802
2020-06-30,5.0976,26.86,80.84,1.09,1.4,6.8825
2020-07-01,5.863,27.24,76.6,3.02,4.04,7.0603
2020-07-02,5.6563,25.56,81.86,4.47,19.25,7.1508
2020-07-03,4.9658,25.88,81.11,4.66,5.62,6.941
2020-07-04,4.0063,24.29,84.91,4.18,6.48,6.9053
2020-07-05,3.2945,25.59,80.0,5.11,11.46,7.2521
2020-07-06,3.1001,25.51,80.82,3.8,2.55,7.0721
2020-07-07,5.3933,26.14,78.17,3.91,1.31,7.1189
2020-07-08,5.4259,27.11,75.73,3.05,2.52,7.1107
2020-07-09,4.6819,25.75,78.63,2.98,4.82,7.0747
2020-07-10,3.3055,25.35,83.47,3.38,17.71,7.1364
2020-07-11,5.2822,26.28,79.78,2.94,1.16,6.8462
2020-07-12,5.0606,26.18,78.87,3.1,5.36,6.9737
2020-07-13,4.3325,24.92,87.2,2.69,11.08,6.9134
2020-07-14,3.5959,24.85,87.13,1.6,11.66,7.0344
2020-07-15,2.5039,24.88,88.33,3.46,32.2,6.791
2020-07-16,4.3301,25.1,82.96,5.23,6.41,7.104
2020-07-17,5.3527,25.68,79.13,3.48,1.32,7.0274
2020-07-18,6.2496,26.3,80.84,2.23,0.59,7.2578
2020-07-19,4.8019,26.16,85.07,2.08,13.17,7.068
2020-07-20,5.087,26.22,83.06,2.6,5.13,7.1551
2020-07-21,6.4788,26.07,84.41,1.67,2.27,7.1849
2020-07-22,4.879,26.05,85.43,2.12,14.85,7.2864
2020-07-23,1.6255,24.75,88.12,1.54,19.3,6.9062
2020-07-24,4.4705,24.42,89.86,1.99,16.41,6.935
2020-07-25,4.3272,24.78,85.85,1.96,2.17,7.0267
2020-07-26,6.8158,25.62,79.99,2.32,0.02,7.2506
2020-07-27,6.7435,26.07,81.76,2.72,0.0,7.295
2020-07-28,5.0062,25.73,87.42,1.71,11.63,6.9708
2020-07-29,5.2274,26.07,84.93,1.54,9.57,6.9137
2020-07-30,6.0696,26.8,81.06,1.53,2.62,7.2247
2020-07-31,5.7526,26.39,85.36,1.98,7.07,7.2314
2020-08-01,4.8206,25.96,86.1,1.97,11.3,7.2389
2020-08-02,5.8457,25.97,86.15,3.03,6.18,7.1686
2020-08-03,4.6896,24.93,88.64,3.85,6.4,7.1846
2020-08-04,4.297,24.97,86.51,5.38,3.22,7.0085
2020-08-05,3.8342,25.04,88.27,4.22,4.03,7.0807
2020-08-06,5.4175,26.41,82.3,4.12,1.17,7.1582
2020-08-07,4.8286,26.03,84.99,3.52,1.89,6.781
2020-08-08,4.861,25.81,84.65,3.46,0.22,6.7994
2020-08-09,3.0367,25.33,86.07,3.89,8.61,6.8566
2020-08-10,1.8398,25.29,84.75,3.69,17.09,6.9643
2020-08-11,4.8451,25.43,85.34,3.89,6.35,6.9648
2020-08-12,3.313,24.54,88.65,4.41,19.9,6.8909
2020-08-13,1.4335,24.57,88.66,4.92,28.81,6.8506
2020-08-14,1.8298,24.32,87.73,5.28,16.82,6.7802
2020-08-15,1.6284,23.92,91.99,4.72,48.39,6.9521
2020-08-16,1.5367,24.17,89.18,4.41,27.44,6.9418
2020-08-17,2.9693,24.73,85.76,4.45,6.02,6.9581
2020-08-18,4.7652,25.28,86.92,3.74,3.71,7.0718
2020-08-19,1.9949,25.06,88.98,3.13,24.88,6.9941
2020-08-20,1.8233,24.74,90.22,4.52,17.38,6.9684
2020-08-21,3.9166,25.04,87.83,4.56,6.81,6.9509
2020-08-22,5.2483,25.21,87.39,3.56,0.56,6.599
2020-08-23,5.2678,25.79,85.44,2.63,2.32,6.7502
2020-08-24,5.965,25.71,85.91,2.8,1.03,6.7934
2020-08-25,5.7629,25.71,85.53,2.22,2.42,6.6254
2020-08-26,4.5444,24.92,89.34,1.96,6.06,6.8174
2020-08-27,2.5932,24.23,90.86,2.16,7.22,6.779
2020-08-28,5.0537,24.9,86.84,2.22,1.07,6.6199
2020-08-29,5.9011,25.75,85.18,2.69,3.89,6.6989
2020-08-30,6.2316,25.47,85.73,2.5,0.46,6.8292
2020-08-31,6.5503,25.46,84.37,2.02,0.0,6.9617
2020-09-01,5.7967,25.45,89.69,2.25,0.01,6.6137
2020-09-02,4.5516,24.44,90.96,1.8,8.39,6.5342
2020-09-03,5.9964,24.38,88.68,1.12,0.33,6.7447
2020-09-04,6.0962,25.29,88.03,1.84,0.21,6.7454
2020-09-05,5.8102,25.94,84.5,1.37,0.36,6.7459
2020-09-06,5.9018,25.82,83.88,1.41,0.72,6.4817
2020-09-07,5.5063,26.35,80.4,1.18,0.51,6.4954
2020-09-08,6.0862,26.13,82.93,0.87,2.72,6.5983
2020-09-09,5.495,25.86,85.19,1.09,0.94,6.9456
2020-09-10,4.8898,25.88,82.84,0.8,3.64,6.5412
2020-09-11,3.5592,25.8,84.5,1.29,3.59,6.3732
2020-09-12,4.8761,24.61,88.85,1.87,14.16,6.7687
2020-09-13,2.9429,24.52,91.54,2.22,33.01,6.2628
2020-09-14,2.5567,24.99,90.18,2.34,19.34,6.593
2020-09-15,3.8789,25.3,91.64,1.96,15.1,6.636
2020-09-16,4.6325,25.79,88.03,1.46,16.19,6.7577
2020-09-17,3.9804,25.6,90.02,1.09,15.35,6.5261
2020-09-18,4.3807,26.13,86.8,0.82,4.74,6.2734
2020-09-19,2.7235,25.54,90.06,1.39,9.82,5.9983
2020-09-20,4.3651,24.69,92.97,2.38,11.84,5.3086
2020-09-21,4.3277,24.41,90.89,3.62,3.32,6.0007
2020-09-22,4.1616,23.97,91.53,3.79,3.31,5.6489
2020-09-23,3.4589,24.5,86.41,3.88,0.1,6.5657
2020-09-24,4.4251,24.71,88.75,2.99,0.12,6.2119
2020-09-25,3.1822,25.08,90.78,2.23,25.1,5.5414
2020-09-26,1.5451,24.36,93.6,2.86,17.49,5.6078
2020-09-27,4.4722,23.32,85.93,2.48,0.5,5.7672
2020-09-28,4.9644,24.39,87.33,1.94,0.05,6.0566
2020-09-29,4.5,24.26,91.29,2.09,1.99,5.6018
2020-09-30,4.1998,24.01,91.15,2.07,1.97,5.8214
2020-10-01,4.8739,24.16,87.8,2.79,2.3,5.8562
2020-10-02,6.0298,24.23,88.61,2.59,0.16,6.1838
2020-10-03,5.483,24.85,87.26,2.36,0.0,6.12
2020-10-04,5.1125,24.01,86.85,2.79,0.0,6.0082
2020-10-05,5.4434,24.35,88.16,2.85,0.0,5.982
2020-10-06,5.2925,23.78,82.12,2.63,0.04,5.5848
2020-10-07,2.1096,22.05,84.17,2.61,1.98,5.797
2020-10-08,4.3409,23.76,86.45,1.54,0.55,5.6772
2020-10-09,4.7515,25.12,87.47,1.19,7.06,6.0082
2020-10-10,4.013,25.25,87.23,0.71,3.23,5.9794
2020-10-11,2.3294,24.21,92.84,1.64,10.09,5.9618
2020-10-12,3.3338,24.05,90.53,1.27,1.61,6.1476
2020-10-13,1.1467,24.03,92.66,3.95,65.73,6.1882
2020-10-14,2.2483,24.75,92.86,2.94,32.61,6.0502
2020-10-15,3.8006,24.82,90.92,2.07,3.93,5.9743
2020-10-16,4.7261,25.13,86.06,1.39,1.77,5.6856
2020-10-17,5.0813,25.31,86.23,0.82,12.54,5.8778
2020-10-18,5.3566,25.18,88.22,1.67,17.32,5.8824
2020-10-19,4.6284,24.61,90.58,1.67,9.11,5.7029
2020-10-20,3.5695,24.53,91.32,1.24,9.01,5.4031
2020-10-21,3.7034,24.67,89.51,1.27,2.26,5.5502
2020-10-22,5.1209,24.28,86.04,1.72,0.16,5.2968
2020-10-23,5.1648,24.62,82.76,1.27,0.0,5.4626
2020-10-24,5.4125,24.84,78.95,1.12,0.0,5.5385
2020-10-25,5.1338,24.17,83.28,1.41,0.02,5.3434
2020-10-26,5.1384,22.47,84.34,1.74,0.0,5.4329
2020-10-27,5.3635,22.0,83.57,1.92,0.0,5.5392
2020-10-28,5.4576,21.99,81.08,1.58,0.0,5.6616
2020-10-29,5.0467,22.08,81.98,1.56,0.0,5.1674
2020-10-30,4.6661,22.36,83.92,1.83,0.0,5.292
2020-10-31,5.3568,21.7,83.34,1.91,0.0,5.3621
2020-11-01,5.4204,21.02,82.45,1.93,0.0,5.5656
2020-11-02,5.4648,22.49,86.95,2.18,0.0,5.4967
2020-11-03,4.9579,22.41,86.91,2.46,0.03,5.1406
2020-11-04,5.1859,20.04,76.81,2.36,0.0,5.2267
2020-11-05,5.1504,19.66,70.55,1.86,0.0,5.3926
2020-11-06,3.9742,20.67,82.8,1.9,0.1,4.7544
2020-11-07,4.4933,22.53,88.92,2.14,0.06,4.7256
2020-11-08,5.0784,20.86,81.79,1.94,0.0,5.3179
2020-11-09,5.3743,18.11,79.21,1.92,0.0,5.466
2020-11-10,5.5762,17.75,81.19,1.96,0.0,5.5776
2020-11-11,5.7725,19.99,85.99,2.34,0.76,5.7869
2020-11-12,3.1198,22.43,91.5,2.41,1.31,5.5433
2020-11-13,3.5136,22.93,87.57,2.0,0.01,5.6726
2020-11-14,5.7086,21.99,85.19,1.45,0.0,5.7504
2020-11-15,5.2618,22.12,87.14,2.09,0.0,5.5706
2020-11-16,4.8396,22.52,87.15,2.33,0.01,5.3969
2020-11-17,5.4269,21.98,86.55,2.01,0.01,5.4526
2020-11-18,4.6049,21.73,88.88,1.75,0.0,5.4122
2020-11-19,5.0042,22.46,87.47,1.75,0.0,5.4619
2020-11-20,5.2961,23.28,85.02,1.37,0.0,5.4763
2020-11-21,4.7419,23.24,86.04,1.32,0.0,5.0748
2020-11-22,4.3805,21.83,85.09,2.36,0.0,4.9459
2020-11-23,4.3949,20.08,81.4,1.93,0.0,4.9366
2020-11-24,4.3786,19.55,79.27,1.7,0.0,5.0354
2020-11-25,4.645,20.05,83.14,2.42,0.29,4.992
2020-11-26,2.3222,19.5,92.69,3.05,4.23,4.8103
2020-11-27,1.6822,19.7,90.39,4.04,5.66,5.0539
2020-11-28,2.623,21.1,89.58,3.22,0.74,4.9013
2020-11-29,3.1421,22.03,87.15,2.06,0.02,5.1038
2020-11-30,4.2804,21.51,84.29,1.22,0.0,5.2104
2020-12-01,5.1641,20.99,82.88,1.25,0.0,5.1893
2020-12-02,5.0158,20.48,81.67,1.42,0.0,5.1758
2020-12-03,4.4666,19.91,81.26,1.43,0.0,5.1641
2020-12-04,4.595,20.33,82.8,1.43,0.0,5.13
2020-12-05,4.8893,20.05,81.39,1.64,0.0,5.2039
2020-12-06,5.1845,19.27,74.47,1.64,0.0,5.2423
2020-12-07,5.1955,19.43,73.81,1.75,0.0,5.2435
2020-12-08,5.3026,19.63,76.83,1.5,0.0,5.3246
2020-12-09,5.2478,20.05,75.35,1.07,0.0,5.2526
2020-12-10,4.9987,19.63,78.08,1.26,0.0,5.0374
2020-12-11,4.8391,19.04,80.44,1.44,0.0,4.9097
2020-12-12,4.615,19.15,83.56,1.57,0.0,4.6234
2020-12-13,4.3166,19.59,83.11,1.37,0.0,4.3265
2020-12-14,4.3982,19.87,83.02,1.59,0.0,4.4383
2020-12-15,4.6817,19.76,84.22,1.87,0.0,4.6838
2020-12-16,4.224,20.25,85.66,1.67,0.0,4.4131
2020-12-17,4.4959,20.61,83.01,1.27,0.0,4.5262
2020-12-18,3.9742,19.47,81.84,1.66,0.0,4.2545
2020-12-19,4.5115,18.04,78.81,1.85,0.0,4.5787
2020-12-20,5.1886,16.95,72.48,1.84,0.0,5.2063
2020-12-21,5.4144,16.21,61.43,1.47,0.0,5.4869
2020-12-22,5.3472,16.81,64.48,1.23,0.0,5.4031
2020-12-23,5.1355,16.76,79.48,1.4,0.0,5.1677
2020-12-24,4.7866,16.96,80.77,1.49,0.0,4.8206
2020-12-25,4.5494,18.14,79.93,1.58,0.0,4.6874
2020-12-26,4.5799,18.42,79.78,1.32,0.0,4.5936
2020-12-27,4.8247,18.57,72.49,0.91,0.0,4.8542
2020-12-28,4.3253,18.18,80.22,1.39,0.0,4.3378
2020-12-29,4.315,18.7,78.48,1.39,0.0,4.38
2020-12-30,4.2518,18.58,82.33,1.64,0.0,4.29
2020-12-31,3.8124,19.22,84.83,1.63,0.0,4.3416
2021-01-01,3.9331,19.23,86.43,1.83,0.01,4.1998
2021-01-02,4.2252,18.29,87.87,1.79,0.0,4.2305
2021-01-03,4.1683,17.98,83.71,1.84,0.0,4.4102
2021-01-04,4.6901,18.42,82.88,2.03,0.0,4.7784
2021-01-05,4.9272,20.39,85.31,1.87,0.0,5.0023
2021-01-06,2.1137,21.86,87.96,1.81,0.71,4.8502
2021-01-07,2.881,22.06,86.52,1.85,0.39,4.649
2021-01-08,4.26,21.7,80.89,2.34,0.02,4.9435
2021-01-09,5.2243,20.58,77.24,2.35,0.0,5.3153
2021-01-10,4.9234,21.03,73.59,1.6,0.0,5.2286
2021-01-11,4.307,21.86,70.32,1.49,0.0,5.1314
2021-01-12,4.1546,22.73,74.11,1.52,0.0,4.92
2021-01-13,4.3181,21.9,76.56,1.44,0.0,4.746
2021-01-14,4.7914,21.37,72.56,1.4,0.0,4.7986
2021-01-15,4.7225,21.0,76.0,1.35,0.0,4.7532
2021-01-16,4.4465,21.2,77.04,1.48,0.0,4.8386
2021-01-17,4.9963,21.28,73.32,1.62,0.0,4.9992
2021-01-18,4.5674,20.9,80.98,1.76,0.0,4.6781
2021-01-19,4.7395,21.59,77.71,1.44,0.0,4.7515
2021-01-20,4.7467,21.97,70.6,1.05,0.0,4.7537
2021-01-21,4.5506,22.24,66.83,1.05,0.0,4.554
2021-01-22,4.2242,21.66,68.54,1.47,0.0,4.6438
2021-01-23,4.6037,21.3,64.7,1.16,0.0,4.6699
2021-01-24,4.8494,21.98,69.78,1.26,0.0,4.8672
2021-01-25,5.0311,22.02,68.92,1.18,0.0,5.0383
2021-01-26,4.8948,22.18,67.85,1.39,0.0,4.985
2021-01-27,4.1885,21.93,70.07,1.75,0.0,4.3675
2021-01-28,4.3447,21.93,73.48,2.27,0.0,4.5142
2021-01-29,4.0574,22.67,73.4,1.87,0.0,4.2046
2021-01-30,4.2302,22.48,71.91,1.15,0.0,4.4292
2021-01-31,3.8813,21.34,61.0,1.52,0.0,4.1856
2021-02-01,4.0044,20.2,65.22,1.57,0.0,4.7066
2021-02-02,5.8339,19.71,45.16,1.58,0.0,5.8798
2021-02-03,5.8342,20.85,52.69,1.35,0.0,5.8555
2021-02-04,5.8157,20.51,58.63,1.73,0.0,5.8603
2021-02-05,5.6767,20.76,61.55,1.49,0.0,5.6798
2021-02-06,5.706,20.97,58.19,1.41,0.0,5.7163
2021-02-07,5.5193,19.82,49.88,2.49,0.0,5.6362
2021-02-08,6.0367,19.72,47.68,2.13,0.0,6.1025
2021-02-09,5.8848,21.66,46.2,1.17,0.0,6.0794
2021-02-10,6.0324,21.65,50.47,1.19,0.0,6.0773
2021-02-11,6.0062,21.42,58.63,1.82,0.0,6.0314
2021-02-12,5.519,21.86,62.35,1.92,0.0,5.6753
2021-02-13,5.6143,21.84,60.95,2.1,0.0,5.7214
2021-02-14,5.6669,22.11,57.45,1.86,0.0,5.7468
2021-02-15,5.6861,22.8,53.93,1.53,0.0,5.6904
2021-02-16,5.5442,23.2,50.74,2.13,0.0,5.5476
2021-02-17,5.4569,22.93,54.74,2.75,0.0,5.5241
2021-02-18,4.6433,22.45,65.61,2.49,0.08,4.8043
2021-02-19,3.799,21.81,69.61,1.82,1.69,5.3095
2021-02-20,4.9627,21.95,63.58,2.54,0.11,5.5814
2021-02-21,5.0482,22.32,67.98,2.31,0.0,5.6419
2021-02-22,5.5423,23.67,62.84,1.16,0.01,5.9518
2021-02-23,6.2186,24.47,45.37,1.77,0.0,6.2604
2021-02-24,6.305,24.73,36.64,1.57,0.0,6.455
2021-02-25,6.367,25.89,34.31,1.2,0.0,6.5309
2021-02-26,6.1687,26.72,30.95,1.09,0.0,6.269
2021-02-27,6.2146,26.46,34.82,1.43,0.0,6.2801
2021-02-28,6.3907,26.66,31.0,1.18,0.0,6.6823
2021-03-01,5.4134,27.1,33.2,1.62,0.0,6.3518
2021-03-02,6.283,26.59,35.96,2.22,0.0,6.3646
2021-03-03,6.7654,25.82,28.39,2.29,0.0,6.7999
2021-03-04,6.7303,25.5,29.38,1.83,0.0,6.8254
2021-03-05,6.7193,25.61,36.01,1.6,0.0,6.7423
2021-03-06,6.6893,26.44,29.78,1.41,0.0,6.6934
2021-03-07,6.5323,26.56,32.64,1.99,0.0,6.5525
2021-03-08,6.4985,26.65,35.07,2.53,0.0,6.5033
2021-03-09,6.4428,26.56,44.27,2.54,0.0,6.4498
2021-03-10,6.5527,27.11,38.74,2.43,0.0,6.5904
2021-03-11,6.7584,26.66,35.43,2.73,0.0,6.7704
2021-03-12,6.6955,26.3,32.55,2.65,0.0,6.7049
2021-03-13,6.6394,26.15,31.89,2.09,0.0,6.6962
2021-03-14,6.66,26.73,30.17,2.07,0.0,6.7286
2021-03-15,6.4474,27.43,32.99,1.86,0.0,6.461
2021-03-16,5.8622,28.01,34.9,1.78,0.0,5.8702
2021-03-17,5.591,28.8,34.15,1.76,0.0,5.767
2021-03-18,5.4456,29.01,37.62,2.28,0.0,5.6023
2021-03-19,5.5783,27.76,36.91,1.51,0.0,5.6184
2021-03-20,5.3503,28.65,35.97,1.73,0.0,5.6366
2021-03-21,6.0638,29.05,32.58,1.68,0.0,6.1874
2021-03-22,4.9512,29.59,32.38,2.25,0.0,5.4137
2021-03-23,6.1138,29.49,34.75,2.21,0.0,6.1447
2021-03-24,6.1541,29.7,30.79,1.74,0.0,6.3007
2021-03-25,5.4041,30.07,26.59,2.29,0.0,6.0521
2021-03-26,5.9921,29.88,24.91,2.13,0.0,6.2741
2021-03-27,6.1075,30.31,24.33,1.49,0.0,6.5506
2021-03-28,6.7032,30.66,22.48,1.29,0.0,6.8606
2021-03-29,6.6466,30.37,27.59,1.64,0.0,6.853
2021-03-30,6.671,31.0,22.4,2.03,0.0,6.8167
2021-03-31,7.3776,30.98,13.75,3.03,0.0,7.41
2021-04-01,7.2067,31.29,18.24,2.55,0.0,7.2098
2021-04-02,7.2223,31.38,17.14,2.27,0.0,7.3267
2021-04-03,6.8758,31.92,15.31,1.02,0.0,6.9725
2021-04-04,6.6118,31.1,26.84,1.53,0.01,6.7949
2021-04-05,6.0902,30.57,26.82,2.19,0.0,6.361
2021-04-06,6.3245,30.81,42.01,2.63,0.05,6.69
2021-04-07,6.1793,31.35,33.15,2.32,0.0,6.467
2021-04-08,4.9418,32.14,28.92,1.84,0.0,6.4987
2021-04-09,5.6506,31.11,33.9,1.64,0.01,6.4865
2021-04-10,6.2839,30.09,42.51,2.83,0.13,6.511
2021-04-11,6.637,30.44,40.95,2.52,0.05,6.8556
2021-04-12,4.5158,30.74,40.08,1.81,4.0,6.565
2021-04-13,5.9342,30.51,45.2,1.76,4.44,6.9367
2021-04-14,5.4857,28.88,53.71,1.45,3.4,7.104
2021-04-15,6.5986,29.65,48.18,1.21,0.06,7.2389
2021-04-16,6.9852,30.32,43.38,2.46,0.0,7.1762
2021-04-17,6.888,30.99,39.42,2.32,0.0,7.115
2021-04-18,5.8879,32.02,38.17,1.84,0.01,6.6492
2021-04-19,5.9045,32.75,36.86,2.03,0.07,6.7757
2021-04-20,6.0442,32.94,38.24,3.53,0.45,6.5868
2021-04-21,5.6974,32.32,39.44,2.94,0.94,6.1025
2021-04-22,5.9035,31.43,43.56,1.82,1.72,6.4294
2021-04-23,5.9952,29.33,53.74,1.62,4.03,6.7565
2021-04-24,6.3391,30.63,42.92,1.8,0.03,6.6562
2021-04-25,6.301,31.37,41.47,2.03,0.0,6.8261
2021-04-26,6.1987,31.34,41.03,1.61,0.05,6.881
2021-04-27,6.0,32.68,35.64,1.58,0.07,6.9108
2021-04-28,5.671,32.52,37.96,1.45,0.1,6.7322
2021-04-29,6.0773,33.45,31.99,1.63,0.02,6.6468
2021-04-30,6.3706,33.29,32.99,2.51,0.0,6.7394
2021-05-01,5.9448,32.04,40.19,2.81,2.28,6.7591
2021-05-02,6.6482,31.78,42.03,1.91,0.16,6.8731
2021-05-03,5.7734,31.63,40.08,1.43,1.23,6.9811
2021-05-04,5.85,31.4,41.31,1.88,1.82,7.1522
2021-05-05,6.1817,31.87,42.64,2.05,0.74,7.2862
2021-05-06,6.3816,32.15,43.69,3.44,0.36,7.2938
2021-05-07,6.6612,32.45,41.59,3.27,0.02,7.249
2021-05-08,6.7214,32.02,44.77,2.8,0.05,7.4772
2021-05-09,7.1184,32.89,40.17,2.47,0.0,7.2674
2021-05-10,5.5097,32.87,44.17,2.13,1.99,6.8974
2021-05-11,5.6136,33.0,46.8,1.88,4.71,6.259
2021-05-12,6.9934,33.52,44.56,2.13,1.05,7.2106
2021-05-13,5.9916,32.04,46.28,3.15,1.95,7.1177
2021-05-14,4.9867,32.34,47.03,2.4,0.3,6.8448
2021-05-15,6.1018,29.63,62.84,5.84,0.03,7.5125
2021-05-16,4.7609,28.1,70.35,5.2,0.8,7.4333
2021-05-17,6.6643,28.57,66.8,4.0,1.16,7.2902
2021-05-18,6.1771,29.48,62.85,3.46,0.46,7.3726
2021-05-19,6.649,29.72,60.97,3.24,3.11,7.4038
2021-05-20,5.6599,28.66,65.62,2.76,1.86,7.3673
2021-05-21,5.7912,30.19,57.1,2.2,1.22,7.1568
2021-05-22,6.0446,30.55,54.26,2.44,1.78,7.1136
2021-05-23,6.3814,32.13,45.03,2.71,0.91,6.9144
2021-05-24,4.9123,32.29,40.33,3.19,0.76,6.6307
2021-05-25,6.0818,33.26,29.61,4.22,0.0,7.3238
2021-05-26,6.4258,34.16,33.48,5.23,0.01,7.0987
2021-05-27,6.432,34.29,33.71,5.1,0.24,7.134
2021-05-28,5.495,32.79,43.76,4.48,0.59,6.6806
2021-05-29,5.9446,32.22,48.82,3.65,2.18,6.7874
2021-05-30,6.5071,32.8,46.46,2.51,0.03,6.6974
2021-05-31,6.1858,32.06,50.0,2.69,2.72,6.9281
2021-06-01,6.2736,30.77,60.7,1.65,8.43,6.9946
2021-06-02,5.5075,28.06,75.52,2.36,14.82,6.9648
2021-06-03,3.4109,26.67,79.22,1.6,11.82,6.8016
2021-06-04,4.7206,27.19,73.69,1.58,10.29,6.889
2021-06-05,6.7018,27.81,69.73,2.42,5.34,7.2948
2021-06-06,6.1934,28.58,65.44,2.6,1.81,7.5298
2021-06-07,6.4073,29.24,63.75,2.83,0.58,7.3234
2021-06-08,7.0138,28.8,66.44,3.22,6.99,7.4446
2021-06-09,3.0185,27.56,72.85,4.18,9.94,6.9206
2021-06-10,4.9562,26.29,77.51,5.44,11.14,6.9437
2021-06-11,3.841,27.03,65.73,5.39,0.84,6.7591
2021-06-12,4.8854,27.61,69.2,4.01,3.19,7.0003
2021-06-13,4.7808,26.27,82.5,4.57,20.24,6.6578
2021-06-14,4.8638,25.28,79.89,4.56,2.31,6.7865
2021-06-15,5.3316,27.39,67.9,5.24,6.18,6.8647
2021-06-16,4.9668,26.09,72.1,5.04,2.0,7.1501
2021-06-17,5.2104,26.19,73.07,5.5,2.96,7.1479
2021-06-18,4.0651,27.3,70.49,5.54,1.38,6.7049
2021-06-19,4.3121,27.37,69.29,5.29,1.34,6.7805
2021-06-20,6.5647,27.51,66.82,4.85,0.05,7.0334
2021-06-21,6.3559,27.74,66.17,3.86,0.0,6.7618
2021-06-22,5.4542,27.15,68.93,3.27,0.16,6.373
2021-06-23,3.7529,26.54,69.73,3.74,4.56,6.5376
2021-06-24,3.6218,27.01,66.75,4.21,1.41,6.1925
2021-06-25,5.1871,27.34,64.12,4.79,0.61,6.6043
2021-06-26,5.1386,25.91,76.85,3.83,8.0,6.6432
2021-06-27,2.3734,25.98,80.74,2.53,8.15,5.7962
2021-06-28,4.3457,26.76,81.14,1.01,14.19,6.4111
2021-06-29,5.9398,27.57,74.06,1.47,4.64,6.8933
2021-06-30,5.9167,28.22,74.4,2.71,3.13,6.6936
2021-07-01,3.5381,26.18,83.26,2.46,21.61,6.7229
2021-07-02,3.1262,25.8,78.61,3.26,2.81,6.9214
2021-07-03,5.9494,26.63,75.62,2.86,0.02,6.8141
2021-07-04,6.0943,27.08,76.58,2.75,0.89,6.7469
2021-07-05,4.8665,27.54,75.7,1.45,0.66,6.4598
2021-07-06,5.7302,27.38,76.26,1.49,4.43,6.6295
2021-07-07,5.6395,27.64,77.52,1.69,8.22,6.6941
2021-07-08,3.0869,25.44,87.49,1.43,18.77,6.2731
2021-07-09,4.8125,26.48,79.79,1.48,4.57,6.6871
2021-07-10,3.8189,25.5,83.13,2.29,4.69,6.8263
2021-07-11,1.3267,25.28,86.04,2.26,16.44,6.87
2021-07-12,3.7212,25.63,84.83,2.26,15.8,7.205
2021-07-13,3.485,25.12,87.0,3.66,22.08,7.2485
2021-07-14,3.1812,24.53,86.83,4.58,48.16,7.0097
2021-07-15,3.9574,26.08,83.37,3.21,14.27,7.1606
2021-07-16,4.5773,26.58,82.91,1.26,10.54,7.2835
2021-07-17,5.8032,26.73,84.21,1.83,6.33,7.1765
2021-07-18,4.5094,26.55,86.91,1.05,12.76,6.9631
2021-07-19,4.8655,26.04,83.68,4.04,5.17,7.1474
2021-07-20,4.3356,24.88,84.54,5.46,6.46,7.0541
2021-07-21,1.7522,24.12,86.23,6.76,20.86,6.4927
2021-07-22,1.2336,24.23,90.31,6.5,45.15,6.3895
2021-07-23,3.2546,24.71,85.93,4.82,8.46,6.4543
2021-07-24,5.2224,26.07,79.51,4.43,1.68,6.4742
2021-07-25,5.3506,26.42,81.61,4.31,0.87,6.649
2021-07-26,5.6201,26.37,81.53,4.84,0.42,6.9833
2021-07-27,6.0389,25.47,82.27,4.55,0.03,6.8695
2021-07-28,5.7732,25.63,79.8,4.84,0.02,6.8326
2021-07-29,3.757,25.08,81.04,5.44,0.0,6.5525
2021-07-30,4.4357,24.28,85.88,4.55,0.64,6.2311
2021-07-31,4.1206,24.54,83.84,4.68,0.01,6.2878
2021-08-01,4.4086,25.62,79.77,4.83,0.01,6.3161
2021-08-02,5.1986,25.76,79.22,4.67,0.06,6.5808
2021-08-03,4.8972,25.7,80.52,4.04,0.01,6.6629
2021-08-04,4.949,26.2,80.37,4.14,0.01,6.8923
2021-08-05,4.6586,25.07,84.94,3.96,0.3,6.3031
2021-08-06,4.7741,26.33,79.87,3.92,0.25,6.8112
2021-08-07,6.3233,26.37,81.11,2.72,0.79,6.8374
2021-08-08,5.3594,26.02,83.91,1.66,0.78,6.732
2021-08-09,5.0669,26.2,84.61,1.59,0.14,6.2326
2021-08-10,4.8091,26.01,86.35,2.11,1.95,6.6466
2021-08-11,5.611,26.0,85.53,2.04,0.71,6.8088
2021-08-12,5.5406,25.34,87.68,1.9,4.15,6.7543
2021-08-13,4.4083,24.61,87.62,2.34,10.51,6.8009
2021-08-14,5.106,25.27,84.82,2.52,0.12,6.7742
2021-08-15,5.0129,24.89,85.46,2.73,0.53,6.7073
2021-08-16,2.6414,24.16,89.11,2.97,5.49,6.5921
2021-08-17,1.9421,24.39,87.26,3.36,13.77,6.3192
2021-08-18,3.089,25.05,83.54,3.16,8.17,6.3221
2021-08-19,3.6156,24.5,87.56,3.78,0.83,6.6509
2021-08-20,3.1776,24.7,86.34,2.1,0.68,6.6218
2021-08-21,3.7596,24.36,85.62,2.11,6.97,6.5693
2021-08-22,6.1378,25.01,83.24,1.86,5.58,6.9161
2021-08-23,5.9479,25.85,81.56,0.95,12.52,6.9372
2021-08-24,5.9513,27.0,79.09,1.0,5.45,6.8018
2021-08-25,5.3501,26.23,86.73,1.23,7.85,6.7706
2021-08-26,4.231,24.93,89.25,2.15,7.23,6.655
2021-08-27,3.2227,25.41,84.79,0.95,5.23,6.8146
2021-08-28,3.2093,25.42,83.46,1.28,6.45,6.691
2021-08-29,4.1438,25.51,86.88,1.36,30.61,6.2947
2021-08-30,1.717,24.01,89.0,3.77,18.33,6.7286
2021-08-31,2.7624,23.59,88.86,3.19,18.39,6.7896
2021-09-01,4.5818,24.64,86.37,1.72,1.11,6.6828
2021-09-02,4.8331,25.92,82.47,1.04,5.09,6.7102
2021-09-03,3.4099,25.03,89.12,1.67,23.85,6.9036
2021-09-04,4.8353,24.79,89.74,2.24,17.56,6.8011
2021-09-05,3.8616,24.37,91.63,2.59,23.13,6.665
2021-09-06,1.53,23.69,94.17,2.55,29.38,6.5129
2021-09-07,2.4835,24.34,89.35,3.71,15.38,6.4958
2021-09-08,4.4623,24.87,86.6,4.05,0.27,6.8311
2021-09-09,5.2853,25.3,84.99,3.93,0.0,6.5947
2021-09-10,5.2474,25.66,85.13,3.4,0.12,6.6439
2021-09-11,4.818,25.69,85.9,3.42,0.16,6.5009
2021-09-12,4.6385,25.24,87.45,3.59,0.16,6.6331
2021-09-13,4.3291,24.88,90.84,3.47,4.04,6.589
2021-09-14,4.4352,25.5,85.99,3.84,0.44,6.4039
2021-09-15,5.7197,25.37,85.03,3.1,0.01,6.546
2021-09-16,5.7593,25.52,83.28,2.83,0.0,6.5393
2021-09-17,5.9587,25.42,83.54,2.39,0.0,6.4769
2021-09-18,4.5043,25.34,82.68,1.58,0.0,6.409
2021-09-19,5.0143,25.55,81.46,1.04,4.77,6.4632
2021-09-20,4.657,25.71,86.76,1.13,7.88,6.2998
2021-09-21,4.375,24.92,90.27,1.94,17.21,6.347
2021-09-22,3.1937,24.71,89.41,2.32,3.72,6.2434
2021-09-23,3.7946,24.3,92.55,1.99,7.75,5.8034
2021-09-24,4.8185,25.06,87.32,1.51,1.04,6.0199
2021-09-25,4.7688,25.08,87.39,1.7,21.34,6.1416
2021-09-26,3.6276,24.9,89.96,2.47,9.07,6.2717
2021-09-27,1.3927,24.21,91.99,3.21,34.27,6.3072
2021-09-28,3.6744,24.1,86.43,4.09,9.75,6.2657
2021-09-29,4.5912,23.97,78.82,1.92,0.0,6.4238
2021-09-30,5.3566,25.61,83.75,1.03,0.0,6.427
2021-10-01,5.6179,25.52,87.29,1.52,2.74,6.2786
2021-10-02,5.4012,25.15,87.01,1.38,0.82,6.3742
2021-10-03,5.5229,25.6,85.16,1.1,0.18,6.2105
2021-10-04,5.0386,25.73,85.93,1.19,1.05,6.1452
2021-10-05,4.6044,25.46,89.91,1.48,2.66,5.7005
2021-10-06,5.7958,24.68,90.53,1.92,0.92,6.2364
2021-10-07,5.4569,25.26,89.52,1.47,1.55,6.3096
2021-10-08,5.203,26.07,84.94,0.61,5.37,6.0134
2021-10-09,4.6898,25.81,87.43,1.1,29.47,5.6441
2021-10-10,5.1734,24.39,90.47,1.52,3.65,5.7686
2021-10-11,5.9112,23.95,82.96,1.58,0.43,6.1829
2021-10-12,5.334,24.11,82.45,1.53,0.0,5.8159
2021-10-13,4.793,24.22,84.5,1.66,0.17,5.6342
2021-10-14,5.3266,24.39,83.24,1.9,0.02,5.7641
2021-10-15,4.9879,24.5,86.37,1.96,0.39,5.5267
2021-10-16,2.5622,25.0,88.67,0.97,37.88,4.9517
2021-10-17,3.5719,24.77,89.53,1.64,2.85,4.9174
2021-10-18,5.4137,25.27,86.95,2.44,0.0,5.6594
2021-10-19,4.9106,24.43,81.56,2.02,0.0,5.575
2021-10-20,5.4185,23.23,77.81,1.58,0.0,5.6318
2021-10-21,5.8858,22.86,81.72,1.7,0.0,5.8956
2021-10-22,5.9477,21.89,76.33,1.58,0.0,5.9849
2021-10-23,5.8471,22.66,73.15,1.17,0.0,5.8958
2021-10-24,4.8026,22.96,76.02,1.11,0.0,5.4502
2021-10-25,5.3237,21.97,81.13,1.55,0.0,5.5006
2021-10-26,5.4538,21.56,85.99,2.1,0.0,5.5978
2021-10-27,5.5531,20.93,82.14,2.26,0.0,5.5663
2021-10-28,4.799,22.27,86.39,2.84,0.0,5.3258
2021-10-29,4.3063,22.93,89.95,2.77,0.76,5.2994
2021-10-30,4.1177,23.33,89.44,2.4,1.08,5.4216
2021-10-31,5.0412,22.41,85.6,2.29,0.92,5.5181
2021-11-01,3.5359,21.04,87.71,1.56,0.99,5.4137
2021-11-02,3.6504,22.9,90.4,1.6,1.36,5.3736
2021-11-03,3.5959,22.93,88.93,1.64,0.18,5.2495
2021-11-04,3.7997,23.16,90.06,1.64,0.18,5.3551
2021-11-05,3.9682,23.29,87.7,1.68,0.02,5.0755
2021-11-06,4.843,22.72,87.18,1.61,0.0,5.2678
2021-11-07,4.8634,21.33,84.5,1.88,0.0,5.3842
2021-11-08,5.3851,20.08,82.01,1.92,0.0,5.5272
2021-11-09,4.0788,19.41,79.94,2.07,0.0,5.1696
2021-11-10,4.5194,19.16,79.1,2.11,0.0,5.0837
2021-11-11,3.2818,19.75,83.94,2.68,0.06,5.1091
2021-11-12,2.7348,21.96,91.22,2.54,2.02,5.2411
2021-11-13,3.2551,23.67,90.79,1.85,1.87,5.3215
2021-11-14,3.4567,24.01,90.31,1.76,7.43,5.0923
2021-11-15,3.4874,24.48,89.2,1.93,2.42,5.1706
2021-11-16,3.3509,24.44,88.99,2.32,0.75,5.2848
2021-11-17,2.8392,23.96,88.39,2.38,0.1,5.3246
2021-11-18,2.6638,23.52,91.11,1.41,0.29,5.118
2021-11-19,3.0029,23.12,91.8,2.68,1.15,5.1348
2021-11-20,2.695,24.21,89.37,2.75,2.44,5.2579
2021-11-21,2.5714,24.24,89.48,2.64,1.28,5.3328
2021-11-22,4.5427,24.62,85.88,1.11,0.11,5.3328
2021-11-23,4.2322,24.68,86.05,1.08,0.12,4.9274
2021-11-24,4.1666,23.88,88.75,1.9,0.29,4.8641
2021-11-25,4.6538,22.75,84.0,1.43,0.13,4.9805
2021-11-26,4.6826,21.14,80.11,1.5,0.0,4.9766
2021-11-27,3.9914,19.79,81.23,1.66,0.0,4.9258
2021-11-28,4.1455,19.7,83.81,1.77,0.05,4.7645
2021-11-29,2.4149,21.06,86.91,1.87,1.5,4.4508
2021-11-30,3.864,20.8,79.29,1.52,0.42,4.801
2021-12-01,4.6716,20.77,80.71,1.39,0.0,4.8223
2021-12-02,3.9746,20.75,84.74,1.26,0.0,4.542
2021-12-03,3.4582,20.45,83.18,1.23,0.04,4.4914
2021-12-04,4.7947,21.0,79.54,1.73,0.0,4.8377
2021-12-05,5.0777,21.6,79.47,1.61,0.0,5.093
2021-12-06,5.0628,21.08,77.4,1.56,0.0,5.1336
2021-12-07,4.2907,20.37,76.66,1.81,0.0,4.8895
2021-12-08,3.8976,20.78,87.42,1.72,0.0,4.8895
2021-12-09,3.6593,21.53,87.5,1.61,0.0,4.7057
2021-12-10,2.881,21.76,88.05,1.61,0.0,4.3663
2021-12-11,4.093,21.66,86.36,1.38,0.0,4.5022
2021-12-12,3.966,21.35,85.81,1.54,0.0,4.2862
2021-12-13,3.4831,21.07,86.38,1.18,0.0,4.3466
2021-12-14,3.0593,20.4,89.36,1.34,0.0,4.1093
2021-12-15,3.5126,20.21,85.45,1.26,0.0,4.0591
2021-12-16,4.5482,18.99,77.17,1.27,0.0,4.6166
2021-12-17,4.8744,18.89,72.13,1.12,0.0,4.877
2021-12-18,4.8571,17.76,69.2,1.64,0.0,4.8605
2021-12-19,4.2974,17.02,75.96,1.66,0.0,4.2982
2021-12-20,4.6891,15.9,65.42,1.77,0.0,4.7026
2021-12-21,5.1456,16.46,50.91,1.4,0.0,5.2814
2021-12-22,5.2243,18.3,47.37,1.1,0.0,5.285
2021-12-23,4.9056,18.83,55.79,1.19,0.0,4.9337
2021-12-24,4.5103,19.16,65.43,1.34,0.0,4.5168
2021-12-25,4.254,20.19,75.07,1.51,0.0,4.2557
2021-12-26,3.786,20.61,78.38,1.07,0.0,3.8969
2021-12-27,3.0953,20.66,81.98,1.78,0.0,3.2249
2021-12-28,3.8141,20.61,81.36,2.12,0.0,3.8482
2021-12-29,3.8443,20.68,78.1,2.19,0.01,3.9564
2021-12-30,4.0054,20.13,80.31,2.32,0.02,4.4251
2021-12-31,4.1945,20.41,79.83,1.77,0.0,4.6039
2022-01-01,3.8839,20.18,80.05,1.35,0.0,4.6421
2022-01-02,4.0747,20.38,79.59,1.35,0.0,4.6094
2022-01-03,4.6819,19.34,68.96,1.23,0.0,4.7302
2022-01-04,4.9514,18.86,70.35,1.35,0.0,4.9622
2022-01-05,4.4784,19.32,76.61,1.65,0.0,4.5377
2022-01-06,4.6673,19.6,76.0,2.18,0.0,4.8185
2022-01-07,4.5317,20.42,75.65,2.67,0.0,4.9642
2022-01-08,3.5554,21.12,78.29,2.58,0.0,4.728
2022-01-09,3.7704,22.06,77.68,2.27,0.3,4.5401
2022-01-10,3.2112,21.95,80.96,2.26,2.58,4.3985
2022-01-11,3.2131,22.45,79.49,2.17,5.69,3.9823
2022-01-12,3.1073,21.99,82.08,2.07,9.24,4.4208
2022-01-13,3.1608,20.74,85.1,1.85,6.77,4.4342
2022-01-14,4.1702,22.05,76.89,1.86,0.49,5.029
2022-01-15,3.8554,20.92,81.82,1.65,2.82,4.9507
2022-01-16,2.3825,20.39,79.84,1.99,1.62,4.8706
2022-01-17,3.7166,20.18,79.53,1.52,0.15,4.8809
2022-01-18,4.9627,19.71,70.6,1.41,0.0,5.076
2022-01-19,5.0686,19.47,66.3,1.5,0.0,5.1098
2022-01-20,5.2488,20.49,60.19,0.98,0.0,5.3203
2022-01-21,5.3556,20.83,61.73,1.96,0.0,5.3683
2022-01-22,5.2814,22.61,56.35,1.45,0.0,5.37
2022-01-23,5.1223,21.09,65.39,2.2,0.0,5.3858
2022-01-24,5.0388,19.53,61.43,1.83,0.0,5.1142
2022-01-25,4.6214,18.25,62.13,1.43,0.0,4.8048
2022-01-26,4.7328,18.29,61.46,1.64,0.0,4.8626
2022-01-27,5.064,17.71,55.82,2.48,0.0,5.1996
2022-01-28,5.8942,16.52,47.91,2.34,0.0,5.9647
2022-01-29,5.9942,16.83,47.93,1.78,0.0,6.1207
2022-01-30,5.8776,19.65,40.89,1.34,0.0,6.0602
2022-01-31,5.8452,21.03,39.97,1.03,0.0,5.9566
2022-02-01,5.4221,21.17,47.46,1.15,0.0,5.4696
2022-02-02,5.357,22.0,50.91,0.99,0.0,5.3743
2022-02-03,5.0899,22.14,65.9,2.51,0.0,5.1401
2022-02-04,5.8541,20.2,51.14,2.22,0.0,5.886
2022-02-05,5.9842,19.61,43.82,1.32,0.0,6.0197
2022-02-06,5.922,19.75,46.11,1.6,0.0,5.9599
2022-02-07,5.6338,21.9,66.3,1.34,0.0,5.6873
2022-02-08,4.7906,22.67,65.02,1.69,0.0,5.3669
2022-02-09,4.307,22.88,71.32,3.07,0.0,5.0618
2022-02-10,4.3615,22.81,67.81,1.52,0.0,4.6188
2022-02-11,4.783,21.87,61.34,2.5,0.0,5.2978
2022-02-12,6.0362,20.4,44.55,1.96,0.0,6.0458
2022-02-13,6.1927,20.26,41.83,1.55,0.0,6.2532
2022-02-14,5.5634,21.75,63.86,1.85,0.0,5.6772
2022-02-15,4.903,22.86,63.97,2.14,0.0,5.4113
2022-02-16,4.0949,23.2,64.47,1.62,0.02,4.8686
2022-02-17,4.302,23.7,61.5,1.93,0.01,4.7443
2022-02-18,4.9709,23.47,62.26,2.13,0.0,5.1739
2022-02-19,5.567,23.89,59.2,1.79,0.0,5.5855
2022-02-20,5.561,25.62,50.59,2.47,0.0,5.6266
2022-02-21,6.0566,24.33,40.5,1.63,0.0,6.1049
2022-02-22,6.2362,23.85,33.95,1.72,0.0,6.2652
2022-02-23,6.0902,24.0,61.35,2.47,0.0,6.1378
2022-02-24,6.2441,24.49,58.28,2.54,0.0,6.245
2022-02-25,6.2448,24.45,51.78,2.28,0.0,6.2491
2022-02-26,6.5131,23.46,54.62,3.14,0.0,6.5172
2022-02-27,6.7706,23.52,52.83,2.63,0.0,6.7726
2022-02-28,6.8338,23.6,46.28,2.31,0.0,6.8364
2022-03-01,6.5078,24.52,39.2,2.11,0.0,6.5988
2022-03-02,6.7056,24.68,40.63,2.1,0.0,6.7219
2022-03-03,6.3799,25.2,44.26,2.14,0.0,6.5153
2022-03-04,6.3002,25.54,49.06,2.23,0.0,6.3497
2022-03-05,6.1951,25.79,43.34,1.98,0.0,6.2232
2022-03-06,5.8543,26.8,42.29,1.96,0.0,6.1049
2022-03-07,6.2923,26.73,40.45,2.14,0.0,6.3005
2022-03-08,6.0101,27.25,39.87,1.48,0.0,6.3559
2022-03-09,6.239,27.18,30.09,1.78,0.0,6.281
2022-03-10,5.4108,27.61,32.01,1.76,0.0,5.9971
2022-03-11,5.0986,28.59,34.46,1.31,0.07,5.9174
2022-03-12,5.1264,27.13,35.63,1.79,0.01,5.8294
2022-03-13,6.1874,28.22,33.55,1.94,0.0,6.3199
2022-03-14,7.0973,28.15,24.04,2.07,0.0,7.1023
2022-03-15,6.8719,28.87,17.67,2.31,0.0,6.925
2022-03-16,6.9886,30.87,18.58,1.81,0.0,6.997
2022-03-17,7.0478,31.06,18.54,1.95,0.0,7.0577
2022-03-18,6.6557,30.33,28.23,1.64,0.0,6.8064
2022-03-19,5.6923,29.79,40.26,2.23,0.03,6.3826
2022-03-20,5.2826,30.52,37.41,2.08,0.02,6.0749
2022-03-21,5.4763,31.06,29.37,1.87,0.0,5.5738
2022-03-22,5.1365,30.58,30.0,1.79,0.0,6.0458
2022-03-23,5.7768,31.66,25.76,1.64,0.0,6.253
2022-03-24,5.568,31.64,37.99,2.05,0.0,5.9527
2022-03-25,5.4461,31.6,39.4,2.21,0.0,5.6664
2022-03-26,5.5409,32.64,35.16,1.41,0.0,5.8138
2022-03-27,5.459,32.44,33.18,1.71,0.0,6.2597
2022-03-28,6.1526,32.18,33.83,1.38,0.0,6.588
2022-03-29,6.5815,32.1,31.24,1.48,0.0,6.8057
2022-03-30,7.002,31.99,27.11,1.15,0.0,7.1011
2022-03-31,6.8592,32.08,34.95,1.39,0.0,6.935
2022-04-01,6.7109,32.18,41.68,2.23,0.0,6.8798
2022-04-02,6.133,31.9,43.31,2.44,0.0,6.475
2022-04-03,6.0048,32.04,34.84,2.01,0.0,6.4445
2022-04-04,5.9731,32.41,34.27,2.59,0.0,6.3936
2022-04-05,6.1486,31.94,35.59,2.41,0.0,6.4555
2022-04-06,6.3394,32.64,30.03,2.49,0.0,6.661
2022-04-07,6.3319,32.24,32.64,2.64,0.0,6.6094
2022-04-08,6.3528,31.56,37.26,3.22,0.0,6.449
2022-04-09,5.5529,31.85,40.36,2.72,0.01,6.5398
2022-04-10,6.4898,32.1,36.73,2.44,0.0,6.8388
2022-04-11,5.7526,32.17,34.79,2.45,0.0,6.7138
2022-04-12,6.3002,33.04,33.38,2.54,0.0,6.7531
2022-04-13,5.8714,32.67,33.75,3.0,0.0,6.8194
2022-04-14,6.294,32.57,37.33,2.62,0.0,6.7714
2022-04-15,4.589,32.78,39.73,1.56,0.0,6.5227
2022-04-16,5.3597,30.57,41.79,0.91,0.0,6.4771
2022-04-17,5.8416,32.41,38.45,2.09,0.0,6.5513
2022-04-18,6.3823,33.06,33.38,1.92,0.0,6.8338
2022-04-19,6.4526,34.21,29.83,2.03,0.31,6.9204
2022-04-20,6.7262,34.86,28.46,2.05,0.04,6.9463
2022-04-21,5.771,33.78,35.4,3.37,0.22,6.7793
2022-04-22,4.908,31.45,43.72,1.95,1.08,6.8129
2022-04-23,6.1807,29.75,44.11,1.52,0.06,6.8786
2022-04-24,6.3658,32.54,36.39,1.82,0.0,6.7433
2022-04-25,6.4459,34.17,31.44,1.37,0.02,6.9166
2022-04-26,5.7986,34.1,31.37,1.77,0.0,6.8837
2022-04-27,6.2078,34.49,30.26,2.08,0.0,6.889
2022-04-28,5.9474,34.62,30.97,1.84,0.27,7.0049
2022-04-29,6.8806,35.24,27.88,2.14,0.13,7.0138
2022-04-30,6.6545,35.38,25.65,1.77,0.0,7.1088
2022-05-01,7.091,35.13,25.28,1.71,1.88,7.1825
2022-05-02,6.5878,34.61,30.73,2.71,0.02,7.1868
2022-05-03,6.6715,33.66,43.93,2.74,7.32,6.8726
2022-05-04,5.1194,29.33,67.09,1.78,6.69,6.6228
2022-05-05,5.897,30.98,55.03,1.92,0.3,6.9396
2022-05-06,6.7968,32.11,47.89,2.45,0.58,7.0068
2022-05-07,6.8395,32.89,44.61,2.61,0.07,6.9583
2022-05-08,5.5934,33.45,38.79,1.91,0.01,6.7366
2022-05-09,6.1481,32.68,39.22,2.23,0.0,6.8525
2022-05-10,5.3321,32.82,38.27,3.89,0.28,7.1683
2022-05-11,2.376,28.96,61.21,3.51,1.31,7.1498
2022-05-12,4.8091,29.56,62.56,2.67,0.16,7.0313
2022-05-13,6.6866,31.28,57.09,2.81,0.23,6.9288
2022-05-14,6.9022,33.13,48.64,3.24,0.04,7.0651
2022-05-15,6.5448,31.97,53.53,2.89,2.03,6.799
2022-05-16,6.4198,29.57,67.16,2.55,7.22,6.887
2022-05-17,5.1739,28.83,69.73,1.88,1.33,6.5724
2022-05-18,4.9046,30.68,53.58,2.48,0.45,6.6353
2022-05-19,5.1456,28.49,70.85,2.6,1.19,7.2989
2022-05-20,5.2747,30.22,60.78,1.53,0.31,7.1885
2022-05-21,4.6514,31.46,46.0,4.27,0.19,6.7334
2022-05-22,7.3438,31.48,44.55,6.18,0.0,7.3927
2022-05-23,7.483,32.03,42.97,5.43,0.0,7.495
2022-05-24,7.0766,33.47,41.34,4.4,0.0,7.1532
2022-05-25,6.1562,33.52,37.68,3.59,0.0,6.9257
2022-05-26,5.9311,34.1,36.79,3.06,0.67,6.733
2022-05-27,6.6266,32.39,42.53,4.15,0.86,6.9816
2022-05-28,7.3723,33.25,34.28,4.57,0.0,7.4633
2022-05-29,7.1693,33.94,35.3,4.03,0.13,7.1957
2022-05-30,6.6643,33.96,36.41,3.5,0.49,7.0661
2022-05-31,5.8692,33.64,40.64,4.05,1.4,6.7838
2022-06-01,6.2218,32.07,45.32,4.46,0.55,6.7565
2022-06-02,6.6046,33.47,39.59,4.51,0.35,6.8503
2022-06-03,5.7434,34.46,34.69,4.36,0.04,6.7838
2022-06-04,6.0154,32.66,37.78,4.28,0.56,6.733
2022-06-05,6.2102,31.88,46.82,3.32,4.34,6.6713
2022-06-06,4.5643,30.11,56.15,4.05,0.55,6.9336
2022-06-07,6.7178,32.43,44.38,4.19,0.0,6.8165
2022-06-08,4.3176,32.12,43.67,4.85,0.48,6.7975
2022-06-09,5.9016,30.42,54.01,4.96,0.43,6.7781
2022-06-10,6.391,30.03,54.97,2.55,0.29,6.8174
2022-06-11,6.3526,29.93,57.14,3.26,3.23,7.2502
2022-06-12,6.4668,29.02,62.12,2.22,2.49,7.3858
2022-06-13,6.4358,28.63,63.67,2.87,4.44,7.4573
2022-06-14,6.0497,28.56,67.66,1.58,6.45,7.4534
2022-06-15,5.1574,27.12,75.49,2.56,8.26,7.0085
2022-06-16,4.615,28.25,68.09,1.98,2.63,6.7572
2022-06-17,5.4946,28.22,70.08,1.56,0.67,6.7639
2022-06-18,5.2762,28.26,67.67,2.68,1.56,6.671
2022-06-19,3.9338,28.4,68.69,2.33,5.13,6.749
2022-06-20,5.5697,26.84,76.31,2.99,14.07,7.0044
2022-06-21,5.6573,25.82,79.87,3.19,13.07,7.2223
2022-06-22,4.5912,26.95,74.15,3.79,0.14,6.9523
2022-06-23,6.1834,27.15,72.77,2.49,0.07,7.0205
2022-06-24,4.5533,26.78,74.36,2.19,0.89,7.1885
2022-06-25,4.7501,26.85,73.54,2.96,1.26,6.9108
2022-06-26,4.0618,26.28,76.98,3.11,6.38,6.5518
2022-06-27,3.8712,26.62,72.41,4.12,5.38,7.2962
2022-06-28,4.0805,27.15,71.95,4.05,5.6,6.9881
2022-06-29,5.568,27.51,70.52,3.26,2.87,7.0654
2022-06-30,4.8185,27.81,70.32,3.13,2.46,6.7642
2022-07-01,5.6683,28.56,64.58,3.3,6.51,7.165
2022-07-02,4.5653,27.56,73.46,3.6,11.71,6.9912
2022-07-03,4.7162,26.22,80.98,3.39,15.57,6.8695
2022-07-04,4.1988,26.23,76.12,4.14,10.03,6.8734
2022-07-05,4.9162,26.6,77.96,3.8,22.26,7.2264
2022-07-06,3.5021,25.6,82.09,3.86,10.82,7.2586
2022-07-07,4.0882,25.55,82.06,4.29,9.92,6.9094
2022-07-08,1.7362,24.68,88.43,4.76,38.59,6.9574
2022-07-09,1.1383,24.43,89.84,4.92,36.4,7.1974
2022-07-10,1.3178,24.74,85.09,6.67,29.89,7.3123
2022-07-11,2.3875,24.35,85.3,6.87,13.39,7.4371
2022-07-12,1.2902,23.72,86.11,7.88,22.95,7.446
2022-07-13,1.067,23.2,87.51,9.64,28.39,7.4861
2022-07-14,3.0252,23.62,84.54,8.17,5.36,7.4429
2022-07-15,4.8343,25.32,79.21,6.38,0.04,7.3265
2022-07-16,5.723,25.01,84.57,3.98,3.7,6.9734
2022-07-17,2.8788,25.04,87.18,4.47,14.97,7.121
2022-07-18,4.237,25.23,83.44,4.28,7.48,7.3162
2022-07-19,5.8051,26.05,81.43,3.46,3.11,6.9662
2022-07-20,6.695,26.52,80.76,3.43,1.72,7.1246
2022-07-21,4.9471,25.31,84.75,3.45,3.42,7.0219
2022-07-22,2.2834,23.85,91.13,3.5,57.77,6.5827
2022-07-23,3.2676,24.14,88.59,3.52,15.99,6.857
2022-07-24,4.0966,25.15,84.35,3.43,1.44,7.1119
2022-07-25,5.2572,25.04,83.29,2.44,6.66,7.2924
2022-07-26,2.6021,24.02,89.52,2.08,7.72,7.0567
2022-07-27,5.1382,25.43,85.06,1.41,1.77,7.1916
2022-07-28,5.6362,26.06,84.58,1.4,0.74,7.2005
2022-07-29,5.3609,26.65,82.03,1.03,3.61,7.1162
2022-07-30,6.5206,26.45,84.42,0.84,6.06,7.0164
2022-07-31,5.7386,26.48,83.34,0.76,1.13,6.7625
2022-08-01,4.1126,26.04,86.7,1.0,18.22,6.6984
2022-08-02,3.7474,25.43,90.34,2.2,19.77,6.8429
2022-08-03,5.2054,25.99,85.52,1.6,3.81,6.7836
2022-08-04,4.1851,26.51,83.8,1.03,4.02,6.8712
2022-08-05,4.0116,25.89,84.78,2.41,5.81,6.9194
2022-08-06,4.5014,25.19,86.21,2.69,9.0,7.1858
2022-08-07,3.1627,24.44,88.46,4.03,7.47,7.1263
2022-08-08,2.2351,24.32,85.43,6.05,11.86,6.9593
2022-08-09,3.1346,24.12,86.66,6.5,4.39,7.1074
2022-08-10,4.2106,24.5,82.42,6.2,1.58,6.906
2022-08-11,4.4789,24.99,83.65,4.51,0.27,7.23
2022-08-12,4.7861,25.48,82.27,4.44,0.01,6.9698
2022-08-13,4.1971,25.17,83.5,4.4,2.26,6.828
2022-08-14,1.7424,24.03,87.63,4.64,3.91,6.8748
2022-08-15,2.172,24.62,84.97,4.5,2.26,6.8316
2022-08-16,5.971,25.32,83.22,3.2,0.28,6.7906
2022-08-17,6.4157,25.98,81.47,2.74,0.33,6.901
2022-08-18,5.8548,25.08,86.11,2.51,2.99,6.5597
2022-08-19,4.8336,25.01,87.54,3.36,8.84,6.395
2022-08-20,4.8626,25.65,84.97,3.89,1.72,6.9691
2022-08-21,5.4338,25.64,83.13,4.13,0.08,6.959
2022-08-22,4.7467,25.93,82.43,3.83,0.0,6.8275
2022-08-23,5.4358,26.06,81.83,2.57,0.06,6.811
2022-08-24,5.713,25.67,83.27,2.09,0.36,6.7831
2022-08-25,5.4583,25.27,84.64,1.82,1.76,6.7339
2022-08-26,5.4463,25.94,81.65,1.39,1.15,6.7207
2022-08-27,4.8509,25.06,86.95,1.85,4.74,6.6074
2022-08-28,5.3779,24.07,88.41,1.83,3.57,6.7181
2022-08-29,3.7526,25.46,83.59,1.24,1.91,6.5959
2022-08-30,5.3455,24.75,89.19,1.41,7.14,6.9432
2022-08-31,6.2563,25.14,87.5,1.54,1.03,6.905
2022-09-01,5.6911,25.27,86.73,1.61,1.73,6.9463
2022-09-02,5.725,25.07,87.3,1.63,0.44,7.1695
2022-09-03,6.3314,26.24,83.9,0.77,0.34,7.073
2022-09-04,4.0464,25.66,86.67,1.37,0.79,6.7716
2022-09-05,5.3448,25.76,80.86,1.4,0.07,6.7975
2022-09-06,5.0426,26.15,81.99,0.96,3.89,6.5846
2022-09-07,4.9562,25.43,87.6,0.71,14.53,6.2935
2022-09-08,4.205,25.53,86.92,0.87,16.96,6.6276
2022-09-09,3.0562,25.67,87.97,1.32,14.63,6.8018
2022-09-10,2.1336,25.02,92.05,2.53,30.05,6.6322
2022-09-11,1.447,24.34,91.05,3.42,20.77,6.6194
2022-09-12,3.5402,24.92,87.08,4.32,5.64,6.5856
2022-09-13,3.6463,25.04,85.48,3.88,0.5,6.6588
2022-09-14,3.8474,25.35,84.19,3.2,0.0,6.624
2022-09-15,4.3301,24.78,86.9,3.31,0.0,6.557
2022-09-16,4.523,25.4,84.98,3.93,0.05,6.5822
2022-09-17,4.9267,25.52,84.44,2.81,0.55,6.5923
2022-09-18,5.8075,25.16,83.51,3.03,0.09,6.6115
2022-09-19,4.3615,23.88,88.74,2.57,3.57,6.1721
2022-09-20,2.6875,24.11,86.06,3.32,1.21,6.2662
2022-09-21,4.259,24.12,86.9,2.93,1.22,5.7185
2022-09-22,2.6897,24.22,87.32,2.77,5.87,5.7634
2022-09-23,5.5159,23.79,82.56,2.42,0.43,6.2693
2022-09-24,5.7862,24.39,81.71,2.34,0.04,6.511
2022-09-25,5.6964,24.95,81.38,1.31,0.01,6.503
2022-09-26,4.8893,25.28,83.31,0.94,13.64,5.8584
2022-09-27,4.4362,25.27,87.13,1.52,6.57,5.7943
2022-09-28,4.4873,25.0,88.47,1.56,5.17,5.7614
2022-09-29,3.3269,24.55,88.54,1.34,5.85,5.4804
2022-09-30,4.056,24.02,89.79,2.32,7.49,5.7737
2022-10-01,4.9601,24.72,86.22,2.37,3.64,5.8814
2022-10-02,5.8663,24.93,85.34,3.3,0.35,6.1666
2022-10-03,5.4996,24.96,85.24,3.38,0.0,5.9258
2022-10-04,3.7078,24.34,88.84,2.59,0.0,5.741
2022-10-05,3.8698,24.26,92.29,1.61,7.89,5.6518
2022-10-06,3.0101,24.06,91.1,2.54,6.77,6.3002
2022-10-07,3.4594,24.18,91.06,3.27,4.56,5.965
2022-10-08,5.0952,24.66,88.05,1.28,8.51,6.133
2022-10-09,4.655,24.57,87.6,1.63,5.13,6.2604
2022-10-10,3.7169,24.42,91.91,2.55,4.24,6.1829
2022-10-11,4.7734,24.69,89.22,2.69,4.32,6.2491
2022-10-12,4.6289,24.62,87.82,1.47,15.02,6.2681
2022-10-13,4.5742,24.5,87.91,1.21,7.53,6.066
2022-10-14,3.9223,24.15,90.81,1.48,12.02,5.9352
2022-10-15,2.6604,23.48,93.9,2.13,17.22,5.8985
2022-10-16,4.0877,24.68,89.57,2.46,4.84,6.2054
2022-10-17,5.6916,24.66,88.33,1.68,0.53,6.1692
2022-10-18,5.1024,24.93,85.17,0.91,0.7,5.7835
2022-10-19,4.8787,24.78,85.36,0.93,1.76,5.6813
2022-10-20,4.7129,24.11,86.51,1.83,0.71,5.545
2022-10-21,4.0421,23.43,86.21,1.68,0.03,5.5999
2022-10-22,6.0538,20.6,79.2,2.29,0.0,6.0571
2022-10-23,6.1318,19.72,81.39,2.6,0.0,6.1927
2022-10-24,5.9153,19.87,80.03,2.33,0.0,6.1387
2022-10-25,6.0545,20.32,74.84,1.64,0.0,6.0938
2022-10-26,6.0264,20.56,71.57,1.37,0.0,6.0602
2022-10-27,5.815,21.0,73.21,1.21,0.0,5.982
2022-10-28,5.9246,20.51,77.39,1.67,0.0,5.9849
2022-10-29,6.0221,19.37,75.67,1.98,0.0,6.0254
2022-10-30,5.9446,18.86,78.53,2.02,0.0,5.9448
2022-10-31,5.7374,19.24,78.51,1.78,0.0,5.7552
2022-11-01,2.5999,20.86,82.13,1.46,0.38,5.2598
2022-11-02,3.0948,21.96,87.92,2.0,0.14,5.0719
2022-11-03,4.8888,22.63,85.34,1.6,0.0,5.009
2022-11-04,4.4599,22.6,85.2,1.4,0.02,5.3059
2022-11-05,5.0671,22.57,83.95,1.33,0.01,5.5438
2022-11-06,5.5862,21.76,75.82,1.36,0.0,5.6136
2022-11-07,5.443,21.88,75.21,1.19,0.0,5.4648
2022-11-08,5.3947,21.75,76.82,1.13,0.0,5.4046
2022-11-09,5.2306,20.5,77.7,1.29,0.0,5.3254
2022-11-10,5.0981,20.05,79.68,1.82,0.0,5.1602
2022-11-11,5.0491,19.57,80.86,2.35,0.0,5.245
2022-11-12,4.7268,19.87,80.13,2.2,0.0,5.2956
2022-11-13,5.0827,20.49,81.07,2.11,0.0,5.1223
2022-11-14,5.0604,20.96,82.55,1.32,0.0,5.1317
2022-11-15,5.3638,20.0,77.83,1.22,0.0,5.3801
2022-11-16,5.4574,19.15,71.09,1.26,0.0,5.5558
2022-11-17,5.4166,18.32,72.74,1.84,0.0,5.5063
2022-11-18,4.7822,18.04,76.72,1.88,0.0,5.3016
2022-11-19,4.6349,17.98,77.25,1.87,0.0,5.1521
2022-11-20,4.9627,18.04,76.31,1.9,0.0,5.3148
2022-11-21,4.1729,20.1,78.53,1.98,0.03,5.1134
2022-11-22,4.2396,22.09,85.24,1.79,0.15,5.0369
2022-11-23,3.0499,22.7,85.57,1.6,0.09,4.7798
2022-11-24,3.1534,23.15,85.64,1.05,1.12,4.4542
2022-11-25,4.4686,22.29,83.73,1.56,0.21,4.6126
2022-11-26,4.7138,20.78,76.37,1.39,0.0,4.8535
2022-11-27,5.0443,20.32,69.55,1.02,0.0,5.0474
2022-11-28,5.1127,20.63,67.42,0.97,0.0,5.1482
2022-11-29,4.9776,19.81,63.16,1.24,0.0,5.0705
2022-11-30,4.8079,19.7,66.45,1.06,0.0,4.8106
2022-12-01,4.3363,21.43,72.29,1.0,0.0,4.5607
2022-12-02,3.6197,22.49,82.02,1.06,0.0,4.3618
2022-12-03,3.5273,22.75,84.5,1.35,0.0,4.2499
2022-12-04,3.822,22.55,80.41,1.15,0.0,4.1746
2022-12-05,4.1746,21.18,71.41,1.38,0.0,4.3678
2022-12-06,4.7866,20.11,71.1,1.57,0.0,4.859
2022-12-07,3.8618,19.32,75.71,2.22,0.0,4.608
2022-12-08,4.6159,18.83,66.8,2.55,0.0,5.1876
2022-12-09,3.8386,17.87,71.04,2.58,0.06,4.9222
2022-12-10,2.7139,20.11,81.44,2.64,1.4,4.9193
2022-12-11,1.7249,22.29,86.61,3.08,1.85,4.7064
2022-12-12,2.8327,22.81,84.63,2.49,0.68,4.8847
2022-12-13,3.415,23.02,85.07,2.11,0.39,4.9834
2022-12-14,4.6622,23.84,80.24,1.41,0.11,4.9728
2022-12-15,4.267,24.02,75.6,1.12,0.0,4.6939
2022-12-16,4.1818,23.88,72.83,1.07,0.0,4.3982
2022-12-17,3.9514,23.6,73.19,1.28,0.0,4.4038
2022-12-18,5.1182,21.81,73.05,1.73,0.0,5.1715
2022-12-19,4.9524,20.61,64.62,1.15,0.0,5.0561
2022-12-20,4.9363,21.41,60.04,1.18,0.0,4.9426
2022-12-21,4.865,21.45,62.57,1.21,0.0,4.903
2022-12-22,4.8396,21.42,66.23,1.43,0.0,4.9303
2022-12-23,5.1226,21.12,67.38,1.44,0.0,5.1264
2022-12-24,4.9956,20.12,65.79,1.87,0.0,4.9999
2022-12-25,5.1679,21.36,73.18,1.93,0.0,5.1737
2022-12-26,3.1834,23.22,79.59,2.1,0.0,5.1158
2022-12-27,4.3834,23.9,76.74,1.62,0.0,4.9478
2022-12-28,4.4532,24.29,71.71,1.12,0.0,4.9637
2022-12-29,4.368,23.06,65.19,1.21,0.0,4.7774
2022-12-30,4.2778,23.11,62.25,0.85,0.0,4.7268
2022-12-31,4.1962,23.17,60.72,0.97,0.0,4.6236
2023-01-01,3.8635,22.65,69.13,0.83,0.0,4.1508
2023-01-02,3.8614,22.19,74.37,1.36,0.0,4.0298
2023-01-03,3.8964,21.85,74.11,1.55,0.0,4.2778
2023-01-04,4.1453,21.77,75.43,2.32,0.01,4.393
2023-01-05,3.3816,22.06,76.2,2.22,0.0,3.8273
2023-01-06,2.0796,21.02,77.99,1.62,0.0,3.336
2023-01-07,4.6181,20.23,60.78,2.32,0.0,4.6234
2023-01-08,5.5361,18.05,38.76,2.06,0.0,5.7254
2023-01-09,5.4046,18.42,41.49,1.52,0.0,5.5838
2023-01-10,5.4202,20.77,39.19,1.3,0.0,5.4691
2023-01-11,5.1986,21.52,38.06,1.01,0.0,5.239
2023-01-12,4.7606,21.45,47.08,1.27,0.0,4.8113
2023-01-13,4.7146,21.32,60.28,1.2,0.0,4.7194
2023-01-14,4.9042,21.41,64.03,1.23,0.0,4.9044
2023-01-15,4.8482,21.4,59.43,1.48,0.0,4.854
2023-01-16,5.0244,21.48,58.69,1.58,0.0,5.029
2023-01-17,5.0736,21.49,60.78,2.05,0.0,5.0779
2023-01-18,5.099,21.26,62.5,1.67,0.0,5.1144
2023-01-19,4.9394,21.25,64.09,1.92,0.0,4.9406
2023-01-20,4.7906,21.37,67.0,2.07,0.0,4.8139
2023-01-21,4.8893,21.72,66.22,1.72,0.0,4.8986
2023-01-22,4.8845,21.62,64.52,1.96,0.0,4.8989
2023-01-23,5.0719,22.34,68.67,2.61,0.0,5.123
2023-01-24,5.341,22.28,63.47,3.08,0.0,5.4826
2023-01-25,5.281,21.67,61.86,3.12,0.0,5.4038
2023-01-26,5.4828,21.19,59.26,2.28,0.0,5.489
2023-01-27,5.5558,21.87,59.94,1.98,0.0,5.5742
2023-01-28,5.4166,23.12,48.69,1.33,0.0,5.4204
2023-01-29,4.9946,22.35,61.73,2.83,0.0,4.9954
2023-01-30,4.2886,23.03,64.08,2.38,0.0,5.2457
2023-01-31,4.4911,23.22,61.65,1.85,0.0,5.0206
2023-02-01,4.4462,22.7,50.67,2.7,0.0,4.9039
2023-02-02,5.6184,21.88,44.89,2.56,0.0,5.6486
2023-02-03,5.91,21.75,35.76,1.79,0.0,5.9182
2023-02-04,5.9935,23.04,32.91,1.5,0.0,5.9983
2023-02-05,5.9429,23.07,31.56,1.32,0.0,5.9635
2023-02-06,5.5402,24.0,40.93,1.34,0.0,5.5658
2023-02-07,4.5876,24.87,53.09,1.4,0.0,5.112
2023-02-08,5.3563,25.14,47.3,1.73,0.0,5.3753
2023-02-09,6.1126,24.33,27.55,1.78,0.0,6.1394
2023-02-10,6.3233,25.14,24.4,1.75,0.0,6.3497
2023-02-11,6.3538,26.04,22.7,1.65,0.0,6.3732
2023-02-12,6.3662,25.89,20.9,2.18,0.0,6.397
2023-02-13,6.6432,23.67,21.74,2.94,0.0,6.6461
2023-02-14,6.7188,23.24,17.25,2.43,0.0,6.7294
2023-02-15,6.649,23.99,17.88,2.37,0.0,6.6586
2023-02-16,6.6624,25.06,19.99,2.42,0.0,6.6696
2023-02-17,6.4584,25.11,21.93,2.06,0.0,6.4735
2023-02-18,6.0802,25.67,30.43,1.52,0.0,6.0994
2023-02-19,5.7902,25.29,49.39,1.81,0.0,5.8116
2023-02-20,6.0528,26.65,32.67,1.42,0.0,6.0648
2023-02-21,6.5066,27.38,22.02,1.46,0.0,6.5333
2023-02-22,6.3554,26.77,28.38,1.69,0.0,6.3682
2023-02-23,6.2935,26.51,32.77,1.48,0.0,6.2966
2023-02-24,6.4838,26.62,30.35,1.85,0.0,6.4944
2023-02-25,6.6274,26.54,20.71,1.83,0.0,6.6523
2023-02-26,6.5381,26.41,30.54,1.96,0.0,6.5426
2023-02-27,6.313,25.76,37.79,2.32,0.0,6.3293
2023-02-28,5.9806,25.92,35.92,2.41,0.0,5.9894
2023-03-01,5.5934,25.8,36.77,2.29,0.0,5.8646
2023-03-02,5.6443,26.15,35.41,1.82,0.0,5.917
2023-03-03,5.5865,27.63,28.06,1.89,0.0,5.7247
2023-03-04,5.7972,26.94,32.39,2.04,0.0,5.8584
2023-03-05,6.0787,27.06,30.17,1.55,0.0,6.1382
2023-03-06,5.7168,27.47,28.79,1.68,0.0,5.8886
2023-03-07,5.5327,26.74,27.97,1.65,0.0,5.7504
2023-03-08,5.9621,26.84,26.29,1.92,0.0,5.9978
2023-03-09,5.9275,25.79,41.54,2.02,0.0,6.1094
2023-03-10,5.7857,27.49,33.99,1.81,0.0,5.8303
2023-03-11,5.7218,26.93,44.17,2.55,0.0,5.7979
2023-03-12,6.0758,26.86,40.41,2.15,0.0,6.1565
2023-03-13,5.5819,27.1,30.55,1.75,0.0,6.1222
2023-03-14,5.4756,28.41,24.27,1.55,0.0,5.8421
2023-03-15,4.848,27.48,37.48,2.23,0.0,5.3863
2023-03-16,2.8423,26.93,48.74,1.92,2.78,4.6354
2023-03-17,4.5077,24.11,70.55,2.53,12.49,5.9887
2023-03-18,4.5833,24.5,74.01,2.06,20.44,6.1402
2023-03-19,5.8894,24.86,72.94,1.21,5.34,6.6319
2023-03-20,6.498,25.39,61.24,1.49,0.01,6.7762
2023-03-21,6.7349,25.83,48.91,1.57,0.0,7.0061
2023-03-22,6.4224,27.01,53.84,1.31,0.01,6.7505
2023-03-23,6.341,28.18,47.74,1.3,0.23,6.612
2023-03-24,5.9726,28.01,58.27,1.58,0.62,6.6994
2023-03-25,5.2078,28.29,58.68,2.22,0.27,6.313
2023-03-26,5.7509,29.06,54.67,1.42,0.21,6.3394
2023-03-27,6.4898,29.36,48.54,1.82,0.07,6.671
2023-03-28,6.377,29.6,50.35,1.3,0.0,6.733
2023-03-29,6.467,29.79,50.7,2.42,0.0,6.8191
2023-03-30,7.0862,30.16,44.37,2.18,0.0,7.1875
2023-03-31,6.2297,29.44,43.53,2.44,0.03,6.8189
2023-04-01,6.7694,29.62,40.81,1.37,0.16,6.9967
2023-04-02,6.7272,29.1,46.96,1.41,0.0,7.1186
2023-04-03,5.9614,29.92,52.04,2.37,0.0,6.835
2023-04-04,6.4766,31.16,44.62,2.1,0.0,6.8028
2023-04-05,6.349,31.41,42.41,1.5,0.42,6.9648
2023-04-06,5.3458,30.5,50.03,1.86,5.23,6.5947
2023-04-07,5.1449,29.46,50.98,1.83,0.31,6.5794
2023-04-08,6.871,29.97,45.0,1.99,0.0,6.9518
2023-04-09,7.283,29.57,39.3,2.0,0.0,7.2974
2023-04-10,7.2986,29.87,33.42,1.58,0.0,7.2998
2023-04-11,7.0466,30.95,32.05,2.07,0.0,7.0687
2023-04-12,6.2064,32.25,27.76,1.9,0.0,6.6598
2023-04-13,5.2805,32.74,30.8,1.37,4.17,6.3938
2023-04-14,4.6541,31.29,43.58,1.51,2.49,6.265
2023-04-15,5.6746,30.66,39.41,2.35,0.03,6.5066
2023-04-16,6.2606,32.11,31.62,1.93,0.25,6.5323
2023-04-17,5.7204,31.97,31.93,1.03,0.11,6.515
2023-04-18,6.2594,32.27,28.98,2.01,0.21,6.3346
2023-04-19,6.2933,33.14,23.85,2.0,0.0,6.39
2023-04-20,6.2441,32.79,23.88,1.39,0.3,6.4272
2023-04-21,6.4846,31.91,31.23,1.87,0.39,6.6026
2023-04-22,6.1738,32.36,37.82,1.92,0.48,6.757
2023-04-23,6.5009,31.86,36.89,2.37,0.43,6.9626
2023-04-24,6.2873,30.05,55.02,4.01,1.66,7.1376
2023-04-25,6.6869,29.62,56.2,3.76,4.88,7.2319
2023-04-26,6.7759,27.86,56.57,1.85,18.07,7.4638
2023-04-27,6.4421,28.19,58.49,2.3,5.68,7.0745
2023-04-28,5.5334,28.21,63.5,1.42,16.28,6.888
2023-04-29,5.947,28.41,60.7,1.33,2.3,7.1254
2023-04-30,5.3695,26.98,69.11,2.39,28.63,6.6965
2023-05-01,5.1103,26.08,78.2,2.39,12.23,7.0265
2023-05-02,5.2606,26.02,73.96,3.15,3.97,7.3195
2023-05-03,5.071,27.1,67.06,1.62,0.4,7.3308
2023-05-04,6.1236,27.83,67.9,2.21,1.63,7.2708
2023-05-05,5.0412,27.99,66.64,1.4,1.3,7.3246
2023-05-06,5.8752,29.02,62.25,1.54,6.35,7.2948
2023-05-07,6.0588,29.89,60.87,1.24,2.09,7.0678
2023-05-08,6.3331,30.39,60.32,1.33,1.74,7.0618
2023-05-09,6.2378,30.79,59.07,1.76,1.04,6.7956
2023-05-10,5.9707,31.78,53.44,2.08,0.02,6.7013
2023-05-11,5.9086,31.69,49.44,1.96,0.0,7.0363
2023-05-12,6.6641,31.8,35.15,1.91,0.03,7.3027
2023-05-13,6.8602,32.2,32.94,2.52,0.0,7.3728
2023-05-14,7.6236,31.93,36.04,4.1,0.0,7.6435
2023-05-15,7.5182,31.73,41.09,4.37,0.0,7.542
2023-05-16,7.6975,31.5,41.14,3.7,0.0,7.7052
2023-05-17,7.6488,31.9,36.59,2.55,0.0,7.7321
2023-05-18,6.919,33.44,36.27,1.31,0.0,7.3579
2023-05-19,6.6698,33.07,43.71,1.72,0.24,6.9919
2023-05-20,6.5573,32.35,48.15,2.04,0.59,7.0126
2023-05-21,6.475,32.75,48.86,2.23,0.75,6.8969
2023-05-22,6.2311,31.18,55.2,1.31,7.2,6.9463
2023-05-23,6.4488,31.96,50.76,1.74,0.07,6.9276
2023-05-24,6.4963,32.33,46.1,2.35,0.8,6.8606
2023-05-25,5.6318,32.25,45.07,3.21,0.71,6.9197
2023-05-26,7.2278,32.24,42.32,3.61,0.0,7.4086
2023-05-27,6.6802,32.42,39.41,2.71,0.0,7.4249
2023-05-28,6.6936,33.15,38.75,3.06,0.01,7.2326
2023-05-29,6.2126,32.79,45.59,1.58,0.45,6.9485
2023-05-30,4.8103,30.99,54.15,1.64,1.68,7.0474
2023-05-31,6.3703,31.96,48.75,2.02,0.28,7.1724
2023-06-01,6.6797,33.29,41.64,2.03,0.01,7.3474
2023-06-02,7.5636,33.89,33.42,3.15,0.15,7.6109
2023-06-03,7.015,34.54,32.23,2.85,0.17,7.4234
2023-06-04,4.8187,33.27,40.0,3.38,1.91,6.9878
2023-06-05,6.8909,32.4,41.63,3.46,0.0,7.1453
2023-06-06,6.7478,33.3,37.57,3.13,0.01,7.2715
2023-06-07,6.1526,34.62,34.68,3.34,0.45,7.1926
2023-06-08,6.6955,34.62,36.88,4.27,0.03,7.0886
2023-06-09,6.7634,34.6,36.67,4.56,0.01,7.0994
2023-06-10,6.671,32.43,45.91,5.98,0.75,7.0524
2023-06-11,6.2059,32.9,42.4,4.53,0.44,7.3786
2023-06-12,7.4614,33.89,38.84,4.41,0.18,7.5989
2023-06-13,7.5816,34.03,38.66,4.7,0.0,7.6147
2023-06-14,7.4863,33.5,40.24,4.9,0.0,7.5727
2023-06-15,7.5432,33.64,37.1,4.57,0.0,7.5782
2023-06-16,7.5118,34.73,34.92,4.6,0.0,7.577
2023-06-17,6.9168,33.69,41.67,4.59,0.0,7.3229
2023-06-18,6.8251,31.71,44.29,2.96,0.01,7.0958
2023-06-19,5.7391,32.26,42.19,2.51,0.0,6.9108
2023-06-20,5.9681,33.05,39.25,2.66,0.0,6.5326
2023-06-21,5.6237,28.99,62.81,3.01,6.26,6.4476
2023-06-22,4.0378,26.0,79.25,3.73,2.6,6.0302
2023-06-23,3.3233,27.27,71.58,2.74,3.44,6.2042
2023-06-24,3.3197,26.37,78.73,3.16,22.7,6.8143
2023-06-25,4.5458,26.8,69.3,4.51,2.41,7.0651
2023-06-26,3.8486,26.78,67.56,5.64,1.22,7.0766
2023-06-27,4.3296,26.86,63.04,5.49,2.97,7.2106
2023-06-28,5.075,27.22,62.84,4.51,5.46,7.1045
2023-06-29,5.2603,28.57,59.61,4.79,0.79,7.1594
2023-06-30,6.4236,28.35,57.96,5.01,0.03,7.2967
2023-07-01,6.5381,29.23,56.82,4.87,0.32,7.3716
2023-07-02,5.9126,28.6,65.06,3.95,3.47,7.1225
2023-07-03,6.0084,27.71,71.93,3.65,1.0,7.145
2023-07-04,5.5754,26.65,81.36,2.8,17.33,7.1134
2023-07-05,4.4398,26.98,75.6,3.82,5.04,7.2127
2023-07-06,4.1016,27.22,68.94,5.49,1.48,7.3034
2023-07-07,4.8686,27.13,65.52,5.7,1.31,7.0978
2023-07-08,4.7081,27.53,67.99,4.49,3.0,6.9838
2023-07-09,5.3251,27.73,68.94,3.46,3.71,6.9211
2023-07-10,5.9386,28.49,66.91,3.57,2.86,7.0462
2023-07-11,2.6378,26.59,72.95,3.63,7.14,6.8964
2023-07-12,3.6408,25.44,74.78,4.15,9.11,7.2002
2023-07-13,5.19,26.36,73.52,3.19,8.36,7.0735
2023-07-14,5.7722,27.9,68.9,3.01,1.16,7.122
2023-07-15,3.9838,27.76,70.98,3.92,3.43,6.8868
2023-07-16,3.6576,26.18,75.25,4.59,6.6,6.6838
2023-07-17,3.1771,26.04,73.71,5.37,12.43,6.8352
2023-07-18,1.715,24.69,85.06,6.61,24.55,7.1242
2023-07-19,1.128,24.7,86.71,6.73,36.76,7.3085
2023-07-20,1.2658,23.57,87.87,7.05,41.92,7.2662
2023-07-21,2.2483,24.65,82.0,6.96,14.89,7.2602
2023-07-22,3.33,25.47,80.7,5.77,8.45,7.2715
2023-07-23,3.3271,26.13,80.48,4.7,3.75,7.2703
2023-07-24,3.6026,25.83,83.82,4.99,30.98,7.1842
2023-07-25,1.8574,25.02,87.13,5.64,17.29,7.3728
2023-07-26,1.3447,24.7,90.0,5.53,56.21,7.3152
2023-07-27,1.5019,24.65,89.86,7.5,38.86,7.2756
2023-07-28,3.2947,24.94,85.65,6.46,0.47,7.2386
2023-07-29,4.2626,26.03,82.34,4.94,0.22,6.8602
2023-07-30,4.5509,25.28,85.9,4.52,1.72,6.9322
2023-07-31,4.703,25.36,88.1,4.22,19.22,6.8779
2023-08-01,4.4004,25.65,85.1,4.92,2.3,6.216
2023-08-02,3.5203,25.67,83.0,5.15,0.15,5.8385
2023-08-03,3.0197,25.89,80.92,5.01,0.03,6.3485
2023-08-04,5.3398,26.2,80.54,4.14,0.15,6.7171
2023-08-05,5.8699,25.9,81.53,3.96,0.83,6.9454
2023-08-06,5.4394,26.07,80.7,3.95,0.1,6.7968
2023-08-07,4.7093,25.78,81.03,3.91,0.0,6.2189
2023-08-08,4.3927,25.99,79.49,3.71,0.08,6.1735
2023-08-09,4.7854,25.85,80.97,3.0,0.12,6.2671
2023-08-10,5.4948,26.18,79.27,2.3,0.03,6.3026
2023-08-11,5.7401,26.13,80.56,1.92,0.23,6.6444
2023-08-12,3.9734,25.39,83.54,2.04,4.96,6.5038
2023-08-13,5.4396,25.58,81.67,2.5,1.89,6.6415
2023-08-14,4.7206,25.04,83.13,2.04,3.01,6.6319
2023-08-15,5.2493,25.64,81.71,2.39,1.78,6.7042
2023-08-16,4.7878,25.0,79.9,2.73,0.3,6.9595
2023-08-17,4.4208,24.57,86.74,2.77,0.06,6.6382
2023-08-18,2.6369,24.34,86.39,3.88,5.63,6.0785
2023-08-19,1.6068,24.02,86.4,4.15,6.42,6.6854
2023-08-20,4.4479,25.38,82.79,2.78,1.17,6.6864
2023-08-21,5.5222,26.27,76.09,2.35,1.54,6.8621
2023-08-22,4.6272,26.43,78.43,1.58,0.92,6.8894
2023-08-23,5.5022,25.53,82.06,2.26,0.42,6.7445
2023-08-24,5.1631,26.0,78.89,2.49,0.03,6.7483
2023-08-25,5.3311,26.26,78.79,2.66,1.14,6.8568
2023-08-26,5.4228,25.76,82.94,2.89,2.04,6.919
2023-08-27,6.1766,26.5,80.43,3.01,6.59,6.9962
2023-08-28,5.4648,26.07,80.87,3.13,0.8,6.6833
2023-08-29,5.0587,25.76,80.4,2.28,0.13,6.1992
2023-08-30,6.174,25.84,78.82,2.17,0.0,6.5666
2023-08-31,5.7871,25.74,80.55,2.15,0.0,6.4853
2023-09-01,4.9954,26.6,80.78,1.44,0.0,6.1999
2023-09-02,4.2322,26.22,82.77,0.55,9.94,5.8771
2023-09-03,2.3554,25.76,87.02,1.64,15.58,5.7677
2023-09-04,1.3176,25.01,91.56,2.56,31.95,5.8687
2023-09-05,1.5439,24.76,91.19,3.56,35.9,5.6779
2023-09-06,2.7432,24.3,91.03,3.4,20.72,6.2335
2023-09-07,3.4886,24.16,83.3,4.72,2.61,6.414
2023-09-08,3.2966,24.42,84.67,4.49,1.67,6.6204
2023-09-09,3.2256,25.59,87.15,3.51,4.75,6.6446
2023-09-10,2.688,25.64,87.72,3.3,14.56,6.5239
2023-09-11,4.9358,25.74,84.69,3.07,3.73,6.3602
2023-09-12,4.0505,25.38,86.87,2.58,1.48,6.1003
2023-09-13,5.0446,24.57,85.8,2.5,0.49,6.331
2023-09-14,3.7054,24.6,86.54,2.9,3.48,6.2057
2023-09-15,5.0153,25.0,83.51,2.77,1.57,6.1793
2023-09-16,5.3957,25.39,82.23,3.03,0.83,6.6137
2023-09-17,6.073,25.82,81.33,2.43,0.06,6.8117
2023-09-18,6.0715,26.17,80.2,2.51,0.04,6.677
2023-09-19,5.8826,26.01,81.62,2.58,0.37,6.4877
2023-09-20,5.4497,25.24,87.95,2.34,5.53,6.2827
2023-09-21,3.0914,25.08,90.25,1.59,20.54,5.9712
2023-09-22,2.8229,25.02,86.32,2.01,3.51,6.1466
2023-09-23,4.4098,25.74,83.38,1.55,0.32,6.2976
2023-09-24,3.8604,25.4,88.52,1.35,2.1,6.0881
2023-09-25,3.931,25.12,89.73,2.06,7.46,6.1877
2023-09-26,3.6794,25.38,87.4,1.12,1.28,5.8646
2023-09-27,4.8593,25.89,85.3,0.65,4.61,6.0506
2023-09-28,4.8022,25.92,85.83,0.97,11.73,6.1236
2023-09-29,4.2744,25.76,84.64,0.96,10.8,6.0941
2023-09-30,4.9651,25.27,86.48,1.84,1.61,6.1529
2023-10-01,4.7628,25.79,83.49,1.86,0.86,6.0734
2023-10-02,3.6583,25.42,86.46,2.23,0.34,5.8051
2023-10-03,5.1026,25.3,82.25,3.13,1.09,6.0492
2023-10-04,5.8728,25.13,79.8,2.22,0.49,6.2462
2023-10-05,6.3324,23.94,76.69,2.1,0.0,6.4462
2023-10-06,6.4423,23.9,79.15,2.28,0.0,6.4625
2023-10-07,6.2035,24.47,80.43,2.03,0.0,6.3458
2023-10-08,6.0754,24.83,78.55,1.55,0.0,6.3305
2023-10-09,5.8606,25.26,77.05,1.37,0.0,6.1464
2023-10-10,5.6306,25.38,78.96,1.54,0.0,5.94
2023-10-11,5.7242,24.53,79.51,1.89,0.0,6.0274
2023-10-12,5.9705,24.5,77.02,1.53,0.0,6.1279
2023-10-13,5.639,24.55,75.23,1.42,0.0,5.983
2023-10-14,5.563,24.76,74.99,1.24,0.0,5.898
2023-10-15,5.1881,24.6,74.86,1.21,0.0,5.6794
2023-10-16,4.9546,24.42,76.7,1.25,0.0,5.2877
2023-10-17,5.4874,24.24,79.38,1.31,0.0,5.538
2023-10-18,5.7362,23.75,73.65,1.49,0.0,5.7586
2023-10-19,5.5282,24.21,77.45,1.52,0.13,5.645
2023-10-20,5.2658,24.04,80.14,1.71,0.0,5.405
2023-10-21,5.399,23.43,81.24,1.81,0.0,5.5044
2023-10-22,5.934,22.01,76.64,2.44,0.0,5.9556
2023-10-23,5.8572,21.58,73.99,2.25,0.0,6.0295
2023-10-24,6.1466,21.24,74.49,2.09,0.0,6.1529
2023-10-25,6.0972,20.77,70.2,2.13,0.0,6.0977
2023-10-26,5.9971,20.61,68.56,2.15,0.0,6.0007
2023-10-27,6.0403,20.42,65.37,1.89,0.0,6.0413
2023-10-28,5.2394,21.17,67.25,1.59,0.06,5.4518
2023-10-29,4.1962,22.42,68.49,1.35,0.0,5.1876
2023-10-30,4.0433,22.69,76.22,1.33,0.0,4.7182
2023-10-31,4.1155,22.34,77.9,1.36,0.0,4.9255
2023-11-01,3.833,22.75,74.88,1.39,0.0,4.9452
2023-11-02,3.7594,23.97,74.11,1.15,0.0,5.0837
2023-11-03,3.6202,24.74,78.22,1.13,0.0,5.1744
2023-11-04,3.8556,24.47,78.71,1.77,0.24,5.0638
2023-11-05,3.8102,23.47,79.93,1.38,0.07,4.9226
2023-11-06,3.1625,24.16,81.04,2.05,0.13,5.1542
2023-11-07,2.9741,24.0,84.29,1.8,5.55,5.0806
2023-11-08,3.2297,24.41,82.5,1.49,4.06,5.0266
2023-11-09,3.8981,23.69,83.91,1.3,2.37,5.1655
2023-11-10,5.0446,23.87,76.16,1.51,0.0,5.2246
2023-11-11,5.0494,22.88,67.56,1.3,0.0,5.0904
2023-11-12,4.9675,22.68,65.04,1.8,0.0,5.0088
2023-11-13,4.5245,22.81,71.42,1.5,0.0,4.8931
2023-11-14,3.6734,22.84,71.22,1.63,0.0,4.518
2023-11-15,4.4426,21.95,68.67,1.76,0.0,4.4561
2023-11-16,4.8077,21.43,68.65,2.26,0.0,4.9075
2023-11-17,5.137,22.15,71.06,2.04,0.0,5.1394
2023-11-18,4.9798,23.11,67.08,1.53,0.0,5.2255
2023-11-19,4.5629,23.21,71.31,1.71,0.0,5.225
2023-11-20,4.1654,22.95,71.88,1.78,0.0,5.141
2023-11-21,3.7442,23.61,75.17,1.74,0.0,5.131
2023-11-22,4.0999,24.17,78.01,1.51,0.32,4.9723
2023-11-23,2.1343,23.87,82.73,1.91,4.45,4.8662
2023-11-24,1.9438,23.78,80.85,2.22,1.24,4.4839
2023-11-25,3.7006,23.79,76.84,2.06,0.13,4.5281
2023-11-26,2.9484,23.82,76.16,1.9,0.01,4.0961
2023-11-27,3.161,23.93,74.28,2.61,0.0,3.9682
2023-11-28,4.2012,24.14,74.11,2.56,4.92,4.8497
2023-11-29,4.65,23.7,73.11,2.77,1.71,5.0378
2023-11-30,4.1335,23.66,69.89,2.44,0.0,5.0047
2023-12-01,4.8934,23.35,70.51,2.18,0.01,4.9925
2023-12-02,4.879,23.04,62.9,2.24,0.0,4.9512
2023-12-03,4.205,23.92,73.65,2.98,0.0,5.1122
2023-12-04,1.9243,23.12,74.13,3.36,0.56,5.1768
2023-12-05,1.9723,20.53,88.9,5.48,9.22,5.125
2023-12-06,2.281,21.68,82.75,3.67,2.49,4.8178
2023-12-07,2.1125,22.54,70.36,2.26,0.04,4.463
2023-12-08,4.5466,21.94,74.12,1.6,0.0,4.789
2023-12-09,5.0822,21.16,67.92,1.92,0.0,5.1062
2023-12-10,5.1427,20.23,65.89,1.82,0.0,5.1636
2023-12-11,5.0112,20.23,64.94,1.35,0.0,5.1996
2023-12-12,5.003,20.25,69.53,1.37,0.0,5.0599
2023-12-13,4.3553,20.22,71.23,1.63,0.0,4.7306
2023-12-14,4.717,19.8,71.04,1.62,0.0,4.7309
2023-12-15,4.644,19.61,70.59,1.47,0.0,4.7222
2023-12-16,2.9628,20.25,70.33,1.39,0.0,4.459
2023-12-17,3.667,20.26,60.85,1.87,0.0,4.2466
2023-12-18,3.595,19.68,60.15,2.14,0.0,4.0721
2023-12-19,3.5611,18.67,58.27,2.48,0.0,4.0152
2023-12-20,4.4662,18.02,56.58,1.88,0.0,4.4849
2023-12-21,4.9313,18.36,49.18,1.66,0.0,5.029
2023-12-22,4.9313,19.65,53.73,1.44,0.0,4.9673
2023-12-23,4.0606,19.72,70.58,1.68,0.0,4.4911
2023-12-24,4.1618,19.98,70.87,1.45,0.0,4.4806
2023-12-25,4.3985,20.56,61.83,1.05,0.0,4.5233
2023-12-26,4.4477,21.16,66.33,1.29,0.0,4.4657
2023-12-27,4.4155,20.7,72.28,1.47,0.0,4.4599
2023-12-28,4.4213,20.42,70.47,1.73,0.0,4.4561
2023-12-29,4.2276,20.42,73.48,1.87,0.0,4.4467
2023-12-30,4.3447,20.83,70.57,1.34,0.0,4.3582
2023-12-31,4.381,20.66,69.04,1.53,0.0,4.4021
