date,ALLSKY_SFC_SW_DWN,T2M,RH2M,WS2M,PRECTOTCORR,CLRSKY_SFC_SW_DWN
2018-01-01,3.9418,14.01,26.6,1.46,0.0,3.9485
2018-01-02,4.073,13.24,29.64,1.55,0.0,4.0783
2018-01-03,4.1021,14.81,24.29,0.73,0.0,4.11
2018-01-04,4.1753,13.91,23.71,1.71,0.0,4.1825
2018-01-05,4.0282,14.92,25.74,1.23,0.0,4.037
2018-01-06,4.0397,13.81,32.32,1.34,0.0,4.0558
2018-01-07,4.1059,13.52,31.58,1.47,0.0,4.1076
2018-01-08,4.2991,14.42,25.19,0.81,0.0,4.3111
2018-01-09,4.3104,13.97,25.59,1.08,0.0,4.3171
2018-01-10,4.2362,14.66,27.35,1.55,0.0,4.2449
2018-01-11,4.2298,15.14,20.76,1.94,0.0,4.2396
2018-01-12,3.9926,16.55,25.19,1.75,0.0,3.9965
2018-01-13,3.6847,18.27,29.19,1.68,0.0,3.6979
2018-01-14,4.1014,17.86,21.74,1.74,0.0,4.1088
2018-01-15,4.625,16.22,19.06,1.73,0.0,4.6406
2018-01-16,4.6855,16.98,16.39,1.35,0.0,4.7196
2018-01-17,4.458,17.66,24.2,1.47,0.0,4.4897
2018-01-18,4.5838,19.25,30.7,0.87,0.0,4.5905
2018-01-19,4.6702,17.14,29.98,1.72,0.0,4.675
2018-01-20,4.5079,15.14,22.74,1.7,0.0,4.518
2018-01-21,4.5389,16.32,21.12,1.2,0.0,4.5559
2018-01-22,4.3123,16.76,28.2,1.84,0.0,4.3219
2018-01-23,3.9612,16.54,29.25,2.37,0.8,4.3344
2018-01-24,4.3099,13.37,41.16,1.98,0.0,4.3404
2018-01-25,4.669,13.4,50.41,1.62,0.0,4.6819
2018-01-26,4.8542,15.89,24.17,1.18,0.0,4.8653
2018-01-27,4.8223,15.46,21.1,1.19,0.0,4.8456
2018-01-28,4.7851,17.1,18.89,1.05,0.0,4.8497
2018-01-29,4.7796,17.09,19.42,1.34,0.0,4.8041
2018-01-30,4.9262,18.83,20.31,1.87,0.0,4.9428
2018-01-31,4.9603,19.02,27.23,2.23,0.0,4.9975
2018-02-01,5.0362,20.0,27.54,1.6,0.0,5.0455
2018-02-02,4.8089,18.73,29.65,1.74,0.0,4.8156
2018-02-03,4.9291,17.48,26.14,1.64,0.0,4.9346
2018-02-04,5.1055,16.03,14.92,1.65,0.0,5.131
2018-02-05,3.4034,17.51,15.87,1.42,0.0,4.5437
2018-02-06,2.9443,17.87,16.0,1.81,0.0,4.5221
2018-02-07,4.5785,18.13,12.73,1.56,0.0,4.7328
2018-02-08,4.6526,16.99,12.37,1.31,0.0,5.0042
2018-02-09,5.2867,17.27,12.12,1.48,0.0,5.3282
2018-02-10,4.8542,17.91,15.5,2.27,0.0,5.0767
2018-02-11,3.5702,18.1,27.13,3.24,0.22,4.8266
2018-02-12,4.957,18.5,38.64,2.06,0.04,5.1475
2018-02-13,4.5211,16.77,41.9,1.75,0.0,4.9949
2018-02-14,4.6776,16.83,35.14,2.11,0.0,5.2351
2018-02-15,5.3189,18.47,37.26,1.93,0.0,5.3395
2018-02-16,5.382,19.79,34.47,1.74,0.0,5.4072
2018-02-17,5.3626,20.53,29.05,1.91,0.0,5.4439
2018-02-18,4.6298,20.98,25.24,1.07,0.0,5.2738
2018-02-19,5.2327,21.34,17.38,1.35,0.0,5.3597
2018-02-20,5.5594,22.57,19.74,1.36,0.0,5.5627
2018-02-21,5.1302,23.81,21.9,1.61,0.0,5.6309
2018-02-22,5.2198,24.05,26.19,1.69,0.0,5.5992
2018-02-23,4.9488,25.22,21.88,1.36,0.0,5.5922
2018-02-24,5.335,23.63,33.11,2.19,0.0,5.6174
2018-02-25,5.7343,22.75,29.47,2.84,0.0,5.7725
2018-02-26,6.0806,21.53,30.8,2.23,0.0,6.0953
2018-02-27,5.8634,24.57,30.54,1.17,0.0,5.9074
2018-02-28,4.2478,24.19,29.87,1.48,0.0,5.711
2018-03-01,4.7182,24.62,25.72,1.96,0.0,5.5238
2018-03-02,5.6717,24.82,25.65,2.6,0.0,5.9177
2018-03-03,5.4686,25.38,24.52,2.41,0.0,5.9918
2018-03-04,4.6978,23.99,35.01,2.39,0.01,5.7727
2018-03-05,5.7946,22.15,32.22,2.16,0.0,6.1469
2018-03-06,6.318,21.98,23.26,1.78,0.0,6.4795
2018-03-07,6.0055,22.71,21.67,1.09,0.0,6.372
2018-03-08,5.8406,23.48,18.92,1.51,0.0,6.0946
2018-03-09,5.2942,25.16,16.75,1.73,0.0,5.7509
2018-03-10,5.9006,25.32,20.17,1.74,0.0,6.1963
2018-03-11,6.1301,25.02,21.32,1.51,0.0,6.4481
2018-03-12,6.2988,26.17,19.93,1.42,0.0,6.5885
2018-03-13,6.3823,26.7,14.58,1.83,0.0,6.6847
2018-03-14,6.0002,25.4,17.65,3.05,0.0,6.4082
2018-03-15,6.1622,24.86,28.16,2.26,0.79,6.2978
2018-03-16,5.3674,24.68,24.0,2.04,0.2,6.059
2018-03-17,6.4356,23.7,19.41,2.13,0.0,6.7476
2018-03-18,6.2702,25.37,17.5,1.45,0.0,6.625
2018-03-19,4.2475,26.39,14.19,2.12,0.0,5.8517
2018-03-20,5.418,27.14,26.14,2.53,0.0,5.73
2018-03-21,6.6761,25.14,24.67,2.71,0.0,6.8081
2018-03-22,6.4673,23.41,32.68,2.32,0.0,6.7001
2018-03-23,6.5856,22.75,31.86,2.61,0.0,6.9266
2018-03-24,6.5122,24.47,25.58,2.25,0.0,7.097
2018-03-25,6.7178,26.02,21.43,2.3,0.0,7.1273
2018-03-26,6.5647,26.03,14.08,2.05,0.0,7.2533
2018-03-27,7.014,28.66,10.75,1.88,0.0,7.3486
2018-03-28,6.9043,28.77,10.26,2.29,0.0,7.4484
2018-03-29,6.8666,28.31,11.55,2.34,0.0,7.295
2018-03-30,7.1393,28.9,11.13,2.74,0.0,7.363
2018-03-31,6.9773,29.28,8.63,1.45,0.0,7.3474
2018-04-01,6.6485,27.92,13.24,1.7,0.0,7.1818
2018-04-02,6.9617,29.24,18.64,1.77,0.0,7.0975
2018-04-03,6.1649,30.91,16.44,2.09,0.0,6.9924
2018-04-04,6.4236,30.82,17.16,2.61,0.0,7.1796
2018-04-05,6.4447,30.99,20.73,1.28,0.0,6.9199
2018-04-06,5.5896,30.94,29.48,2.21,1.43,6.7858
2018-04-07,6.1618,29.26,35.94,2.04,2.88,6.4438
2018-04-08,6.4577,30.1,28.46,1.02,0.0,6.7248
2018-04-09,5.4389,30.77,29.42,1.22,0.01,6.5482
2018-04-10,5.9662,30.75,31.19,1.36,0.69,6.5484
2018-04-11,5.9904,29.84,35.71,1.47,6.64,6.786
2018-04-12,6.6506,28.4,40.4,1.54,1.16,7.0018
2018-04-13,6.8294,27.71,34.15,2.04,0.72,7.2017
2018-04-14,6.75,29.08,25.64,1.46,0.01,6.9271
2018-04-15,5.8034,30.97,25.95,1.57,0.02,7.0092
2018-04-16,6.0144,31.76,22.82,2.91,0.0,6.6314
2018-04-17,7.5499,31.44,22.92,3.0,0.0,7.6493
2018-04-18,7.3015,30.97,21.75,2.52,0.0,7.6824
2018-04-19,7.3704,31.59,18.41,2.66,0.0,7.548
2018-04-20,7.4446,30.86,19.66,4.46,0.0,7.5998
2018-04-21,7.3205,26.9,8.04,2.94,0.0,7.5617
2018-04-22,7.5475,27.24,14.19,2.58,0.0,7.8706
2018-04-23,7.7124,28.31,15.25,2.75,0.0,8.1794
2018-04-24,7.9037,30.68,10.51,2.48,0.0,8.2291
2018-04-25,7.6447,31.8,10.01,3.12,0.0,8.0707
2018-04-26,7.2317,32.53,14.17,3.59,0.0,7.5806
2018-04-27,6.8832,33.91,15.11,2.37,0.0,7.2994
2018-04-28,6.7322,34.85,18.59,3.38,0.0,7.0452
2018-04-29,6.9478,34.51,16.06,2.6,0.0,7.409
2018-04-30,6.8448,34.41,21.03,3.85,0.01,7.4107
2018-05-01,7.0819,35.3,20.95,2.7,0.0,7.4652
2018-05-02,7.2379,34.77,19.72,2.29,0.26,7.4438
2018-05-03,7.561,33.66,25.96,1.79,3.23,7.8588
2018-05-04,6.6084,32.83,29.51,2.0,0.54,7.4707
2018-05-05,6.4644,33.21,25.39,1.6,0.14,7.3147
2018-05-06,7.2394,33.43,19.58,2.66,0.0,7.5264
2018-05-07,7.8173,32.42,17.96,3.75,0.0,8.0426
2018-05-08,6.4934,30.76,27.72,2.9,1.31,7.5278
2018-05-09,6.6439,31.95,28.38,2.23,0.0,7.5142
2018-05-10,7.2718,33.1,23.34,2.16,0.0,7.5274
2018-05-11,7.2862,35.41,20.47,2.67,0.0,7.7035
2018-05-12,7.512,36.15,18.2,3.63,0.0,7.9603
2018-05-13,7.0068,35.12,14.42,3.29,0.0,7.6205
2018-05-14,5.6914,33.79,18.75,2.53,0.0,6.5436
2018-05-15,5.8963,34.56,22.21,2.6,0.91,6.6703
2018-05-16,6.4529,34.79,21.24,2.51,0.78,6.9674
2018-05-17,6.4447,35.53,22.12,1.16,1.3,7.4078
2018-05-18,6.6742,34.54,18.97,1.51,0.23,7.4362
2018-05-19,6.9487,34.54,18.38,2.15,0.01,7.4518
2018-05-20,6.9055,35.28,20.66,2.16,0.0,7.3668
2018-05-21,7.1822,36.36,16.43,2.77,0.0,7.4126
2018-05-22,7.5612,36.15,15.81,2.31,0.0,7.7482
2018-05-23,7.4527,36.83,13.28,2.34,0.0,7.883
2018-05-24,7.2794,36.48,13.08,2.93,0.0,7.6205
2018-05-25,7.3452,35.96,9.38,1.81,0.0,7.985
2018-05-26,8.1468,35.99,8.29,2.35,0.0,8.3645
2018-05-27,7.5665,36.08,6.7,3.18,0.0,8.2908
2018-05-28,7.7146,36.28,9.2,2.48,0.0,7.9939
2018-05-29,6.6211,37.09,13.29,2.59,0.0,7.649
2018-05-30,6.2446,37.01,25.73,1.93,1.86,7.3284
2018-05-31,6.1932,36.88,27.81,2.58,0.0,6.9221
2018-06-01,7.2574,36.99,16.76,3.33,0.0,7.3159
2018-06-02,6.9401,36.4,20.21,3.65,0.0,7.2617
2018-06-03,7.1213,36.35,15.86,5.02,0.0,7.5898
2018-06-04,7.2077,36.21,19.0,3.23,0.0,7.5396
2018-06-05,7.1018,37.06,24.43,2.6,1.85,7.3562
2018-06-06,5.9858,37.06,30.75,1.77,2.11,7.193
2018-06-07,6.3816,37.44,29.27,2.1,0.0,7.2679
2018-06-08,6.5177,36.97,32.9,3.67,0.77,7.14
2018-06-09,5.1401,35.9,38.73,2.75,3.63,6.9041
2018-06-10,5.5872,33.86,48.56,2.34,2.91,6.6319
2018-06-11,6.2846,35.17,41.68,3.67,1.23,6.9065
2018-06-12,6.8976,36.51,34.44,5.98,0.07,7.1412
2018-06-13,6.8006,35.85,34.99,6.89,0.0,7.1429
2018-06-14,6.9502,34.19,36.39,6.22,0.0,7.2989
2018-06-15,7.3097,34.56,37.77,5.93,0.0,7.5048
2018-06-16,7.2002,34.43,36.41,5.03,0.0,7.3392
2018-06-17,6.8393,34.12,38.03,4.24,0.0,7.1318
2018-06-18,6.0269,34.77,38.28,3.04,0.05,6.894
2018-06-19,5.9026,35.11,38.14,1.87,1.18,7.0018
2018-06-20,6.7687,37.03,32.66,1.64,0.07,7.4546
2018-06-21,6.5146,37.93,27.35,1.12,0.02,7.4112
2018-06-22,6.7793,38.56,24.24,1.75,0.0,7.3644
2018-06-23,5.921,37.92,28.47,2.53,0.35,7.2259
2018-06-24,4.4635,35.53,37.76,3.27,3.15,6.7037
2018-06-25,5.5721,35.25,41.67,2.11,2.02,6.924
2018-06-26,3.1546,32.04,53.61,2.04,4.25,6.6583
2018-06-27,4.6344,30.67,63.06,1.57,10.5,7.2372
2018-06-28,4.0642,29.63,72.22,3.46,14.75,7.1959
2018-06-29,5.2262,29.97,68.72,2.84,5.91,7.4777
2018-06-30,6.3137,31.3,57.93,3.2,0.33,7.2127
2018-07-01,6.0497,31.68,55.52,4.01,0.09,7.2958
2018-07-02,6.0806,32.56,52.87,4.62,0.7,7.421
2018-07-03,6.3614,32.4,54.49,4.36,0.12,7.4782
2018-07-04,5.4526,31.86,56.56,4.0,0.03,7.542
2018-07-05,5.7485,32.04,52.56,3.18,0.58,7.1119
2018-07-06,5.5313,32.72,48.2,2.6,0.02,6.7462
2018-07-07,5.9676,33.62,45.09,2.7,0.09,6.7802
2018-07-08,6.8928,34.72,42.15,3.31,0.0,7.0762
2018-07-09,6.5616,35.92,40.78,2.68,0.11,6.9396
2018-07-10,5.041,34.5,50.89,2.51,13.79,6.7637
2018-07-11,4.464,31.42,62.32,3.32,12.54,6.6094
2018-07-12,3.7786,30.85,68.11,2.53,25.85,6.2095
2018-07-13,3.2995,29.28,73.16,2.28,4.11,6.3506
2018-07-14,3.5064,30.07,68.72,2.07,1.4,6.4519
2018-07-15,4.1134,29.92,72.69,1.28,10.16,6.9742
2018-07-16,4.9426,30.85,73.52,2.14,15.68,7.1882
2018-07-17,5.8219,31.28,68.46,2.1,6.62,7.1371
2018-07-18,5.4048,31.2,67.62,2.34,13.65,7.1021
2018-07-19,2.574,29.46,76.73,1.53,17.82,6.8875
2018-07-20,2.7384,28.16,83.32,2.12,13.92,6.8266
2018-07-21,3.8899,27.75,84.99,1.87,30.2,6.9158
2018-07-22,2.6914,27.5,86.09,2.29,18.17,6.4154
2018-07-23,3.2914,27.01,87.55,1.94,23.11,6.9274
2018-07-24,3.6674,28.52,83.25,1.49,48.23,6.9168
2018-07-25,3.2784,27.18,87.35,2.63,12.73,6.7231
2018-07-26,2.9239,26.67,82.68,2.8,2.19,5.9398
2018-07-27,3.5556,27.18,81.31,2.64,0.18,5.5186
2018-07-28,4.2312,27.29,81.17,2.46,0.12,5.5507
2018-07-29,4.7268,27.34,78.53,2.71,0.04,5.5135
2018-07-30,5.0618,27.72,77.19,2.44,0.0,5.7461
2018-07-31,6.1008,27.51,75.04,3.39,0.09,6.3257
2018-08-01,6.5376,27.21,76.29,3.23,0.0,6.653
2018-08-02,6.0811,26.97,76.82,2.96,0.0,6.5371
2018-08-03,6.2738,27.21,75.06,3.29,0.0,6.9715
2018-08-04,4.6159,26.96,74.99,3.35,0.0,6.6324
2018-08-05,4.0723,25.78,81.42,2.96,0.0,6.4342
2018-08-06,3.7745,26.88,79.88,2.19,0.0,6.5489
2018-08-07,3.8225,27.71,76.15,0.83,2.3,6.2143
2018-08-08,3.4356,27.05,83.34,0.77,9.9,6.5045
2018-08-09,4.968,28.45,79.54,1.6,4.04,6.9468
2018-08-10,4.872,28.77,78.25,2.28,0.27,7.0788
2018-08-11,4.8792,27.62,75.14,3.33,0.04,7.0598
2018-08-12,4.8012,27.53,74.56,2.6,0.0,6.9139
2018-08-13,4.7743,27.99,76.0,1.71,1.37,6.3192
2018-08-14,4.6063,28.8,73.28,1.5,1.53,6.5561
2018-08-15,5.2027,28.98,72.48,1.53,5.46,6.2717
2018-08-16,4.9147,28.19,78.18,1.55,4.89,6.6787
2018-08-17,5.7583,28.33,81.36,1.59,2.34,6.893
2018-08-18,5.0254,29.18,79.47,1.0,3.9,6.7471
2018-08-19,4.428,28.39,82.5,1.38,17.45,6.7654
2018-08-20,1.897,29.23,76.05,1.85,2.19,6.3175
2018-08-21,4.8727,29.06,78.71,1.22,8.62,6.6372
2018-08-22,4.0495,27.6,84.35,1.49,21.46,6.4322
2018-08-23,3.0221,27.08,81.16,3.2,5.82,6.7548
2018-08-24,4.1263,27.16,79.84,3.36,0.81,6.6886
2018-08-25,4.8086,27.46,77.2,2.77,0.82,6.5122
2018-08-26,5.2872,27.3,75.64,2.21,2.21,6.6845
2018-08-27,4.8487,26.59,78.03,2.36,0.95,6.3866
2018-08-28,4.0591,27.86,74.17,2.27,2.37,6.2974
2018-08-29,1.7153,27.48,86.04,1.26,16.46,6.2338
2018-08-30,5.3141,27.95,75.81,2.32,1.22,6.1102
2018-08-31,4.6927,27.84,75.55,3.37,1.01,6.2215
2018-09-01,3.1416,26.57,79.59,2.84,6.25,6.3012
2018-09-02,2.2795,24.74,85.84,2.38,13.7,6.3562
2018-09-03,2.1547,25.09,85.27,1.97,9.72,6.4092
2018-09-04,3.9084,26.09,80.92,2.44,4.88,6.2146
2018-09-05,3.6523,26.66,73.97,2.92,1.26,6.2801
2018-09-06,2.2922,25.72,72.56,2.29,14.06,6.1202
2018-09-07,4.9495,25.61,77.42,2.61,7.81,6.197
2018-09-08,1.6418,25.67,86.93,3.6,20.54,5.9069
2018-09-09,2.9431,26.11,87.93,3.12,5.93,5.6928
2018-09-10,2.1542,25.86,84.3,2.9,1.22,6.0833
2018-09-11,2.0616,26.17,82.27,2.86,1.4,6.0518
2018-09-12,6.2818,26.56,77.24,3.39,0.05,6.4212
2018-09-13,5.7053,25.41,76.55,3.06,0.0,6.4226
2018-09-14,6.1646,25.25,76.08,2.13,0.0,6.4411
2018-09-15,6.145,25.52,70.34,1.85,0.0,6.39
2018-09-16,6.0804,25.86,67.38,1.88,0.0,6.5585
2018-09-17,6.1541,26.34,62.37,2.52,0.0,6.3648
2018-09-18,6.3084,26.3,57.68,2.23,0.01,6.4522
2018-09-19,6.4051,26.73,56.4,2.49,0.0,6.587
2018-09-20,6.4104,26.55,54.51,2.24,0.0,6.5993
2018-09-21,5.4636,26.35,74.95,2.47,1.37,6.0545
2018-09-22,1.6606,25.1,87.43,3.39,11.22,5.8397
2018-09-23,1.681,24.66,91.75,2.31,13.1,5.8097
2018-09-24,3.6118,25.17,78.59,3.56,7.71,5.8702
2018-09-25,5.807,25.14,66.82,2.26,0.02,6.0324
2018-09-26,6.1392,25.53,60.03,1.83,0.0,6.4092
2018-09-27,5.9678,25.59,58.16,1.72,0.0,6.4258
2018-09-28,6.2239,25.91,54.94,1.72,0.0,6.4745
2018-09-29,6.3146,26.3,50.76,1.73,0.0,6.4366
2018-09-30,6.0338,26.48,51.68,1.95,0.0,6.3082
2018-10-01,5.6719,27.2,54.26,2.02,0.0,6.2321
2018-10-02,5.9719,27.54,54.46,2.11,0.05,6.1949
2018-10-03,5.5579,27.01,55.34,1.92,0.17,6.0346
2018-10-04,5.7905,27.08,55.32,1.69,0.15,5.9724
2018-10-05,5.4749,26.61,51.09,2.04,0.25,5.9407
2018-10-06,5.5195,27.11,49.84,1.57,1.66,5.801
2018-10-07,5.3515,27.15,47.34,1.1,0.83,5.7521
2018-10-08,5.8406,26.5,46.19,1.6,0.0,5.9894
2018-10-09,5.6546,25.79,48.39,2.74,0.0,5.791
2018-10-10,5.3726,25.68,45.77,2.09,0.0,5.6926
2018-10-11,5.2411,24.98,43.28,1.83,0.0,5.5248
2018-10-12,5.303,24.06,59.71,1.56,0.0,5.502
2018-10-13,5.3326,23.14,46.03,1.36,0.0,5.6177
2018-10-14,5.321,24.5,45.35,1.23,0.0,5.5334
2018-10-15,5.5385,25.21,44.07,1.54,0.0,5.6842
2018-10-16,5.0842,25.74,40.46,1.85,0.0,5.4934
2018-10-17,5.3107,25.76,39.83,2.07,0.0,5.5337
2018-10-18,5.0275,24.42,39.04,2.19,0.09,5.4689
2018-10-19,5.3558,24.51,36.17,1.58,0.0,5.5313
2018-10-20,5.1905,24.35,42.42,1.27,0.0,5.4557
2018-10-21,5.3602,23.24,48.09,2.02,0.0,5.4228
2018-10-22,4.9306,22.99,36.62,1.54,0.0,5.1655
2018-10-23,5.0028,22.83,41.64,1.5,0.0,5.2025
2018-10-24,5.125,23.5,42.4,1.32,0.0,5.3294
2018-10-25,4.9174,23.83,35.74,1.65,0.0,5.1756
2018-10-26,4.9517,23.89,49.08,1.36,0.0,5.2046
2018-10-27,4.6169,23.78,52.76,1.25,0.05,4.938
2018-10-28,4.8665,22.8,47.26,1.49,0.0,5.0258
2018-10-29,4.4438,23.12,42.77,1.07,0.0,4.6418
2018-10-30,4.6483,23.03,45.94,1.13,0.0,4.8386
2018-10-31,4.619,23.52,43.91,0.93,0.0,4.7935
2018-11-01,4.7021,23.72,45.45,0.79,0.0,4.8065
2018-11-02,4.7443,23.22,47.16,1.76,0.0,4.9159
2018-11-03,4.5293,23.55,43.53,2.24,0.0,4.7532
2018-11-04,4.4537,20.95,39.44,2.54,0.0,4.5322
2018-11-05,4.9318,17.93,29.54,1.85,0.0,4.9466
2018-11-06,4.5197,17.72,29.58,2.03,0.0,4.5295
2018-11-07,4.9253,19.29,24.85,0.98,0.0,4.9471
2018-11-08,4.8842,21.25,25.56,0.67,0.0,4.9051
2018-11-09,4.7573,21.28,30.65,0.71,0.0,4.8041
2018-11-10,4.4947,20.89,33.97,0.91,0.0,4.5962
2018-11-11,4.4885,21.54,35.48,1.29,0.0,4.5898
2018-11-12,4.5864,21.72,33.68,1.9,0.0,4.6697
2018-11-13,4.3313,22.22,35.05,1.84,0.0,4.5926
2018-11-14,3.8808,22.23,45.94,1.29,0.43,4.0577
2018-11-15,4.0555,20.15,39.01,2.37,0.0,4.2002
2018-11-16,4.0265,19.0,40.48,1.94,0.0,4.1381
2018-11-17,4.3598,20.68,31.49,1.64,0.0,4.391
2018-11-18,4.4074,20.7,35.8,1.52,0.0,4.4902
2018-11-19,4.0159,22.36,38.77,1.23,0.0,4.2115
2018-11-20,4.2036,21.51,36.8,1.94,0.0,4.3106
2018-11-21,4.0318,19.92,35.39,1.64,0.0,4.1585
2018-11-22,3.5364,20.03,35.4,1.62,0.0,3.787
2018-11-23,3.9852,19.91,34.88,2.05,0.0,4.0682
2018-11-24,4.4119,18.84,35.95,2.38,0.0,4.4566
2018-11-25,4.4635,19.53,32.12,1.68,0.0,4.501
2018-11-26,4.2192,20.59,29.85,1.44,0.0,4.5233
2018-11-27,3.744,19.94,39.36,1.53,0.0,4.0358
2018-11-28,3.433,18.28,55.49,1.61,0.0,3.7598
2018-11-29,3.553,19.43,47.98,1.12,0.0,3.6382
2018-11-30,3.4812,19.06,35.84,1.31,0.0,3.6502
2018-12-01,4.1462,19.0,32.86,1.38,0.0,4.152
2018-12-02,4.2259,18.8,30.2,0.92,0.0,4.2406
2018-12-03,4.2192,18.33,33.47,0.95,0.0,4.2264
2018-12-04,3.9451,18.4,35.75,1.48,0.0,4.0495
2018-12-05,3.9007,18.86,30.26,0.65,0.0,3.9072
2018-12-06,3.9274,18.15,28.4,0.73,0.0,3.978
2018-12-07,4.0994,17.24,37.13,1.07,0.0,4.109
2018-12-08,4.085,17.17,36.75,1.02,0.0,4.0963
2018-12-09,4.0855,16.73,40.16,1.24,0.0,4.0958
2018-12-10,3.9497,16.43,41.12,1.45,0.0,3.9569
2018-12-11,3.1231,16.54,47.77,1.59,0.81,3.7747
2018-12-12,3.5827,15.71,56.54,1.7,2.99,3.6067
2018-12-13,3.2506,13.46,63.3,1.98,0.0,3.3415
2018-12-14,3.8251,12.52,50.64,1.65,0.0,3.8294
2018-12-15,4.261,12.5,46.58,1.71,0.0,4.2641
2018-12-16,4.1902,12.9,37.39,1.87,0.0,4.2324
2018-12-17,3.3458,13.01,32.34,1.79,0.0,4.049
2018-12-18,4.1714,13.72,27.34,1.54,0.0,4.1858
2018-12-19,4.3582,15.48,22.02,1.34,0.0,4.3685
2018-12-20,4.3771,15.12,21.19,1.36,0.0,4.3836
2018-12-21,4.254,14.38,22.11,1.35,0.0,4.2607
2018-12-22,4.1484,13.88,29.4,1.45,0.0,4.1525
2018-12-23,4.1438,13.49,39.64,1.74,0.0,4.151
2018-12-24,3.9266,14.19,40.42,1.33,0.0,3.9665
2018-12-25,3.6271,12.61,28.48,1.64,0.0,3.63
2018-12-26,3.4642,12.2,26.9,1.74,0.0,3.5671
2018-12-27,4.2782,11.72,26.85,2.36,0.0,4.2866
2018-12-28,4.3745,12.01,22.99,1.59,0.0,4.379
2018-12-29,4.441,14.5,19.6,0.87,0.0,4.4479
2018-12-30,4.2931,14.84,20.87,1.03,0.0,4.3001
2018-12-31,4.3051,15.61,19.0,0.97,0.0,4.3176
2019-01-01,4.2415,14.86,22.18,1.41,0.0,4.2833
2019-01-02,4.3066,14.81,29.12,1.6,0.0,4.3128
2019-01-03,4.0877,14.55,28.39,1.19,0.0,4.139
2019-01-04,2.7336,13.4,38.95,1.35,0.0,3.8474
2019-01-05,4.0752,14.04,37.86,1.87,0.0,4.1006
2019-01-06,3.2381,12.97,46.6,2.06,0.15,3.3271
2019-01-07,3.6533,12.62,52.65,1.56,0.0,3.6682
2019-01-08,4.0392,13.18,45.85,1.36,0.0,4.0428
2019-01-09,4.1549,13.25,41.77,1.96,0.0,4.1587
2019-01-10,4.307,13.81,38.97,1.18,0.0,4.3841
2019-01-11,4.1494,14.18,36.25,1.35,0.0,4.1664
2019-01-12,4.062,14.85,32.89,1.18,0.0,4.1052
2019-01-13,3.7769,14.15,38.84,1.57,0.0,3.8546
2019-01-14,3.9996,12.56,35.22,2.6,0.0,4.007
2019-01-15,4.3186,12.82,20.78,1.49,0.0,4.6522
2019-01-16,4.3138,15.31,17.3,1.42,0.0,4.5749
2019-01-17,4.4117,15.41,19.61,1.38,0.0,4.4158
2019-01-18,4.3008,15.77,22.84,1.31,0.0,4.3109
2019-01-19,4.1693,17.8,22.17,1.41,0.0,4.5221
2019-01-20,4.5106,17.9,25.3,1.88,0.0,4.5562
2019-01-21,2.659,18.28,29.22,2.2,2.56,3.7248
2019-01-22,3.4087,14.19,57.27,2.06,2.75,4.289
2019-01-23,3.8218,13.86,58.55,1.53,0.53,4.1441
2019-01-24,2.0323,13.39,60.41,2.2,2.77,3.0823
2019-01-25,3.7234,12.16,53.04,1.79,0.38,3.9835
2019-01-26,4.86,10.07,42.73,1.64,0.0,4.8828
2019-01-27,4.5708,9.46,42.19,2.04,0.0,4.674
2019-01-28,4.8468,10.16,39.44,2.05,0.0,4.8895
2019-01-29,5.028,11.57,30.17,1.64,0.0,5.0542
2019-01-30,4.6212,13.82,25.07,1.23,0.0,4.9702
2019-01-31,3.7452,13.77,28.05,2.05,0.0,4.7842
2019-02-01,4.6687,13.41,37.22,2.31,0.0,4.711
2019-02-02,4.1628,12.33,51.39,1.78,0.0,4.3488
2019-02-03,4.2158,13.57,44.05,1.11,0.0,4.289
2019-02-04,3.7649,16.41,39.63,1.74,0.0,3.8556
2019-02-05,3.073,20.26,40.55,1.54,0.0,3.575
2019-02-06,4.1993,20.35,34.78,1.03,0.02,4.361
2019-02-07,4.9615,15.47,33.38,2.97,0.06,5.2558
2019-02-08,5.4907,12.43,27.66,1.47,0.0,5.5133
2019-02-09,5.5776,12.19,25.36,1.88,0.0,5.6213
2019-02-10,4.4431,13.46,23.78,1.27,0.0,5.3995
2019-02-11,4.7201,15.17,20.73,1.41,0.0,5.3251
2019-02-12,5.0482,16.15,26.28,1.75,0.0,5.2207
2019-02-13,3.5167,18.49,25.36,1.9,0.22,4.5708
2019-02-14,4.8511,19.62,35.71,2.7,0.37,4.9169
2019-02-15,5.2858,16.0,35.92,2.72,0.01,5.2934
2019-02-16,5.7499,14.4,40.48,2.18,0.0,5.7602
2019-02-17,5.3698,15.55,31.47,1.69,0.0,5.5613
2019-02-18,5.1862,18.95,23.57,2.58,0.05,5.5207
2019-02-19,5.2073,19.93,40.22,1.42,0.12,5.4677
2019-02-20,4.0188,20.98,45.91,2.79,0.57,5.443
2019-02-21,5.172,20.25,48.48,2.44,0.0,5.4989
2019-02-22,5.5313,18.68,39.03,2.88,0.0,5.7127
2019-02-23,5.483,15.9,26.19,1.98,0.0,6.0703
2019-02-24,5.2267,17.36,22.74,1.86,0.0,5.663
2019-02-25,5.6849,17.67,21.26,2.12,0.0,6.0125
2019-02-26,3.2779,17.4,23.23,2.21,0.33,5.4734
2019-02-27,4.8989,16.02,33.85,2.62,0.05,5.8332
2019-02-28,6.1075,15.47,31.08,1.36,0.0,6.1896
2019-03-01,5.9088,17.17,23.43,1.27,0.0,6.1058
2019-03-02,2.1149,19.28,25.46,3.14,1.5,5.5522
2019-03-03,5.2222,18.94,43.82,2.62,0.04,5.4041
2019-03-04,4.9589,17.62,57.35,1.59,2.55,5.7518
2019-03-05,6.0098,17.57,43.26,1.9,0.09,6.1994
2019-03-06,6.1896,17.86,34.17,1.71,0.0,6.4913
2019-03-07,6.1466,19.88,29.41,1.16,0.0,6.348
2019-03-08,5.7072,20.66,31.47,2.13,0.0,6.1241
2019-03-09,5.9057,19.83,40.53,2.5,0.0,6.1793
2019-03-10,5.9978,20.18,30.08,1.74,0.0,6.3271
2019-03-11,6.2047,20.57,33.7,2.97,0.0,6.3629
2019-03-12,5.1658,19.01,36.49,2.07,0.0,6.4894
2019-03-13,3.1039,20.34,31.57,1.39,0.0,6.1142
2019-03-14,5.0254,20.38,37.8,2.54,0.39,6.175
2019-03-15,6.0276,19.7,33.44,2.22,0.0,6.4438
2019-03-16,5.8925,19.81,27.08,1.63,0.0,6.5614
2019-03-17,6.4505,21.01,24.68,1.86,0.0,6.6626
2019-03-18,6.5714,21.78,23.07,1.33,0.0,6.8297
2019-03-19,6.6866,23.94,22.11,1.66,0.0,6.8729
2019-03-20,6.384,24.02,22.66,2.28,0.0,6.8434
2019-03-21,6.2374,23.26,27.08,3.01,0.0,6.8074
2019-03-22,6.48,23.6,20.61,2.92,0.0,6.7632
2019-03-23,6.4454,23.65,20.38,2.04,0.0,6.923
2019-03-24,6.3989,25.54,26.57,2.65,0.0,6.7596
2019-03-25,5.3364,25.4,30.86,3.26,0.0,6.3953
2019-03-26,6.8642,24.33,21.11,1.99,0.0,7.2233
2019-03-27,6.6972,25.93,17.85,1.38,0.0,7.0954
2019-03-28,6.3809,29.45,18.97,1.42,0.0,7.0582
2019-03-29,6.425,30.23,19.88,1.54,0.0,7.2216
2019-03-30,6.7855,30.1,21.32,1.76,0.0,6.9725
2019-03-31,6.1922,28.08,20.14,3.44,0.02,7.031
2019-04-01,7.1366,27.5,11.79,2.17,0.0,7.3596
2019-04-02,6.781,28.03,13.53,1.77,0.0,7.3603
2019-04-03,6.7968,29.95,13.22,1.48,0.0,7.3118
2019-04-04,7.0433,31.14,15.32,1.57,0.0,7.3699
2019-04-05,5.6726,33.14,15.2,2.15,0.0,7.3049
2019-04-06,6.8786,32.33,18.61,2.99,0.18,7.1964
2019-04-07,6.8542,31.95,17.35,2.89,0.0,7.1119
2019-04-08,6.9468,30.69,19.83,1.83,0.41,7.1616
2019-04-09,7.1486,30.96,19.68,1.55,0.0,7.5053
2019-04-10,6.4968,31.66,20.34,1.79,0.0,7.128
2019-04-11,6.8465,32.78,20.32,1.87,0.0,7.363
2019-04-12,6.773,32.7,21.66,1.57,0.0,7.2722
2019-04-13,6.8294,32.51,22.79,2.21,0.0,7.1402
2019-04-14,7.1789,32.23,23.17,1.41,0.0,7.446
2019-04-15,6.0996,29.85,34.95,3.1,0.93,6.7579
2019-04-16,3.935,27.12,47.24,3.22,3.89,6.4889
2019-04-17,5.4761,23.24,63.95,2.71,14.47,6.9605
2019-04-18,6.9031,23.82,55.3,2.15,0.03,7.3577
2019-04-19,7.3044,24.92,42.57,1.79,0.0,7.6056
2019-04-20,7.6313,26.52,36.19,1.52,0.0,7.806
2019-04-21,7.2257,30.04,28.91,1.29,0.0,7.8194
2019-04-22,7.5026,30.79,28.05,1.87,0.07,7.8154
2019-04-23,7.5566,33.23,22.61,1.48,0.0,7.7496
2019-04-24,7.4237,33.37,22.47,2.82,0.0,7.6411
2019-04-25,7.337,33.12,18.8,3.56,0.0,7.5302
2019-04-26,6.6449,33.42,24.21,2.24,0.0,7.3618
2019-04-27,7.5158,33.6,20.91,1.96,0.0,7.6867
2019-04-28,7.2847,33.57,19.7,1.7,0.0,7.8206
2019-04-29,7.7803,34.26,15.04,1.93,0.0,7.9937
2019-04-30,7.7734,32.98,14.81,3.13,0.0,7.9678
2019-05-01,7.3279,32.73,16.19,2.14,0.0,7.53
2019-05-02,6.949,33.06,16.71,2.11,0.0,7.6229
2019-05-03,5.9098,32.63,18.04,2.83,0.01,7.3574
2019-05-04,6.6017,32.63,20.24,1.99,0.06,7.4131
2019-05-05,7.6661,32.11,19.11,2.41,0.0,7.8466
2019-05-06,7.6754,32.98,11.81,3.48,0.0,8.1026
2019-05-07,7.4714,33.1,14.98,4.7,0.0,7.9193
2019-05-08,7.4426,33.7,16.99,4.43,0.0,7.895
2019-05-09,7.5185,33.08,21.77,5.43,0.0,7.8982
2019-05-10,7.9006,32.66,24.58,3.77,0.0,8.0568
2019-05-11,7.097,32.68,25.09,2.18,0.09,7.7323
2019-05-12,6.6461,32.84,25.74,2.35,0.01,7.4702
2019-05-13,7.0891,33.79,23.51,2.09,0.59,7.5326
2019-05-14,6.7886,33.01,27.16,1.87,1.99,7.489
2019-05-15,6.955,33.19,28.97,1.71,1.87,7.573
2019-05-16,7.1606,32.67,30.63,2.87,0.93,7.5811
2019-05-17,6.8527,30.91,34.85,4.13,1.26,7.4906
2019-05-18,7.6162,29.03,44.16,3.6,0.0,7.7328
2019-05-19,7.632,31.24,28.18,1.93,0.0,8.0126
2019-05-20,6.4934,34.08,24.18,1.8,0.14,7.7306
2019-05-21,6.5563,34.86,26.92,1.82,0.21,7.6891
2019-05-22,6.5496,34.75,28.91,1.7,1.98,7.8182
2019-05-23,6.665,35.14,29.85,2.46,1.0,7.6858
2019-05-24,6.9386,34.13,30.85,2.49,0.03,7.6846
2019-05-25,7.3411,33.2,28.31,2.45,0.07,7.7078
2019-05-26,7.2948,34.37,23.79,2.52,0.0,7.9354
2019-05-27,7.3356,35.48,18.75,2.08,0.0,7.8998
2019-05-28,7.3272,36.39,16.05,1.63,0.0,7.921
2019-05-29,6.8911,37.01,16.41,2.17,0.0,7.8278
2019-05-30,6.3454,37.89,16.23,3.15,0.0,7.5641
2019-05-31,6.023,38.28,18.09,2.18,0.0,7.5703
2019-06-01,6.9926,38.34,18.6,3.55,0.0,7.775
2019-06-02,7.4964,38.05,14.21,4.01,0.0,8.0746
2019-06-03,7.0102,37.95,14.27,3.08,0.0,7.8298
2019-06-04,7.5154,37.53,17.11,3.97,0.0,7.7654
2019-06-05,7.5341,37.58,19.68,3.48,0.0,7.8847
2019-06-06,7.1822,38.23,17.53,3.18,0.0,7.8182
2019-06-07,7.4801,36.79,13.48,2.12,0.0,7.9073
2019-06-08,7.3754,37.57,13.57,1.9,0.0,7.8917
2019-06-09,7.5348,38.69,13.09,1.76,0.0,8.0885
2019-06-10,7.387,38.62,14.24,3.55,0.0,8.0244
2019-06-11,6.8813,39.15,19.58,3.81,0.58,7.8446
2019-06-12,5.6935,37.42,28.15,2.19,3.12,7.5595
2019-06-13,3.4553,34.49,40.88,1.84,0.49,7.4779
2019-06-14,5.7449,36.43,30.54,3.12,0.0,7.602
2019-06-15,4.8852,34.24,39.54,4.09,3.55,7.5626
2019-06-16,5.3902,33.19,47.28,3.9,2.91,7.3526
2019-06-17,6.6511,33.06,46.58,3.97,2.75,7.6123
2019-06-18,4.7347,31.18,51.54,2.35,3.43,7.4813
2019-06-19,6.4812,30.37,55.18,3.17,0.37,7.3349
2019-06-20,6.3907,32.67,48.24,1.68,0.17,7.6193
2019-06-21,5.1259,34.17,43.02,2.51,0.98,7.5132
2019-06-22,6.7999,35.94,33.89,2.42,0.0,7.2725
2019-06-23,6.6475,35.62,33.31,2.41,0.01,7.4724
2019-06-24,6.1126,35.3,40.63,1.94,3.47,7.207
2019-06-25,5.1667,34.64,44.31,1.49,0.78,6.9583
2019-06-26,6.4459,36.38,33.17,2.46,0.0,7.0932
2019-06-27,6.2834,35.97,35.2,3.03,0.14,7.2727
2019-06-28,6.6665,36.28,38.91,3.45,0.65,7.3613
2019-06-29,6.3278,36.21,37.34,4.02,0.55,7.3505
2019-06-30,6.5606,36.69,34.98,3.66,1.08,7.2852
2019-07-01,6.648,35.18,42.49,3.51,6.84,7.1086
2019-07-02,5.3611,34.67,42.44,2.62,0.93,7.0368
2019-07-03,5.7703,34.88,39.36,2.61,1.08,7.0157
2019-07-04,3.7795,31.79,59.32,1.89,10.96,6.7757
2019-07-05,1.517,31.07,65.76,1.64,18.01,6.432
2019-07-06,3.2758,31.33,65.71,3.08,30.38,6.2326
2019-07-07,4.0032,31.23,67.24,2.79,10.47,6.312
2019-07-08,5.9479,31.53,64.77,3.52,9.61,6.727
2019-07-09,5.5402,31.21,59.94,3.65,1.49,6.5818
2019-07-10,6.5119,31.64,57.35,3.86,0.0,6.7315
2019-07-11,6.1949,31.56,57.24,5.07,0.0,6.8633
2019-07-12,6.5105,31.38,56.32,4.32,0.0,7.0529
2019-07-13,6.617,31.78,54.45,4.82,0.0,7.0805
2019-07-14,6.1118,31.56,54.95,4.52,0.0,7.1126
2019-07-15,4.6582,31.15,57.07,4.4,0.22,6.6528
2019-07-16,4.6267,31.23,56.6,3.33,0.08,6.9713
2019-07-17,5.3076,30.88,60.77,2.96,6.9,6.8738
2019-07-18,3.6456,30.36,66.22,2.28,9.83,6.6725
2019-07-19,4.7129,31.31,61.27,1.21,5.51,7.0159
2019-07-20,5.7362,32.97,52.26,0.64,0.25,7.0102
2019-07-21,6.3998,33.13,53.51,1.77,0.38,6.9816
2019-07-22,6.3494,32.19,60.68,1.55,0.09,7.2984
2019-07-23,6.7464,32.82,57.9,1.3,0.06,7.451
2019-07-24,4.8302,30.94,71.64,2.77,55.67,7.1714
2019-07-25,2.219,27.81,84.97,2.01,48.73,7.0198
2019-07-26,1.2458,26.89,90.14,1.78,43.26,6.4097
2019-07-27,1.7026,27.55,86.87,1.82,45.59,6.1675
2019-07-28,3.8988,27.75,84.18,3.16,26.43,6.9581
2019-07-29,4.9843,28.3,83.79,2.62,1.67,7.1282
2019-07-30,5.7434,29.04,82.03,2.2,0.07,7.1292
2019-07-31,4.4534,28.57,81.7,1.57,0.91,7.122
2019-08-01,4.1587,29.05,80.48,0.74,10.67,6.619
2019-08-02,3.9967,28.75,85.17,1.68,14.93,6.407
2019-08-03,5.2891,28.44,83.16,1.91,9.9,6.7637
2019-08-04,5.0074,29.77,76.23,1.14,5.19,6.7205
2019-08-05,5.1614,29.26,81.82,1.55,0.78,6.5309
2019-08-06,2.9446,28.61,84.36,2.3,25.88,6.3134
2019-08-07,3.4927,27.77,85.42,2.03,10.37,6.479
2019-08-08,5.8356,27.95,83.75,2.32,3.76,6.7087
2019-08-09,4.1844,27.7,84.32,4.53,5.78,6.9343
2019-08-10,4.5665,26.93,86.56,3.82,6.75,7.2086
2019-08-11,4.5442,27.36,84.67,2.54,0.17,6.9655
2019-08-12,5.1137,28.33,82.54,2.2,0.01,6.9655
2019-08-13,3.8573,28.12,80.84,2.51,15.5,6.6766
2019-08-14,2.8495,27.72,83.91,2.1,13.48,6.6461
2019-08-15,2.855,26.48,90.05,2.84,18.97,6.8326
2019-08-16,2.9815,26.95,88.41,3.22,28.35,6.8635
2019-08-17,1.4671,25.97,91.52,3.71,31.58,6.5705
2019-08-18,5.197,27.11,87.01,2.94,2.22,6.9122
2019-08-19,6.1056,27.42,84.24,2.54,1.2,6.9041
2019-08-20,6.6977,27.46,81.92,3.05,0.11,7.045
2019-08-21,6.8453,27.2,81.6,3.38,3.92,7.003
2019-08-22,6.4178,27.23,80.58,2.78,2.47,7.0138
2019-08-23,6.0566,27.22,80.61,2.78,2.18,6.8268
2019-08-24,5.8421,27.43,79.76,2.51,0.43,6.6905
2019-08-25,4.0519,26.55,86.2,1.54,14.78,6.3974
2019-08-26,4.715,26.36,88.35,1.37,4.58,6.798
2019-08-27,4.4957,27.12,84.32,1.81,4.74,6.6941
2019-08-28,4.9253,27.73,83.82,2.18,3.5,6.8458
2019-08-29,5.357,28.05,85.58,1.07,2.12,6.5354
2019-08-30,4.5451,28.13,84.44,1.14,4.29,6.4109
2019-08-31,5.4746,28.85,80.52,0.73,5.94,6.3826
2019-09-01,3.7157,28.66,80.95,1.2,7.0,5.9815
2019-09-02,4.488,28.46,83.02,0.74,3.59,5.8769
2019-09-03,5.119,28.72,83.49,1.13,9.57,5.8039
2019-09-04,4.0658,27.28,90.75,1.64,2.28,5.975
2019-09-05,5.0374,27.25,85.57,1.07,1.11,6.2923
2019-09-06,4.0202,28.22,84.65,1.04,0.88,6.1973
2019-09-07,3.2378,28.5,83.29,0.62,3.07,6.1817
2019-09-08,4.86,27.4,88.74,1.09,1.72,6.1109
2019-09-09,5.8015,29.02,75.59,1.59,0.07,6.1164
2019-09-10,5.6885,28.98,73.47,0.84,0.0,5.9551
2019-09-11,5.9717,29.19,79.25,1.74,0.03,6.1579
2019-09-12,5.5262,29.32,81.71,1.95,1.06,6.0787
2019-09-13,3.8609,28.36,84.0,1.01,3.05,5.887
2019-09-14,4.8869,27.83,83.31,1.38,8.28,5.6868
2019-09-15,2.9093,27.77,81.01,1.35,17.62,5.9287
2019-09-16,5.8106,28.2,79.69,1.93,1.94,5.8579
2019-09-17,5.6724,28.32,78.79,1.67,0.85,5.987
2019-09-18,5.4362,28.19,78.32,1.02,0.7,6.0262
2019-09-19,5.7079,26.18,84.25,1.83,0.0,6.0185
2019-09-20,5.0731,26.03,82.74,1.7,0.03,6.1318
2019-09-21,3.8309,26.62,81.62,1.3,1.62,6.1663
2019-09-22,5.6578,25.7,86.1,2.11,0.97,6.2182
2019-09-23,5.4,25.21,84.92,2.01,0.24,6.1454
2019-09-24,3.9372,25.39,85.36,1.75,0.23,5.8778
2019-09-25,4.2113,24.86,89.0,2.45,5.39,5.6201
2019-09-26,4.1114,24.79,88.65,1.65,1.83,5.7854
2019-09-27,4.8017,25.66,84.1,1.33,1.31,5.897
2019-09-28,3.9838,25.57,82.21,1.76,0.29,5.6472
2019-09-29,3.8683,25.16,83.03,1.82,3.79,5.3316
2019-09-30,4.6944,25.13,81.57,1.68,1.5,5.7437
2019-10-01,4.1652,25.47,79.95,1.05,0.26,5.8123
2019-10-02,5.3119,25.19,80.69,1.2,0.52,5.5512
2019-10-03,5.0882,25.0,78.5,1.51,2.97,5.7485
2019-10-04,5.5171,24.7,73.22,0.98,0.38,5.8704
2019-10-05,5.5783,24.88,71.77,1.15,0.0,5.7674
2019-10-06,4.8305,25.22,69.03,0.63,0.56,5.647
2019-10-07,3.9768,24.61,73.91,1.16,3.4,5.5598
2019-10-08,5.4953,24.04,66.1,1.38,0.0,5.7182
2019-10-09,5.7701,24.82,54.67,0.84,0.0,5.9506
2019-10-10,5.8483,24.45,55.22,1.14,0.0,6.0365
2019-10-11,5.7223,24.65,52.77,1.12,0.0,5.9472
2019-10-12,5.407,25.19,55.32,0.87,0.0,5.7454
2019-10-13,5.3069,25.75,61.04,1.16,0.0,5.6904
2019-10-14,5.4422,26.42,53.13,1.04,0.0,5.687
2019-10-15,5.2514,26.23,53.55,0.69,0.0,5.4823
2019-10-16,5.1494,25.39,58.98,0.79,0.0,5.287
2019-10-17,4.8067,24.35,72.02,1.61,0.0,5.0966
2019-10-18,4.7498,24.77,73.49,1.47,0.19,5.0441
2019-10-19,3.9614,24.79,70.38,0.81,0.2,4.4911
2019-10-20,4.4873,25.23,53.64,0.61,0.0,4.7098
2019-10-21,4.608,24.58,44.68,0.79,0.0,4.9474
2019-10-22,4.6942,23.11,46.36,1.2,0.0,5.3333
2019-10-23,5.0971,22.99,44.62,1.06,0.0,5.4211
2019-10-24,5.0746,23.18,46.46,1.04,0.0,5.2783
2019-10-25,4.7062,21.88,59.68,1.53,0.0,4.8874
2019-10-26,4.7431,21.5,70.04,1.46,0.0,4.914
2019-10-27,4.9668,22.52,60.14,0.9,0.0,5.0702
2019-10-28,2.6486,22.71,63.05,0.9,0.0,4.722
2019-10-29,2.9342,23.93,62.56,0.74,0.0,4.5998
2019-10-30,3.7627,24.29,56.97,0.95,0.0,4.6922
2019-10-31,4.5595,24.87,63.42,0.97,0.0,4.7436
2019-11-01,4.4556,25.08,65.65,0.95,0.01,4.7184
2019-11-02,4.0562,24.56,63.34,0.95,0.6,4.235
2019-11-03,3.8393,23.44,70.38,1.17,2.91,4.2223
2019-11-04,4.1287,23.43,63.09,1.24,0.19,4.2996
2019-11-05,4.6896,22.37,50.21,1.33,0.0,4.8451
2019-11-06,3.2081,22.29,53.66,1.91,0.0,4.7647
2019-11-07,3.9578,19.79,82.1,2.05,1.99,4.2389
2019-11-08,4.1837,22.13,72.94,1.13,0.03,4.3555
2019-11-09,3.9041,21.85,61.36,2.01,0.0,4.1928
2019-11-10,4.0078,21.55,56.42,1.34,0.0,4.2125
2019-11-11,3.8117,22.61,60.84,1.27,0.0,4.0063
2019-11-12,3.7548,21.85,61.61,1.26,0.0,3.905
2019-11-13,3.3607,21.84,68.6,1.35,0.0,3.775
2019-11-14,3.1596,21.83,74.79,1.3,0.21,3.8244
2019-11-15,3.5544,21.63,59.36,1.08,0.0,3.7483
2019-11-16,3.6029,20.34,57.07,1.71,0.0,3.7061
2019-11-17,4.1436,19.65,62.81,2.79,0.0,4.2406
2019-11-18,4.051,19.44,58.64,1.92,0.0,4.2223
2019-11-19,4.225,20.11,53.28,1.24,0.0,4.4254
2019-11-20,4.2415,20.33,53.32,1.19,0.0,4.2926
2019-11-21,3.6864,20.9,62.7,1.02,0.0,4.0884
2019-11-22,3.419,20.23,67.69,1.28,0.0,3.8777
2019-11-23,3.0154,20.64,71.44,0.54,0.0,3.677
2019-11-24,3.0634,19.45,69.47,0.85,0.0,3.6401
2019-11-25,3.3931,20.3,69.64,1.38,0.0,3.5695
2019-11-26,3.1541,21.08,68.78,1.74,0.32,3.581
2019-11-27,3.1932,20.84,66.89,1.5,0.3,3.3091
2019-11-28,2.8332,20.21,69.9,1.43,0.09,3.1958
2019-11-29,1.7758,19.08,72.7,2.23,0.0,2.8128
2019-11-30,2.8248,17.03,60.82,1.69,0.0,3.2417
2019-12-01,2.4902,16.62,54.44,1.42,0.0,2.9563
2019-12-02,3.4534,15.8,43.33,1.66,0.0,3.4625
2019-12-03,4.3685,16.56,34.63,1.66,0.0,4.3805
2019-12-04,4.4554,16.71,33.96,1.23,0.0,4.4602
2019-12-05,4.171,15.27,44.69,1.42,0.0,4.2674
2019-12-06,2.7818,14.69,47.81,1.45,0.0,3.6454
2019-12-07,3.2292,15.65,49.16,1.48,0.0,3.2299
2019-12-08,3.0821,15.74,53.96,1.22,0.0,3.0866
2019-12-09,3.029,16.4,56.38,0.82,0.0,3.1399
2019-12-10,3.2314,16.87,57.16,0.66,0.0,3.2323
2019-12-11,2.7098,16.54,62.9,1.07,0.0,3.2004
2019-12-12,2.8814,14.66,85.25,1.04,7.59,3.241
2019-12-13,2.3628,13.88,78.53,2.15,0.34,3.6228
2019-12-14,3.6125,12.37,68.31,1.41,0.0,3.7416
2019-12-15,3.5969,11.67,62.26,1.87,0.0,3.6058
2019-12-16,3.1464,10.23,66.52,1.64,0.0,3.7606
2019-12-17,2.5442,10.06,62.27,1.54,0.0,3.947
2019-12-18,3.4078,10.43,63.95,0.94,0.0,4.0726
2019-12-19,3.8971,12.18,58.59,1.12,0.0,4.0582
2019-12-20,3.786,13.83,54.4,0.71,0.0,3.9439
2019-12-21,3.6989,14.9,53.24,1.17,0.0,3.7514
2019-12-22,3.6986,12.65,53.56,1.59,0.0,3.7361
2019-12-23,3.8146,12.71,49.76,1.39,0.0,3.859
2019-12-24,2.9594,12.85,51.3,1.66,0.0,3.0036
2019-12-25,3.5292,11.77,46.53,1.53,0.0,3.5779
2019-12-26,4.1354,10.6,40.19,1.74,0.0,4.1402
2019-12-27,4.2242,10.3,39.41,1.01,0.0,4.2499
2019-12-28,4.0548,8.84,49.35,1.26,0.0,4.1714
2019-12-29,3.6986,8.58,49.68,1.5,0.0,4.2242
2019-12-30,3.5957,8.45,52.2,1.52,0.0,3.9914
2019-12-31,2.8615,8.53,61.33,1.66,0.0,3.2362
2020-01-01,3.109,10.54,59.16,2.6,0.0,3.2683
2020-01-02,2.0486,11.08,77.23,2.07,0.0,2.8082
2020-01-03,3.4272,13.77,67.38,1.05,0.0,3.4423
2020-01-04,2.5625,14.38,62.85,0.87,0.0,2.9887
2020-01-05,3.0936,14.67,50.03,0.71,0.0,3.4942
2020-01-06,3.4771,14.94,56.47,1.6,0.0,3.9888
2020-01-07,3.4418,15.61,60.7,1.8,0.09,3.8935
2020-01-08,2.3062,13.36,69.06,2.65,0.31,3.6264
2020-01-09,4.4198,9.68,59.23,1.88,0.0,4.44
2020-01-10,4.4986,9.37,47.32,1.36,0.0,4.5101
2020-01-11,4.2984,10.94,41.47,1.4,0.0,4.386
2020-01-12,4.1602,13.53,41.27,1.65,0.0,4.163
2020-01-13,2.7418,14.59,67.15,3.14,0.01,3.438
2020-01-14,4.0999,12.55,65.88,1.92,0.0,4.1227
2020-01-15,2.7564,13.62,61.27,1.94,0.46,3.084
2020-01-16,1.4482,11.49,77.85,2.47,1.13,2.8248
2020-01-17,3.8352,11.69,65.36,1.29,0.01,4.0039
2020-01-18,3.5158,11.96,62.51,1.52,0.0,4.1568
2020-01-19,3.7553,11.12,56.8,1.26,0.0,4.1892
2020-01-20,3.3118,11.92,47.55,1.17,0.0,4.3248
2020-01-21,4.2379,13.88,50.47,1.88,0.0,4.4628
2020-01-22,4.2079,13.25,51.45,2.04,0.0,4.2422
2020-01-23,4.6966,11.77,51.17,2.54,0.0,4.759
2020-01-24,4.8386,12.22,41.72,1.72,0.0,4.8811
2020-01-25,4.7251,15.28,37.24,0.96,0.0,4.7386
2020-01-26,4.7834,17.0,37.94,1.19,0.0,4.8374
2020-01-27,4.2833,16.48,51.14,1.73,0.24,4.5396
2020-01-28,3.6998,16.0,60.52,2.06,0.06,4.6169
2020-01-29,4.8475,13.79,47.05,1.53,0.0,4.8946
2020-01-30,4.8886,12.57,47.64,1.63,0.0,4.9831
2020-01-31,4.9865,13.12,39.96,1.48,0.0,5.0004
2020-02-01,4.9044,13.09,39.1,1.28,0.0,4.9798
2020-02-02,5.0124,13.12,42.65,1.1,0.0,5.0242
2020-02-03,4.8883,13.12,37.98,1.29,0.0,4.8917
2020-02-04,4.3706,14.07,42.53,1.46,0.0,4.6229
2020-02-05,4.4448,13.67,44.74,1.57,0.0,4.6418
2020-02-06,4.7522,13.91,38.17,1.33,0.0,4.7546
2020-02-07,4.889,12.68,41.77,1.92,0.0,4.9253
2020-02-08,4.956,13.02,40.03,1.47,0.0,4.9591
2020-02-09,4.9567,14.37,33.29,0.97,0.0,5.0777
2020-02-10,4.9769,15.39,27.72,0.94,0.0,5.1396
2020-02-11,5.088,15.63,33.31,1.05,0.0,5.1134
2020-02-12,5.1626,17.27,34.26,1.11,0.0,5.1821
2020-02-13,5.1756,18.5,36.17,1.77,0.0,5.1835
2020-02-14,5.0856,17.76,35.45,2.6,0.0,5.3443
2020-02-15,5.7154,17.14,22.09,2.09,0.0,5.7535
2020-02-16,5.8574,19.43,17.78,1.49,0.0,5.8634
2020-02-17,5.7034,19.46,18.48,1.47,0.0,5.7254
2020-02-18,5.7418,19.91,18.17,1.63,0.0,5.7595
2020-02-19,4.7887,19.46,24.31,1.7,0.0,5.5378
2020-02-20,4.9469,19.97,37.02,1.94,0.63,5.2092
2020-02-21,4.8571,17.24,49.17,2.72,0.45,5.2438
2020-02-22,4.8026,17.12,62.4,2.0,0.0,4.8154
2020-02-23,3.7486,18.13,58.75,1.54,0.0,4.5593
2020-02-24,4.2883,18.85,52.39,1.45,0.0,4.4405
2020-02-25,5.3006,20.02,37.5,1.57,0.0,5.3172
2020-02-26,5.6078,20.21,39.28,1.38,0.0,5.6292
2020-02-27,4.7114,22.29,34.84,1.48,0.0,5.4799
2020-02-28,3.5611,22.27,37.31,2.03,0.0,5.3942
2020-02-29,5.2682,22.95,41.98,1.52,0.06,5.3796
2020-03-01,5.4482,21.92,47.44,1.8,0.05,5.5368
2020-03-02,4.781,22.23,44.57,1.11,0.0,5.3902
2020-03-03,4.4213,22.63,41.04,1.21,0.08,5.0311
2020-03-04,4.393,21.83,46.43,1.95,4.78,5.213
2020-03-05,4.5821,20.37,62.65,2.6,4.01,5.8447
2020-03-06,4.6176,17.32,67.93,2.66,10.32,5.8138
2020-03-07,6.1958,16.56,64.77,1.84,0.0,6.3902
2020-03-08,6.3065,18.38,53.29,1.47,0.0,6.4994
2020-03-09,6.2179,18.79,43.72,1.72,0.0,6.4111
2020-03-10,4.7594,17.91,47.82,2.67,1.56,5.849
2020-03-11,5.3246,19.31,55.58,2.82,0.15,5.9923
2020-03-12,6.4836,18.54,44.27,2.2,0.0,6.6754
2020-03-13,6.2177,17.71,31.89,2.21,0.0,6.5518
2020-03-14,6.4512,16.94,43.68,2.3,0.0,6.5623
2020-03-15,5.8018,17.17,48.33,1.56,0.03,6.5374
2020-03-16,5.6244,18.8,45.05,1.09,0.0,6.3053
2020-03-17,6.3862,21.43,37.65,1.28,0.0,6.5474
2020-03-18,6.3528,23.18,35.22,1.14,0.0,6.6106
2020-03-19,5.9993,24.0,34.1,1.86,0.0,6.594
2020-03-20,5.3683,24.1,36.4,1.75,0.34,6.2844
2020-03-21,6.5076,24.98,33.18,0.64,0.41,6.6953
2020-03-22,6.049,25.33,30.55,1.49,0.0,6.6384
2020-03-23,4.3848,24.43,38.76,1.54,0.0,6.2126
2020-03-24,4.8605,26.73,36.48,1.76,0.84,6.4186
2020-03-25,5.3568,25.38,45.5,1.98,3.03,6.4082
2020-03-26,3.8892,23.41,61.59,2.9,4.16,6.3158
2020-03-27,4.1594,21.47,69.76,2.44,5.44,6.2832
2020-03-28,6.8666,22.35,49.06,1.27,0.0,7.0915
2020-03-29,6.8143,23.0,40.48,1.99,0.0,7.2281
2020-03-30,6.7742,23.45,39.17,1.84,0.0,7.195
2020-03-31,5.742,24.84,36.21,2.18,0.02,6.9614
2020-04-01,6.7195,25.14,35.85,2.2,0.01,7.1986
2020-04-02,6.703,23.97,37.85,2.78,0.0,7.4362
2020-04-03,7.0272,23.94,26.84,2.53,0.0,7.375
2020-04-04,7.1914,25.14,26.82,1.81,0.0,7.5996
2020-04-05,7.2658,27.09,26.97,2.2,0.0,7.446
2020-04-06,7.2331,27.4,27.58,2.35,0.0,7.3994
2020-04-07,6.8021,28.32,24.35,1.59,0.0,7.2986
2020-04-08,6.8887,26.7,30.55,2.73,0.32,7.2374
2020-04-09,7.134,26.37,27.95,2.42,0.0,7.4866
2020-04-10,6.8998,29.37,22.61,1.64,0.0,7.3282
2020-04-11,7.0087,31.24,22.58,2.45,0.0,7.2528
2020-04-12,7.1918,29.99,29.18,2.81,0.0,7.4722
2020-04-13,6.7632,32.08,25.16,1.85,0.0,7.3397
2020-04-14,6.1522,32.09,21.21,2.54,0.0,7.3094
2020-04-15,6.1603,31.51,18.68,2.82,0.0,7.2622
2020-04-16,7.1825,32.03,23.06,2.17,0.0,7.4882
2020-04-17,6.019,30.8,23.21,2.56,0.0,6.8098
2020-04-18,6.1562,30.21,26.71,2.87,0.01,7.3094
2020-04-19,6.2378,29.38,31.5,3.1,0.58,7.3862
2020-04-20,4.2778,24.66,43.56,1.58,0.2,7.0577
2020-04-21,6.7526,27.9,39.36,1.9,0.0,7.5715
2020-04-22,7.3243,29.69,26.76,2.07,0.0,7.7455
2020-04-23,6.0566,28.03,37.22,1.41,4.41,7.2348
2020-04-24,7.0656,31.01,34.46,1.6,1.36,7.4983
2020-04-25,6.6998,30.21,36.23,1.65,1.18,7.4246
2020-04-26,6.5731,30.36,35.96,2.22,1.4,7.483
2020-04-27,7.2768,30.7,34.71,2.4,0.79,7.5072
2020-04-28,7.2468,30.69,32.1,2.28,0.0,7.5276
2020-04-29,6.2357,30.98,35.38,1.82,1.93,7.4014
2020-04-30,6.3199,31.93,33.5,2.39,0.62,7.5209
2020-05-01,7.6366,32.33,30.63,2.53,0.93,7.7347
2020-05-02,7.577,32.71,22.48,3.26,0.0,7.9027
2020-05-03,5.9875,32.2,32.16,2.1,5.45,7.4671
2020-05-04,6.3396,30.21,41.46,1.98,2.01,7.5989
2020-05-05,7.4539,30.39,35.66,1.96,0.36,7.6462
2020-05-06,5.8735,31.96,30.53,1.63,2.11,7.6502
2020-05-07,7.9426,30.84,38.39,2.08,0.75,8.0842
2020-05-08,7.4362,32.52,27.2,1.88,0.0,8.0347
2020-05-09,7.487,34.13,21.49,1.47,0.0,7.938
2020-05-10,5.9462,34.48,22.41,2.48,0.82,7.7892
2020-05-11,6.1723,33.87,28.17,1.87,2.78,7.8214
2020-05-12,6.349,33.34,31.15,1.6,0.0,7.7304
2020-05-13,6.6526,32.72,31.1,2.0,1.26,7.4873
2020-05-14,6.9614,33.88,29.27,2.32,0.02,7.4873
2020-05-15,6.5086,34.17,28.23,3.38,0.05,7.5773
2020-05-16,7.0841,33.75,28.13,2.48,0.05,7.7962
2020-05-17,6.4435,34.35,20.14,2.59,0.15,7.9534
2020-05-18,7.1155,33.48,14.07,2.64,0.0,8.0196
2020-05-19,7.819,33.12,14.44,3.38,0.0,8.2066
2020-05-20,8.1715,32.51,14.37,3.75,0.0,8.544
2020-05-21,8.0352,33.89,15.51,3.2,0.0,8.4067
2020-05-22,7.8552,35.73,19.76,3.68,0.0,8.0138
2020-05-23,7.0956,37.01,22.9,4.65,0.0,7.7525
2020-05-24,7.6476,36.52,19.08,3.62,0.0,7.9262
2020-05-25,7.4522,36.89,20.53,4.25,0.0,7.8509
2020-05-26,7.4162,37.62,21.1,5.2,0.0,7.9682
2020-05-27,7.8821,37.48,20.44,4.48,0.0,7.9711
2020-05-28,7.1306,36.14,24.36,2.62,0.43,7.4947
2020-05-29,6.8664,35.81,24.98,2.51,3.15,7.2545
2020-05-30,6.24,30.88,48.4,2.07,12.76,7.1525
2020-05-31,6.2585,29.1,54.16,1.99,6.29,7.536
2020-06-01,6.4363,29.57,57.33,1.59,7.83,7.8394
2020-06-02,7.3217,31.33,46.68,1.47,0.02,7.7832
2020-06-03,5.874,32.78,40.01,0.98,0.16,7.561
2020-06-04,4.3555,30.17,49.48,2.96,1.07,7.2444
2020-06-05,6.605,30.36,48.57,2.17,1.23,7.5859
2020-06-06,7.0162,30.84,49.9,1.36,0.06,7.5931
2020-06-07,6.0089,30.96,52.17,2.63,4.2,7.5766
2020-06-08,7.3044,31.63,50.17,2.4,1.55,7.7515
2020-06-09,7.4148,34.04,43.84,2.66,0.1,7.7686
2020-06-10,6.966,34.62,42.74,3.17,0.81,7.5598
2020-06-11,6.5522,35.35,40.54,2.94,0.26,7.5158
2020-06-12,6.671,36.18,38.35,1.73,0.17,7.2677
2020-06-13,5.6366,35.18,37.66,1.15,1.08,7.05
2020-06-14,5.7367,35.54,37.14,1.81,0.09,6.9943
2020-06-15,7.0711,36.4,30.21,1.91,0.0,7.459
2020-06-16,7.1866,36.58,23.37,2.72,0.0,7.855
2020-06-17,7.2389,36.53,24.7,2.36,0.0,7.7861
2020-06-18,7.3526,36.41,32.84,3.77,0.0,7.512
2020-06-19,7.0858,36.09,39.01,3.96,3.67,7.4117
2020-06-20,6.829,34.99,42.32,3.75,3.01,7.446
2020-06-21,7.3956,34.36,45.93,3.43,3.59,7.8132
2020-06-22,6.3965,33.67,49.01,2.16,4.58,7.5742
2020-06-23,6.5935,34.16,45.8,2.62,0.2,7.4014
2020-06-24,4.5715,33.39,53.43,1.95,1.98,7.3649
2020-06-25,6.4025,34.36,50.66,1.92,1.25,7.2391
2020-06-26,5.5874,34.35,49.68,3.71,2.86,7.0481
2020-06-27,7.068,35.09,42.99,4.49,0.03,7.2341
2020-06-28,7.1573,35.83,39.75,4.35,0.0,7.4448
2020-06-29,7.2497,36.26,40.86,3.09,1.15,7.584
2020-06-30,6.0233,37.09,36.11,1.61,1.67,7.404
2020-07-01,5.6544,35.69,44.87,2.82,2.51,7.0822
2020-07-02,6.9072,35.3,47.21,3.6,0.38,7.0942
2020-07-03,6.3763,36.37,43.81,3.08,0.26,7.5019
2020-07-04,6.2518,34.45,48.97,2.17,1.45,7.2146
2020-07-05,6.2863,31.82,57.95,2.37,1.32,6.9156
2020-07-06,4.2526,33.45,48.69,1.44,1.24,6.5897
2020-07-07,6.415,32.92,49.37,1.61,2.43,7.2967
2020-07-08,5.851,32.32,57.39,1.51,10.03,7.6154
2020-07-09,5.4098,31.16,65.63,3.04,7.52,7.578
2020-07-10,6.1526,32.8,54.6,3.83,0.62,7.4465
2020-07-11,6.2628,32.94,57.03,3.15,0.42,7.4131
2020-07-12,4.6176,30.68,66.47,2.76,3.9,7.5785
2020-07-13,4.0661,31.55,62.1,2.21,2.93,7.4249
2020-07-14,6.7694,33.56,52.02,1.74,1.47,7.3411
2020-07-15,6.1289,33.93,50.73,1.97,0.93,6.9622
2020-07-16,5.2238,32.83,54.04,2.74,0.13,6.9197
2020-07-17,5.9918,33.51,54.53,2.87,0.12,7.2103
2020-07-18,6.594,34.85,49.54,1.37,0.27,7.3824
2020-07-19,4.7568,32.85,58.19,3.84,2.03,7.2211
2020-07-20,5.9117,33.47,52.5,3.38,1.37,7.2271
2020-07-21,4.4693,32.1,56.53,2.94,2.39,7.2814
2020-07-22,6.0934,29.95,65.73,3.36,6.55,7.1206
2020-07-23,5.6743,31.8,58.93,2.42,1.69,7.2235
2020-07-24,2.4595,29.62,69.0,1.39,13.72,7.225
2020-07-25,6.0569,29.81,67.81,2.26,4.46,7.2634
2020-07-26,5.5793,31.41,61.11,1.93,1.78,6.8155
2020-07-27,6.5719,32.25,56.24,3.08,1.0,7.1897
2020-07-28,6.8986,32.74,53.72,3.33,0.1,7.2874
2020-07-29,5.713,32.43,56.74,2.63,4.53,7.2281
2020-07-30,5.3611,30.15,68.19,1.8,11.04,7.0294
2020-07-31,5.6762,31.53,60.15,1.52,0.95,7.0025
2020-08-01,4.3663,31.68,62.15,0.97,8.68,6.9871
2020-08-02,6.737,31.3,66.39,1.81,17.29,7.0862
2020-08-03,3.305,30.88,68.7,3.12,14.12,6.8477
2020-08-04,6.3564,31.9,62.34,1.81,4.34,6.9605
2020-08-05,3.8222,31.51,62.82,2.55,1.73,6.45
2020-08-06,5.0753,29.94,71.51,4.33,4.77,7.1006
2020-08-07,4.5955,29.99,72.33,2.87,3.11,7.1916
2020-08-08,4.099,30.93,67.94,1.34,5.47,6.9878
2020-08-09,5.4689,30.8,69.67,1.81,6.17,6.943
2020-08-10,4.3123,30.15,75.32,1.09,7.34,6.8962
2020-08-11,3.6902,28.49,84.27,1.53,19.19,6.2016
2020-08-12,5.6381,29.0,79.28,2.55,6.13,6.7838
2020-08-13,4.4273,29.68,76.21,1.37,2.92,6.8532
2020-08-14,1.3975,28.8,82.09,1.84,30.46,6.828
2020-08-15,4.3123,28.21,85.74,1.28,27.73,6.653
2020-08-16,4.8518,28.91,83.38,1.34,2.64,6.8098
2020-08-17,5.7017,29.62,80.6,1.64,3.37,6.7423
2020-08-18,3.534,29.42,82.06,1.0,8.61,6.8508
2020-08-19,3.0648,28.21,89.08,1.54,30.88,6.5527
2020-08-20,4.9572,27.37,89.88,1.44,32.07,6.8849
2020-08-21,5.5373,27.25,83.43,2.72,0.66,6.8995
2020-08-22,4.0226,27.52,83.58,2.81,0.86,6.8959
2020-08-23,3.9463,27.51,83.98,3.21,2.56,6.751
2020-08-24,3.7656,27.41,85.25,2.42,5.53,6.9463
2020-08-25,4.5914,27.53,85.1,3.07,3.08,6.8866
2020-08-26,4.7124,27.1,82.67,3.35,1.35,6.8064
2020-08-27,5.5771,27.55,79.19,1.9,0.06,6.6624
2020-08-28,5.4766,28.06,76.37,1.39,1.0,6.7656
2020-08-29,5.5939,28.18,78.6,1.55,4.27,6.7063
2020-08-30,2.4665,27.17,83.99,2.84,10.55,6.6672
2020-08-31,4.2778,25.96,86.06,4.58,3.75,6.7709
2020-09-01,3.227,26.76,83.17,2.92,2.2,6.1423
2020-09-02,3.822,27.19,79.73,1.39,0.71,5.5872
2020-09-03,1.8317,27.22,82.89,0.96,10.45,6.0199
2020-09-04,3.8755,27.5,85.96,1.45,6.21,6.3691
2020-09-05,6.192,26.83,87.59,1.68,5.31,6.6266
2020-09-06,6.0998,27.3,80.57,1.22,0.56,6.6557
2020-09-07,3.7402,27.77,80.45,1.18,22.0,6.535
2020-09-08,4.963,28.34,75.95,1.31,3.55,6.421
2020-09-09,5.9376,28.3,75.75,1.43,1.18,6.2806
2020-09-10,6.3216,28.91,70.05,1.69,0.0,6.4862
2020-09-11,5.8817,29.22,69.02,1.43,0.0,6.3821
2020-09-12,5.8543,28.93,69.77,1.18,0.0,6.0814
2020-09-13,6.0262,28.71,67.64,1.13,0.0,6.1531
2020-09-14,6.0535,28.73,64.96,0.74,0.0,6.1538
2020-09-15,6.1022,29.35,65.66,1.08,0.0,6.1572
2020-09-16,5.9609,29.27,62.55,0.92,0.0,6.1082
2020-09-17,5.2582,29.63,68.75,2.04,0.0,5.9866
2020-09-18,5.6083,29.22,72.13,2.74,0.0,5.9794
2020-09-19,5.2706,28.21,67.95,1.72,0.07,5.9114
2020-09-20,5.5961,28.88,63.56,1.72,0.0,5.8848
2020-09-21,5.7379,28.73,58.59,1.59,0.0,5.9318
2020-09-22,5.0261,28.47,62.58,1.61,0.0,5.802
2020-09-23,5.6681,29.68,67.23,0.84,0.09,6.0454
2020-09-24,5.9563,30.38,58.77,0.77,0.02,6.1613
2020-09-25,5.8579,29.62,57.14,2.35,0.0,6.246
2020-09-26,4.5046,28.06,65.16,2.21,2.31,5.7482
2020-09-27,5.2865,27.26,66.23,1.62,1.46,5.8855
2020-09-28,5.7646,28.78,56.36,1.68,0.05,6.1702
2020-09-29,5.5872,28.93,50.8,1.4,0.0,6.0715
2020-09-30,5.8548,28.55,47.45,1.67,0.0,6.1709
2020-10-01,5.9076,27.83,49.13,2.39,0.0,6.2045
2020-10-02,5.9362,26.77,41.25,2.3,0.0,6.27
2020-10-03,5.9532,27.06,42.88,1.37,0.0,6.2606
2020-10-04,5.9136,26.75,41.45,1.29,0.0,6.2172
2020-10-05,5.9618,27.25,33.94,1.69,0.0,6.2186
2020-10-06,6.0991,27.86,35.73,1.46,0.0,6.2062
2020-10-07,5.9388,27.46,37.14,1.4,0.0,6.1606
2020-10-08,5.9052,26.85,35.29,1.48,0.0,6.071
2020-10-09,5.681,27.39,36.91,1.41,0.0,5.8622
2020-10-10,5.5776,27.1,38.73,1.54,0.0,5.7583
2020-10-11,5.5387,27.3,32.83,1.49,0.0,5.7266
2020-10-12,5.6026,27.18,32.47,1.16,0.0,5.6585
2020-10-13,5.303,26.1,35.46,1.51,0.0,5.3825
2020-10-14,4.0406,26.46,39.22,2.04,0.0,4.4388
2020-10-15,4.0399,26.75,43.75,2.17,0.0,4.4813
2020-10-16,4.2266,27.12,38.93,1.69,0.0,4.4306
2020-10-17,4.231,27.46,42.57,2.01,0.0,4.4011
2020-10-18,3.8045,27.66,40.28,1.56,0.01,4.3519
2020-10-19,3.0442,25.95,38.89,1.15,0.27,4.2091
2020-10-20,4.3344,26.72,31.16,1.18,0.0,4.387
2020-10-21,3.5158,26.62,38.25,0.86,0.09,4.8538
2020-10-22,4.649,26.38,40.03,1.39,0.07,5.0239
2020-10-23,4.9711,25.74,36.53,1.1,0.0,5.0671
2020-10-24,5.0549,25.06,33.93,1.07,0.0,5.2409
2020-10-25,4.8617,24.89,31.49,1.59,0.0,5.25
2020-10-26,4.9104,24.38,33.0,1.89,0.0,5.1302
2020-10-27,4.6207,22.39,28.09,1.44,0.0,4.7854
2020-10-28,4.7045,23.13,24.53,0.88,0.0,4.7688
2020-10-29,4.5624,22.19,28.7,1.44,0.0,4.7508
2020-10-30,4.5007,22.2,26.81,1.89,0.0,4.7047
2020-10-31,4.5398,21.91,27.26,1.63,0.0,4.5994
2020-11-01,4.5732,21.51,24.16,1.83,0.0,4.699
2020-11-02,5.1946,22.31,21.62,1.27,0.0,5.2183
2020-11-03,5.1451,22.57,21.0,1.48,0.0,5.2085
2020-11-04,5.1259,22.79,20.57,1.26,0.0,5.1533
2020-11-05,4.9106,23.13,20.98,1.16,0.0,5.003
2020-11-06,4.6498,22.66,22.4,1.35,0.0,4.777
2020-11-07,4.4671,22.86,22.7,1.12,0.0,4.5761
2020-11-08,4.1474,22.17,25.36,1.03,0.0,4.2727
2020-11-09,4.3109,20.78,27.52,1.27,0.0,4.3642
2020-11-10,3.551,20.12,32.14,1.37,0.0,3.745
2020-11-11,3.2938,18.93,36.65,1.76,0.0,3.3034
2020-11-12,3.6934,19.7,40.63,1.46,0.0,3.8897
2020-11-13,3.8333,20.91,41.36,1.09,0.0,3.8758
2020-11-14,3.9413,21.64,41.27,1.45,0.0,3.9991
2020-11-15,3.3535,21.94,61.83,2.26,5.82,3.8621
2020-11-16,2.8447,21.4,65.98,1.2,0.31,4.0279
2020-11-17,2.7149,19.04,63.72,1.55,0.0,3.773
2020-11-18,3.4154,19.16,52.33,1.31,0.0,3.5806
2020-11-19,3.1721,18.37,46.59,1.65,0.0,3.3802
2020-11-20,3.612,17.01,33.17,1.65,0.0,3.6362
2020-11-21,4.2499,16.51,37.13,1.58,0.0,4.2785
2020-11-22,4.2444,17.83,30.62,0.97,0.0,4.3956
2020-11-23,4.3726,17.33,32.99,1.53,0.0,4.3824
2020-11-24,4.079,17.53,37.23,1.96,0.0,4.1813
2020-11-25,3.4118,18.47,38.19,2.7,2.04,4.0322
2020-11-26,3.3348,16.78,47.2,2.34,0.61,3.5208
2020-11-27,4.266,16.34,47.68,2.42,0.0,4.302
2020-11-28,4.547,16.86,41.58,1.59,0.0,4.5667
2020-11-29,4.4686,18.95,30.78,0.66,0.0,4.4724
2020-11-30,4.2619,19.4,31.56,0.8,0.0,4.2989
2020-12-01,4.2005,19.6,26.36,1.06,0.0,4.2446
2020-12-02,4.2936,20.21,28.62,1.25,0.0,4.2972
2020-12-03,4.3639,21.36,25.69,1.07,0.0,4.3721
2020-12-04,4.3505,21.84,24.46,1.47,0.0,4.3632
2020-12-05,4.2487,21.41,27.87,1.41,0.0,4.2595
2020-12-06,4.1837,21.09,32.41,1.35,0.0,4.1902
2020-12-07,4.0421,20.42,32.26,1.41,0.0,4.0802
2020-12-08,4.0366,20.38,37.47,1.57,0.0,4.056
2020-12-09,4.0711,21.29,41.38,1.12,0.0,4.0752
2020-12-10,3.9571,20.73,42.91,0.93,0.0,3.9602
2020-12-11,2.1132,19.82,52.1,2.4,0.0,3.4735
2020-12-12,3.5311,18.54,62.31,1.84,0.0,3.5455
2020-12-13,3.1942,16.03,51.74,1.97,0.0,3.2527
2020-12-14,3.0919,15.04,41.45,1.37,0.0,3.1099
2020-12-15,2.7386,13.86,39.74,1.74,0.0,2.759
2020-12-16,3.5832,13.6,40.24,2.06,0.0,3.6007
2020-12-17,4.1054,11.42,29.86,2.09,0.0,4.111
2020-12-18,4.3898,12.09,28.82,1.73,0.0,4.3951
2020-12-19,4.3512,14.55,26.1,1.53,0.0,4.3553
2020-12-20,3.8952,16.48,26.11,1.25,0.0,4.2833
2020-12-21,3.869,16.5,28.15,1.33,0.0,4.2905
2020-12-22,3.4426,17.2,25.7,1.11,0.0,4.1729
2020-12-23,3.9607,15.53,29.37,1.88,0.0,4.0308
2020-12-24,3.791,15.01,35.28,1.81,0.0,3.8148
2020-12-25,3.7373,15.53,32.43,1.24,0.0,3.787
2020-12-26,3.6463,15.97,33.06,1.42,0.0,3.713
2020-12-27,3.7409,15.47,36.34,2.59,0.0,3.7586
2020-12-28,4.465,11.26,23.27,1.71,0.0,4.4719
2020-12-29,4.4407,11.4,32.34,1.64,0.0,4.4494
2020-12-30,4.2036,10.94,38.28,1.59,0.0,4.2103
2020-12-31,3.6365,11.67,32.86,1.3,0.0,3.6602
2021-01-01,2.5718,13.33,37.33,2.26,0.0,2.6107
2021-01-02,2.1103,16.19,63.5,3.19,0.68,2.4391
2021-01-03,2.4468,17.59,69.35,2.26,1.35,2.7115
2021-01-04,1.8125,15.98,85.97,3.75,12.29,2.5706
2021-01-05,2.4245,17.02,81.4,2.23,8.67,2.9959
2021-01-06,2.9789,14.67,72.08,1.84,0.07,3.1445
2021-01-07,2.1077,14.23,68.8,1.39,0.03,2.905
2021-01-08,1.0397,14.15,77.5,1.36,0.2,2.8373
2021-01-09,1.0783,14.9,78.74,1.59,0.13,2.7391
2021-01-10,2.8661,13.81,58.94,1.85,0.0,3.0175
2021-01-11,4.0963,12.46,45.84,1.91,0.0,4.1179
2021-01-12,4.6025,13.07,39.74,1.64,0.0,4.6205
2021-01-13,4.698,14.26,32.08,1.0,0.0,4.7203
2021-01-14,4.4347,15.65,31.33,0.85,0.0,4.6512
2021-01-15,4.6025,16.05,32.08,1.08,0.0,4.6481
2021-01-16,4.439,15.76,34.99,1.27,0.0,4.4448
2021-01-17,3.6072,14.42,42.02,2.64,0.0,3.6134
2021-01-18,3.1598,15.27,47.0,2.4,0.0,3.2534
2021-01-19,3.6487,15.01,48.2,1.52,0.0,3.6574
2021-01-20,4.2931,15.23,45.49,1.64,0.0,4.3032
2021-01-21,4.7311,15.99,37.24,2.16,0.0,4.7386
2021-01-22,4.7206,16.32,38.81,1.8,0.0,4.7292
2021-01-23,4.4105,15.94,41.58,2.34,0.0,4.4294
2021-01-24,4.4902,12.22,38.98,2.37,0.0,4.554
2021-01-25,4.6169,11.37,46.75,1.69,0.0,4.6495
2021-01-26,4.7388,12.18,41.72,1.5,0.0,4.7556
2021-01-27,4.8446,13.46,41.29,1.01,0.0,4.8542
2021-01-28,4.7863,13.41,38.95,1.18,0.0,4.7976
2021-01-29,4.8814,13.21,32.51,1.25,0.0,4.8929
2021-01-30,4.9726,14.59,26.78,1.44,0.0,5.0429
2021-01-31,5.088,16.54,25.21,1.29,0.0,5.1
2021-02-01,5.063,18.08,22.83,1.36,0.0,5.0738
2021-02-02,5.1214,18.33,26.16,1.71,0.0,5.1259
2021-02-03,4.6114,18.93,31.13,1.88,0.0,4.9078
2021-02-04,4.4705,18.15,32.12,2.31,0.01,4.673
2021-02-05,4.759,15.27,48.62,2.06,0.0,4.8206
2021-02-06,5.2154,15.01,38.03,1.75,0.0,5.225
2021-02-07,5.3899,16.4,34.59,1.43,0.0,5.4014
2021-02-08,5.3148,18.18,31.94,1.12,0.0,5.3254
2021-02-09,5.369,19.82,26.98,1.51,0.0,5.461
2021-02-10,5.3702,20.15,23.44,1.94,0.0,5.3875
2021-02-11,5.4842,19.07,28.83,1.35,0.0,5.5097
2021-02-12,4.8838,18.89,31.57,1.49,0.0,5.3462
2021-02-13,4.4945,19.65,27.47,1.53,0.0,5.1288
2021-02-14,5.2094,19.79,28.09,1.38,0.0,5.2159
2021-02-15,4.429,20.26,29.14,1.39,0.0,5.1703
2021-02-16,4.9711,20.94,28.42,1.69,0.0,5.1823
2021-02-17,5.0698,20.32,27.83,1.36,0.0,5.1319
2021-02-18,5.353,19.36,28.18,1.64,0.0,5.3887
2021-02-19,5.4614,19.33,24.98,1.5,0.0,5.4679
2021-02-20,5.6232,19.76,23.39,1.16,0.0,5.641
2021-02-21,5.6719,20.72,19.31,1.4,0.0,5.6827
2021-02-22,5.8351,22.87,18.14,1.51,0.0,5.8452
2021-02-23,5.887,24.21,15.47,1.44,0.0,5.9026
2021-02-24,5.8438,24.78,18.13,1.37,0.0,5.8685
2021-02-25,5.9897,23.86,24.04,2.37,0.0,6.0156
2021-02-26,5.9942,25.1,26.0,2.5,0.0,6.0259
2021-02-27,5.8483,25.61,28.34,3.01,0.0,5.8608
2021-02-28,5.9676,23.25,23.1,2.45,0.0,5.9786
2021-03-01,6.0026,22.19,16.2,2.26,0.0,6.1526
2021-03-02,6.3137,21.52,19.1,2.4,0.0,6.4346
2021-03-03,6.2453,24.59,13.64,1.36,0.0,6.4618
2021-03-04,6.3821,25.38,12.91,1.12,0.0,6.5117
2021-03-05,6.3456,23.76,15.34,2.73,0.0,6.4229
2021-03-06,6.2474,26.22,16.28,2.08,0.0,6.3559
2021-03-07,6.1428,26.75,23.49,2.69,0.0,6.2866
2021-03-08,5.6618,27.38,27.63,2.39,0.0,6.2446
2021-03-09,6.2549,26.56,26.44,1.34,0.26,6.4423
2021-03-10,5.8265,25.69,30.9,1.93,0.29,6.3473
2021-03-11,6.1121,26.51,25.83,2.7,0.0,6.2189
2021-03-12,4.6627,25.83,35.03,2.52,2.22,5.9206
2021-03-13,6.3622,24.67,47.23,2.17,0.02,6.4546
2021-03-14,6.27,26.21,35.37,1.36,0.0,6.5371
2021-03-15,6.0509,25.56,32.37,1.64,0.0,6.2647
2021-03-16,5.8061,26.68,24.55,1.44,0.0,6.149
2021-03-17,4.8926,27.1,25.22,1.9,0.0,5.9666
2021-03-18,4.9219,27.69,27.03,2.23,0.07,5.7161
2021-03-19,5.8682,27.72,30.72,2.43,0.29,6.1104
2021-03-20,6.257,27.48,21.88,1.94,0.0,6.3475
2021-03-21,6.1253,27.9,21.23,2.02,0.0,6.5177
2021-03-22,5.0534,28.71,23.02,1.86,0.54,6.3938
2021-03-23,4.8312,27.96,26.35,1.9,0.08,6.4723
2021-03-24,6.5642,25.36,28.24,2.05,2.27,6.7476
2021-03-25,6.2892,24.09,25.25,2.52,0.0,7.069
2021-03-26,6.721,25.33,29.26,2.04,0.08,7.0325
2021-03-27,6.6427,28.32,23.8,1.59,0.0,7.0032
2021-03-28,6.7267,29.43,19.36,1.9,0.0,7.0692
2021-03-29,6.9653,31.12,16.25,3.17,0.0,7.3162
2021-03-30,6.5983,29.82,17.77,5.43,0.0,6.9785
2021-03-31,7.1998,27.74,12.08,2.3,0.0,7.4534
2021-04-01,7.2254,27.11,8.57,2.73,0.0,7.8926
2021-04-02,7.1393,27.06,8.47,2.02,0.0,7.6728
2021-04-03,6.8698,27.37,9.44,1.84,0.0,7.5833
2021-04-04,7.1813,29.08,8.19,1.96,0.0,7.5598
2021-04-05,6.9206,30.7,13.23,2.83,0.0,7.2144
2021-04-06,7.1174,31.83,17.36,4.55,0.0,7.3097
2021-04-07,6.5251,29.6,28.41,3.07,0.0,6.8597
2021-04-08,6.8086,28.12,12.5,2.8,0.0,7.1902
2021-04-09,7.0546,27.95,12.16,2.34,0.0,7.3841
2021-04-10,7.1789,29.06,11.69,1.86,0.0,7.5113
2021-04-11,7.1664,30.07,11.71,1.72,0.0,7.5566
2021-04-12,7.3495,31.13,10.89,1.56,0.0,7.6114
2021-04-13,7.3618,31.06,13.26,1.85,0.0,7.8552
2021-04-14,5.4866,32.19,14.88,1.6,0.0,7.0512
2021-04-15,7.0075,31.18,14.13,3.26,0.0,7.1964
2021-04-16,6.2604,31.1,23.99,3.32,1.33,7.2713
2021-04-17,6.5158,28.77,31.91,2.8,0.02,7.3342
2021-04-18,6.9449,29.89,24.28,2.33,0.0,7.6541
2021-04-19,6.6466,31.39,16.99,2.07,0.0,7.326
2021-04-20,4.883,29.47,23.26,2.95,0.54,6.7694
2021-04-21,6.7622,26.76,33.2,4.01,0.01,7.5079
2021-04-22,7.6111,28.31,26.25,1.66,0.01,7.9222
2021-04-23,6.882,29.56,22.22,3.99,0.0,7.5778
2021-04-24,7.8521,27.73,24.03,3.93,0.0,8.0021
2021-04-25,8.004,28.94,13.64,2.41,0.0,8.424
2021-04-26,7.8922,31.59,9.7,1.31,0.0,8.5366
2021-04-27,8.2985,33.52,9.93,1.16,0.0,8.4797
2021-04-28,8.4274,33.38,8.61,1.77,0.0,8.4902
2021-04-29,6.9276,34.42,11.76,1.87,0.0,7.5288
2021-04-30,6.3746,33.63,16.66,2.61,0.16,7.231
2021-05-01,5.2644,33.41,18.96,2.62,0.04,7.1357
2021-05-02,4.2677,31.69,27.64,2.46,0.03,6.7918
2021-05-03,5.2766,32.31,23.63,1.3,0.0,7.6375
2021-05-04,6.0374,32.51,20.96,2.88,0.0,7.6591
2021-05-05,7.0382,33.13,23.88,2.31,0.01,7.6512
2021-05-06,6.4879,33.69,22.11,1.78,1.08,7.6025
2021-05-07,7.0709,32.77,25.31,2.66,0.05,7.4779
2021-05-08,6.8954,33.37,24.61,2.27,0.01,7.4532
2021-05-09,6.5357,34.16,22.34,2.27,0.01,7.3109
2021-05-10,6.175,34.57,22.27,2.17,0.59,7.3718
2021-05-11,6.2738,34.04,24.12,2.68,0.39,7.7998
2021-05-12,6.3636,33.11,31.88,2.23,0.79,7.4959
2021-05-13,7.4791,31.08,38.4,2.29,0.18,7.7566
2021-05-14,6.5304,33.29,31.12,1.68,0.05,7.4513
2021-05-15,6.834,32.52,33.59,2.38,0.41,7.4129
2021-05-16,5.4938,33.65,32.61,3.71,0.18,7.111
2021-05-17,3.275,30.07,37.83,4.77,2.6,7.223
2021-05-18,2.1562,26.17,56.34,4.05,3.76,7.3486
2021-05-19,1.3373,23.98,81.02,5.96,70.55,7.4119
2021-05-20,7.3718,27.73,56.78,3.88,0.33,7.5019
2021-05-21,7.3337,29.79,49.85,2.61,1.37,7.5437
2021-05-22,7.1038,30.15,50.27,2.01,1.13,7.6464
2021-05-23,6.9101,28.75,51.75,1.92,0.39,7.5151
2021-05-24,7.6313,29.62,39.74,2.9,0.0,7.9289
2021-05-25,7.6375,32.1,34.44,2.54,0.0,7.7995
2021-05-26,7.2005,33.14,38.4,2.12,0.0,7.6898
2021-05-27,6.9965,34.41,38.71,1.77,0.17,7.5082
2021-05-28,7.2955,34.67,40.07,1.77,0.48,7.5415
2021-05-29,7.315,34.04,44.33,2.34,2.38,7.465
2021-05-30,6.9967,33.17,44.94,2.72,1.65,7.386
2021-05-31,6.6156,34.17,42.77,2.97,0.24,7.2108
2021-06-01,6.66,31.96,48.77,1.59,4.15,7.4815
2021-06-02,5.1355,31.17,54.85,1.8,3.91,7.5206
2021-06-03,5.9189,29.42,60.02,1.37,2.02,7.7573
2021-06-04,4.44,32.79,43.54,1.18,0.04,7.4405
2021-06-05,5.947,33.2,46.07,2.58,1.38,7.3006
2021-06-06,7.4532,32.01,50.14,2.09,0.41,7.6896
2021-06-07,7.3363,34.35,44.16,3.11,0.0,7.7162
2021-06-08,7.4518,34.7,41.3,4.78,0.0,7.746
2021-06-09,7.4561,34.32,41.98,4.44,0.0,7.794
2021-06-10,7.7434,34.47,43.18,4.04,0.05,7.9546
2021-06-11,7.6766,34.58,41.7,4.37,0.0,7.8658
2021-06-12,7.6159,35.53,41.47,3.52,0.55,7.7695
2021-06-13,6.6864,33.36,54.18,1.83,1.35,7.3802
2021-06-14,6.137,33.51,53.27,1.87,5.52,7.3764
2021-06-15,7.0651,32.85,54.29,3.24,2.45,7.2425
2021-06-16,6.2153,31.74,55.05,3.12,1.43,7.1606
2021-06-17,6.456,32.71,44.01,1.82,0.04,7.4201
2021-06-18,5.809,32.76,41.43,2.48,0.1,7.4592
2021-06-19,4.0308,32.55,44.33,2.62,0.62,7.296
2021-06-20,4.0022,32.32,49.42,2.0,2.1,6.7013
2021-06-21,5.8015,33.2,45.23,3.19,0.03,7.2502
2021-06-22,6.3773,33.88,44.26,2.97,1.35,7.0922
2021-06-23,5.6083,34.54,44.01,2.14,2.71,6.817
2021-06-24,6.222,34.14,45.63,1.99,1.16,6.9917
2021-06-25,6.9014,33.14,50.42,2.57,5.07,7.2907
2021-06-26,6.1675,32.87,47.58,1.81,0.17,7.4225
2021-06-27,6.8489,35.14,38.49,1.84,0.46,7.3824
2021-06-28,7.1688,35.56,32.05,2.44,0.0,7.457
2021-06-29,7.2245,36.01,31.67,3.35,0.1,7.6327
2021-06-30,7.037,35.94,36.96,5.51,0.12,7.5228
2021-07-01,7.5566,35.37,40.49,4.47,0.0,7.6898
2021-07-02,7.3322,34.78,43.98,4.02,1.08,7.4635
2021-07-03,6.739,33.36,46.15,2.74,0.29,7.2665
2021-07-04,5.011,34.18,45.4,3.25,0.91,7.1897
2021-07-05,5.6138,34.56,44.33,1.89,2.89,7.236
2021-07-06,6.5779,34.16,44.99,2.4,1.21,7.3687
2021-07-07,6.5899,35.6,38.35,3.61,0.22,7.3781
2021-07-08,7.3162,35.73,37.49,3.31,1.71,7.5818
2021-07-09,5.1134,34.04,45.55,1.55,0.65,7.152
2021-07-10,5.6071,34.41,48.35,1.95,6.74,6.5218
2021-07-11,5.2519,31.51,63.73,3.25,22.5,6.4862
2021-07-12,4.6152,29.91,72.26,3.77,9.05,6.6569
2021-07-13,5.6102,31.99,60.17,3.14,0.8,7.1628
2021-07-14,5.9683,30.61,66.26,3.39,11.1,7.2994
2021-07-15,6.7879,32.2,60.13,3.7,2.16,7.3574
2021-07-16,6.8402,33.93,53.29,2.74,1.05,7.4208
2021-07-17,5.8222,34.15,56.78,2.04,4.64,7.3157
2021-07-18,2.6873,31.11,73.34,2.85,22.54,6.6089
2021-07-19,2.1468,28.74,80.13,2.63,25.15,6.3276
2021-07-20,4.2233,30.17,71.13,2.91,0.71,6.5134
2021-07-21,5.1079,30.4,67.3,2.54,0.27,6.5117
2021-07-22,4.459,31.14,66.73,2.23,4.42,6.1094
2021-07-23,2.677,28.78,82.31,1.04,12.25,6.3706
2021-07-24,5.6311,29.8,74.1,0.9,1.23,7.0123
2021-07-25,5.9302,31.02,70.59,1.86,0.66,6.913
2021-07-26,4.2242,29.49,77.85,2.86,16.56,6.3638
2021-07-27,1.6102,27.91,77.85,4.15,16.4,6.3905
2021-07-28,3.0665,27.9,80.88,3.18,5.61,6.4654
2021-07-29,3.6127,27.91,78.66,3.01,9.29,6.2868
2021-07-30,2.7252,27.78,84.2,2.63,38.69,6.3876
2021-07-31,1.1419,27.51,88.15,1.52,64.35,6.7817
2021-08-01,4.1026,28.41,84.62,1.79,27.78,7.0954
2021-08-02,2.149,26.82,91.47,2.71,50.9,6.5102
2021-08-03,3.3658,27.47,87.08,3.09,29.08,6.8954
2021-08-04,3.6708,28.26,84.74,2.47,7.62,6.7541
2021-08-05,5.8399,28.52,82.81,1.5,3.73,6.9691
2021-08-06,4.9181,27.45,85.4,1.09,6.8,6.9142
2021-08-07,4.2571,27.19,86.1,1.14,13.52,6.408
2021-08-08,5.8169,27.79,83.81,1.44,1.99,6.4303
2021-08-09,6.0749,28.17,83.49,2.18,4.87,6.5794
2021-08-10,6.4159,27.71,78.33,3.23,0.16,6.6667
2021-08-11,6.5033,26.92,78.89,2.65,0.0,7.097
2021-08-12,6.2246,27.14,78.94,2.3,0.06,6.8287
2021-08-13,6.3218,27.81,78.48,2.78,0.0,6.6646
2021-08-14,6.4157,27.81,78.49,3.09,0.0,6.8105
2021-08-15,6.3986,27.88,77.63,2.08,0.0,6.8837
2021-08-16,6.5966,28.77,72.61,1.44,0.0,6.8923
2021-08-17,6.6252,29.8,68.25,1.83,0.0,6.8815
2021-08-18,6.7596,29.91,68.24,1.4,0.0,6.9334
2021-08-19,4.9303,30.21,70.99,1.19,0.01,6.5496
2021-08-20,2.964,28.38,79.79,1.79,0.9,6.3497
2021-08-21,4.2586,27.88,81.63,1.32,8.58,6.3156
2021-08-22,4.4578,28.16,82.39,1.09,10.05,6.0888
2021-08-23,4.7566,27.81,79.67,2.64,1.58,6.5105
2021-08-24,6.6346,28.64,74.49,3.18,0.03,6.7901
2021-08-25,6.0451,27.32,77.3,3.45,0.0,6.7435
2021-08-26,5.4127,27.02,76.98,3.11,0.0,6.3746
2021-08-27,5.8661,27.62,73.82,2.25,0.0,6.3595
2021-08-28,5.9604,28.46,73.68,1.26,0.0,6.299
2021-08-29,3.3751,29.15,74.78,1.05,0.03,5.9875
2021-08-30,4.3978,27.99,82.36,2.06,0.93,5.9014
2021-08-31,3.979,26.72,87.14,2.86,11.07,6.5398
2021-09-01,3.9588,26.55,89.55,2.52,27.17,6.5604
2021-09-02,3.7003,27.25,87.29,1.1,5.69,6.6254
2021-09-03,5.2745,27.09,86.69,2.03,3.72,6.6446
2021-09-04,5.4662,27.38,83.88,1.85,9.02,6.557
2021-09-05,4.6037,28.63,76.67,0.86,4.6,6.4082
2021-09-06,5.2572,28.96,79.09,0.83,1.55,6.245
2021-09-07,5.0978,27.36,90.44,2.02,2.9,5.7434
2021-09-08,4.6092,27.22,86.2,2.98,0.14,6.379
2021-09-09,3.8189,27.44,84.29,2.78,2.43,6.2378
2021-09-10,3.1363,26.29,88.4,3.29,9.03,5.9676
2021-09-11,4.2823,25.63,89.73,6.45,20.07,6.2587
2021-09-12,4.4647,25.55,92.84,3.57,9.0,6.3401
2021-09-13,5.0827,26.71,86.96,2.82,4.74,6.2808
2021-09-14,4.6982,26.85,85.41,3.51,3.12,6.277
2021-09-15,4.9423,26.67,85.42,3.93,0.82,6.0127
2021-09-16,5.4739,26.45,85.56,2.87,0.92,6.4754
2021-09-17,3.9293,25.89,85.62,2.98,3.14,6.2278
2021-09-18,3.2676,26.38,86.12,2.91,4.3,6.0127
2021-09-19,3.288,27.17,87.07,2.76,3.27,5.8524
2021-09-20,3.0406,27.64,86.7,2.77,1.16,5.8706
2021-09-21,4.2526,27.05,87.83,3.11,0.65,5.9359
2021-09-22,4.543,25.76,92.63,2.61,16.58,5.7017
2021-09-23,3.6127,25.66,90.46,3.22,7.9,5.6964
2021-09-24,4.8566,26.44,85.11,2.14,3.38,5.755
2021-09-25,4.9661,27.02,84.48,2.0,1.31,5.7235
2021-09-26,4.537,26.75,86.62,2.15,18.88,5.7881
2021-09-27,3.5899,26.39,86.33,2.29,8.63,5.7197
2021-09-28,5.753,26.57,85.24,2.52,1.19,6.0871
2021-09-29,4.8631,26.25,86.29,3.28,0.07,5.7821
2021-09-30,4.5166,26.43,87.25,2.15,1.77,5.7242
2021-10-01,5.3004,26.95,87.07,0.91,3.4,5.5675
2021-10-02,4.7858,27.28,83.92,1.59,10.93,5.64
2021-10-03,5.4444,27.24,81.88,1.8,1.4,5.7739
2021-10-04,5.58,27.11,77.66,2.19,0.0,5.9316
2021-10-05,5.0038,28.0,72.3,0.87,0.01,5.6366
2021-10-06,5.3486,27.79,76.13,1.23,1.08,5.569
2021-10-07,5.5186,27.43,71.94,1.18,0.09,5.791
2021-10-08,5.767,26.82,61.14,0.97,0.0,5.8862
2021-10-09,5.5692,27.86,58.32,0.67,0.0,5.7989
2021-10-10,5.3035,27.96,59.02,1.25,0.0,5.7679
2021-10-11,5.557,26.8,61.56,1.4,0.0,5.7478
2021-10-12,5.4662,26.97,58.9,1.23,0.0,5.7859
2021-10-13,5.4046,24.71,59.81,1.51,0.0,5.779
2021-10-14,5.7408,23.75,52.56,1.88,0.0,5.9678
2021-10-15,5.766,24.46,49.05,1.46,0.0,5.9038
2021-10-16,5.3107,25.37,54.3,1.34,0.0,5.5543
2021-10-17,2.9496,25.08,80.49,2.25,8.89,4.6409
2021-10-18,2.9071,22.53,86.23,3.26,2.27,4.9634
2021-10-19,4.9051,23.05,69.0,1.89,0.03,5.177
2021-10-20,5.1317,23.56,54.87,1.67,0.0,5.3969
2021-10-21,5.2082,22.48,57.78,2.59,0.0,5.6376
2021-10-22,5.4713,22.76,67.91,2.91,0.0,5.6105
2021-10-23,4.9286,22.04,72.62,2.45,0.0,5.3549
2021-10-24,4.2886,22.41,76.53,1.66,0.13,5.0674
2021-10-25,4.7256,22.86,69.07,1.16,0.04,4.9843
2021-10-26,4.7474,21.26,67.1,1.64,0.0,5.0203
2021-10-27,4.789,20.74,58.63,1.48,0.0,5.1516
2021-10-28,5.1878,21.05,53.12,1.29,0.0,5.2135
2021-10-29,5.2068,20.14,54.2,1.76,0.0,5.2169
2021-10-30,4.8919,20.43,51.31,1.83,0.0,4.9099
2021-10-31,5.0983,23.09,39.05,1.21,0.0,5.1581
2021-11-01,4.9541,20.99,55.19,1.6,0.0,5.1233
2021-11-02,4.68,20.74,61.69,1.93,0.0,4.8862
2021-11-03,4.6769,20.97,57.41,1.44,0.0,4.873
2021-11-04,4.4016,19.5,55.62,1.91,0.0,4.4786
2021-11-05,3.6619,19.9,51.47,1.5,0.0,4.08
2021-11-06,3.7068,21.25,47.31,1.2,0.0,3.8638
2021-11-07,4.3507,21.33,51.63,1.41,0.0,4.3608
2021-11-08,3.967,21.16,53.75,1.43,0.0,4.3274
2021-11-09,4.6198,21.99,46.27,1.4,0.0,4.6495
2021-11-10,4.4474,22.08,44.99,1.19,0.0,4.6601
2021-11-11,4.4772,21.01,45.78,1.02,0.0,4.4918
2021-11-12,3.8592,20.13,49.55,1.03,0.0,3.8993
2021-11-13,3.1949,19.39,48.38,1.37,0.0,3.3984
2021-11-14,3.6122,19.2,44.95,1.07,0.0,3.6168
2021-11-15,3.4054,18.79,51.01,0.81,0.0,3.5405
2021-11-16,3.733,17.45,47.82,1.28,0.0,3.7543
2021-11-17,3.7589,16.38,50.43,1.73,0.0,4.0778
2021-11-18,2.7809,16.9,54.93,1.71,0.0,4.0289
2021-11-19,1.0793,18.78,59.52,1.47,0.86,3.3286
2021-11-20,2.6114,17.11,83.78,2.1,2.07,3.7788
2021-11-21,3.7615,20.25,59.05,1.16,0.03,3.8678
2021-11-22,3.919,19.13,41.6,1.83,0.0,4.1772
2021-11-23,4.446,20.29,29.2,1.16,0.0,4.4957
2021-11-24,4.337,19.23,55.07,1.63,0.0,4.4047
2021-11-25,4.3565,19.45,53.31,1.17,0.0,4.3874
2021-11-26,4.2569,19.06,53.53,1.11,0.0,4.3666
2021-11-27,4.1158,18.85,57.97,1.14,0.0,4.3769
2021-11-28,3.8172,18.39,63.07,1.45,0.0,4.1249
2021-11-29,3.9113,18.39,56.74,1.22,0.0,4.0898
2021-11-30,3.7063,18.32,45.67,1.07,0.0,4.1285
2021-12-01,1.6368,16.35,58.28,1.44,0.0,3.8765
2021-12-02,1.4443,15.84,55.7,1.22,0.05,3.6898
2021-12-03,3.091,17.07,56.72,0.97,0.17,3.7622
2021-12-04,3.7618,18.21,59.29,1.04,0.0,3.7697
2021-12-05,2.7266,18.35,64.55,1.65,0.11,3.323
2021-12-06,3.077,18.71,66.77,1.15,0.04,3.3226
2021-12-07,3.827,16.38,51.92,1.43,0.0,3.8338
2021-12-08,3.8813,16.21,44.75,1.08,0.0,3.8873
2021-12-09,3.7584,15.13,50.68,1.38,0.0,3.8914
2021-12-10,4.1304,14.37,47.39,1.42,0.0,4.1578
2021-12-11,4.0423,15.28,39.9,0.93,0.0,4.0812
2021-12-12,4.0901,14.96,46.56,1.45,0.0,4.1052
2021-12-13,3.0994,13.91,62.0,1.36,0.0,3.4812
2021-12-14,3.3367,14.96,64.61,1.19,0.0,3.4577
2021-12-15,3.3641,14.63,67.06,1.19,0.0,3.3804
2021-12-16,3.1006,13.39,58.68,2.06,0.0,3.2494
2021-12-17,3.2448,11.09,37.79,2.86,0.0,3.4025
2021-12-18,4.2931,9.97,34.63,1.9,0.0,4.3145
2021-12-19,4.3896,10.96,30.94,1.43,0.0,4.4203
2021-12-20,4.1796,13.99,25.68,0.84,0.0,4.2454
2021-12-21,4.2391,15.41,33.17,1.06,0.0,4.2425
2021-12-22,4.1261,16.41,36.12,0.89,0.0,4.1429
2021-12-23,3.8964,17.36,41.66,1.24,0.0,4.0147
2021-12-24,3.5486,17.13,46.87,1.49,0.0,3.7277
2021-12-25,3.5112,15.53,52.42,1.58,0.0,3.5299
2021-12-26,3.025,15.64,62.11,1.51,1.81,3.2489
2021-12-27,2.6746,14.41,72.06,2.05,1.06,2.7967
2021-12-28,1.3702,13.53,78.46,1.68,0.89,2.6923
2021-12-29,3.2714,13.49,67.55,1.46,0.0,3.3828
2021-12-30,3.7061,11.76,51.72,1.62,0.0,3.9348
2021-12-31,2.7228,11.07,52.46,1.17,0.0,3.6722
2022-01-01,3.2539,13.25,52.54,1.14,0.0,3.6089
2022-01-02,3.4186,13.99,47.97,1.28,0.0,3.6019
2022-01-03,3.6773,15.06,45.39,1.07,0.0,3.8026
2022-01-04,3.2544,16.57,56.35,1.73,0.02,3.7517
2022-01-05,1.165,15.18,83.23,1.49,7.74,3.2455
2022-01-06,1.0788,14.45,87.58,2.14,2.6,2.8738
2022-01-07,1.8202,15.15,85.14,2.45,19.62,3.4903
2022-01-08,2.1802,15.33,80.41,2.17,15.11,3.7584
2022-01-09,3.7975,11.24,72.44,2.41,0.03,4.5101
2022-01-10,4.399,10.57,70.04,1.6,0.01,4.4436
2022-01-11,4.0224,10.53,68.06,1.33,0.0,4.2821
2022-01-12,2.8915,10.29,62.67,1.16,0.0,4.1028
2022-01-13,3.8146,11.31,59.32,1.1,0.0,4.1179
2022-01-14,4.1098,11.11,63.52,1.02,0.0,4.2974
2022-01-15,2.069,10.61,73.1,1.18,0.0,4.0078
2022-01-16,2.285,10.95,66.08,1.26,0.0,4.1676
2022-01-17,3.059,10.83,63.47,1.15,0.0,4.2305
2022-01-18,3.899,12.64,56.25,1.29,0.0,4.4398
2022-01-19,4.2758,13.0,59.94,1.33,0.0,4.397
2022-01-20,4.3114,13.82,64.74,1.53,0.0,4.501
2022-01-21,2.7617,13.67,68.48,1.91,0.87,4.3937
2022-01-22,3.174,14.99,72.98,3.37,10.6,4.2278
2022-01-23,3.1272,12.41,69.77,2.27,1.43,3.8393
2022-01-24,4.4616,11.08,70.4,1.61,0.0,4.8151
2022-01-25,4.825,10.57,68.42,1.62,0.0,4.9548
2022-01-26,4.8619,10.65,60.47,1.6,0.0,4.937
2022-01-27,4.8547,11.33,47.36,1.47,0.0,4.9538
2022-01-28,4.9116,13.52,38.88,1.32,0.0,5.0167
2022-01-29,5.0165,16.09,33.16,0.89,0.0,5.0258
2022-01-30,5.0302,16.66,36.08,1.36,0.0,5.0354
2022-01-31,4.8341,17.61,40.18,1.21,0.0,4.8516
2022-02-01,4.9202,17.38,45.01,1.63,0.0,4.9351
2022-02-02,5.0282,16.13,47.79,1.73,0.0,5.0431
2022-02-03,4.6042,14.06,55.71,3.18,0.01,4.7018
2022-02-04,5.1125,12.73,58.48,2.11,0.0,5.1456
2022-02-05,5.2646,12.88,55.03,1.38,0.0,5.2706
2022-02-06,5.1809,13.48,48.48,1.94,0.0,5.191
2022-02-07,4.9786,16.76,47.3,1.22,0.0,4.9838
2022-02-08,4.343,18.07,54.45,1.24,0.22,4.8595
2022-02-09,4.4105,16.71,67.12,2.35,1.16,4.7302
2022-02-10,5.135,14.87,58.19,1.47,0.0,5.3148
2022-02-11,5.5198,15.07,43.53,1.8,0.0,5.5238
2022-02-12,5.5435,17.49,34.04,1.32,0.0,5.5714
2022-02-13,5.5457,16.46,41.66,1.75,0.0,5.5615
2022-02-14,5.3446,16.1,45.06,1.78,0.0,5.353
2022-02-15,5.1269,16.94,46.2,1.7,0.0,5.1446
2022-02-16,5.293,18.09,43.48,1.32,0.0,5.3155
2022-02-17,5.4564,18.41,45.15,1.14,0.0,5.5214
2022-02-18,4.7436,18.58,47.67,1.55,0.82,5.0921
2022-02-19,5.1442,18.05,48.67,1.49,0.34,5.1624
2022-02-20,5.6923,17.77,37.86,3.06,0.0,5.7269
2022-02-21,5.6914,20.16,34.08,1.82,0.0,5.7161
2022-02-22,5.8843,21.28,36.47,2.46,0.0,5.9004
2022-02-23,5.5819,20.09,45.85,1.43,0.0,5.7122
2022-02-24,4.8533,20.0,50.01,1.43,0.0,5.4137
2022-02-25,5.4991,19.99,50.76,1.99,0.02,5.5666
2022-02-26,5.6002,18.95,49.25,2.21,0.02,5.6858
2022-02-27,5.3719,18.51,54.32,2.93,0.0,5.3767
2022-02-28,5.9431,17.58,42.77,1.74,0.0,5.9669
2022-03-01,5.7425,19.63,38.76,1.44,0.0,5.9654
2022-03-02,5.7545,20.26,40.63,2.09,0.54,5.9921
2022-03-03,5.8714,20.1,46.32,2.55,0.07,5.9662
2022-03-04,5.8913,19.34,48.48,3.16,0.0,6.1061
2022-03-05,6.2218,19.86,43.55,1.8,0.0,6.39
2022-03-06,5.5498,22.75,33.38,1.64,0.0,6.4157
2022-03-07,5.6928,22.53,34.91,2.46,0.0,5.9741
2022-03-08,4.3073,22.75,36.75,2.11,0.05,4.9927
2022-03-09,4.5444,24.36,39.18,1.96,0.38,5.2282
2022-03-10,5.7559,23.44,40.57,1.47,0.21,5.8788
2022-03-11,6.0847,23.7,33.96,1.94,0.0,6.3482
2022-03-12,6.0041,24.5,30.83,1.76,0.0,6.4666
2022-03-13,6.1457,26.39,30.03,2.02,0.0,6.3766
2022-03-14,6.0722,28.05,29.99,1.97,0.0,6.5119
2022-03-15,6.3557,28.51,29.58,2.6,0.0,6.5638
2022-03-16,6.4702,28.73,28.42,2.74,0.0,6.6667
2022-03-17,6.3444,29.22,26.45,2.31,0.0,6.6317
2022-03-18,6.3658,29.39,31.2,1.2,0.0,6.5302
2022-03-19,6.7358,28.87,27.73,1.95,0.0,6.8234
2022-03-20,6.1747,28.44,20.41,3.05,0.0,6.504
2022-03-21,6.3581,28.46,21.4,2.12,0.0,6.4565
2022-03-22,6.426,28.77,23.06,2.58,0.0,6.5834
2022-03-23,5.383,28.67,21.66,1.79,0.0,6.227
2022-03-24,6.1282,28.31,20.93,3.24,0.0,6.2743
2022-03-25,6.6725,27.95,17.87,2.4,0.0,6.7994
2022-03-26,6.8743,28.56,14.68,2.79,0.0,7.0502
2022-03-27,6.9972,30.35,12.31,1.92,0.0,7.187
2022-03-28,6.9182,31.01,11.35,1.97,0.0,7.271
2022-03-29,6.9974,30.47,13.96,2.44,0.0,7.225
2022-03-30,6.8227,31.24,14.15,2.06,0.0,7.2228
2022-03-31,6.87,31.09,13.85,2.65,0.0,7.2406
2022-04-01,6.8311,30.08,14.09,2.14,0.0,7.314
2022-04-02,6.5921,31.07,8.43,2.21,0.0,7.4928
2022-04-03,6.8794,30.48,8.85,2.82,0.0,7.4844
2022-04-04,6.5964,30.44,8.76,2.81,0.0,7.3354
2022-04-05,7.1846,31.55,9.91,1.97,0.0,7.283
2022-04-06,6.7632,31.46,9.86,1.78,0.0,7.2022
2022-04-07,6.9725,31.96,8.57,1.71,0.0,7.4659
2022-04-08,6.8657,33.42,8.38,1.59,0.0,7.5862
2022-04-09,6.5642,33.43,11.97,2.38,0.0,7.2158
2022-04-10,6.3077,33.59,11.06,2.96,0.0,7.2319
2022-04-11,6.7685,33.32,11.93,2.33,0.0,7.2146
2022-04-12,5.6059,32.69,12.56,3.52,0.0,6.8496
2022-04-13,7.3133,31.92,13.59,3.1,0.0,7.5403
2022-04-14,6.3106,32.39,19.12,2.4,0.01,7.0913
2022-04-15,7.0349,32.78,15.14,2.67,0.0,7.2538
2022-04-16,7.2533,31.44,12.56,2.63,0.0,7.4808
2022-04-17,6.252,32.66,13.75,1.91,0.0,7.3039
2022-04-18,6.7488,34.13,17.62,4.24,0.0,7.1782
2022-04-19,7.0793,33.94,18.83,3.81,0.0,7.3606
2022-04-20,6.8335,34.19,19.98,2.93,0.0,7.266
2022-04-21,4.8742,32.74,22.44,1.97,0.35,7.098
2022-04-22,6.7937,32.09,18.08,2.27,0.0,7.3092
2022-04-23,7.1376,32.38,15.29,2.35,0.0,7.591
2022-04-24,7.5142,32.9,14.89,2.34,0.0,7.751
2022-04-25,7.0387,34.02,16.45,1.87,0.0,7.6562
2022-04-26,6.665,34.65,16.51,1.57,0.0,7.6068
2022-04-27,7.181,34.64,13.68,1.88,0.0,7.5216
2022-04-28,7.0675,35.8,12.5,1.74,0.0,7.5972
2022-04-29,7.1938,35.19,12.44,3.24,0.0,7.9008
2022-04-30,7.1602,34.81,14.32,2.2,0.0,7.542
2022-05-01,6.1697,36.45,17.89,3.04,0.0,7.1676
2022-05-02,7.0853,36.48,18.74,4.5,0.0,7.2552
2022-05-03,7.3529,34.23,17.9,3.63,0.0,7.6841
2022-05-04,6.8686,33.77,22.76,2.8,0.0,7.1753
2022-05-05,6.8417,33.65,24.07,1.75,0.0,7.285
2022-05-06,5.4989,34.58,23.65,1.38,0.19,6.9924
2022-05-07,6.4034,35.38,18.73,1.92,0.0,7.2182
2022-05-08,6.6914,35.37,16.94,2.3,0.0,7.3903
2022-05-09,7.4506,35.7,17.08,1.96,0.0,7.6116
2022-05-10,7.1846,35.67,19.53,2.56,0.0,7.6848
2022-05-11,7.4038,36.51,21.82,2.23,0.0,7.6154
2022-05-12,6.9499,37.29,17.8,2.46,0.0,7.4467
2022-05-13,7.3834,37.59,12.24,4.2,0.0,7.6452
2022-05-14,7.41,37.15,10.97,3.85,0.0,7.8768
2022-05-15,6.8004,37.4,15.25,4.11,0.0,7.6534
2022-05-16,7.3709,35.51,16.91,4.41,0.0,7.7537
2022-05-17,6.883,34.51,17.16,2.97,0.0,7.141
2022-05-18,7.0649,35.14,14.24,1.94,0.0,7.2286
2022-05-19,7.2662,37.12,12.69,2.04,0.0,7.5156
2022-05-20,7.2197,37.69,16.34,4.8,0.0,7.4126
2022-05-21,6.9158,35.43,22.0,5.28,0.31,7.2514
2022-05-22,6.8688,34.38,26.87,3.75,0.49,7.3925
2022-05-23,5.1173,33.54,41.37,3.65,10.08,6.3341
2022-05-24,5.9734,31.05,49.75,2.51,0.31,6.3336
2022-05-25,6.6576,31.25,41.82,2.56,0.74,6.9026
2022-05-26,7.0598,33.32,36.27,2.93,0.0,7.3704
2022-05-27,7.3711,34.49,33.41,4.47,0.0,7.4952
2022-05-28,6.8822,35.1,33.81,4.81,0.42,7.0805
2022-05-29,6.8254,35.39,33.01,5.07,0.02,7.0219
2022-05-30,6.8808,35.68,26.6,5.33,0.06,7.2295
2022-05-31,6.8534,34.29,16.87,3.39,0.0,7.3838
2022-06-01,7.0339,35.77,18.22,2.78,0.0,7.4702
2022-06-02,7.0147,36.09,18.25,3.35,0.01,7.5367
2022-06-03,6.5119,36.78,15.64,2.78,0.0,7.4818
2022-06-04,7.7414,36.15,16.31,3.68,0.0,7.9104
2022-06-05,7.6766,35.29,16.43,4.29,0.0,7.8936
2022-06-06,5.9045,35.75,20.13,3.74,0.0,7.8305
2022-06-07,6.199,36.48,17.25,5.07,0.0,7.5014
2022-06-08,7.333,35.34,22.02,4.89,0.0,7.6656
2022-06-09,7.2746,36.36,24.76,4.09,0.0,7.5005
2022-06-10,7.0078,36.58,26.81,4.9,0.03,7.4918
2022-06-11,7.0836,36.32,25.99,4.24,0.0,7.7186
2022-06-12,4.9903,36.67,29.91,3.74,0.0,7.2168
2022-06-13,3.3641,35.0,40.26,4.19,0.03,6.9943
2022-06-14,4.6637,32.84,49.74,3.84,3.08,7.3135
2022-06-15,6.1015,34.2,47.04,3.91,2.53,7.608
2022-06-16,6.7534,34.21,47.36,3.74,2.13,7.4546
2022-06-17,6.2741,34.23,48.95,3.14,3.47,7.1261
2022-06-18,6.0043,32.18,57.32,2.43,11.98,7.3687
2022-06-19,3.1961,29.86,73.57,2.41,31.42,7.1563
2022-06-20,4.3649,30.62,61.99,1.49,3.5,7.0769
2022-06-21,6.2671,29.42,65.27,2.6,12.69,6.4752
2022-06-22,6.8278,30.82,56.32,2.32,0.49,7.0954
2022-06-23,6.8892,31.34,50.06,2.7,0.0,7.1542
2022-06-24,7.237,32.37,39.53,1.78,0.0,7.5468
2022-06-25,7.3625,34.0,36.24,1.18,0.0,7.6181
2022-06-26,7.2564,33.5,41.61,2.96,0.0,7.3915
2022-06-27,6.0365,34.81,46.88,2.46,0.24,6.9787
2022-06-28,5.8049,34.56,51.65,3.26,2.13,6.4488
2022-06-29,5.6203,33.69,55.23,3.72,3.49,6.6972
2022-06-30,3.5062,30.3,69.44,2.19,20.56,6.539
2022-07-01,1.8737,27.73,84.75,2.31,42.95,6.2465
2022-07-02,4.2794,29.38,77.14,0.99,11.82,6.9288
2022-07-03,3.2434,28.9,80.67,1.89,8.26,7.0166
2022-07-04,6.4315,30.75,71.26,2.0,1.82,7.1671
2022-07-05,6.6103,30.95,68.61,2.49,0.37,7.1201
2022-07-06,6.1008,31.11,68.65,2.94,5.38,7.2883
2022-07-07,6.5575,31.22,68.54,2.62,2.7,7.3325
2022-07-08,6.0629,31.33,68.67,2.23,2.86,7.2559
2022-07-09,4.0236,31.22,70.67,1.39,6.48,6.697
2022-07-10,2.0935,30.44,73.01,1.39,8.69,7.1407
2022-07-11,5.31,30.98,69.37,1.52,2.24,7.4525
2022-07-12,6.041,31.26,68.9,1.51,11.18,7.2737
2022-07-13,5.6186,32.03,65.47,0.96,3.2,6.811
2022-07-14,5.7598,31.78,65.79,2.48,6.57,7.2314
2022-07-15,5.8397,30.72,66.86,3.87,6.71,7.4587
2022-07-16,4.319,29.16,74.41,3.31,12.86,7.471
2022-07-17,5.3558,29.56,77.19,1.63,3.9,7.3397
2022-07-18,5.7773,31.01,71.79,1.6,6.19,7.2113
2022-07-19,6.3576,31.68,68.67,2.01,2.24,6.8594
2022-07-20,4.656,29.91,81.13,2.25,8.8,6.769
2022-07-21,5.3292,28.87,78.42,2.78,2.32,6.9782
2022-07-22,4.5744,27.62,85.62,2.24,30.76,6.8561
2022-07-23,2.2368,28.19,83.74,2.49,20.93,6.8076
2022-07-24,4.0529,28.27,84.54,3.35,11.35,6.8064
2022-07-25,3.6408,27.25,86.89,2.05,19.77,7.0675
2022-07-26,4.6786,27.31,85.23,3.48,11.47,7.3099
2022-07-27,4.9018,27.15,87.35,2.74,18.78,7.2281
2022-07-28,4.1784,26.52,88.47,2.82,5.07,6.7783
2022-07-29,4.9358,26.88,86.5,2.4,7.78,6.984
2022-07-30,6.3946,27.36,84.03,2.58,1.31,6.8854
2022-07-31,4.0786,27.27,82.74,2.77,1.64,6.9259
2022-08-01,3.9703,26.71,87.64,3.2,8.72,6.9305
2022-08-02,4.5818,28.07,85.09,2.67,23.0,6.9442
2022-08-03,4.9394,28.78,80.8,1.43,6.12,6.6578
2022-08-04,4.1808,28.23,81.97,1.32,5.04,6.6158
2022-08-05,3.4051,28.07,83.51,1.17,14.69,6.7394
2022-08-06,6.0991,28.6,81.83,1.09,1.84,6.8633
2022-08-07,3.2527,27.74,89.77,1.32,8.79,6.5297
2022-08-08,6.4944,27.92,83.67,1.53,5.47,6.8035
2022-08-09,5.5459,27.8,85.3,2.32,6.74,6.9514
2022-08-10,6.3406,28.37,79.32,3.25,0.23,6.9876
2022-08-11,2.4197,25.91,89.97,4.28,1.34,6.9775
2022-08-12,3.0694,27.0,85.0,3.22,5.01,7.1477
2022-08-13,4.1878,26.86,87.96,2.94,7.92,7.0951
2022-08-14,2.653,27.24,84.31,1.68,19.05,7.1196
2022-08-15,4.6608,27.0,83.82,2.72,4.86,6.8597
2022-08-16,2.1811,26.18,87.38,5.59,18.03,6.7322
2022-08-17,4.1232,26.62,86.54,5.02,7.33,6.9986
2022-08-18,4.861,26.77,85.12,3.04,1.17,6.8846
2022-08-19,4.8396,27.1,84.11,2.03,0.92,6.6391
2022-08-20,4.3812,26.99,83.61,1.52,1.0,5.8104
2022-08-21,4.9913,27.31,83.86,2.24,5.74,6.7082
2022-08-22,2.2085,27.07,85.21,2.62,17.77,6.5698
2022-08-23,2.0806,26.55,87.18,5.0,7.36,6.7682
2022-08-24,4.0198,25.57,83.68,3.74,0.77,6.7282
2022-08-25,3.289,25.89,84.58,1.71,0.2,6.671
2022-08-26,4.1834,26.05,81.98,2.54,0.01,6.6317
2022-08-27,5.8894,26.15,81.12,3.08,0.03,6.5376
2022-08-28,5.5536,25.94,81.14,2.59,0.0,6.5081
2022-08-29,5.4372,26.39,77.44,1.39,0.02,6.2455
2022-08-30,4.7561,27.1,79.87,1.09,6.0,6.2489
2022-08-31,6.0038,27.83,78.13,2.15,0.02,6.4205
2022-09-01,5.9278,28.52,76.67,1.99,2.84,6.5256
2022-09-02,4.1767,28.06,80.0,1.99,5.37,6.5402
2022-09-03,6.3715,27.82,80.02,2.95,0.01,6.6317
2022-09-04,6.4092,27.24,80.89,3.19,0.02,6.8858
2022-09-05,6.0852,27.37,81.12,1.54,0.01,6.5796
2022-09-06,5.8802,28.06,72.76,1.15,0.0,6.4865
2022-09-07,5.85,28.48,71.4,1.25,0.0,6.4927
2022-09-08,5.8169,28.79,72.86,1.03,0.0,6.1159
2022-09-09,5.5198,28.73,76.07,1.37,0.16,5.7403
2022-09-10,4.9205,28.58,79.04,1.69,0.2,5.3616
2022-09-11,4.7362,27.73,82.79,1.55,0.97,5.8176
2022-09-12,5.971,27.84,78.5,1.75,0.14,6.3974
2022-09-13,4.2612,28.04,75.0,2.57,0.22,6.2959
2022-09-14,3.3934,27.19,80.29,2.73,5.37,6.091
2022-09-15,4.423,27.44,80.38,2.45,0.82,6.1435
2022-09-16,5.6285,27.71,75.35,2.03,1.16,5.9366
2022-09-17,6.1961,27.83,74.31,3.01,0.58,6.3866
2022-09-18,6.2242,28.2,69.44,2.81,0.04,6.4579
2022-09-19,6.0948,28.82,63.77,2.1,0.88,6.3612
2022-09-20,5.3856,28.66,67.31,1.28,2.1,6.0871
2022-09-21,4.9337,27.74,75.47,1.43,8.53,5.9707
2022-09-22,3.1678,26.87,83.54,2.17,9.71,5.5608
2022-09-23,2.2934,26.74,85.51,1.62,30.53,5.4317
2022-09-24,3.4217,26.17,87.0,2.26,24.62,5.833
2022-09-25,5.7298,26.37,80.47,2.29,0.05,6.1169
2022-09-26,5.28,27.34,71.63,1.38,1.22,5.8858
2022-09-27,5.5073,27.61,66.89,1.29,0.04,5.9906
2022-09-28,5.9542,27.89,65.54,1.64,0.01,6.1913
2022-09-29,5.3246,27.88,65.03,1.58,0.0,6.1819
2022-09-30,5.959,27.9,62.29,1.05,0.0,6.24
2022-10-01,5.9306,28.11,62.98,1.83,0.0,6.2515
2022-10-02,5.8286,27.98,60.07,2.65,0.0,6.2143
2022-10-03,5.8613,27.54,59.93,2.31,0.0,6.1606
2022-10-04,5.772,26.99,59.47,1.81,0.0,5.91
2022-10-05,5.3899,27.15,65.7,1.78,0.1,5.586
2022-10-06,5.5217,25.82,78.02,2.2,0.14,5.61
2022-10-07,3.0216,24.37,80.56,2.13,3.77,5.3772
2022-10-08,1.4455,23.32,91.61,3.07,38.37,5.3338
2022-10-09,2.551,25.23,84.4,2.1,4.05,5.2939
2022-10-10,5.0462,25.7,79.69,0.6,0.07,5.6278
2022-10-11,5.34,26.11,70.02,1.24,2.86,5.8296
2022-10-12,5.647,23.86,70.41,1.65,0.41,5.958
2022-10-13,5.4754,23.74,63.21,1.04,0.0,5.8874
2022-10-14,5.489,23.43,58.31,1.16,0.0,5.8824
2022-10-15,5.4578,23.85,53.72,1.32,0.0,5.8301
2022-10-16,5.3323,22.81,60.8,1.37,0.0,5.7533
2022-10-17,5.5282,23.02,60.28,1.28,0.0,5.7024
2022-10-18,5.1298,22.94,60.59,1.33,0.0,5.7274
2022-10-19,5.2022,22.87,58.66,1.7,0.0,5.64
2022-10-20,5.345,22.99,57.77,2.32,0.0,5.575
2022-10-21,5.2634,23.07,54.96,1.57,0.0,5.5133
2022-10-22,5.292,22.85,55.13,1.62,0.0,5.3772
2022-10-23,5.0666,21.88,53.43,1.52,0.0,5.3594
2022-10-24,5.2685,22.2,47.99,1.7,0.0,5.3518
2022-10-25,5.3306,23.43,42.45,1.7,0.0,5.4473
2022-10-26,5.2171,23.87,46.78,1.11,0.0,5.4216
2022-10-27,4.9711,24.44,48.92,1.53,0.0,5.2649
2022-10-28,4.866,24.99,43.36,0.55,0.0,5.1737
2022-10-29,4.9238,23.0,58.09,1.52,0.0,5.0678
2022-10-30,4.5554,23.27,55.04,1.01,0.0,4.8746
2022-10-31,4.7479,24.28,44.3,0.92,0.0,4.8886
2022-11-01,4.523,23.38,47.19,1.24,0.0,4.8144
2022-11-02,4.7969,22.98,45.65,2.47,0.0,4.9022
2022-11-03,4.3229,24.48,45.34,1.61,0.0,4.4664
2022-11-04,4.7942,24.56,49.44,1.91,0.0,5.0062
2022-11-05,4.5907,24.48,46.87,1.72,0.0,5.0606
2022-11-06,4.5139,24.33,44.36,1.67,0.0,4.8701
2022-11-07,4.0721,24.69,50.99,1.31,0.0,4.4026
2022-11-08,3.0706,24.04,60.69,2.43,2.11,4.0138
2022-11-09,3.6905,22.75,63.76,1.59,1.32,3.9706
2022-11-10,3.755,22.81,66.71,0.84,5.33,4.0438
2022-11-11,3.9874,20.82,56.8,1.52,0.55,4.1078
2022-11-12,4.0027,21.23,44.59,1.51,0.0,4.1143
2022-11-13,4.331,21.6,41.45,1.06,0.0,4.5593
2022-11-14,4.2653,20.42,56.02,1.95,0.0,4.3673
2022-11-15,4.0819,20.83,58.01,1.98,0.0,4.2283
2022-11-16,4.103,19.71,52.62,2.22,0.0,4.1856
2022-11-17,4.5077,19.01,44.46,2.0,0.0,4.6262
2022-11-18,4.6267,18.95,40.3,1.39,0.0,4.7431
2022-11-19,4.5365,17.86,50.53,1.35,0.0,4.6586
2022-11-20,4.3733,18.26,44.18,1.62,0.0,4.435
2022-11-21,4.4148,19.35,42.97,1.37,0.0,4.4753
2022-11-22,4.5149,18.52,41.82,1.55,0.0,4.572
2022-11-23,4.6685,18.31,37.77,1.73,0.0,4.7328
2022-11-24,4.771,18.77,34.82,1.46,0.0,4.7988
2022-11-25,4.717,19.29,35.13,0.91,0.0,4.7431
2022-11-26,4.5859,20.59,30.18,0.95,0.0,4.6697
2022-11-27,4.5259,19.21,35.58,1.1,0.0,4.6207
2022-11-28,4.3541,17.71,52.26,1.44,0.0,4.4275
2022-11-29,3.9898,18.37,49.49,0.85,0.0,4.1016
2022-11-30,4.0421,17.63,47.79,1.17,0.0,4.1357
2022-12-01,4.1702,18.26,41.92,0.82,0.0,4.1722
2022-12-02,4.205,17.13,48.06,1.2,0.0,4.2151
2022-12-03,3.9674,17.42,49.57,1.16,0.0,3.9806
2022-12-04,3.8834,18.13,44.51,0.7,0.0,3.8933
2022-12-05,3.8954,17.67,46.49,0.93,0.0,3.917
2022-12-06,4.1402,16.61,43.32,1.13,0.0,4.1578
2022-12-07,4.4011,16.26,35.81,1.69,0.0,4.4035
2022-12-08,4.289,18.11,36.09,1.38,0.0,4.2907
2022-12-09,4.3294,18.17,41.08,1.38,0.0,4.3394
2022-12-10,4.069,18.38,44.75,1.39,0.0,4.0877
2022-12-11,3.925,18.29,48.12,1.49,0.0,3.9415
2022-12-12,3.9538,18.57,43.37,1.19,0.0,3.9665
2022-12-13,4.0229,17.68,42.49,1.7,0.0,4.0426
2022-12-14,4.0843,16.74,43.92,2.11,0.0,4.0865
2022-12-15,4.3349,16.76,36.9,1.64,0.0,4.3416
2022-12-16,4.2619,16.8,33.43,1.51,0.0,4.3961
2022-12-17,4.3997,16.97,34.2,1.18,0.0,4.41
2022-12-18,4.2931,17.85,33.64,1.14,0.0,4.2953
2022-12-19,4.1556,16.96,38.71,1.08,0.0,4.2617
2022-12-20,4.2012,17.05,41.24,1.06,0.0,4.2214
2022-12-21,3.9482,15.14,52.17,1.93,0.0,3.9588
2022-12-22,3.8542,14.69,49.07,2.0,0.0,3.8585
2022-12-23,3.6854,14.68,47.81,1.78,0.0,3.6902
2022-12-24,3.6907,12.68,42.02,2.46,0.0,3.7104
2022-12-25,3.9427,12.21,33.93,1.73,0.0,4.1657
2022-12-26,4.074,12.52,37.78,1.39,0.0,4.0769
2022-12-27,4.145,13.15,35.47,1.38,0.0,4.1513
2022-12-28,4.2458,15.37,34.19,1.39,0.0,4.2571
2022-12-29,3.9269,15.93,39.23,1.57,0.0,4.1671
2022-12-30,3.9029,16.96,49.44,2.44,0.0,4.044
2022-12-31,3.5724,13.58,51.6,2.05,0.0,3.6298
2023-01-01,4.031,13.59,34.64,0.99,0.0,4.0325
2023-01-02,4.0481,12.52,44.68,1.15,0.0,4.0536
2023-01-03,2.8433,11.23,44.8,1.31,0.0,4.0075
2023-01-04,4.0025,9.57,37.15,1.4,0.0,4.117
2023-01-05,3.6396,9.45,47.97,1.47,0.0,4.1837
2023-01-06,4.1102,9.5,48.49,1.75,0.0,4.1861
2023-01-07,4.3282,11.77,35.68,1.01,0.0,4.38
2023-01-08,4.3584,15.27,22.57,0.94,0.0,4.3694
2023-01-09,4.1302,16.21,35.6,1.02,0.0,4.2751
2023-01-10,4.1054,16.6,41.29,1.13,0.0,4.133
2023-01-11,4.2163,16.47,41.87,1.87,0.0,4.2516
2023-01-12,3.7409,18.35,44.93,1.0,0.04,4.1602
2023-01-13,4.2007,16.69,41.86,1.68,0.0,4.3882
2023-01-14,4.6786,11.66,30.18,2.41,0.0,4.7378
2023-01-15,5.0143,9.05,17.8,1.74,0.0,5.0218
2023-01-16,4.8194,10.84,18.29,1.32,0.0,4.829
2023-01-17,4.7546,11.09,20.62,1.34,0.0,4.7621
2023-01-18,4.6534,11.53,22.78,1.38,0.0,4.6658
2023-01-19,4.3075,12.54,27.67,1.52,0.0,4.379
2023-01-20,3.961,12.62,33.64,2.23,0.0,3.9749
2023-01-21,3.6852,14.01,49.44,1.85,0.0,4.013
2023-01-22,2.7605,14.21,56.98,2.02,0.0,3.5765
2023-01-23,2.8003,15.3,63.36,1.75,0.0,3.2369
2023-01-24,2.5454,15.59,49.72,2.06,0.05,3.4483
2023-01-25,4.2542,13.36,41.57,2.07,0.0,4.3534
2023-01-26,3.9151,12.56,26.21,2.1,0.0,3.9686
2023-01-27,4.547,12.03,25.89,1.71,0.0,4.5564
2023-01-28,4.6289,15.2,21.68,1.33,0.0,4.6498
2023-01-29,1.4232,16.1,55.39,2.18,11.48,3.5904
2023-01-30,2.3945,16.71,71.46,1.54,18.71,3.6098
2023-01-31,4.2278,14.81,63.73,2.09,0.0,4.8619
2023-02-01,5.0885,13.36,49.81,1.92,0.0,5.2363
2023-02-02,5.263,14.93,44.03,1.97,0.0,5.269
2023-02-03,5.2294,17.43,34.51,1.17,0.0,5.2318
2023-02-04,5.1698,18.22,37.12,1.81,0.0,5.1718
2023-02-05,5.1751,19.45,38.94,1.28,0.0,5.1761
2023-02-06,5.2042,19.13,41.89,1.75,0.0,5.2068
2023-02-07,5.2507,16.85,40.67,2.59,0.0,5.321
2023-02-08,5.327,18.25,33.61,1.39,0.0,5.3285
2023-02-09,5.2774,18.49,36.63,2.2,0.0,5.2798
2023-02-10,5.358,19.36,45.58,2.53,0.0,5.3918
2023-02-11,5.3657,18.27,40.28,1.71,0.0,5.3719
2023-02-12,5.5656,15.55,28.5,2.64,0.0,5.5682
2023-02-13,5.7504,14.5,25.85,2.66,0.0,5.7554
2023-02-14,5.5111,18.23,26.66,1.79,0.0,5.5166
2023-02-15,5.6102,19.86,32.76,2.5,0.0,5.615
2023-02-16,5.1581,21.24,33.47,1.72,0.0,5.5858
2023-02-17,5.5834,21.83,36.36,1.48,0.0,5.6191
2023-02-18,5.701,22.96,27.62,1.25,0.0,5.7072
2023-02-19,5.8807,24.04,22.41,1.2,0.0,5.9033
2023-02-20,5.8714,22.57,24.63,2.11,0.0,5.8992
2023-02-21,5.7415,21.99,28.66,2.55,0.0,5.743
2023-02-22,5.1991,22.24,31.44,1.55,0.0,5.5942
2023-02-23,5.5553,21.06,31.61,1.49,0.0,5.6323
2023-02-24,4.5134,22.4,25.37,0.97,0.0,5.7521
2023-02-25,5.9213,24.01,25.65,0.72,0.0,5.9278
2023-02-26,5.6789,23.83,28.07,1.1,0.0,5.8982
2023-02-27,5.6808,24.38,27.19,0.99,0.0,5.779
2023-02-28,5.737,23.13,28.98,1.74,0.0,5.7502
2023-03-01,5.2723,22.81,32.15,1.82,0.0,5.5013
2023-03-02,5.599,23.7,31.73,1.38,0.27,5.6508
2023-03-03,5.4442,24.53,32.37,1.86,0.0,5.6599
2023-03-04,4.559,24.41,34.38,1.78,0.27,5.029
2023-03-05,5.5872,23.47,36.52,1.52,1.04,5.6858
2023-03-06,5.8421,23.57,31.44,1.77,0.0,6.0686
2023-03-07,5.3938,24.37,27.75,1.43,0.0,6.187
2023-03-08,4.7002,22.99,47.29,0.86,60.73,6.0847
2023-03-09,5.6928,22.27,48.98,0.83,0.65,6.1644
2023-03-10,5.8176,22.3,41.47,1.41,0.0,6.2837
2023-03-11,5.8404,24.14,31.21,0.73,0.0,6.505
2023-03-12,6.0826,25.41,33.95,1.09,0.0,6.36
2023-03-13,5.4847,26.15,39.24,1.03,0.0,6.0842
2023-03-14,5.699,25.77,36.85,1.39,0.01,6.139
2023-03-15,4.4076,25.66,37.28,1.53,0.0,5.9167
2023-03-16,3.8429,23.67,44.11,1.87,0.47,5.4734
2023-03-17,4.9985,22.81,55.32,1.67,4.89,5.8085
2023-03-18,5.4624,22.0,60.38,1.56,0.76,5.9755
2023-03-19,5.2082,23.08,53.99,1.32,1.37,5.9825
2023-03-20,4.8439,20.42,70.38,1.42,4.38,6.193
2023-03-21,6.0391,21.28,62.43,1.82,0.11,6.4015
2023-03-22,4.3423,21.86,56.49,1.32,0.61,6.2194
2023-03-23,5.1674,23.37,54.61,1.31,0.39,6.275
2023-03-24,5.58,24.72,52.15,2.01,0.9,6.6374
2023-03-25,6.054,22.66,46.8,1.77,0.0,6.8719
2023-03-26,5.6693,23.87,43.83,1.64,0.0,6.5086
2023-03-27,6.1488,22.97,43.94,2.25,0.0,6.571
2023-03-28,6.7985,24.36,38.02,1.55,0.0,6.9521
2023-03-29,4.7935,25.72,35.98,1.78,0.0,6.48
2023-03-30,4.9519,24.63,44.58,1.65,2.46,6.563
2023-03-31,5.087,22.14,65.31,1.59,11.65,6.6706
2023-04-01,6.6415,23.06,54.46,1.98,0.22,6.864
2023-04-02,6.6612,24.61,47.17,2.34,0.0,6.966
2023-04-03,6.5918,24.73,46.17,2.99,2.28,7.0195
2023-04-04,6.791,24.79,49.02,2.26,1.52,7.0994
2023-04-05,6.7327,26.08,42.33,1.52,0.01,7.2641
2023-04-06,7.0493,26.72,36.14,1.34,0.0,7.1892
2023-04-07,6.9562,25.69,35.5,1.87,0.0,7.1285
2023-04-08,6.1675,26.3,29.78,1.56,0.0,6.8909
2023-04-09,6.8731,26.61,28.11,1.59,0.01,7.2312
2023-04-10,7.1525,27.3,26.99,2.0,0.0,7.386
2023-04-11,6.9938,28.54,27.78,1.35,0.0,7.3301
2023-04-12,6.1812,29.51,33.81,2.01,0.0,7.1849
2023-04-13,7.0894,29.97,32.31,0.92,0.0,7.2866
2023-04-14,6.671,30.13,27.81,1.34,0.0,7.2751
2023-04-15,6.419,31.03,26.64,2.33,0.0,7.4957
2023-04-16,7.1273,31.01,25.51,2.94,0.0,7.6049
2023-04-17,6.7037,30.84,25.68,2.62,0.0,7.6058
2023-04-18,7.3387,31.51,26.06,3.48,0.0,7.4839
2023-04-19,6.5794,30.78,27.37,3.96,0.0,7.3121
2023-04-20,6.7099,29.54,27.57,3.6,0.01,7.3282
2023-04-21,7.3932,28.48,16.68,2.63,0.0,7.7443
2023-04-22,6.8945,28.22,18.85,2.03,0.0,7.8317
2023-04-23,6.061,27.31,24.0,2.85,0.79,7.4954
2023-04-24,6.8306,26.84,30.76,2.72,0.15,7.537
2023-04-25,7.0786,27.78,28.83,2.53,0.0,7.4131
2023-04-26,6.0122,29.06,27.44,1.62,0.0,6.9338
2023-04-27,6.5801,30.07,27.65,2.05,0.03,7.0651
2023-04-28,5.5152,29.0,32.36,3.16,0.32,6.9828
2023-04-29,5.1053,25.81,47.52,2.5,1.11,7.1633
2023-04-30,4.1585,24.6,49.14,2.17,4.52,7.2886
2023-05-01,6.0408,25.1,54.98,1.67,6.45,7.3109
2023-05-02,6.6518,26.47,53.91,2.21,2.7,7.1239
2023-05-03,6.941,26.47,56.0,2.02,3.12,7.1182
2023-05-04,6.7733,27.57,48.48,1.35,0.78,7.3356
2023-05-05,6.5383,28.56,41.52,1.59,0.09,7.4628
2023-05-06,7.1928,30.98,34.66,1.76,0.01,7.5485
2023-05-07,6.9312,31.41,30.77,3.27,0.0,7.6087
2023-05-08,7.5197,30.17,27.16,3.56,1.19,8.2032
2023-05-09,7.7635,29.88,17.24,2.52,0.0,8.2111
2023-05-10,7.1779,30.37,18.4,2.97,0.0,8.1446
2023-05-11,7.4652,31.73,15.01,2.28,0.0,8.2284
2023-05-12,7.8192,33.76,13.17,2.27,0.0,8.2051
2023-05-13,7.3877,35.23,16.94,3.33,0.0,7.9776
2023-05-14,5.1679,34.19,23.38,3.6,3.76,7.6656
2023-05-15,7.3406,33.36,29.46,4.04,0.7,7.6447
2023-05-16,7.2926,33.08,31.76,4.03,0.76,7.5125
2023-05-17,7.3474,34.01,32.49,3.53,0.0,7.6253
2023-05-18,7.415,33.15,34.91,2.42,2.08,7.7798
2023-05-19,7.6414,32.95,28.0,2.86,0.0,7.9195
2023-05-20,6.7243,34.39,23.36,3.49,0.0,7.6342
2023-05-21,7.1616,35.4,21.83,4.89,0.0,7.4926
2023-05-22,7.5907,35.34,26.55,4.72,0.0,7.7484
2023-05-23,7.6951,35.86,25.45,4.73,0.0,7.8962
2023-05-24,4.6658,33.12,37.93,3.42,1.41,7.8432
2023-05-25,5.988,30.58,50.85,2.76,20.94,7.2595
2023-05-26,6.6161,29.62,59.9,1.54,18.14,6.9137
2023-05-27,6.6919,30.63,59.05,2.16,11.36,7.1141
2023-05-28,4.6543,28.86,64.2,1.98,8.5,7.4026
2023-05-29,6.4632,27.85,58.01,1.05,0.31,7.4839
2023-05-30,5.2438,28.71,52.95,1.22,2.6,7.4633
2023-05-31,6.8834,26.79,57.91,2.47,5.55,7.3078
2023-06-01,7.4837,28.38,56.12,2.87,0.19,7.6334
2023-06-02,6.8376,29.31,55.83,2.4,0.0,7.567
2023-06-03,7.2641,31.55,50.16,1.59,0.01,7.6284
2023-06-04,6.0142,30.56,53.07,2.64,0.03,7.0894
2023-06-05,7.5895,31.41,43.57,1.97,0.0,7.9154
2023-06-06,7.351,32.55,40.4,1.73,0.0,7.7004
2023-06-07,7.8202,32.56,40.58,2.54,0.0,7.9164
2023-06-08,7.1321,33.1,45.06,3.52,1.14,7.7244
2023-06-09,7.597,32.38,48.05,3.84,5.08,7.9277
2023-06-10,7.6435,32.4,44.22,4.77,1.98,7.8828
2023-06-11,7.6459,32.4,49.48,4.39,0.01,7.8698
2023-06-12,7.6963,33.58,45.36,4.51,0.0,7.8216
2023-06-13,7.4604,34.05,42.11,4.9,0.0,7.914
2023-06-14,7.4424,33.42,43.14,5.0,0.0,7.8173
2023-06-15,6.3583,33.37,44.13,4.06,0.26,7.5079
2023-06-16,6.2045,32.71,46.93,3.56,0.28,7.3298
2023-06-17,4.3718,29.53,60.59,5.68,2.51,7.3006
2023-06-18,1.5511,29.15,74.09,4.89,9.75,7.3879
2023-06-19,4.5504,27.38,81.26,5.72,37.25,7.0603
2023-06-20,5.5476,30.54,69.3,3.22,12.5,7.0169
2023-06-21,6.3602,30.94,65.74,4.75,2.02,7.2149
2023-06-22,4.9846,31.19,63.4,4.2,0.24,6.6998
2023-06-23,5.2925,32.4,57.96,4.07,0.48,6.6106
2023-06-24,5.6496,30.96,65.81,3.59,2.88,6.4927
2023-06-25,3.7946,27.77,80.72,2.34,6.48,6.0571
2023-06-26,3.7922,28.06,79.1,1.92,5.82,6.2902
2023-06-27,5.5447,27.34,81.56,1.98,3.12,6.8606
2023-06-28,4.9351,28.14,78.4,2.98,5.2,7.0627
2023-06-29,3.6794,30.09,70.04,1.65,7.28,6.9574
2023-06-30,4.7179,29.94,72.58,1.77,4.66,7.019
2023-07-01,6.2914,30.31,72.11,2.18,5.5,6.7162
2023-07-02,4.8857,30.78,70.04,2.85,8.28,6.9852
2023-07-03,6.1822,31.42,66.63,2.74,5.94,7.2233
2023-07-04,5.8774,32.86,61.35,2.85,2.08,7.3039
2023-07-05,5.9813,31.9,67.09,2.0,10.48,6.7387
2023-07-06,5.6016,28.9,78.86,1.61,0.6,6.5594
2023-07-07,2.6105,28.64,78.29,0.82,12.09,6.7937
2023-07-08,5.8152,29.18,76.71,1.15,9.27,7.1393
2023-07-09,5.22,28.93,79.05,1.31,32.25,7.3762
2023-07-10,3.4174,28.43,83.31,1.73,40.8,7.255
2023-07-11,5.0225,29.24,75.76,2.35,2.06,7.1563
2023-07-12,6.186,29.79,73.42,1.96,0.02,6.7022
2023-07-13,5.5032,29.6,77.1,2.88,0.55,6.3898
2023-07-14,4.0493,28.35,82.35,2.58,0.38,5.9333
2023-07-15,5.364,28.25,82.14,2.73,2.33,6.6677
2023-07-16,2.995,27.79,85.64,2.09,21.69,6.0811
2023-07-17,3.9098,28.26,84.51,2.43,22.05,6.871
2023-07-18,3.551,28.83,83.73,1.52,12.87,6.6934
2023-07-19,4.9349,29.52,80.23,1.8,3.12,7.1177
2023-07-20,5.9952,29.78,77.9,1.75,4.21,7.2014
2023-07-21,6.6617,30.25,76.99,1.78,3.62,7.1057
2023-07-22,6.4661,29.77,78.91,3.07,2.53,7.229
2023-07-23,5.4797,28.93,80.49,3.55,2.59,7.1707
2023-07-24,5.6467,29.35,79.6,2.53,1.39,7.2881
2023-07-25,4.7208,29.33,82.1,1.38,2.85,7.1275
2023-07-26,4.3325,27.96,89.02,2.29,6.36,6.9859
2023-07-27,5.0702,27.47,90.68,2.23,18.78,6.8762
2023-07-28,3.4615,27.27,89.27,2.3,20.37,7.0478
2023-07-29,3.2542,26.82,89.87,3.57,30.89,7.1474
2023-07-30,4.3375,28.29,83.96,2.56,4.62,7.0877
2023-07-31,5.7199,28.21,83.76,2.85,3.11,7.0783
2023-08-01,4.501,28.55,81.92,2.62,0.35,6.8124
2023-08-02,5.2934,28.23,83.69,3.1,0.01,6.7613
2023-08-03,4.6183,27.8,83.82,2.83,0.09,6.5479
2023-08-04,3.7006,27.27,86.43,2.84,1.33,6.6617
2023-08-05,5.0621,27.68,84.01,3.17,0.6,6.4726
2023-08-06,4.9668,27.79,81.64,3.65,0.01,6.4841
2023-08-07,4.0344,27.24,81.27,4.27,0.0,6.6158
2023-08-08,4.6481,26.96,82.89,3.72,0.0,6.1903
2023-08-09,4.8233,27.47,81.19,3.19,0.0,6.2774
2023-08-10,5.2661,27.44,81.1,3.03,0.0,6.3526
2023-08-11,5.8538,27.16,80.23,2.72,0.0,6.6209
2023-08-12,5.5793,26.94,79.99,3.42,0.0,6.397
2023-08-13,4.4278,26.83,81.73,3.72,0.0,6.294
2023-08-14,4.1537,27.31,78.41,2.45,0.0,6.0098
2023-08-15,5.2387,27.34,78.36,1.99,1.6,6.305
2023-08-16,4.2876,27.99,78.91,2.65,0.52,6.6384
2023-08-17,6.0396,28.1,76.66,3.1,0.0,6.269
2023-08-18,6.0168,28.62,73.42,1.97,0.33,6.3955
2023-08-19,4.3385,28.88,76.65,2.01,3.37,6.3564
2023-08-20,4.727,30.23,72.74,1.48,1.38,6.5827
2023-08-21,4.3697,30.58,71.27,0.91,0.75,6.421
2023-08-22,4.9243,28.74,80.14,3.13,17.87,6.4668
2023-08-23,2.8159,27.28,79.58,3.78,0.22,6.5988
2023-08-24,3.7706,27.16,75.57,3.7,0.01,6.4414
2023-08-25,4.1587,27.27,75.73,3.4,0.0,5.8702
2023-08-26,4.9738,27.29,73.43,3.27,0.0,5.6657
2023-08-27,5.676,27.37,73.49,3.77,0.06,5.946
2023-08-28,6.1003,27.63,72.22,3.72,0.01,6.2978
2023-08-29,5.8884,27.75,72.47,2.91,0.0,6.5623
2023-08-30,6.2304,28.72,68.38,2.42,0.65,6.5227
2023-08-31,6.1531,29.12,64.66,2.59,0.0,6.6425
2023-09-01,6.1147,29.56,62.59,2.5,0.0,6.6492
2023-09-02,6.4486,28.84,59.09,3.17,0.0,6.7116
2023-09-03,6.455,28.65,59.29,3.11,0.0,6.9182
2023-09-04,6.0384,29.47,56.44,2.74,0.0,6.8376
2023-09-05,6.289,30.15,56.35,2.79,2.86,6.6516
2023-09-06,5.6976,29.05,69.91,2.41,3.65,6.4819
2023-09-07,5.1811,29.38,64.51,2.19,0.01,6.5213
2023-09-08,5.1773,29.61,65.53,2.03,0.1,6.359
2023-09-09,4.5468,28.87,71.56,2.6,0.48,6.4606
2023-09-10,5.2829,29.49,71.4,2.3,1.03,6.5131
2023-09-11,5.1374,30.01,68.45,2.08,0.62,6.4087
2023-09-12,3.9125,30.44,64.03,1.96,0.46,6.1111
2023-09-13,4.3058,29.5,66.31,1.35,0.3,6.0641
2023-09-14,4.7734,30.16,67.01,1.7,9.83,6.0118
2023-09-15,4.3572,29.0,76.47,1.53,5.8,5.9892
2023-09-16,3.0449,27.65,79.32,3.88,4.04,5.9957
2023-09-17,2.0578,26.52,84.53,5.12,7.76,6.1402
2023-09-18,2.0966,25.71,84.08,5.55,3.89,6.1771
2023-09-19,4.3982,27.91,75.2,3.09,0.67,6.1099
2023-09-20,5.5906,29.16,70.75,1.67,0.08,6.149
2023-09-21,5.6789,29.84,69.02,1.13,3.43,6.1409
2023-09-22,4.2708,29.46,73.94,1.9,8.03,5.9314
2023-09-23,4.9939,29.88,69.75,1.39,5.89,5.8814
2023-09-24,4.7182,29.41,69.08,1.43,7.17,5.947
2023-09-25,5.4223,28.93,69.97,1.22,10.9,5.8973
2023-09-26,5.1706,29.04,67.03,1.02,0.62,5.9731
2023-09-27,5.5354,29.35,59.47,1.23,0.0,5.9527
2023-09-28,5.8366,27.65,49.42,1.59,0.0,6.0926
2023-09-29,5.9191,28.31,39.68,1.02,0.0,6.1889
2023-09-30,5.4497,27.88,43.7,1.47,0.0,6.2064
2023-10-01,5.5032,27.25,46.74,1.68,0.0,6.1788
2023-10-02,5.7799,27.66,44.2,1.21,0.0,6.1416
2023-10-03,5.5526,26.7,43.16,1.38,0.0,6.2018
2023-10-04,5.9438,26.82,35.39,1.67,0.0,6.2707
2023-10-05,6.1418,26.61,41.24,1.77,0.0,6.2407
2023-10-06,5.9342,26.98,52.22,2.86,0.0,6.1241
2023-10-07,5.8884,27.33,54.06,2.59,0.0,6.0394
2023-10-08,5.6846,27.73,57.04,2.82,0.0,6.0132
2023-10-09,5.789,27.85,56.12,3.35,0.0,5.9666
2023-10-10,5.4737,27.21,57.91,2.55,0.0,5.8351
2023-10-11,5.3882,27.33,50.0,1.94,0.0,5.875
2023-10-12,5.4576,28.18,41.78,0.98,0.0,5.8238
2023-10-13,5.375,28.79,47.63,1.63,0.0,5.652
2023-10-14,4.9637,27.56,46.55,1.85,0.0,5.3225
2023-10-15,4.6354,27.21,50.21,2.73,0.0,5.0306
2023-10-16,4.0994,26.69,54.76,2.1,3.57,5.2932
2023-10-17,3.9574,24.48,66.46,1.58,0.81,5.142
2023-10-18,5.016,24.49,56.94,1.49,0.02,5.22
2023-10-19,5.0366,24.36,48.44,1.32,0.0,5.3544
2023-10-20,5.0446,24.66,46.6,1.23,0.0,5.3474
2023-10-21,5.046,24.65,47.59,1.28,0.0,5.315
2023-10-22,4.7902,25.06,48.03,1.22,0.03,5.1307
2023-10-23,4.6644,24.38,45.18,1.59,0.0,4.9361
2023-10-24,4.6505,24.36,45.53,1.48,0.0,4.9812
2023-10-25,4.7304,24.81,43.38,1.67,0.0,5.0482
2023-10-26,4.9068,24.24,39.58,1.78,0.0,5.101
2023-10-27,5.0117,25.2,33.1,1.48,0.0,5.179
2023-10-28,3.0756,24.99,36.47,1.21,0.0,4.937
2023-10-29,4.673,26.18,38.23,1.28,0.0,4.9752
2023-10-30,4.625,26.38,36.14,0.91,0.0,4.859
2023-10-31,4.2535,25.46,41.72,1.22,0.0,4.5708
2023-11-01,4.2734,25.27,40.44,1.36,0.0,4.3824
2023-11-02,4.2598,24.54,36.18,1.19,0.0,4.355
2023-11-03,4.3464,24.64,33.37,1.15,0.0,4.4998
2023-11-04,3.6461,24.75,39.14,1.11,0.0,4.2043
2023-11-05,3.7795,25.8,34.55,1.16,0.0,4.0714
2023-11-06,3.8318,24.79,38.66,1.29,0.0,3.9168
2023-11-07,3.9725,24.96,39.49,1.43,0.0,4.1717
2023-11-08,3.8357,25.1,34.81,1.83,0.0,4.1006
2023-11-09,3.5045,25.76,36.03,1.24,0.08,3.8107
2023-11-10,3.4073,24.22,44.87,1.32,0.84,3.8014
2023-11-11,4.2833,20.53,54.76,1.98,0.24,4.56
2023-11-12,4.3152,19.98,49.74,1.11,0.0,4.6166
2023-11-13,4.1515,20.67,45.55,1.31,0.0,4.4587
2023-11-14,2.8932,20.27,43.85,1.37,0.0,3.8635
2023-11-15,3.3943,19.26,38.79,1.29,0.0,3.4658
2023-11-16,3.3091,18.67,38.91,1.18,0.0,3.414
2023-11-17,3.4433,19.23,42.51,1.23,0.0,3.4778
2023-11-18,3.5287,20.58,35.98,0.76,0.0,3.6463
2023-11-19,3.4745,19.73,43.66,1.36,0.0,3.5242
2023-11-20,3.1037,20.58,49.69,1.11,0.0,3.2105
2023-11-21,3.0341,20.0,47.88,1.68,0.0,3.1922
2023-11-22,3.7898,18.63,39.84,1.3,0.0,3.852
2023-11-23,4.0075,19.71,32.91,1.18,0.0,4.1527
2023-11-24,3.7498,19.25,36.9,1.21,0.0,3.8174
2023-11-25,3.401,18.04,44.47,1.48,0.0,3.6806
2023-11-26,2.1948,18.3,43.68,2.55,0.16,3.1886
2023-11-27,2.0731,16.67,59.84,2.02,2.54,3.3132
2023-11-28,1.9951,17.33,71.16,1.32,1.19,3.3065
2023-11-29,3.271,18.67,62.76,1.26,0.12,3.7421
2023-11-30,3.3454,19.04,61.84,1.06,0.01,3.6535
2023-12-01,3.071,18.9,68.69,1.53,0.01,3.2779
2023-12-02,2.8087,18.72,61.42,1.38,0.02,3.0142
2023-12-03,1.2684,17.77,67.75,2.15,2.4,2.7845
2023-12-04,2.4043,18.12,57.86,1.59,0.02,3.5026
2023-12-05,3.7598,16.27,40.39,1.27,0.0,3.9086
2023-12-06,3.7908,16.72,47.87,1.54,0.0,3.7915
2023-12-07,3.4968,17.35,46.95,1.18,0.0,3.5038
2023-12-08,3.0996,18.53,44.56,1.01,0.0,3.1102
2023-12-09,3.5966,18.3,36.64,1.18,0.0,3.6055
2023-12-10,4.1258,17.14,34.22,1.34,0.0,4.1287
2023-12-11,4.1424,17.24,30.71,1.32,0.0,4.1431
2023-12-12,4.0721,16.88,36.33,1.17,0.0,4.0754
2023-12-13,4.0656,17.95,30.49,0.69,0.0,4.0668
2023-12-14,4.0673,17.55,37.17,1.08,0.0,4.1318
2023-12-15,4.0087,16.06,42.59,1.78,0.0,4.0296
2023-12-16,3.8225,16.7,41.62,0.99,0.0,3.8316
2023-12-17,3.8921,16.57,40.81,1.21,0.0,3.9554
2023-12-18,3.985,15.36,37.49,1.94,0.0,3.9869
2023-12-19,4.3404,14.94,34.17,1.61,0.0,4.3658
2023-12-20,3.0029,15.94,27.38,1.03,0.0,4.3046
2023-12-21,3.6103,16.36,25.75,1.26,0.0,4.273
2023-12-22,3.8854,17.17,22.82,1.33,0.0,4.1947
2023-12-23,3.7754,16.34,32.38,1.57,0.0,3.8518
2023-12-24,3.2172,15.54,45.52,1.6,0.0,3.3605
2023-12-25,3.0977,17.97,40.22,0.7,0.0,3.3494
2023-12-26,3.6329,17.94,36.12,1.1,0.0,3.7181
2023-12-27,3.6586,16.82,41.21,1.35,0.0,3.6934
2023-12-28,3.8558,15.51,43.06,1.23,0.0,3.8635
2023-12-29,3.3696,14.36,47.87,1.8,0.0,3.635
2023-12-30,2.5416,14.52,46.28,1.56,0.0,3.181
2023-12-31,2.737,14.03,46.49,1.54,0.0,2.7869
