date,ALLSKY_SFC_SW_DWN,T2M,RH2M,WS2M,PRECTOTCORR,CLRSKY_SFC_SW_DWN
2018-01-01,4.5089,16.38,17.99,1.49,0.0,4.5146
2018-01-02,4.4554,16.4,17.71,1.64,0.0,4.4602
2018-01-03,4.4153,16.73,17.83,1.61,0.0,4.4232
2018-01-04,4.2533,17.15,21.47,1.8,0.0,4.254
2018-01-05,4.1143,15.15,25.85,2.21,0.0,4.1165
2018-01-06,4.158,13.56,32.04,2.0,0.0,4.1602
2018-01-07,4.2043,14.34,31.57,1.74,0.0,4.2108
2018-01-08,4.3114,15.21,25.94,1.6,0.0,4.3246
2018-01-09,3.924,15.37,24.13,2.34,0.0,3.925
2018-01-10,3.6768,16.56,23.67,1.81,0.0,3.6787
2018-01-11,3.7406,18.62,21.14,1.26,0.0,3.7704
2018-01-12,3.2311,19.75,27.3,1.53,0.0,3.4366
2018-01-13,3.7459,19.72,19.66,1.37,0.0,3.7541
2018-01-14,4.1765,20.17,13.92,1.63,0.0,4.2216
2018-01-15,4.5362,18.47,17.6,1.58,0.0,4.608
2018-01-16,4.5343,18.99,19.69,2.15,0.0,4.566
2018-01-17,4.5233,18.92,41.25,1.47,0.0,4.5958
2018-01-18,4.5984,17.71,28.74,2.64,0.0,4.6018
2018-01-19,4.4779,15.58,21.08,2.13,0.0,4.4798
2018-01-20,4.561,17.08,18.7,1.64,0.0,4.5622
2018-01-21,4.741,17.99,16.1,1.64,0.0,4.7443
2018-01-22,4.5362,17.82,23.99,1.83,0.0,4.5367
2018-01-23,4.4585,17.39,22.8,1.99,0.0,4.4671
2018-01-24,4.6046,17.95,23.64,1.48,0.0,4.6054
2018-01-25,4.7743,17.16,27.75,2.16,0.0,4.777
2018-01-26,4.8266,19.07,27.22,1.32,0.0,4.8288
2018-01-27,4.8967,19.58,18.76,0.76,0.0,4.9176
2018-01-28,4.8828,19.61,17.65,1.37,0.0,4.9313
2018-01-29,4.7789,20.27,17.77,1.53,0.0,4.7825
2018-01-30,4.6438,21.25,22.77,1.5,0.0,4.7251
2018-01-31,4.7983,21.24,26.27,1.92,0.0,4.8348
2018-02-01,4.5437,19.55,29.84,2.08,0.0,4.7088
2018-02-02,4.777,18.33,21.55,2.27,0.0,4.783
2018-02-03,4.9853,18.91,15.59,1.2,0.0,5.071
2018-02-04,5.1343,17.5,15.72,2.52,0.0,5.1437
2018-02-05,3.2035,17.26,12.14,2.39,0.0,4.794
2018-02-06,5.0801,17.08,13.3,3.26,0.0,5.1276
2018-02-07,5.3018,18.06,11.07,1.7,0.0,5.3558
2018-02-08,5.305,19.61,10.12,0.96,0.0,5.357
2018-02-09,5.1247,20.39,11.56,0.83,0.0,5.3806
2018-02-10,5.0885,20.11,13.85,1.84,0.0,5.2416
2018-02-11,4.1357,17.72,23.63,2.94,0.0,4.9598
2018-02-12,4.9001,17.42,47.29,2.16,0.0,4.9961
2018-02-13,5.3042,19.78,33.34,2.19,0.0,5.3443
2018-02-14,4.5578,19.38,30.15,2.77,0.0,5.2416
2018-02-15,5.0112,21.05,30.74,1.33,0.0,5.196
2018-02-16,5.2776,22.94,29.54,1.39,0.0,5.4185
2018-02-17,5.2063,24.13,25.19,2.11,0.0,5.2392
2018-02-18,4.8857,24.74,19.32,1.9,0.0,5.1283
2018-02-19,5.2949,25.09,20.04,1.26,0.0,5.3126
2018-02-20,5.0878,25.72,22.48,1.87,0.0,5.376
2018-02-21,5.3722,25.69,23.68,1.24,0.0,5.5138
2018-02-22,5.3083,26.79,19.36,1.08,0.0,5.52
2018-02-23,4.1621,26.27,26.29,1.71,0.0,5.4149
2018-02-24,5.2399,22.44,36.52,2.03,0.41,5.6194
2018-02-25,5.7302,23.36,34.3,3.0,0.0,5.7358
2018-02-26,4.9162,24.19,33.11,1.77,0.0,5.7288
2018-02-27,5.592,26.27,30.67,1.11,0.0,5.7113
2018-02-28,4.1551,27.73,24.67,1.2,0.0,5.6474
2018-03-01,4.9255,27.22,25.74,2.17,0.0,5.3902
2018-03-02,5.7974,27.01,26.8,1.68,0.0,5.8118
2018-03-03,4.8934,25.65,28.18,1.43,0.05,5.5668
2018-03-04,5.4002,24.88,34.14,1.91,0.0,5.8342
2018-03-05,6.3348,25.22,27.37,1.84,0.0,6.3516
2018-03-06,6.4246,25.2,18.56,1.66,0.0,6.5479
2018-03-07,6.4661,25.61,16.67,1.65,0.0,6.4819
2018-03-08,6.2714,26.49,13.79,1.75,0.0,6.3254
2018-03-09,5.94,26.8,16.0,2.03,0.0,6.1351
2018-03-10,6.355,26.01,18.33,2.64,0.0,6.3821
2018-03-11,6.361,27.12,18.19,1.44,0.0,6.4109
2018-03-12,6.493,27.97,16.96,1.27,0.0,6.5028
2018-03-13,6.6936,26.31,27.1,3.63,0.0,6.7044
2018-03-14,6.1884,26.21,44.98,3.46,0.4,6.2854
2018-03-15,5.8356,27.48,23.22,1.47,0.09,6.0372
2018-03-16,5.934,27.36,14.27,1.99,0.0,6.3439
2018-03-17,6.5021,27.55,13.6,1.56,0.0,6.5102
2018-03-18,5.9126,27.58,18.94,2.53,0.0,6.2011
2018-03-19,5.7626,26.42,29.57,2.85,0.0,6.2052
2018-03-20,6.595,25.73,35.35,3.41,0.01,6.7579
2018-03-21,6.5582,24.37,26.66,2.24,0.02,6.5741
2018-03-22,6.8856,25.27,26.64,1.39,0.0,6.9341
2018-03-23,6.917,26.57,24.66,1.43,0.0,6.9583
2018-03-24,7.0788,28.64,18.14,1.23,0.0,7.0831
2018-03-25,7.0498,30.28,14.21,1.29,0.0,7.0846
2018-03-26,7.265,30.27,11.43,1.57,0.0,7.2658
2018-03-27,7.2653,29.87,12.27,2.66,0.0,7.2655
2018-03-28,7.1837,30.84,11.25,2.23,0.0,7.2886
2018-03-29,7.2934,31.73,8.3,2.05,0.0,7.321
2018-03-30,7.3212,31.86,6.0,2.73,0.0,7.3469
2018-03-31,7.2182,31.19,15.31,1.73,0.0,7.2732
2018-04-01,7.2382,31.24,25.54,2.35,0.0,7.2442
2018-04-02,5.9076,31.16,24.83,3.46,0.0,7.1208
2018-04-03,6.8626,31.37,25.93,2.2,0.0,6.8736
2018-04-04,6.696,31.87,23.5,1.52,0.0,6.8179
2018-04-05,6.6036,31.9,20.9,1.86,0.0,6.7318
2018-04-06,6.2162,33.03,22.59,1.36,0.03,6.7702
2018-04-07,6.8086,33.23,21.17,1.42,0.0,6.8386
2018-04-08,6.623,33.34,20.9,2.82,0.0,6.8376
2018-04-09,5.9842,34.1,24.58,4.1,1.03,6.8698
2018-04-10,6.042,32.32,28.81,2.87,0.46,6.9588
2018-04-11,6.6643,32.96,22.36,1.81,0.0,6.7954
2018-04-12,6.5611,31.04,21.78,2.25,0.05,6.7982
2018-04-13,5.459,31.94,21.07,2.3,0.0,6.4879
2018-04-14,6.6163,32.45,18.17,2.48,0.0,6.7109
2018-04-15,6.8002,32.87,17.75,1.79,0.0,6.9043
2018-04-16,6.942,31.8,26.39,1.89,0.0,6.9679
2018-04-17,7.4042,31.91,19.94,1.28,0.0,7.4693
2018-04-18,7.242,33.46,16.12,2.19,0.0,7.2785
2018-04-19,7.1489,32.15,18.04,2.79,0.0,7.2053
2018-04-20,7.273,28.86,15.17,5.25,0.06,7.3829
2018-04-21,7.5787,27.73,7.24,2.03,0.0,7.6363
2018-04-22,8.0794,28.37,10.02,2.01,0.0,8.0861
2018-04-23,8.2975,31.2,8.53,1.42,0.0,8.299
2018-04-24,7.8569,32.08,9.51,2.33,0.0,7.8816
2018-04-25,7.6891,33.01,21.76,3.07,0.0,7.7093
2018-04-26,7.1066,34.04,26.32,3.22,0.0,7.3013
2018-04-27,7.0658,35.3,30.25,4.07,0.0,7.1009
2018-04-28,7.147,35.89,25.4,3.42,0.0,7.171
2018-04-29,7.2487,36.39,25.76,4.14,0.0,7.3572
2018-04-30,7.4882,36.73,22.64,4.27,0.0,7.5862
2018-05-01,7.4813,36.82,26.19,4.37,0.0,7.5269
2018-05-02,7.3531,35.53,27.86,4.17,0.0,7.6157
2018-05-03,7.235,35.87,21.86,2.1,0.0,7.4746
2018-05-04,6.4589,36.16,19.62,0.99,0.0,6.8863
2018-05-05,7.1554,35.87,15.36,3.16,0.0,7.1578
2018-05-06,7.4374,33.76,20.45,4.57,0.0,7.5461
2018-05-07,7.373,32.77,32.25,3.36,2.2,7.7237
2018-05-08,6.643,32.7,35.9,3.0,1.91,7.0157
2018-05-09,7.2466,34.4,30.64,2.71,0.0,7.4066
2018-05-10,7.4398,35.65,25.34,1.91,0.0,7.4678
2018-05-11,7.5835,35.91,26.09,4.11,0.0,7.6483
2018-05-12,7.8658,34.21,24.79,4.17,0.11,7.9308
2018-05-13,6.6662,35.15,30.9,2.08,0.0,7.027
2018-05-14,6.4476,35.16,27.17,1.93,0.0,6.6989
2018-05-15,6.2412,37.44,21.86,2.14,0.0,6.3739
2018-05-16,6.9547,36.41,17.77,1.37,0.0,7.2636
2018-05-17,6.9518,36.75,21.61,2.36,0.0,7.0447
2018-05-18,7.0661,35.49,16.38,1.81,0.01,7.3512
2018-05-19,6.7159,36.12,15.51,1.32,0.0,7.0538
2018-05-20,7.3776,35.51,17.11,2.46,0.0,7.3985
2018-05-21,7.5564,36.09,15.87,2.44,0.0,7.609
2018-05-22,7.9001,34.89,6.56,2.9,0.0,7.9097
2018-05-23,8.1358,35.19,7.6,1.46,0.0,8.1461
2018-05-24,8.1226,36.26,5.64,1.48,0.0,8.1372
2018-05-25,7.9087,35.97,18.82,2.85,0.0,8.0251
2018-05-26,7.9958,36.93,9.56,3.19,0.0,8.0194
2018-05-27,7.7287,37.54,7.71,2.27,0.0,7.7587
2018-05-28,7.7479,37.62,7.66,1.6,0.0,7.7815
2018-05-29,7.5401,37.03,20.51,4.97,0.0,7.7873
2018-05-30,7.1287,36.55,35.49,4.31,0.0,7.17
2018-05-31,6.8875,37.87,21.26,3.52,0.0,6.9756
2018-06-01,7.2943,37.92,24.86,5.56,0.0,7.3512
2018-06-02,7.3546,37.51,22.23,5.71,0.0,7.5466
2018-06-03,7.7446,36.28,26.69,5.56,0.0,7.757
2018-06-04,7.529,35.91,36.81,6.03,0.0,7.5929
2018-06-05,7.5146,36.24,38.43,5.69,0.0,7.5204
2018-06-06,7.2869,37.38,33.4,4.42,0.0,7.3214
2018-06-07,7.2802,37.83,36.75,4.52,0.0,7.2979
2018-06-08,7.0385,36.38,42.62,5.39,0.0,7.1945
2018-06-09,6.8426,36.19,45.27,5.93,0.03,6.8959
2018-06-10,5.9784,36.24,44.41,3.26,0.13,6.9307
2018-06-11,6.6725,38.18,33.81,5.48,0.0,6.7354
2018-06-12,6.4692,37.24,39.82,8.37,0.02,6.8645
2018-06-13,6.083,34.77,45.46,10.22,0.0,6.1752
2018-06-14,5.8757,33.93,48.42,10.24,0.0,6.24
2018-06-15,5.851,34.41,49.44,10.2,0.0,6.1349
2018-06-16,5.4516,34.73,47.31,9.42,0.0,5.8966
2018-06-17,6.6185,35.14,46.66,7.73,0.11,6.817
2018-06-18,4.4964,35.04,44.8,5.41,0.43,6.4073
2018-06-19,6.9228,36.27,36.29,4.8,0.0,7.0589
2018-06-20,7.2636,35.65,36.54,4.55,0.01,7.3039
2018-06-21,7.4707,36.52,36.02,3.73,0.02,7.4957
2018-06-22,7.4681,37.25,35.19,4.87,0.0,7.471
2018-06-23,7.3114,36.86,37.86,5.04,0.0,7.332
2018-06-24,6.8818,36.32,39.51,4.73,0.47,7.0697
2018-06-25,7.3366,36.0,37.26,4.79,0.09,7.3543
2018-06-26,7.3793,32.9,55.37,4.5,18.33,7.4014
2018-06-27,5.3777,31.86,60.41,2.57,11.8,6.8042
2018-06-28,5.3796,32.61,50.93,3.84,0.69,7.0572
2018-06-29,3.709,29.92,66.84,2.39,10.93,7.1909
2018-06-30,4.8569,29.68,73.89,1.88,20.25,7.2329
2018-07-01,6.5782,32.44,58.33,4.37,0.0,7.1654
2018-07-02,7.164,33.84,52.68,6.79,0.0,7.2281
2018-07-03,6.0773,33.58,55.05,8.11,0.0,7.151
2018-07-04,5.0441,32.98,55.33,6.64,0.31,6.5772
2018-07-05,4.8425,32.8,57.78,3.88,1.66,6.2566
2018-07-06,5.7564,33.28,52.87,3.61,0.0,5.9138
2018-07-07,6.7068,33.54,49.21,4.59,0.0,6.7351
2018-07-08,6.9631,33.93,47.13,5.08,0.0,6.9874
2018-07-09,7.2103,34.34,46.02,5.53,0.0,7.2283
2018-07-10,6.8964,34.66,47.99,5.75,0.0,6.9948
2018-07-11,6.3564,34.18,48.76,6.03,0.0,6.6305
2018-07-12,7.2468,33.75,49.49,6.02,0.0,7.3812
2018-07-13,5.6467,34.68,48.18,5.31,0.01,6.5184
2018-07-14,6.7198,35.63,44.12,3.7,0.05,6.8059
2018-07-15,5.8267,33.78,54.97,3.77,12.27,6.7579
2018-07-16,6.5285,32.03,64.01,2.04,7.08,7.1801
2018-07-17,5.2142,32.42,61.35,1.13,0.28,6.8045
2018-07-18,4.38,33.82,57.02,1.72,2.47,6.8508
2018-07-19,5.1466,33.77,57.82,1.88,8.43,6.931
2018-07-20,5.8433,33.48,54.51,3.75,0.74,6.7966
2018-07-21,6.3401,32.96,52.41,5.25,0.58,6.8448
2018-07-22,5.772,33.63,52.79,5.17,0.11,6.2818
2018-07-23,6.5741,33.44,52.68,3.89,0.08,6.6384
2018-07-24,4.5259,33.94,51.87,4.38,0.07,6.7402
2018-07-25,5.657,33.51,50.17,6.27,0.0,5.8702
2018-07-26,4.2031,32.67,55.64,6.6,0.0,5.0431
2018-07-27,3.4742,32.65,53.49,5.25,0.0,5.0573
2018-07-28,5.2178,32.71,51.63,5.52,0.0,5.6314
2018-07-29,6.1699,32.65,53.23,5.1,0.0,6.3446
2018-07-30,6.2117,32.93,49.23,4.96,0.0,6.4332
2018-07-31,6.4543,32.99,48.94,6.0,0.0,6.486
2018-08-01,6.3643,32.95,47.97,6.44,0.0,6.6046
2018-08-02,6.3542,32.51,49.96,6.53,0.0,6.3691
2018-08-03,6.2938,32.69,49.53,6.54,0.0,6.3926
2018-08-04,5.8368,32.49,52.21,6.92,0.0,6.4118
2018-08-05,5.8042,32.26,53.06,6.37,0.0,6.4663
2018-08-06,5.3964,33.19,49.06,6.08,0.0,6.8119
2018-08-07,6.3727,33.0,48.91,4.41,0.0,6.5182
2018-08-08,4.8302,33.45,47.24,3.73,0.48,6.0377
2018-08-09,3.468,32.28,54.53,2.35,6.29,6.6065
2018-08-10,6.9826,33.36,51.84,3.23,0.26,7.0358
2018-08-11,6.2664,32.88,51.23,6.22,0.0,6.8318
2018-08-12,4.7983,33.01,51.3,6.43,0.0,6.5254
2018-08-13,4.3205,33.09,50.26,4.57,0.0,5.4235
2018-08-14,3.3365,34.08,48.61,4.43,0.0,5.0186
2018-08-15,3.7987,33.54,48.41,4.15,0.04,4.9572
2018-08-16,5.2394,34.04,44.99,2.99,0.79,5.622
2018-08-17,5.7,31.68,60.06,1.63,18.86,6.9163
2018-08-18,6.1831,30.51,72.37,1.78,29.6,6.6504
2018-08-19,5.9318,31.77,63.91,3.79,0.79,6.8006
2018-08-20,6.8218,32.46,57.02,4.28,0.0,7.0553
2018-08-21,4.7213,32.19,55.04,4.44,0.0,6.3708
2018-08-22,5.6923,32.71,50.13,4.61,0.0,6.5107
2018-08-23,5.5906,31.98,53.56,5.89,0.01,6.7776
2018-08-24,6.4178,31.75,53.65,5.57,0.0,6.7411
2018-08-25,6.5266,31.73,53.7,5.09,0.0,6.869
2018-08-26,5.9959,31.2,52.93,4.16,0.0,6.0881
2018-08-27,5.9412,31.83,51.7,3.03,0.0,6.1522
2018-08-28,6.2626,32.32,49.02,2.51,0.09,6.2779
2018-08-29,5.3167,32.43,50.36,3.28,0.04,6.1574
2018-08-30,6.3835,32.47,50.81,5.03,0.0,6.4766
2018-08-31,6.6643,31.45,52.8,5.33,0.0,6.775
2018-09-01,5.9467,31.41,53.13,4.36,0.0,6.2381
2018-09-02,6.181,31.4,52.12,3.84,0.0,6.6804
2018-09-03,5.597,31.47,50.32,4.12,0.0,6.5863
2018-09-04,6.0972,31.15,48.21,3.73,0.0,6.1188
2018-09-05,6.4008,30.45,46.63,3.94,0.0,6.4769
2018-09-06,6.6533,30.28,45.85,3.36,0.0,6.7474
2018-09-07,6.0017,31.15,48.76,3.68,0.0,6.2657
2018-09-08,4.5761,32.46,43.65,2.24,1.27,5.9177
2018-09-09,4.0637,32.93,44.19,2.28,0.24,6.1222
2018-09-10,6.169,32.97,48.44,3.22,0.39,6.3482
2018-09-11,6.5158,32.79,49.41,4.68,0.0,6.5342
2018-09-12,6.3919,31.08,50.81,5.29,0.0,6.6473
2018-09-13,6.222,30.59,51.08,5.05,0.0,6.6139
2018-09-14,6.3814,30.82,52.17,5.09,0.0,6.6727
2018-09-15,6.564,30.15,50.28,4.28,0.0,6.7111
2018-09-16,6.695,30.26,45.61,3.18,0.0,6.7174
2018-09-17,6.486,30.34,42.0,3.02,0.0,6.5772
2018-09-18,6.5378,30.99,38.56,3.55,0.0,6.5556
2018-09-19,6.6878,31.05,37.62,3.72,0.0,6.697
2018-09-20,6.667,30.91,37.65,3.23,0.0,6.6758
2018-09-21,6.5587,32.63,30.65,1.43,0.0,6.5942
2018-09-22,5.7809,32.08,37.68,3.14,0.0,6.2779
2018-09-23,5.8027,30.82,48.66,2.7,0.0,6.295
2018-09-24,5.5445,32.43,35.1,0.95,0.0,5.9114
2018-09-25,6.1814,31.38,33.88,2.87,0.0,6.2938
2018-09-26,6.3031,30.63,34.87,2.71,0.0,6.4282
2018-09-27,6.3221,30.72,34.93,2.47,0.0,6.4097
2018-09-28,6.1668,31.39,35.08,2.62,0.0,6.3737
2018-09-29,6.0012,31.84,27.13,2.11,0.0,6.2381
2018-09-30,5.9292,32.27,28.6,2.04,0.19,6.1802
2018-10-01,6.1082,31.82,26.36,2.49,0.11,6.1459
2018-10-02,6.0943,31.35,24.6,2.33,0.0,6.1006
2018-10-03,6.1646,30.99,25.91,2.02,0.0,6.2338
2018-10-04,6.1008,30.7,22.94,1.76,0.0,6.103
2018-10-05,5.8442,30.83,21.99,1.5,0.0,5.855
2018-10-06,5.5805,31.4,20.13,1.12,0.0,5.627
2018-10-07,5.8174,31.16,19.29,1.23,0.0,5.8262
2018-10-08,5.7869,31.58,16.84,1.58,0.0,5.8006
2018-10-09,5.3282,29.68,21.64,1.81,0.0,5.4761
2018-10-10,5.0993,27.93,28.73,1.89,0.0,5.1696
2018-10-11,5.3194,28.23,19.92,1.57,0.0,5.3251
2018-10-12,5.611,27.66,19.24,2.42,0.0,5.6237
2018-10-13,5.5937,27.3,19.97,1.87,0.0,5.598
2018-10-14,5.5726,28.6,18.49,1.64,0.0,5.573
2018-10-15,5.0354,29.25,18.73,1.67,0.0,5.5594
2018-10-16,4.6128,29.22,19.48,1.48,0.0,5.2968
2018-10-17,5.357,28.89,18.97,1.13,0.0,5.3594
2018-10-18,5.4662,28.87,17.7,1.32,0.0,5.4682
2018-10-19,5.5771,28.19,15.25,1.8,0.0,5.5793
2018-10-20,5.4742,27.89,14.18,1.41,0.0,5.5044
2018-10-21,5.4103,27.0,18.9,1.55,0.0,5.4106
2018-10-22,5.4355,27.03,17.81,1.71,0.0,5.4554
2018-10-23,5.4168,27.82,14.59,1.7,0.0,5.4245
2018-10-24,5.0714,28.02,17.14,1.73,0.0,5.2507
2018-10-25,4.47,28.67,26.24,1.31,0.01,4.932
2018-10-26,5.0938,28.16,27.57,1.66,0.07,5.0998
2018-10-27,4.8941,28.21,23.18,1.42,0.0,4.897
2018-10-28,5.1132,27.75,21.62,1.52,0.0,5.1137
2018-10-29,5.1811,28.09,22.13,1.58,0.0,5.1821
2018-10-30,5.1026,27.87,19.81,1.63,0.0,5.1055
2018-10-31,5.0395,27.6,17.63,1.58,0.0,5.0566
2018-11-01,5.07,27.65,19.08,1.72,0.0,5.0726
2018-11-02,4.9495,26.28,25.16,1.69,0.0,4.9505
2018-11-03,4.7141,24.85,21.08,1.93,0.0,4.7146
2018-11-04,4.7338,22.58,22.13,2.56,0.0,4.7354
2018-11-05,5.0942,21.9,12.48,1.85,0.0,5.1096
2018-11-06,5.0662,22.02,12.99,1.67,0.0,5.0671
2018-11-07,5.0491,22.79,13.13,1.66,0.0,5.0494
2018-11-08,5.1005,24.07,13.19,1.49,0.0,5.1007
2018-11-09,4.8557,24.55,12.55,1.19,0.0,4.871
2018-11-10,4.8314,24.6,13.64,1.3,0.0,4.8314
2018-11-11,4.6315,25.56,15.46,1.32,0.0,4.6378
2018-11-12,4.4945,25.31,21.71,1.22,0.0,4.5221
2018-11-13,4.2991,24.57,28.33,1.26,0.0,4.38
2018-11-14,3.8837,23.61,26.41,1.64,0.0,3.8837
2018-11-15,3.9706,22.89,22.75,1.84,0.0,3.9732
2018-11-16,4.1978,22.92,23.77,1.62,0.0,4.2086
2018-11-17,4.4654,24.07,21.08,1.77,0.0,4.4882
2018-11-18,4.4167,25.44,23.2,1.68,0.0,4.477
2018-11-19,4.369,24.86,27.89,1.3,0.0,4.3721
2018-11-20,4.3174,22.85,29.3,2.31,0.0,4.3418
2018-11-21,4.135,22.18,26.58,1.47,0.0,4.1558
2018-11-22,4.0543,22.48,27.2,1.55,0.0,4.1362
2018-11-23,4.2934,22.08,24.82,2.33,0.0,4.2934
2018-11-24,4.4441,22.12,26.65,1.41,0.0,4.4465
2018-11-25,4.5329,23.59,22.62,1.63,0.0,4.5482
2018-11-26,3.2729,23.37,19.79,1.32,0.0,4.5283
2018-11-27,2.6095,22.57,19.6,1.34,0.0,4.115
2018-11-28,4.0447,21.71,24.48,1.54,0.0,4.0985
2018-11-29,4.0644,21.37,30.94,1.77,0.0,4.135
2018-11-30,4.0819,22.0,28.91,1.44,0.0,4.117
2018-12-01,4.3181,21.53,25.34,1.45,0.0,4.3294
2018-12-02,4.2005,20.07,22.46,2.03,0.0,4.2113
2018-12-03,4.2101,19.78,21.03,1.78,0.0,4.2194
2018-12-04,3.8542,19.82,21.88,1.82,0.0,3.983
2018-12-05,4.056,20.13,21.59,1.11,0.0,4.0596
2018-12-06,4.0987,19.88,22.29,1.29,0.0,4.1047
2018-12-07,4.013,19.33,25.25,1.47,0.0,4.0176
2018-12-08,3.9958,19.47,22.8,1.35,0.0,4.0003
2018-12-09,4.026,19.95,23.37,1.38,0.0,4.0325
2018-12-10,3.7102,19.92,33.91,1.24,0.13,3.8551
2018-12-11,3.7056,18.07,41.56,2.75,0.02,3.7152
2018-12-12,3.7469,16.09,51.16,2.4,0.0,3.7517
2018-12-13,4.1239,16.06,43.84,1.75,0.0,4.1292
2018-12-14,4.1614,14.43,39.73,2.39,0.0,4.1666
2018-12-15,4.2278,13.62,41.27,2.29,0.0,4.2403
2018-12-16,4.4086,13.46,35.55,2.3,0.0,4.411
2018-12-17,4.3546,13.95,29.03,2.09,0.0,4.3562
2018-12-18,4.2931,16.48,19.36,1.09,0.0,4.3085
2018-12-19,4.3872,16.98,13.53,1.46,0.0,4.3999
2018-12-20,4.296,17.51,12.31,1.24,0.0,4.3222
2018-12-21,4.3531,15.47,16.42,1.63,0.0,4.3702
2018-12-22,4.271,15.2,17.4,1.58,0.0,4.2883
2018-12-23,4.2511,14.61,17.83,1.8,0.0,4.2528
2018-12-24,3.7865,13.02,26.98,2.49,0.0,3.8095
2018-12-25,3.6103,14.49,24.47,1.51,0.0,3.6221
2018-12-26,3.918,15.03,21.08,2.31,0.0,4.055
2018-12-27,4.2358,14.61,18.06,1.75,0.0,4.2485
2018-12-28,4.1383,15.45,17.82,1.66,0.0,4.3253
2018-12-29,4.3752,17.29,15.7,1.65,0.0,4.3783
2018-12-30,4.3685,17.85,13.3,1.2,0.0,4.374
2018-12-31,4.3066,15.52,16.23,1.72,0.0,4.3164
2019-01-01,4.1587,16.18,17.98,1.4,0.0,4.169
2019-01-02,4.2209,17.12,27.2,1.8,0.0,4.2228
2019-01-03,3.9401,16.35,27.93,1.75,0.0,4.0975
2019-01-04,2.741,17.08,24.35,1.59,0.0,4.086
2019-01-05,3.8294,16.99,28.48,2.15,0.0,3.9269
2019-01-06,3.757,13.61,45.11,2.92,0.0,3.8436
2019-01-07,3.6823,13.87,42.56,1.7,0.0,3.978
2019-01-08,4.1772,14.25,39.27,1.8,0.0,4.1844
2019-01-09,4.0692,16.71,33.79,1.25,0.0,4.0978
2019-01-10,4.0366,17.41,33.39,1.88,0.0,4.0925
2019-01-11,3.054,18.01,33.56,1.64,0.95,3.7022
2019-01-12,3.2614,16.97,46.81,1.77,3.78,3.8465
2019-01-13,3.9377,15.64,43.19,2.67,0.02,3.9595
2019-01-14,4.0368,13.69,37.85,2.92,0.0,4.0898
2019-01-15,4.4371,15.36,25.98,1.32,0.0,4.4863
2019-01-16,3.8993,17.06,20.29,1.41,0.0,4.2576
2019-01-17,4.3538,16.65,22.26,2.64,0.0,4.3567
2019-01-18,4.4033,17.62,26.14,1.89,0.0,4.4074
2019-01-19,4.0075,16.75,30.5,1.93,0.0,4.411
2019-01-20,3.6566,17.12,31.64,2.13,0.01,4.3553
2019-01-21,1.9994,14.82,71.47,2.01,6.77,3.679
2019-01-22,3.4764,13.48,50.8,1.91,0.01,4.3469
2019-01-23,4.625,13.49,36.64,1.94,0.0,4.6402
2019-01-24,4.3596,12.85,42.89,2.72,0.0,4.4386
2019-01-25,4.7539,13.11,40.36,1.31,0.0,4.7777
2019-01-26,4.7306,12.88,33.85,1.92,0.0,4.8211
2019-01-27,4.7011,13.9,35.61,1.84,0.01,4.7359
2019-01-28,4.9181,14.96,34.55,1.3,0.0,4.9207
2019-01-29,4.909,16.1,31.75,1.41,0.0,4.9217
2019-01-30,3.7142,17.17,25.65,2.1,0.76,4.812
2019-01-31,4.0618,14.46,56.42,2.89,8.72,4.4686
2019-02-01,4.7585,12.53,60.84,2.94,0.0,4.788
2019-02-02,4.8941,13.12,56.91,2.61,0.0,4.9666
2019-02-03,4.8264,14.33,47.55,2.18,0.0,4.8295
2019-02-04,4.381,15.98,37.15,2.06,0.0,4.4069
2019-02-05,4.6452,17.7,30.27,1.77,0.0,4.8612
2019-02-06,5.0417,15.54,33.24,3.03,0.0,5.0604
2019-02-07,5.0606,11.62,33.72,2.76,0.01,5.2774
2019-02-08,5.2882,12.75,27.75,2.39,0.25,5.2894
2019-02-09,5.4881,13.45,33.53,1.38,0.0,5.5025
2019-02-10,5.2361,16.37,27.5,1.66,0.0,5.387
2019-02-11,4.3776,16.79,24.05,2.7,0.0,5.3561
2019-02-12,5.2666,18.49,23.53,3.39,0.0,5.31
2019-02-13,4.853,17.94,29.43,2.52,0.0,5.2217
2019-02-14,5.0611,17.46,39.89,3.15,0.0,5.0611
2019-02-15,5.4182,17.37,25.79,1.82,0.0,5.4694
2019-02-16,5.6143,17.58,28.47,1.77,0.0,5.819
2019-02-17,3.9238,19.24,21.64,2.18,0.0,5.4367
2019-02-18,4.6018,21.62,30.67,2.95,0.0,5.1895
2019-02-19,4.4522,20.47,47.55,2.34,1.86,5.1682
2019-02-20,3.0984,21.71,54.93,3.62,1.11,5.189
2019-02-21,4.921,18.3,54.72,2.86,2.57,5.5006
2019-02-22,5.9143,16.13,33.0,1.99,0.0,5.9477
2019-02-23,5.2169,17.13,24.14,1.22,0.0,6.0125
2019-02-24,5.712,19.57,19.84,1.88,0.0,5.7432
2019-02-25,5.6818,18.07,23.59,2.48,0.0,5.7542
2019-02-26,4.3282,18.42,24.98,1.9,0.0,5.5538
2019-02-27,5.8992,16.93,28.64,2.31,0.0,5.9155
2019-02-28,5.8476,18.79,21.89,1.76,0.0,6.0955
2019-03-01,5.0054,20.85,18.19,2.83,0.41,5.9875
2019-03-02,3.048,21.77,32.97,3.22,1.61,5.6518
2019-03-03,3.4498,17.86,53.43,4.56,2.67,5.8601
2019-03-04,5.0006,17.84,50.8,2.56,0.0,5.6854
2019-03-05,5.8382,21.25,41.54,1.41,0.0,6.1423
2019-03-06,6.1546,22.73,33.17,1.14,0.0,6.2683
2019-03-07,5.9304,23.5,28.91,1.27,0.22,6.1586
2019-03-08,6.0614,22.26,36.38,3.05,0.53,6.1056
2019-03-09,6.0698,21.06,39.21,2.82,0.0,6.3298
2019-03-10,5.1816,22.73,32.61,2.74,1.04,6.3139
2019-03-11,6.3965,20.27,46.88,2.29,0.51,6.4202
2019-03-12,4.747,20.29,35.58,2.51,0.0,6.2539
2019-03-13,5.6875,21.89,34.44,2.0,0.09,6.1159
2019-03-14,6.3506,20.86,38.62,2.95,0.0,6.4116
2019-03-15,6.6264,20.98,32.77,2.53,0.0,6.6286
2019-03-16,5.1574,20.9,31.5,2.51,0.0,6.5491
2019-03-17,6.7865,23.5,30.63,1.73,0.0,6.7884
2019-03-18,4.0277,22.74,35.51,1.81,0.06,6.6264
2019-03-19,6.3449,23.96,30.39,3.34,0.0,6.6643
2019-03-20,6.5575,23.95,37.93,1.82,0.06,6.8962
2019-03-21,6.6598,24.83,30.83,2.57,0.0,6.8357
2019-03-22,6.7195,26.1,23.54,2.54,0.0,6.7258
2019-03-23,6.5386,26.98,23.06,3.31,0.0,6.5882
2019-03-24,4.7359,25.25,35.18,3.4,0.03,6.1704
2019-03-25,6.3372,26.42,35.8,2.12,0.12,6.4349
2019-03-26,6.851,27.83,29.24,1.36,0.0,7.109
2019-03-27,6.3746,30.55,19.95,1.97,0.0,6.8165
2019-03-28,6.7282,31.0,20.99,2.27,0.0,6.8995
2019-03-29,5.8349,31.04,26.7,2.07,0.0,6.7956
2019-03-30,7.0915,30.16,24.21,3.2,0.0,7.0968
2019-03-31,7.0728,29.75,11.34,2.16,0.0,7.2055
2019-04-01,7.2641,31.29,10.92,1.84,0.0,7.2876
2019-04-02,6.7176,32.27,12.52,1.66,0.0,7.1011
2019-04-03,7.1467,33.6,14.02,1.42,0.0,7.2226
2019-04-04,7.3334,34.09,17.29,2.6,0.0,7.3426
2019-04-05,7.2166,34.0,15.66,3.69,0.0,7.2206
2019-04-06,6.7795,33.29,20.96,2.54,0.0,7.0049
2019-04-07,6.8551,33.28,23.71,2.66,0.0,6.9149
2019-04-08,7.1995,32.71,17.5,1.41,0.0,7.3001
2019-04-09,6.7651,33.31,17.13,2.87,0.0,7.0646
2019-04-10,6.4896,33.27,26.31,1.27,0.0,7.0913
2019-04-11,6.6751,34.11,24.97,3.28,0.0,7.0682
2019-04-12,6.5794,32.52,32.18,4.37,0.29,6.9998
2019-04-13,6.7493,32.33,36.02,2.13,0.02,7.1503
2019-04-14,6.119,32.75,32.08,3.25,0.0,7.0642
2019-04-15,4.4266,30.2,31.41,3.33,0.28,6.1834
2019-04-16,5.8457,26.21,35.12,4.61,1.5,6.9235
2019-04-17,7.3171,25.1,37.02,2.69,0.33,7.4702
2019-04-18,7.5977,26.44,36.69,2.99,0.0,7.6747
2019-04-19,7.7472,29.05,31.33,1.48,0.0,7.7534
2019-04-20,7.5418,31.31,22.1,2.07,0.0,7.6339
2019-04-21,7.5545,31.93,29.84,2.95,0.0,7.6966
2019-04-22,7.567,33.45,26.35,3.22,0.0,7.6286
2019-04-23,7.5542,34.27,22.83,4.7,0.0,7.5619
2019-04-24,7.2494,33.76,30.59,4.74,0.0,7.4909
2019-04-25,7.3534,34.39,32.23,3.19,0.0,7.3673
2019-04-26,7.5468,34.15,20.09,2.83,0.0,7.674
2019-04-27,7.6128,34.75,12.68,1.78,0.0,7.7093
2019-04-28,7.7542,34.76,13.08,2.13,0.0,7.7633
2019-04-29,7.6992,35.11,12.6,2.17,0.0,7.7009
2019-04-30,7.6051,32.83,21.04,2.49,0.0,7.673
2019-05-01,7.4638,33.39,17.11,2.2,0.0,7.4856
2019-05-02,7.8103,32.9,10.73,2.41,0.0,7.8161
2019-05-03,7.7556,32.76,9.74,1.85,0.0,7.7875
2019-05-04,7.728,33.22,12.96,2.32,0.0,7.7484
2019-05-05,7.7326,34.4,11.34,2.39,0.0,7.8187
2019-05-06,7.4642,33.79,23.46,4.51,0.0,7.5943
2019-05-07,7.5048,33.85,29.53,5.24,0.0,7.6366
2019-05-08,7.4688,33.38,38.3,6.04,0.0,7.4942
2019-05-09,7.4021,32.71,42.8,6.23,0.0,7.493
2019-05-10,7.4294,32.24,43.91,4.85,3.53,7.475
2019-05-11,7.1347,31.05,53.17,5.24,10.44,7.3534
2019-05-12,6.5614,31.43,46.89,2.43,2.03,7.2386
2019-05-13,7.3066,33.38,35.38,3.83,0.06,7.3819
2019-05-14,6.9782,32.55,40.36,3.77,1.09,7.4722
2019-05-15,6.823,34.09,32.18,2.91,0.29,7.373
2019-05-16,6.731,31.79,39.95,2.87,3.85,7.2919
2019-05-17,5.994,29.64,50.86,1.96,4.57,6.9914
2019-05-18,7.4095,31.55,37.82,1.59,0.0,7.6325
2019-05-19,6.7872,32.91,38.66,3.16,0.0,7.5252
2019-05-20,7.5178,32.53,40.19,2.12,0.0,7.5931
2019-05-21,6.1819,34.98,29.36,1.48,0.0,7.536
2019-05-22,7.0138,35.57,27.96,1.69,0.0,7.3733
2019-05-23,7.3469,34.3,34.01,2.91,0.06,7.5492
2019-05-24,7.0826,34.32,28.61,1.69,0.11,7.0954
2019-05-25,7.4758,36.02,20.99,1.04,0.0,7.5763
2019-05-26,7.6618,36.77,17.98,1.6,0.0,7.739
2019-05-27,7.661,35.99,24.57,2.9,0.0,7.775
2019-05-28,7.6402,36.81,22.36,1.88,0.0,7.8763
2019-05-29,7.6642,37.94,20.48,2.8,0.0,7.7676
2019-05-30,7.7743,37.58,26.76,2.65,0.0,7.8626
2019-05-31,7.555,38.26,24.25,3.78,0.05,7.8149
2019-06-01,7.6966,39.0,23.17,4.94,0.55,7.7885
2019-06-02,7.7194,39.19,21.1,4.82,0.0,7.837
2019-06-03,7.3882,38.5,25.06,6.05,0.0,7.639
2019-06-04,7.7926,36.49,34.96,5.84,0.0,7.831
2019-06-05,7.3985,37.61,25.35,3.31,0.0,7.589
2019-06-06,7.6954,37.17,23.24,2.37,0.0,7.8991
2019-06-07,7.7875,36.57,18.13,2.11,0.48,7.8377
2019-06-08,7.8804,38.88,15.86,1.09,0.0,7.8919
2019-06-09,7.967,38.66,18.59,2.42,0.0,7.974
2019-06-10,7.9121,38.2,25.35,4.83,0.0,7.944
2019-06-11,7.5622,37.35,31.99,6.11,0.0,7.771
2019-06-12,7.4981,37.93,31.43,4.23,0.05,7.5475
2019-06-13,7.0584,36.3,35.51,4.48,0.29,7.3214
2019-06-14,7.0298,35.68,39.66,4.39,0.0,7.4861
2019-06-15,7.7146,35.89,38.43,5.47,0.0,7.7434
2019-06-16,6.7272,35.97,41.82,5.71,0.0,7.356
2019-06-17,6.9744,35.55,38.38,6.24,0.0,7.2578
2019-06-18,6.2009,34.76,42.31,4.2,0.17,7.255
2019-06-19,4.9954,36.22,38.72,2.46,0.21,7.1599
2019-06-20,7.1832,35.89,42.43,4.37,3.4,7.2302
2019-06-21,7.2158,35.44,42.78,3.37,1.16,7.3018
2019-06-22,7.3075,37.58,36.02,1.85,0.06,7.4666
2019-06-23,6.9727,36.86,40.92,2.58,5.19,7.1789
2019-06-24,4.8902,33.71,55.42,2.79,11.56,6.8998
2019-06-25,5.8606,33.43,61.27,1.43,33.87,6.8374
2019-06-26,7.0207,34.51,49.39,3.54,0.02,7.0702
2019-06-27,7.242,35.22,46.2,5.49,0.0,7.3474
2019-06-28,7.3193,34.78,47.59,5.25,0.0,7.3658
2019-06-29,7.6728,35.27,47.81,5.51,0.0,7.686
2019-06-30,7.187,35.03,47.71,6.25,0.0,7.218
2019-07-01,7.3433,34.73,49.82,4.86,0.0,7.3558
2019-07-02,7.0018,35.99,45.82,3.83,0.0,7.1815
2019-07-03,7.1573,36.41,43.23,4.16,0.79,7.1784
2019-07-04,7.0841,36.62,39.77,4.83,0.0,7.2118
2019-07-05,6.3434,35.83,46.5,5.54,0.0,6.4118
2019-07-06,6.7469,35.23,46.91,5.47,0.0,6.827
2019-07-07,6.0214,35.94,44.27,5.48,0.0,6.3528
2019-07-08,6.6744,36.11,43.1,6.34,0.0,6.75
2019-07-09,6.0367,35.55,44.62,7.77,0.0,6.2849
2019-07-10,6.5626,35.97,44.62,7.69,0.0,6.8059
2019-07-11,6.1843,35.79,45.69,9.14,0.0,6.1889
2019-07-12,6.0576,35.0,46.71,8.56,0.0,6.3127
2019-07-13,5.7754,35.04,46.49,8.85,0.0,6.3506
2019-07-14,5.1024,34.75,48.22,9.06,0.0,5.5217
2019-07-15,5.6364,34.08,49.63,9.1,0.0,5.8046
2019-07-16,4.319,34.34,49.29,7.56,0.0,6.0586
2019-07-17,5.1833,34.3,48.63,5.3,0.02,6.3194
2019-07-18,6.3434,34.69,46.1,5.56,0.02,6.4694
2019-07-19,6.7776,35.68,42.98,3.77,0.3,6.8861
2019-07-20,6.7486,37.24,37.21,1.99,0.13,7.0627
2019-07-21,6.1258,37.45,38.26,1.67,5.15,7.0289
2019-07-22,6.0521,37.52,39.34,1.6,0.44,7.3073
2019-07-23,6.5875,36.55,43.8,3.14,0.49,7.3205
2019-07-24,6.894,37.11,42.95,5.6,0.0,7.0963
2019-07-25,5.9282,34.9,51.1,8.27,0.01,6.3377
2019-07-26,5.087,34.66,50.77,5.21,0.07,5.7919
2019-07-27,4.6642,34.24,53.87,4.89,4.15,6.257
2019-07-28,3.7308,30.79,71.83,1.99,19.67,5.7302
2019-07-29,5.4343,32.03,68.01,2.96,6.51,6.9782
2019-07-30,6.2076,34.08,57.61,2.59,1.82,7.3469
2019-07-31,5.3455,34.83,55.16,2.63,0.25,7.1136
2019-08-01,6.4049,32.92,57.65,5.06,0.61,6.8258
2019-08-02,6.7618,32.75,58.0,3.27,0.01,7.055
2019-08-03,5.8757,33.5,58.53,2.99,2.36,6.3816
2019-08-04,6.4447,33.33,60.07,3.16,0.06,6.6881
2019-08-05,6.5671,34.04,53.24,4.47,0.15,6.8386
2019-08-06,6.8028,34.29,52.4,4.6,0.0,6.851
2019-08-07,6.2441,34.79,51.2,3.4,0.19,6.6694
2019-08-08,5.2954,33.08,57.27,2.4,5.03,6.4805
2019-08-09,5.7557,32.94,61.98,2.06,9.57,7.3486
2019-08-10,4.9862,33.2,55.94,5.02,1.74,7.2382
2019-08-11,4.3531,32.48,61.97,4.56,0.96,6.5254
2019-08-12,5.2006,31.42,60.46,5.11,0.1,6.1882
2019-08-13,5.9846,32.63,54.05,4.23,0.0,6.2335
2019-08-14,6.071,32.51,55.46,4.65,0.04,6.5268
2019-08-15,5.525,33.2,55.22,3.79,0.48,6.7382
2019-08-16,3.6881,32.5,56.67,4.83,1.3,6.7558
2019-08-17,6.2184,32.58,56.96,4.7,0.39,6.7625
2019-08-18,6.8832,33.04,54.55,4.85,0.0,6.9816
2019-08-19,6.7694,33.3,52.2,3.45,0.0,6.8772
2019-08-20,6.9965,33.42,50.2,3.58,0.0,7.062
2019-08-21,6.9451,33.48,48.53,4.4,0.0,7.158
2019-08-22,7.2468,33.31,49.44,3.67,0.0,7.2694
2019-08-23,7.2406,33.77,45.12,4.01,0.0,7.2828
2019-08-24,7.0752,33.39,43.98,4.23,0.0,7.086
2019-08-25,6.87,33.1,46.55,3.5,0.0,7.0838
2019-08-26,6.143,34.56,43.7,2.2,0.04,6.5366
2019-08-27,4.2446,33.69,50.96,2.62,11.3,6.8057
2019-08-28,4.5478,31.2,69.67,2.55,15.89,6.8311
2019-08-29,4.1676,30.59,70.96,1.76,9.79,6.5258
2019-08-30,5.7924,30.5,68.92,2.1,3.81,6.2429
2019-08-31,3.5441,31.46,60.97,2.0,3.48,6.5213
2019-09-01,6.2789,30.94,69.27,1.32,17.31,6.5254
2019-09-02,4.8218,30.84,71.88,1.17,5.43,6.0139
2019-09-03,5.7701,31.27,69.36,1.48,0.27,6.3161
2019-09-04,5.7878,30.76,75.25,1.41,19.17,6.4152
2019-09-05,5.694,31.87,66.96,1.62,2.35,6.1325
2019-09-06,5.4559,33.67,58.3,1.56,0.14,6.1786
2019-09-07,5.07,33.58,58.28,2.49,0.46,5.8291
2019-09-08,6.0439,33.43,56.87,2.43,0.01,6.2738
2019-09-09,6.0245,34.86,49.39,1.39,0.0,6.2621
2019-09-10,6.3012,35.59,47.78,2.75,0.0,6.361
2019-09-11,6.336,35.02,53.75,4.2,0.0,6.4166
2019-09-12,5.8176,34.05,56.8,4.64,0.0,6.4474
2019-09-13,5.7156,33.47,56.73,3.94,0.0,6.2698
2019-09-14,6.0139,34.16,52.02,3.1,0.0,6.479
2019-09-15,5.5687,33.75,53.46,3.63,0.0,6.355
2019-09-16,6.2261,32.93,53.51,3.46,0.0,6.4262
2019-09-17,6.4807,32.38,55.69,3.54,0.0,6.4922
2019-09-18,6.4282,32.82,48.96,3.1,0.0,6.4301
2019-09-19,6.4349,32.8,43.15,1.12,0.0,6.4862
2019-09-20,6.1428,32.68,51.14,2.19,0.0,6.3161
2019-09-21,5.9047,32.53,49.91,2.12,0.0,6.1092
2019-09-22,6.1267,32.79,51.65,1.68,0.0,6.257
2019-09-23,5.8042,32.67,52.54,2.21,0.05,6.1104
2019-09-24,5.5368,32.47,50.92,2.24,0.06,6.1704
2019-09-25,5.5639,31.99,53.16,2.93,0.08,5.9453
2019-09-26,4.8902,31.89,54.85,3.25,0.34,5.7708
2019-09-27,4.8007,30.57,60.56,2.65,2.83,5.7142
2019-09-28,5.6854,30.79,61.79,2.8,0.27,5.7403
2019-09-29,5.0434,30.97,58.35,2.38,0.3,5.3719
2019-09-30,5.8164,30.8,56.94,1.69,0.05,5.9719
2019-10-01,5.6734,30.58,58.06,2.02,2.0,5.927
2019-10-02,5.6491,28.06,71.58,1.85,3.85,5.7667
2019-10-03,5.3988,26.95,78.69,2.42,9.8,5.6035
2019-10-04,5.4382,26.05,73.07,1.38,4.11,5.6664
2019-10-05,5.1017,26.68,65.82,1.21,5.25,5.8157
2019-10-06,4.4938,24.85,73.03,2.07,5.07,5.7384
2019-10-07,5.6892,25.53,63.67,2.21,0.0,5.695
2019-10-08,5.9998,27.86,42.9,0.94,0.0,6.0235
2019-10-09,6.0516,28.98,36.32,1.16,0.0,6.0857
2019-10-10,6.0341,28.88,38.48,1.51,0.0,6.0396
2019-10-11,5.9378,29.13,39.14,1.47,0.0,5.9443
2019-10-12,5.7336,29.39,41.48,1.62,0.0,5.783
2019-10-13,5.2848,30.45,37.98,1.06,0.0,5.7876
2019-10-14,5.6177,30.68,36.49,1.54,0.0,5.6854
2019-10-15,5.5279,30.41,33.64,1.24,0.0,5.6119
2019-10-16,5.1398,30.03,36.05,0.69,0.0,5.4922
2019-10-17,5.3249,30.77,30.72,0.43,0.0,5.4238
2019-10-18,5.2406,29.9,32.91,1.2,0.0,5.395
2019-10-19,5.3146,27.17,41.16,2.87,0.0,5.3172
2019-10-20,5.1113,27.38,37.64,1.83,0.0,5.2697
2019-10-21,5.2058,27.4,33.31,1.75,0.0,5.2106
2019-10-22,5.3647,27.49,38.5,1.51,0.0,5.375
2019-10-23,5.3714,27.95,36.18,2.09,0.0,5.407
2019-10-24,5.4802,28.25,32.01,1.66,0.0,5.4864
2019-10-25,5.3647,28.04,30.42,1.1,0.0,5.3674
2019-10-26,5.0318,27.04,31.27,2.2,0.0,5.0518
2019-10-27,5.1497,26.54,37.2,2.14,0.0,5.2034
2019-10-28,4.8792,26.84,33.49,1.85,0.0,5.1084
2019-10-29,2.1235,27.14,48.39,1.53,0.0,4.6836
2019-10-30,3.317,28.82,43.8,0.84,0.24,4.8804
2019-10-31,4.9243,29.62,39.39,0.79,0.93,5.1101
2019-11-01,4.243,27.97,50.3,1.06,14.89,4.9418
2019-11-02,3.0499,25.09,60.3,2.17,4.95,4.283
2019-11-03,3.6259,25.3,59.56,1.81,0.04,3.9852
2019-11-04,4.6421,26.31,46.9,0.85,0.0,4.6555
2019-11-05,4.938,26.28,36.2,1.47,0.0,4.9502
2019-11-06,4.4606,24.41,40.34,2.09,0.0,4.6627
2019-11-07,4.9075,20.55,31.74,2.29,0.0,4.9135
2019-11-08,4.997,20.07,42.41,3.23,0.0,4.9987
2019-11-09,3.9566,19.31,43.91,2.54,0.0,3.9586
2019-11-10,3.7414,20.84,37.96,1.53,0.0,3.8239
2019-11-11,4.1347,22.32,33.13,1.19,0.0,4.1652
2019-11-12,3.4812,22.94,48.27,1.5,0.17,4.1796
2019-11-13,3.2647,24.69,54.69,1.51,1.54,4.2456
2019-11-14,1.4621,20.4,75.46,2.46,29.81,3.3286
2019-11-15,1.9466,19.15,84.86,3.45,9.23,3.6221
2019-11-16,3.259,18.88,81.56,3.54,0.64,3.324
2019-11-17,3.589,20.36,73.47,2.2,0.0,3.6722
2019-11-18,3.5342,21.22,55.87,1.19,0.0,4.1362
2019-11-19,4.2026,22.15,47.71,0.9,0.0,4.3262
2019-11-20,4.4182,21.33,50.77,1.34,0.0,4.4261
2019-11-21,3.8765,21.68,52.91,1.72,0.0,4.2504
2019-11-22,3.1721,21.49,59.79,2.77,0.07,3.8597
2019-11-23,3.479,20.12,58.1,2.79,0.01,3.5206
2019-11-24,3.4162,20.19,56.88,1.9,0.0,3.6386
2019-11-25,3.7159,19.86,48.03,1.95,0.0,3.8242
2019-11-26,2.8538,18.95,47.36,2.02,0.0,3.4003
2019-11-27,3.5045,18.52,50.02,1.85,0.01,3.5057
2019-11-28,3.5494,18.15,46.53,1.41,0.0,3.588
2019-11-29,3.4843,17.08,58.31,2.25,0.0,3.4853
2019-11-30,3.6319,15.89,49.23,2.6,0.0,3.6331
2019-12-01,3.7975,15.98,44.29,2.37,0.0,3.7994
2019-12-02,4.2043,17.02,39.19,1.74,0.0,4.2389
2019-12-03,4.4443,17.66,38.03,1.77,0.0,4.4681
2019-12-04,4.1443,17.46,37.02,1.97,0.0,4.2521
2019-12-05,3.5045,17.39,36.24,2.02,0.0,4.0224
2019-12-06,3.4049,16.42,40.67,2.28,0.0,4.1016
2019-12-07,3.979,16.33,38.48,2.0,0.0,3.9974
2019-12-08,3.7742,15.97,41.97,2.13,0.0,3.816
2019-12-09,3.6734,17.05,45.55,1.74,0.0,3.6823
2019-12-10,3.8246,17.83,41.07,1.44,0.0,3.8554
2019-12-11,3.2146,17.69,45.9,1.78,0.59,3.8914
2019-12-12,2.9976,16.59,71.54,2.46,0.73,3.7286
2019-12-13,3.5746,15.47,65.88,1.62,0.02,3.648
2019-12-14,4.0433,15.44,54.57,2.12,0.0,4.0798
2019-12-15,3.9965,14.33,56.87,2.45,0.0,4.0589
2019-12-16,4.0354,13.2,60.06,2.18,0.0,4.067
2019-12-17,4.0274,12.68,55.89,2.26,0.0,4.1486
2019-12-18,4.1676,13.88,50.02,1.62,0.0,4.171
2019-12-19,3.7673,15.81,44.53,1.75,0.0,4.0774
2019-12-20,3.5995,18.16,44.25,1.66,0.0,4.0063
2019-12-21,4.0121,16.84,45.43,2.34,0.0,4.0673
2019-12-22,4.0176,13.91,46.46,2.82,0.0,4.039
2019-12-23,3.7118,13.81,43.64,2.35,0.0,3.7764
2019-12-24,3.6758,14.21,38.25,2.58,0.0,3.6792
2019-12-25,3.7826,12.34,40.06,2.46,0.0,3.8794
2019-12-26,4.3008,14.12,35.14,1.33,0.0,4.3049
2019-12-27,4.3886,13.92,35.98,1.63,0.0,4.4026
2019-12-28,4.375,12.92,36.75,2.17,0.0,4.4042
2019-12-29,4.2636,11.24,39.05,2.68,0.0,4.273
2019-12-30,4.1362,10.05,42.0,2.44,0.0,4.1779
2019-12-31,3.7757,9.7,43.18,2.94,0.0,4.021
2020-01-01,3.6415,10.19,49.28,3.47,0.0,3.6938
2020-01-02,2.8531,11.32,56.02,3.24,0.0,3.2278
2020-01-03,3.4721,13.19,46.37,2.06,0.0,3.4934
2020-01-04,3.7625,16.56,39.41,1.21,0.0,3.8366
2020-01-05,2.8836,17.34,41.64,1.42,0.01,3.8964
2020-01-06,2.7235,15.95,51.62,2.1,0.25,3.8729
2020-01-07,1.9404,12.75,74.52,2.62,0.32,3.5249
2020-01-08,4.3793,11.5,51.61,2.24,0.0,4.4242
2020-01-09,4.6416,11.36,45.64,2.0,0.0,4.6522
2020-01-10,4.1746,11.39,43.8,3.08,0.0,4.554
2020-01-11,4.0702,13.37,36.09,2.81,0.0,4.2408
2020-01-12,2.6611,13.84,41.63,2.17,0.1,3.8249
2020-01-13,2.244,11.09,69.94,3.25,11.1,4.1714
2020-01-14,4.5331,11.46,59.96,1.48,0.15,4.5773
2020-01-15,4.2516,10.13,58.03,2.35,0.0,4.398
2020-01-16,3.5381,11.55,52.72,2.32,0.0,3.5534
2020-01-17,4.2905,13.54,39.91,1.19,0.0,4.2943
2020-01-18,4.5365,13.34,32.86,1.33,0.0,4.5427
2020-01-19,3.8717,12.33,44.91,1.94,0.0,4.4381
2020-01-20,3.0271,13.27,45.26,1.69,0.0,4.3913
2020-01-21,4.5893,14.4,44.26,2.03,0.0,4.5922
2020-01-22,4.3937,14.12,53.51,3.32,0.0,4.3973
2020-01-23,4.6394,14.05,56.02,2.11,0.0,4.7021
2020-01-24,4.6615,15.4,49.3,1.33,0.0,4.6987
2020-01-25,4.1314,18.53,39.11,1.63,0.0,4.6423
2020-01-26,4.4899,19.76,36.72,1.16,0.0,4.6589
2020-01-27,3.6454,18.37,47.78,1.39,0.56,4.4779
2020-01-28,4.3538,15.18,57.58,2.56,0.0,4.427
2020-01-29,4.9807,15.71,35.05,1.67,0.0,4.9848
2020-01-30,5.1281,14.35,37.45,1.82,0.0,5.1322
2020-01-31,5.0858,14.8,37.34,1.84,0.0,5.087
2020-02-01,5.1305,15.15,31.43,1.27,0.0,5.1442
2020-02-02,5.1504,14.93,33.18,1.68,0.0,5.1881
2020-02-03,5.058,15.78,32.67,1.69,0.0,5.0599
2020-02-04,4.8338,14.95,36.84,2.03,0.0,5.0309
2020-02-05,4.949,14.22,45.97,3.02,0.0,4.9738
2020-02-06,5.1823,15.58,38.07,1.68,0.0,5.1955
2020-02-07,5.383,16.47,27.03,1.49,0.0,5.3858
2020-02-08,5.3959,15.84,31.19,2.19,0.0,5.3986
2020-02-09,5.1569,16.78,26.61,2.17,0.0,5.1876
2020-02-10,5.2078,16.68,23.78,2.0,0.0,5.219
2020-02-11,5.2046,17.9,24.28,2.1,0.0,5.2078
2020-02-12,5.1154,18.68,27.06,2.46,0.0,5.1286
2020-02-13,5.0933,20.92,33.05,2.1,0.0,5.1355
2020-02-14,5.455,18.37,21.85,2.03,0.0,5.4912
2020-02-15,5.797,21.46,12.97,0.97,0.0,5.8118
2020-02-16,5.6868,23.27,11.07,0.88,0.0,5.7394
2020-02-17,5.8694,23.61,12.8,1.32,0.0,5.8836
2020-02-18,5.6938,23.1,14.69,1.88,0.0,5.7485
2020-02-19,4.3289,22.96,17.26,2.21,0.0,5.4902
2020-02-20,5.6554,19.99,29.07,4.01,0.0,5.682
2020-02-21,5.2769,18.74,37.31,2.7,0.0,5.5402
2020-02-22,5.141,19.57,40.61,2.63,0.0,5.147
2020-02-23,4.9039,20.21,47.16,2.68,0.0,4.9188
2020-02-24,5.0664,22.0,39.45,1.25,0.0,5.0714
2020-02-25,5.5447,24.14,29.58,1.88,0.0,5.5632
2020-02-26,5.4823,25.58,24.63,1.03,0.0,5.5985
2020-02-27,4.9308,25.26,25.68,2.1,0.0,5.663
2020-02-28,5.6093,25.5,31.9,3.17,0.0,5.6256
2020-02-29,5.453,22.81,45.72,2.89,0.0,5.5171
2020-03-01,5.2872,22.45,44.55,3.42,0.0,5.3124
2020-03-02,5.5466,22.51,43.81,2.07,0.0,5.5476
2020-03-03,5.7775,23.54,35.75,1.53,0.0,5.8462
2020-03-04,5.8668,23.7,31.62,2.17,0.01,6.0401
2020-03-05,5.28,21.71,44.5,3.5,3.72,5.8726
2020-03-06,5.3594,18.3,54.9,3.12,3.71,6.1154
2020-03-07,6.5906,20.72,40.35,1.95,0.0,6.5926
2020-03-08,6.4783,21.13,34.38,2.73,0.0,6.5434
2020-03-09,6.3137,21.74,35.88,1.91,0.0,6.4378
2020-03-10,4.8672,23.12,33.68,2.05,1.12,6.03
2020-03-11,5.843,19.38,55.21,3.03,2.93,6.3286
2020-03-12,6.6948,17.73,34.81,3.45,0.0,6.7042
2020-03-13,6.4373,18.91,29.58,1.82,0.0,6.4421
2020-03-14,6.6706,20.13,38.78,1.91,0.0,6.6727
2020-03-15,5.839,20.03,43.52,2.88,0.0,6.5258
2020-03-16,6.2825,21.98,37.73,2.15,0.0,6.504
2020-03-17,6.2724,24.93,28.1,1.59,0.0,6.6991
2020-03-18,6.7819,26.2,26.52,1.58,0.0,6.7939
2020-03-19,6.1514,27.86,25.19,1.8,0.0,6.6816
2020-03-20,6.6449,26.73,25.29,2.23,0.0,6.6667
2020-03-21,6.361,26.19,36.1,1.71,0.01,6.4344
2020-03-22,4.1402,27.41,33.9,2.22,8.04,6.3446
2020-03-23,5.3026,25.79,55.42,2.1,1.03,6.3022
2020-03-24,5.0148,25.25,50.04,2.01,0.0,6.3967
2020-03-25,4.5456,26.8,46.21,2.55,0.44,6.3449
2020-03-26,2.0431,23.66,54.58,1.93,6.99,6.0926
2020-03-27,6.5671,21.72,62.14,2.34,4.18,6.7116
2020-03-28,7.1758,24.69,40.36,2.27,0.0,7.1786
2020-03-29,7.2096,26.21,31.3,1.48,0.0,7.2547
2020-03-30,7.1112,26.2,34.76,2.15,0.0,7.176
2020-03-31,6.5662,26.88,36.5,2.32,0.02,6.9053
2020-04-01,6.9408,25.74,46.62,2.54,0.0,7.0639
2020-04-02,7.1911,26.48,39.47,1.93,0.0,7.1959
2020-04-03,6.9547,27.83,28.26,1.88,0.0,7.2192
2020-04-04,7.3037,29.88,25.56,1.49,0.0,7.3565
2020-04-05,7.1318,29.6,26.9,2.25,0.01,7.2365
2020-04-06,7.1407,30.4,26.43,1.3,0.0,7.2934
2020-04-07,6.6905,29.01,28.59,2.83,0.0,7.2862
2020-04-08,6.6072,27.62,37.1,2.87,0.0,7.0394
2020-04-09,7.1928,29.77,25.68,2.19,0.0,7.247
2020-04-10,6.4428,29.76,32.67,2.69,0.0,7.1717
2020-04-11,6.9804,30.59,39.04,2.2,0.0,7.1707
2020-04-12,7.0394,33.42,27.74,1.88,0.0,7.3003
2020-04-13,5.6398,30.98,20.24,4.0,0.0,7.373
2020-04-14,5.2678,29.64,26.73,4.2,0.0,7.3166
2020-04-15,6.5966,30.92,34.9,3.77,0.0,7.0315
2020-04-16,4.4335,30.52,34.6,3.17,7.0,7.0368
2020-04-17,6.7728,29.76,42.33,2.82,0.03,6.8359
2020-04-18,7.1878,29.32,39.04,3.14,0.0,7.3985
2020-04-19,6.5916,31.39,32.69,2.59,0.79,7.1978
2020-04-20,6.3722,29.64,38.7,3.07,2.15,7.0826
2020-04-21,6.9317,30.49,36.3,2.6,0.0,7.3687
2020-04-22,5.4749,31.27,35.65,2.57,10.21,7.0414
2020-04-23,7.061,30.65,51.2,2.49,1.99,7.2811
2020-04-24,7.3529,33.34,33.98,1.56,0.0,7.3728
2020-04-25,6.4795,32.61,33.66,2.4,0.01,7.0202
2020-04-26,6.792,33.86,30.86,1.89,0.0,7.2202
2020-04-27,7.2658,34.61,26.29,2.03,1.83,7.5506
2020-04-28,7.445,33.27,33.9,3.33,0.14,7.4743
2020-04-29,7.6438,34.53,26.8,2.01,0.0,7.6507
2020-04-30,7.495,34.25,28.15,2.07,0.01,7.5257
2020-05-01,7.7383,34.79,20.6,4.11,0.0,7.7628
2020-05-02,7.6183,35.0,30.51,3.38,0.0,7.643
2020-05-03,7.212,35.34,32.27,3.71,0.31,7.3606
2020-05-04,6.5431,34.13,28.98,2.66,0.0,7.2302
2020-05-05,7.0675,33.75,35.4,1.78,10.39,7.4606
2020-05-06,7.7402,33.7,28.0,3.13,0.01,7.7904
2020-05-07,7.841,34.78,20.22,2.08,0.0,8.1317
2020-05-08,7.2,35.73,20.9,2.18,0.0,7.7131
2020-05-09,7.7981,35.16,29.24,3.83,0.0,7.8055
2020-05-10,7.8955,34.75,28.81,3.78,0.0,7.9428
2020-05-11,7.6877,35.34,30.92,4.54,0.0,7.7628
2020-05-12,7.5014,35.36,34.25,3.33,0.01,7.5732
2020-05-13,7.2014,34.65,34.43,2.33,0.0,7.3898
2020-05-14,7.518,34.08,36.36,2.79,0.2,7.6109
2020-05-15,6.9739,34.6,33.97,2.14,0.03,7.692
2020-05-16,7.0267,35.11,27.53,2.63,0.0,7.6392
2020-05-17,7.0246,34.23,16.77,2.59,0.0,7.999
2020-05-18,7.8113,33.24,25.3,3.13,0.29,7.8816
2020-05-19,7.8406,33.12,36.52,3.17,0.0,8.1022
2020-05-20,8.2447,34.47,25.3,3.41,0.0,8.255
2020-05-21,7.9068,34.86,33.16,4.99,0.0,7.914
2020-05-22,7.6726,35.52,39.23,5.12,0.0,7.7184
2020-05-23,7.788,36.15,34.47,4.14,0.0,7.8902
2020-05-24,7.6774,36.07,37.34,4.66,0.0,7.6862
2020-05-25,7.4501,36.24,35.97,4.99,0.0,7.7292
2020-05-26,7.9498,35.51,37.94,5.44,0.0,7.9574
2020-05-27,7.9757,35.69,37.86,5.5,0.0,7.9824
2020-05-28,6.8326,35.84,37.7,6.42,0.0,7.4189
2020-05-29,6.2724,35.14,45.15,5.24,0.18,6.5798
2020-05-30,6.5501,33.2,48.34,3.07,8.62,7.128
2020-05-31,7.0966,33.64,43.5,3.33,1.27,7.2254
2020-06-01,7.566,33.97,41.97,3.94,0.42,7.5922
2020-06-02,7.3615,34.22,40.29,2.83,0.07,7.5223
2020-06-03,6.9607,34.78,42.46,2.35,0.92,7.5362
2020-06-04,7.2559,33.49,41.13,2.65,1.58,7.6915
2020-06-05,6.025,35.0,41.17,4.33,1.38,7.4083
2020-06-06,7.3282,33.57,45.93,4.81,1.77,7.3934
2020-06-07,7.4388,34.07,43.52,4.26,0.0,7.573
2020-06-08,7.5734,35.42,40.72,4.53,0.0,7.7088
2020-06-09,7.7875,36.1,41.74,4.88,0.0,7.7954
2020-06-10,7.8631,36.4,42.4,4.83,0.0,7.867
2020-06-11,7.6291,36.88,42.15,5.28,0.0,7.7018
2020-06-12,7.367,37.64,38.29,4.12,0.02,7.4071
2020-06-13,7.1573,37.45,39.4,4.16,1.26,7.4328
2020-06-14,6.858,38.72,34.67,2.19,0.15,7.1633
2020-06-15,7.4371,39.24,31.61,3.2,0.47,7.6999
2020-06-16,7.8828,39.06,28.7,4.8,0.0,7.9082
2020-06-17,7.572,38.5,32.42,5.64,0.0,7.716
2020-06-18,7.4371,36.68,39.72,7.4,0.0,7.4491
2020-06-19,7.7316,36.93,42.19,7.63,0.0,7.7724
2020-06-20,7.375,36.23,44.93,6.19,0.0,7.4148
2020-06-21,7.4484,36.86,42.71,5.14,0.0,7.5862
2020-06-22,7.9874,36.96,38.0,4.14,0.0,8.0402
2020-06-23,7.3918,37.35,41.68,4.8,1.79,7.4395
2020-06-24,7.1201,37.93,38.11,4.32,0.36,7.5029
2020-06-25,7.1254,37.37,40.37,6.1,0.58,7.2432
2020-06-26,7.0966,34.61,47.7,6.38,0.21,7.2096
2020-06-27,7.1251,35.99,47.23,6.78,0.0,7.2497
2020-06-28,7.2346,36.28,47.5,7.16,0.0,7.2365
2020-06-29,7.4885,36.13,46.62,6.38,0.0,7.5194
2020-06-30,7.1808,37.2,40.72,3.72,0.04,7.2379
2020-07-01,6.8765,37.71,37.33,3.83,1.14,7.4594
2020-07-02,7.5,36.89,43.67,5.64,0.0,7.5799
2020-07-03,7.6238,37.55,40.91,6.33,0.0,7.7453
2020-07-04,7.1842,37.79,41.69,6.44,0.0,7.4616
2020-07-05,7.0699,35.58,51.23,3.78,6.54,7.2446
2020-07-06,6.7238,33.77,54.93,2.33,1.13,7.2468
2020-07-07,3.9346,35.35,45.1,2.32,0.0,7.2797
2020-07-08,6.247,34.98,47.21,4.18,0.09,7.6097
2020-07-09,7.4309,34.92,47.3,3.99,0.01,7.5492
2020-07-10,7.2804,34.77,53.6,6.16,0.14,7.5598
2020-07-11,6.7073,34.71,55.87,6.12,0.37,7.0898
2020-07-12,5.7,33.89,54.33,6.71,2.46,7.1467
2020-07-13,6.2458,33.78,51.63,4.06,2.29,6.8086
2020-07-14,6.9526,35.95,44.96,4.03,0.0,7.123
2020-07-15,6.9293,36.66,43.93,3.3,0.68,7.2331
2020-07-16,4.6109,37.07,44.11,2.26,6.15,7.0397
2020-07-17,6.3566,36.15,47.01,3.27,0.61,7.1837
2020-07-18,6.5611,34.59,54.32,2.53,6.3,7.2989
2020-07-19,6.6814,35.01,51.13,4.34,0.61,7.409
2020-07-20,6.7894,34.71,54.11,7.14,0.01,7.2516
2020-07-21,5.0628,31.94,66.79,6.45,15.56,7.0906
2020-07-22,5.2716,31.84,63.78,4.01,2.48,6.7934
2020-07-23,7.2871,34.79,50.16,4.58,0.0,7.3032
2020-07-24,7.3738,35.35,48.77,4.26,0.0,7.5154
2020-07-25,5.0242,35.55,47.54,2.68,0.61,6.8743
2020-07-26,6.2902,32.94,56.81,3.75,1.57,7.1918
2020-07-27,7.3562,33.48,53.97,4.32,0.03,7.4597
2020-07-28,6.5916,34.75,51.71,5.69,0.0,7.433
2020-07-29,6.0866,35.04,52.36,5.94,0.0,7.1899
2020-07-30,6.4255,35.87,48.32,4.63,0.0,6.996
2020-07-31,6.4111,35.92,48.46,5.02,0.21,7.11
2020-08-01,5.983,35.86,46.5,3.66,0.06,7.1126
2020-08-02,7.2794,35.77,47.39,4.35,0.01,7.4155
2020-08-03,7.3207,36.3,45.13,5.09,0.0,7.4575
2020-08-04,7.2514,36.24,45.81,5.38,0.0,7.4016
2020-08-05,6.8981,37.82,41.71,1.77,0.37,7.104
2020-08-06,5.7338,35.6,49.28,4.03,10.33,7.1424
2020-08-07,3.5885,31.22,71.08,3.31,22.55,7.025
2020-08-08,6.179,30.81,72.31,2.7,4.23,7.3318
2020-08-09,5.5709,33.31,60.2,3.3,0.05,7.3073
2020-08-10,5.9335,33.27,59.48,4.11,0.01,6.6586
2020-08-11,5.7727,33.27,58.24,4.81,0.01,6.7877
2020-08-12,5.628,33.54,61.46,6.2,0.0,6.8938
2020-08-13,5.8416,34.58,58.67,5.7,0.0,6.6586
2020-08-14,6.534,34.6,57.03,4.74,0.18,6.8134
2020-08-15,4.5178,31.18,72.79,3.48,14.32,6.7838
2020-08-16,5.9942,33.01,65.36,3.06,3.08,6.4574
2020-08-17,6.4966,33.82,61.39,3.78,1.51,6.7661
2020-08-18,6.5767,31.74,71.86,4.25,2.26,6.8081
2020-08-19,6.5239,31.69,68.28,5.11,0.02,6.8465
2020-08-20,5.8188,31.5,66.33,3.96,0.0,6.8328
2020-08-21,5.383,32.65,59.7,1.21,0.73,6.8198
2020-08-22,6.0209,34.47,51.55,2.05,0.77,6.8731
2020-08-23,6.7356,34.28,47.97,3.05,0.78,6.8434
2020-08-24,4.356,34.22,50.13,3.04,2.18,6.9024
2020-08-25,2.4948,30.97,75.39,2.76,22.85,6.8086
2020-08-26,5.0606,29.61,74.91,5.89,5.18,6.7454
2020-08-27,4.3306,30.67,67.83,4.17,0.89,6.7358
2020-08-28,6.4373,31.34,64.31,3.24,0.16,6.8249
2020-08-29,4.7722,31.87,67.14,1.46,7.47,6.8957
2020-08-30,5.2702,30.73,74.44,1.5,28.44,6.7037
2020-08-31,1.3666,27.51,89.07,3.07,72.66,6.7584
2020-09-01,4.8739,29.01,75.85,4.13,2.46,6.0036
2020-09-02,5.9861,29.64,69.24,2.58,0.02,6.175
2020-09-03,5.4598,30.89,63.56,1.11,2.02,6.2354
2020-09-04,2.3098,28.64,81.74,1.97,18.03,6.3401
2020-09-05,3.469,28.76,78.31,1.5,2.35,6.6108
2020-09-06,6.672,30.73,66.97,2.54,0.09,6.709
2020-09-07,6.7956,30.6,66.06,3.21,0.0,6.8431
2020-09-08,6.8066,30.65,64.9,2.41,0.0,6.8196
2020-09-09,6.4817,30.52,65.48,2.79,0.0,6.5095
2020-09-10,6.1855,31.19,63.12,2.4,0.0,6.5045
2020-09-11,6.4694,31.55,60.35,2.74,0.0,6.5616
2020-09-12,5.8812,31.76,57.88,2.03,0.11,6.378
2020-09-13,4.9236,31.89,58.69,1.5,0.04,6.2686
2020-09-14,5.8346,31.91,61.28,2.03,0.01,6.2405
2020-09-15,5.5022,31.42,63.8,2.31,0.48,5.8774
2020-09-16,5.347,30.98,63.98,2.91,0.2,5.7036
2020-09-17,5.7614,30.68,67.1,3.57,0.0,5.927
2020-09-18,5.9832,30.66,61.85,3.53,0.0,6.0475
2020-09-19,6.1855,30.21,63.7,2.47,0.07,6.2292
2020-09-20,5.8099,31.63,57.1,1.71,0.0,6.2935
2020-09-21,5.9071,32.88,50.59,1.45,0.0,6.2635
2020-09-22,6.4159,33.2,44.73,1.37,0.0,6.4565
2020-09-23,5.958,33.0,38.95,1.59,0.0,6.3713
2020-09-24,6.3041,31.57,43.67,3.11,0.0,6.3336
2020-09-25,6.2916,30.4,58.39,4.86,0.0,6.3223
2020-09-26,6.1066,28.89,57.46,3.18,0.0,6.3725
2020-09-27,6.1937,27.92,60.17,3.35,0.0,6.2302
2020-09-28,6.1714,29.0,60.96,3.44,0.0,6.3043
2020-09-29,6.2222,28.6,58.76,2.96,0.0,6.2566
2020-09-30,6.0473,29.12,57.99,2.66,0.0,6.1841
2020-10-01,5.9998,29.54,51.14,3.14,0.0,6.1078
2020-10-02,6.1162,28.58,47.36,2.78,0.0,6.2021
2020-10-03,6.1488,28.86,57.45,2.78,0.0,6.2462
2020-10-04,6.1934,29.21,56.46,2.45,0.0,6.2688
2020-10-05,6.203,29.28,50.09,2.45,0.0,6.2364
2020-10-06,6.1706,28.58,45.75,2.3,0.0,6.2486
2020-10-07,6.1817,28.69,44.33,1.99,0.0,6.1927
2020-10-08,6.1231,29.47,40.15,1.14,0.0,6.151
2020-10-09,5.9798,30.47,33.09,0.93,0.0,6.0554
2020-10-10,5.9839,30.86,28.9,0.84,0.0,5.9904
2020-10-11,5.9743,30.65,25.44,0.93,0.0,5.999
2020-10-12,6.0936,28.74,27.6,1.5,0.0,6.0982
2020-10-13,6.0833,27.68,24.43,1.25,0.0,6.1183
2020-10-14,5.915,27.64,28.27,2.18,0.0,5.923
2020-10-15,4.3522,27.72,31.32,2.08,0.0,4.5509
2020-10-16,4.2386,27.71,31.87,2.34,0.0,4.5538
2020-10-17,3.6509,28.6,30.87,2.2,0.0,4.3711
2020-10-18,3.3101,28.88,54.74,1.86,0.14,4.3411
2020-10-19,4.1942,29.56,53.33,0.93,0.01,4.3159
2020-10-20,4.9822,29.18,41.78,1.53,0.0,4.991
2020-10-21,5.1206,28.39,23.89,1.31,0.0,5.2114
2020-10-22,5.8027,25.77,26.25,1.96,0.0,5.8164
2020-10-23,5.6986,27.97,19.89,0.9,0.15,5.7036
2020-10-24,5.7,26.93,21.2,1.14,0.0,5.7034
2020-10-25,5.4713,25.87,32.75,2.24,0.0,5.5034
2020-10-26,5.6712,25.79,25.02,1.53,0.0,5.6736
2020-10-27,5.1113,25.6,23.66,1.51,0.0,5.1139
2020-10-28,5.1797,24.8,27.39,2.06,0.0,5.1828
2020-10-29,5.159,25.22,31.41,2.04,0.0,5.1622
2020-10-30,5.0083,25.29,31.32,1.13,0.0,5.0186
2020-10-31,4.9978,25.28,26.06,1.3,0.0,5.0095
2020-11-01,4.8557,25.06,23.97,1.35,0.0,4.8768
2020-11-02,5.0748,25.49,20.74,1.35,0.0,5.076
2020-11-03,5.1766,24.33,21.9,1.78,0.0,5.1799
2020-11-04,5.1756,23.02,30.1,2.32,0.0,5.1787
2020-11-05,5.0057,23.41,39.3,2.02,0.0,5.0071
2020-11-06,5.0482,24.5,32.23,0.97,0.0,5.0494
2020-11-07,4.9898,25.18,28.31,1.17,0.0,4.991
2020-11-08,4.8538,25.65,25.87,1.34,0.0,4.859
2020-11-09,4.7234,26.01,21.89,0.9,0.0,4.7258
2020-11-10,4.5821,24.39,22.99,1.25,0.0,4.5996
2020-11-11,4.0315,22.5,27.64,2.51,0.0,4.033
2020-11-12,3.6914,21.39,31.74,2.3,0.0,3.6924
2020-11-13,4.0282,21.86,33.91,1.86,0.0,4.0296
2020-11-14,4.2886,23.69,31.98,2.01,0.0,4.3214
2020-11-15,4.0579,22.95,37.46,1.99,0.0,4.1534
2020-11-16,4.3946,20.15,45.16,2.98,0.0,4.4282
2020-11-17,3.9041,18.54,48.74,3.26,0.0,3.9218
2020-11-18,4.4659,18.96,38.27,1.49,0.0,4.4712
2020-11-19,4.5295,19.71,30.17,1.6,0.0,4.5439
2020-11-20,4.6752,18.51,25.1,1.41,0.0,4.6764
2020-11-21,4.5562,18.78,25.16,1.3,0.0,4.5667
2020-11-22,4.3788,19.56,25.38,1.52,0.0,4.4882
2020-11-23,4.4398,19.8,24.77,1.64,0.0,4.4554
2020-11-24,3.3607,17.39,32.89,2.96,0.01,4.2156
2020-11-25,2.8078,16.5,57.57,3.85,1.01,3.9185
2020-11-26,3.8208,15.85,68.73,4.56,0.0,3.8345
2020-11-27,4.3394,16.17,60.75,3.64,0.0,4.3402
2020-11-28,4.6553,16.39,44.36,2.2,0.0,4.6582
2020-11-29,4.6246,18.64,31.45,1.41,0.0,4.6291
2020-11-30,4.4314,20.13,22.32,1.46,0.0,4.4575
2020-12-01,4.4287,21.0,22.69,1.43,0.0,4.4724
2020-12-02,4.4098,22.27,22.24,1.24,0.0,4.4184
2020-12-03,4.4314,23.16,20.63,1.4,0.0,4.4366
2020-12-04,4.392,22.84,27.27,1.94,0.0,4.3966
2020-12-05,4.141,21.51,37.87,1.6,0.0,4.2446
2020-12-06,4.2168,21.15,37.97,2.53,0.0,4.2218
2020-12-07,4.176,21.66,34.16,1.42,0.0,4.1894
2020-12-08,4.0999,22.34,36.67,1.65,0.0,4.1251
2020-12-09,3.9194,19.79,47.44,2.82,0.0,3.9629
2020-12-10,3.9338,19.06,59.97,3.69,0.1,3.9432
2020-12-11,3.5376,18.8,52.78,3.43,0.52,3.6511
2020-12-12,3.822,16.59,49.71,1.62,0.18,3.822
2020-12-13,4.0997,14.73,40.6,1.87,0.0,4.1009
2020-12-14,3.7342,14.63,38.63,2.16,0.0,3.7406
2020-12-15,3.9182,13.7,36.87,2.43,0.0,3.9343
2020-12-16,3.817,12.78,42.02,3.14,0.0,3.8518
2020-12-17,4.146,11.89,34.68,2.4,0.0,4.1501
2020-12-18,4.3358,13.69,26.36,1.76,0.0,4.3399
2020-12-19,4.2814,15.25,25.47,2.11,0.0,4.3766
2020-12-20,3.6341,16.65,24.62,2.08,0.0,4.241
2020-12-21,4.1141,17.89,22.62,1.3,0.0,4.2768
2020-12-22,4.26,17.74,25.24,1.82,0.0,4.2624
2020-12-23,4.2931,16.08,34.61,2.2,0.0,4.2931
2020-12-24,4.1486,15.81,36.22,2.77,0.0,4.1662
2020-12-25,3.8594,16.41,37.67,2.83,0.0,3.8652
2020-12-26,3.7135,17.23,35.88,1.46,0.0,3.7572
2020-12-27,4.1592,13.79,23.85,3.8,0.0,4.164
2020-12-28,4.386,10.93,28.39,1.78,0.0,4.4002
2020-12-29,4.4647,12.03,26.26,2.42,0.0,4.4738
2020-12-30,4.3958,12.21,43.05,2.67,0.0,4.4242
2020-12-31,4.193,12.01,37.28,2.92,0.0,4.3855
2021-01-01,3.641,12.55,37.35,2.88,0.0,3.6991
2021-01-02,3.2165,12.55,38.25,3.12,0.0,3.594
2021-01-03,3.4164,12.23,43.77,2.21,0.0,3.4505
2021-01-04,2.8498,14.0,60.63,2.5,0.0,2.8526
2021-01-05,2.339,14.4,66.35,3.09,0.0,2.7031
2021-01-06,3.4442,15.68,45.23,1.46,0.0,3.4615
2021-01-07,3.9814,13.82,52.99,2.38,0.0,4.0414
2021-01-08,3.9802,13.29,32.36,1.5,0.0,4.0037
2021-01-09,3.829,12.86,46.96,3.26,0.0,3.9094
2021-01-10,4.1388,12.98,43.49,2.6,0.0,4.1746
2021-01-11,4.4794,13.99,36.05,1.72,0.0,4.5269
2021-01-12,4.7354,16.72,19.0,1.08,0.0,4.771
2021-01-13,4.7138,17.69,12.82,1.11,0.0,4.7515
2021-01-14,4.3634,18.61,11.24,1.48,0.0,4.7518
2021-01-15,4.7261,16.67,17.57,2.29,0.0,4.752
2021-01-16,4.6385,15.29,23.68,2.83,0.0,4.6495
2021-01-17,4.4923,15.39,24.33,1.99,0.0,4.5007
2021-01-18,3.6238,13.09,45.47,3.5,0.0,4.2233
2021-01-19,3.5762,13.79,45.86,2.23,0.0,3.7236
2021-01-20,4.0968,16.73,30.02,1.43,0.0,4.1134
2021-01-21,4.6721,18.76,23.45,1.51,0.0,4.6776
2021-01-22,4.0632,19.41,45.96,3.57,0.0,4.4134
2021-01-23,4.3829,16.29,14.39,2.88,0.0,4.4138
2021-01-24,4.8948,14.38,14.9,1.7,0.0,4.9493
2021-01-25,5.0527,14.12,19.29,1.68,0.0,5.1158
2021-01-26,5.0321,14.97,16.79,1.5,0.0,5.0842
2021-01-27,5.0736,14.6,22.45,1.79,0.0,5.1137
2021-01-28,5.1497,15.79,19.71,1.55,0.0,5.1941
2021-01-29,5.1802,17.01,15.83,1.33,0.0,5.2018
2021-01-30,5.1559,18.2,12.52,1.56,0.0,5.207
2021-01-31,5.0573,19.04,13.04,2.42,0.0,5.1055
2021-02-01,4.9123,20.38,25.32,1.61,0.0,4.974
2021-02-02,4.8742,20.11,26.91,1.48,0.0,4.8811
2021-02-03,4.7695,19.57,23.43,1.99,0.0,4.7726
2021-02-04,4.7861,17.18,30.84,3.37,0.0,4.7875
2021-02-05,4.9445,17.45,32.01,1.57,0.0,4.9507
2021-02-06,5.3018,18.28,30.54,1.54,0.0,5.3422
2021-02-07,5.3182,19.74,23.74,1.28,0.0,5.3834
2021-02-08,5.4132,21.51,18.09,0.98,0.0,5.5066
2021-02-09,5.0626,21.78,16.86,2.2,0.0,5.2886
2021-02-10,5.3443,20.71,20.9,1.85,0.0,5.3525
2021-02-11,5.165,21.91,19.28,1.29,0.0,5.6388
2021-02-12,5.5831,22.75,16.35,1.35,0.0,5.5927
2021-02-13,5.4814,23.23,16.2,1.18,0.0,5.5265
2021-02-14,5.4792,23.41,16.36,1.46,0.0,5.4912
2021-02-15,5.3412,22.7,19.46,1.42,0.0,5.3527
2021-02-16,5.4907,23.01,18.3,1.49,0.0,5.4929
2021-02-17,5.6112,23.22,16.92,1.28,0.0,5.615
2021-02-18,5.7302,23.04,17.68,1.6,0.0,5.7408
2021-02-19,5.8205,22.62,17.93,2.45,0.0,5.8243
2021-02-20,5.6196,23.67,15.78,1.66,0.0,5.79
2021-02-21,5.6863,24.31,16.18,1.29,0.0,5.8188
2021-02-22,5.6873,25.16,15.4,1.89,0.0,5.7958
2021-02-23,5.7108,24.19,18.98,2.66,0.0,5.7799
2021-02-24,5.7329,24.58,37.86,2.85,0.0,5.778
2021-02-25,5.7967,25.65,36.39,2.11,0.0,5.8274
2021-02-26,5.5927,25.99,38.96,3.84,0.0,5.6112
2021-02-27,5.5788,24.1,23.96,3.66,0.0,5.5824
2021-02-28,5.9506,23.13,15.94,1.94,0.0,5.9568
2021-03-01,6.3434,24.7,14.37,1.23,0.0,6.355
2021-03-02,6.415,24.48,13.29,1.59,0.0,6.4478
2021-03-03,6.3943,26.58,13.24,2.05,0.0,6.4238
2021-03-04,6.1567,27.73,16.15,1.56,0.0,6.2102
2021-03-05,6.2062,28.32,16.57,1.71,0.0,6.2326
2021-03-06,6.0696,29.26,20.55,3.84,0.0,6.1217
2021-03-07,6.0449,27.64,34.49,3.43,0.0,6.1058
2021-03-08,5.9395,27.58,37.57,2.17,0.0,6.0305
2021-03-09,5.9758,27.13,25.84,2.66,0.0,6.0934
2021-03-10,6.3382,28.23,20.5,1.13,0.0,6.4051
2021-03-11,6.4894,26.12,22.96,2.71,0.0,6.4954
2021-03-12,5.9508,25.26,33.29,1.78,0.0,6.2256
2021-03-13,5.1434,24.57,31.91,2.46,0.0,6.5299
2021-03-14,6.337,27.35,27.93,1.34,0.0,6.3746
2021-03-15,6.2381,28.62,25.42,1.49,0.0,6.2784
2021-03-16,6.0274,29.43,23.27,1.71,0.0,6.1087
2021-03-17,6.0862,29.79,22.05,1.25,0.0,6.185
2021-03-18,5.6827,28.63,25.17,1.85,0.0,6.2249
2021-03-19,5.585,28.4,29.9,3.05,0.0,6.1925
2021-03-20,6.3106,29.57,20.38,1.18,0.0,6.533
2021-03-21,6.1349,29.58,23.04,2.84,0.0,6.5009
2021-03-22,4.9646,28.73,30.38,2.73,2.0,5.862
2021-03-23,6.2724,26.24,34.66,2.49,0.02,6.3466
2021-03-24,6.8047,26.43,24.08,2.36,0.0,6.9034
2021-03-25,6.0653,27.29,24.69,2.25,0.0,6.8126
2021-03-26,6.8436,29.32,20.42,1.96,0.0,6.8438
2021-03-27,6.8719,31.15,15.25,1.61,0.0,6.9463
2021-03-28,6.931,31.36,19.87,4.22,0.0,6.9319
2021-03-29,7.0356,32.08,34.62,4.45,0.0,7.0937
2021-03-30,7.111,31.01,16.03,4.71,0.0,7.1177
2021-03-31,7.3289,27.96,10.18,3.55,0.0,7.3668
2021-04-01,7.4666,28.02,10.93,3.14,0.0,7.5254
2021-04-02,7.4964,28.37,11.27,3.39,0.0,7.512
2021-04-03,7.5154,30.52,9.12,2.02,0.0,7.5161
2021-04-04,7.1758,31.7,10.8,2.2,0.0,7.1767
2021-04-05,6.9259,30.79,26.82,2.89,0.0,6.947
2021-04-06,6.8916,30.85,30.5,2.62,0.02,6.9866
2021-04-07,6.725,29.96,26.48,2.62,0.0,6.9806
2021-04-08,7.241,29.0,12.09,2.24,0.0,7.2418
2021-04-09,7.5053,30.28,9.53,1.45,0.0,7.511
2021-04-10,7.4383,30.8,10.12,1.87,0.0,7.4472
2021-04-11,7.6082,32.57,10.12,1.63,0.0,7.619
2021-04-12,7.481,33.64,9.26,1.13,0.0,7.4858
2021-04-13,6.51,32.34,15.59,1.41,0.0,7.2838
2021-04-14,7.3447,31.7,18.08,3.66,0.0,7.4429
2021-04-15,7.4434,31.05,25.95,3.53,0.04,7.5125
2021-04-16,6.8885,30.34,34.0,3.26,0.14,6.9348
2021-04-17,7.1885,31.36,27.16,2.33,0.0,7.2684
2021-04-18,7.0212,33.41,18.76,1.97,0.0,7.3728
2021-04-19,6.7464,31.66,23.89,2.41,0.06,7.1638
2021-04-20,6.1853,29.4,33.73,3.34,0.34,6.7462
2021-04-21,7.3382,28.67,36.38,2.41,0.92,7.4686
2021-04-22,7.1933,31.48,24.77,2.95,0.0,7.2014
2021-04-23,7.1162,30.78,30.96,3.72,0.0,7.4674
2021-04-24,7.889,30.64,16.73,3.43,0.0,7.9193
2021-04-25,8.0882,32.36,11.12,2.17,0.0,8.1024
2021-04-26,7.8787,34.21,8.93,1.01,0.0,8.0167
2021-04-27,7.3586,34.05,16.99,1.98,0.0,7.7474
2021-04-28,7.4633,34.48,20.75,2.86,0.0,7.5365
2021-04-29,7.2658,34.75,21.95,2.8,0.01,7.3332
2021-04-30,7.0738,33.92,24.34,2.9,0.04,7.2326
2021-05-01,7.079,34.7,26.34,3.34,0.0,7.3423
2021-05-02,6.2674,33.74,23.18,3.12,0.39,6.995
2021-05-03,7.2578,33.48,25.74,3.87,0.0,7.7566
2021-05-04,6.8038,33.77,30.81,3.74,0.0,7.3459
2021-05-05,6.8782,34.18,28.32,2.24,0.0,7.5437
2021-05-06,6.4294,33.37,25.48,3.51,1.48,7.0793
2021-05-07,6.6929,32.67,31.39,3.18,0.37,7.0294
2021-05-08,6.7476,34.61,22.85,2.11,0.0,7.2689
2021-05-09,6.3242,36.16,25.36,2.48,0.24,7.1628
2021-05-10,7.5629,35.68,24.15,3.41,0.08,7.5955
2021-05-11,7.4098,33.66,39.69,3.0,7.96,7.6114
2021-05-12,7.2713,33.77,35.37,3.29,0.14,7.3198
2021-05-13,7.1172,33.29,41.71,4.06,0.41,7.2202
2021-05-14,6.4687,34.2,33.25,1.82,0.24,6.8098
2021-05-15,6.2753,35.19,28.2,1.35,0.28,6.6708
2021-05-16,6.3478,35.78,25.5,3.9,1.15,6.654
2021-05-17,5.9424,34.52,34.07,4.82,0.26,7.085
2021-05-18,3.4769,32.55,35.23,5.23,1.32,7.409
2021-05-19,7.5084,32.21,38.61,2.86,0.01,7.6193
2021-05-20,7.5468,34.98,29.52,4.92,0.01,7.5631
2021-05-21,7.2938,34.0,41.28,6.45,0.0,7.518
2021-05-22,6.9449,32.58,49.9,4.07,6.5,7.387
2021-05-23,7.1441,30.28,59.11,2.55,13.0,7.3037
2021-05-24,7.3608,32.74,43.85,2.98,0.0,7.5485
2021-05-25,7.5792,34.58,39.64,3.58,0.01,7.5979
2021-05-26,7.5084,34.83,45.88,4.43,0.59,7.5778
2021-05-27,7.6279,36.0,40.52,5.22,0.12,7.6423
2021-05-28,7.6958,36.4,39.57,6.36,0.0,7.6973
2021-05-29,7.519,35.39,41.27,6.67,0.0,7.5583
2021-05-30,6.9002,36.07,41.75,5.28,0.0,7.085
2021-05-31,7.3404,35.47,40.41,5.0,0.0,7.3978
2021-06-01,7.3992,35.4,46.0,5.89,0.0,7.4016
2021-06-02,7.104,33.06,55.03,4.34,8.81,7.5252
2021-06-03,7.6042,31.43,59.59,4.58,12.09,7.6711
2021-06-04,7.4755,31.16,60.32,2.33,8.53,7.5254
2021-06-05,7.5221,33.29,51.47,3.74,0.67,7.6397
2021-06-06,7.5576,34.26,47.7,3.66,0.78,7.5746
2021-06-07,7.7078,34.97,44.7,5.85,0.0,7.7158
2021-06-08,7.4542,34.44,48.15,7.05,0.0,7.5137
2021-06-09,7.6138,34.58,50.28,7.5,0.0,7.6538
2021-06-10,7.4858,34.84,49.71,7.56,0.0,7.5526
2021-06-11,7.71,34.69,50.19,7.54,0.0,7.7971
2021-06-12,6.5057,35.54,51.3,6.26,0.0,7.2977
2021-06-13,7.2569,36.04,47.84,5.9,0.0,7.3375
2021-06-14,6.4145,35.48,46.95,5.81,0.0,6.7546
2021-06-15,6.7954,35.81,46.37,5.96,0.88,6.834
2021-06-16,5.4775,33.57,56.48,4.59,7.93,6.6514
2021-06-17,4.1006,32.67,58.12,2.58,7.11,6.4702
2021-06-18,7.247,33.76,49.33,1.13,3.16,7.2986
2021-06-19,6.5856,34.64,44.77,3.14,1.68,6.8986
2021-06-20,7.0385,33.53,51.26,5.21,0.82,7.0723
2021-06-21,6.5993,34.08,46.43,4.36,0.02,6.6214
2021-06-22,6.7346,34.72,43.61,5.02,0.0,6.774
2021-06-23,7.1604,35.15,40.92,4.75,0.0,7.1659
2021-06-24,7.1102,34.99,41.04,5.03,0.0,7.1414
2021-06-25,7.374,34.91,42.35,5.97,0.0,7.4131
2021-06-26,7.4954,34.75,44.41,5.26,0.67,7.5276
2021-06-27,7.5917,34.88,43.7,4.34,2.04,7.6807
2021-06-28,6.7421,36.43,37.86,3.22,0.18,7.465
2021-06-29,7.3558,36.28,38.95,5.39,0.0,7.5756
2021-06-30,7.494,35.86,40.99,6.77,0.0,7.5228
2021-07-01,6.9494,36.02,40.85,6.22,0.0,7.0778
2021-07-02,6.2326,34.87,47.67,7.11,0.0,6.593
2021-07-03,6.7442,34.7,47.66,6.75,0.0,6.953
2021-07-04,6.4625,34.43,46.88,6.09,0.01,7.0874
2021-07-05,5.9081,34.48,46.8,5.17,0.0,6.9238
2021-07-06,7.1424,35.4,41.17,4.81,0.0,7.2002
2021-07-07,6.8928,35.06,42.0,5.84,0.0,7.1926
2021-07-08,7.1616,35.43,43.35,6.16,0.0,7.4767
2021-07-09,6.3089,34.99,46.67,5.14,0.0,7.3085
2021-07-10,6.8177,35.38,46.5,3.94,6.11,6.8486
2021-07-11,6.2539,34.28,56.63,2.37,8.65,6.5731
2021-07-12,4.6145,30.63,80.96,3.04,34.07,6.5854
2021-07-13,6.6485,31.07,79.13,3.01,10.16,7.3162
2021-07-14,6.5006,31.57,73.26,1.39,14.9,7.2218
2021-07-15,7.0608,30.93,77.92,3.51,5.91,7.2583
2021-07-16,6.5179,33.82,61.25,3.22,0.53,7.3992
2021-07-17,7.3718,35.08,54.99,2.65,0.36,7.4686
2021-07-18,6.6286,33.49,62.02,5.92,0.0,7.1412
2021-07-19,4.4726,33.05,62.49,6.74,0.0,6.9084
2021-07-20,3.8578,32.36,61.14,6.65,0.01,5.951
2021-07-21,4.9889,31.99,63.05,3.65,6.18,5.2368
2021-07-22,5.9074,31.7,67.87,2.3,26.35,6.1894
2021-07-23,4.3937,32.12,62.69,2.62,6.68,6.2417
2021-07-24,5.1605,32.86,59.28,2.03,1.63,6.6502
2021-07-25,6.1094,34.2,56.79,3.73,0.03,6.7423
2021-07-26,4.8818,32.93,62.0,5.09,0.03,5.981
2021-07-27,2.137,31.57,63.61,5.45,0.0,6.2328
2021-07-28,2.6366,32.83,59.67,7.03,0.01,6.3946
2021-07-29,3.739,32.1,61.77,5.57,0.02,6.203
2021-07-30,5.8438,32.46,59.76,5.06,0.02,6.053
2021-07-31,5.1029,32.76,57.68,4.66,0.08,6.0161
2021-08-01,5.4113,32.7,58.0,5.71,0.01,6.0466
2021-08-02,4.2732,32.45,58.47,5.82,0.0,6.3674
2021-08-03,4.8286,32.71,56.89,5.33,0.05,6.161
2021-08-04,6.5962,33.07,55.64,4.64,0.86,6.767
2021-08-05,7.0644,32.91,54.57,4.0,0.04,7.0721
2021-08-06,6.6766,33.52,51.47,4.04,0.0,6.7478
2021-08-07,6.7608,33.39,50.81,4.07,0.0,6.8414
2021-08-08,6.8182,32.67,50.99,4.24,0.0,6.821
2021-08-09,6.7942,32.49,49.88,4.98,0.0,6.8719
2021-08-10,7.1165,31.96,51.06,5.35,0.0,7.1525
2021-08-11,7.1784,31.99,53.55,5.34,0.0,7.2295
2021-08-12,7.343,31.96,53.98,4.82,0.0,7.357
2021-08-13,7.1182,32.34,54.07,5.44,0.0,7.1335
2021-08-14,7.0538,31.96,53.92,6.01,0.0,7.105
2021-08-15,5.8944,32.04,53.56,5.17,0.0,6.7512
2021-08-16,6.9122,32.29,51.27,3.59,0.0,7.038
2021-08-17,7.2228,32.7,47.4,3.38,0.0,7.229
2021-08-18,7.1928,32.44,46.29,4.08,0.0,7.2046
2021-08-19,7.2314,32.82,43.89,4.33,0.0,7.2365
2021-08-20,6.8957,33.01,45.41,4.14,0.0,6.9216
2021-08-21,6.5878,34.05,45.98,3.13,0.65,6.6938
2021-08-22,6.1114,34.57,43.8,2.24,0.12,6.4942
2021-08-23,6.5376,33.99,41.12,4.18,0.0,6.5722
2021-08-24,6.8455,33.65,45.34,6.21,0.0,6.8472
2021-08-25,6.3398,32.64,48.56,6.62,0.0,6.8801
2021-08-26,6.3122,32.38,46.83,5.88,0.0,6.5549
2021-08-27,6.4104,31.51,51.39,4.7,0.0,6.4872
2021-08-28,6.6626,32.14,47.04,4.28,0.0,6.7277
2021-08-29,6.2232,32.47,46.89,3.06,0.0,6.5011
2021-08-30,5.7122,32.84,46.67,2.8,0.03,6.3859
2021-08-31,5.6146,34.92,41.7,3.84,0.06,6.4538
2021-09-01,6.1966,33.85,45.3,3.65,0.06,6.3391
2021-09-02,5.3162,33.37,45.84,3.7,0.05,6.5146
2021-09-03,5.2027,32.22,52.87,2.94,5.11,6.4265
2021-09-04,5.7763,32.43,53.63,2.02,1.94,6.4274
2021-09-05,6.3082,34.13,48.18,2.01,0.0,6.5179
2021-09-06,5.3311,34.77,47.53,2.83,0.8,6.4783
2021-09-07,5.9441,34.94,47.94,2.36,0.0,6.3041
2021-09-08,5.9071,35.16,47.74,2.12,0.31,6.2786
2021-09-09,5.3976,33.88,52.04,2.18,5.56,6.1709
2021-09-10,5.5582,32.54,59.06,1.14,5.52,6.0154
2021-09-11,5.1924,30.41,68.33,2.56,2.75,5.6131
2021-09-12,5.9162,31.23,62.43,4.86,0.52,6.3192
2021-09-13,6.1574,32.04,58.48,3.62,0.14,6.378
2021-09-14,4.992,32.72,56.89,3.95,0.29,6.3048
2021-09-15,6.0487,33.39,51.82,3.91,0.11,6.4109
2021-09-16,6.3554,34.23,47.09,2.22,0.0,6.4697
2021-09-17,6.337,32.85,55.09,2.09,11.67,6.5506
2021-09-18,5.9249,33.23,50.96,1.55,1.86,6.2333
2021-09-19,5.022,32.49,52.99,1.88,3.25,6.1006
2021-09-20,4.465,32.83,54.98,1.99,3.48,5.5769
2021-09-21,4.6822,31.44,63.29,1.66,11.87,5.8193
2021-09-22,4.0589,29.85,72.1,2.27,16.31,5.5111
2021-09-23,5.3971,30.04,68.36,2.49,4.45,5.879
2021-09-24,4.7357,29.23,74.58,4.0,0.72,5.7773
2021-09-25,5.7902,31.35,60.37,0.9,0.03,5.8447
2021-09-26,5.4739,31.51,54.66,1.65,0.0,5.8884
2021-09-27,5.3887,30.47,65.9,2.43,27.67,5.8162
2021-09-28,5.5303,29.85,74.1,2.44,18.33,5.8985
2021-09-29,5.6798,30.27,66.79,4.23,0.17,5.9191
2021-09-30,3.6408,28.37,76.38,3.25,0.75,5.9153
2021-10-01,5.5198,29.51,70.22,1.2,2.02,5.7691
2021-10-02,5.7638,30.33,60.81,2.56,0.13,5.8416
2021-10-03,5.9827,30.27,60.93,3.13,0.0,6.0286
2021-10-04,5.3148,30.47,62.37,2.95,0.04,6.0014
2021-10-05,5.8454,30.12,50.5,2.22,0.0,5.8656
2021-10-06,5.4732,30.72,51.62,1.49,0.0,5.6868
2021-10-07,5.7977,31.79,43.88,0.96,0.17,5.9251
2021-10-08,5.6086,31.0,44.77,2.25,0.0,5.831
2021-10-09,5.6971,30.25,48.37,2.62,0.0,5.7108
2021-10-10,5.6746,29.29,50.28,3.44,0.0,5.683
2021-10-11,5.5596,29.22,54.14,2.3,0.0,5.5858
2021-10-12,5.5531,29.24,45.49,1.19,0.0,5.6011
2021-10-13,5.8826,29.9,23.67,0.83,0.0,5.8834
2021-10-14,6.0859,27.69,17.98,1.35,0.0,6.0878
2021-10-15,6.0725,27.52,18.86,1.19,0.0,6.089
2021-10-16,5.9858,28.47,16.55,0.6,0.0,6.0182
2021-10-17,5.7206,27.53,22.35,1.51,0.0,5.724
2021-10-18,5.4648,26.68,35.95,1.87,0.0,5.4912
2021-10-19,5.3743,26.79,27.51,1.76,0.0,5.3784
2021-10-20,5.5481,25.68,46.48,3.72,0.0,5.5538
2021-10-21,5.5358,25.81,53.38,4.19,0.0,5.5606
2021-10-22,5.5277,26.32,62.29,4.89,0.0,5.549
2021-10-23,5.1031,25.78,46.34,2.81,0.0,5.2123
2021-10-24,4.525,24.58,45.33,1.93,0.01,4.5926
2021-10-25,4.5624,23.42,48.53,2.89,0.0,4.711
2021-10-26,5.1101,24.33,43.17,1.19,0.0,5.1161
2021-10-27,5.0887,25.21,38.97,1.43,0.0,5.1089
2021-10-28,5.2394,25.41,36.18,1.37,0.0,5.2488
2021-10-29,5.221,26.31,30.4,1.22,0.0,5.2226
2021-10-30,5.154,26.19,28.58,1.34,0.0,5.1792
2021-10-31,5.1773,24.82,25.38,2.5,0.0,5.1883
2021-11-01,5.1115,24.12,33.68,2.75,0.0,5.1257
2021-11-02,4.8713,24.14,43.08,1.17,0.0,4.8814
2021-11-03,4.6546,23.02,37.37,2.35,0.0,4.6961
2021-11-04,4.6884,23.53,31.07,1.57,0.0,4.697
2021-11-05,4.3834,24.38,27.08,1.77,0.0,4.5473
2021-11-06,4.439,24.83,28.91,1.26,0.0,4.4582
2021-11-07,4.5442,25.22,32.31,1.25,0.0,4.5566
2021-11-08,4.747,25.86,30.36,1.27,0.0,4.775
2021-11-09,4.6013,27.18,24.16,1.06,0.0,4.7294
2021-11-10,4.1784,25.93,23.27,0.97,0.0,4.7066
2021-11-11,4.686,24.98,23.22,1.35,0.0,4.6874
2021-11-12,4.8067,23.63,23.46,1.87,0.0,4.8082
2021-11-13,4.3858,23.54,22.56,1.4,0.0,4.3889
2021-11-14,3.5321,23.9,19.16,1.24,0.0,3.533
2021-11-15,4.1585,21.23,19.7,1.35,0.0,4.1597
2021-11-16,4.169,21.5,21.66,1.92,0.0,4.1803
2021-11-17,3.8628,20.75,31.0,2.48,0.0,3.8678
2021-11-18,3.6854,19.94,30.1,2.51,0.0,3.8215
2021-11-19,3.6449,19.76,28.21,2.39,0.0,3.6487
2021-11-20,4.0111,20.23,31.92,2.32,0.0,4.0589
2021-11-21,4.1335,21.69,50.91,2.54,0.0,4.1479
2021-11-22,4.4246,21.5,26.07,1.61,0.0,4.439
2021-11-23,4.5967,21.26,15.68,2.22,0.0,4.597
2021-11-24,4.3486,22.57,21.44,1.89,0.0,4.3644
2021-11-25,4.4549,22.7,23.45,1.46,0.0,4.4568
2021-11-26,4.3298,21.83,24.57,1.64,0.0,4.3385
2021-11-27,4.3517,22.5,25.59,1.19,0.0,4.3538
2021-11-28,4.3162,21.14,31.0,2.56,0.0,4.3171
2021-11-29,4.1297,21.05,31.47,2.85,0.0,4.1309
2021-11-30,3.911,20.87,28.04,2.24,0.0,3.9583
2021-12-01,2.7658,20.43,44.98,2.2,0.0,3.7507
2021-12-02,3.7649,20.09,41.85,3.1,0.0,3.8878
2021-12-03,4.0776,19.05,32.76,2.17,0.0,4.153
2021-12-04,4.1146,18.88,33.84,2.49,0.0,4.1158
2021-12-05,3.7882,19.71,29.13,1.59,0.0,3.8318
2021-12-06,3.8347,19.18,30.66,1.95,0.0,3.9878
2021-12-07,3.9523,18.28,37.68,1.97,0.0,3.953
2021-12-08,4.0795,17.94,32.05,1.87,0.0,4.08
2021-12-09,4.2907,17.37,29.24,2.23,0.0,4.2938
2021-12-10,4.3903,17.07,27.78,2.37,0.0,4.4033
2021-12-11,4.3572,18.29,24.52,1.2,0.0,4.397
2021-12-12,4.3433,16.83,25.93,1.85,0.0,4.3442
2021-12-13,3.907,16.31,30.86,2.08,0.0,4.0872
2021-12-14,4.2804,16.02,24.59,1.69,0.0,4.2862
2021-12-15,4.2276,15.37,22.77,1.43,0.0,4.2298
2021-12-16,4.1923,12.75,19.89,2.12,0.0,4.1974
2021-12-17,3.8513,12.75,26.03,2.41,0.0,3.8798
2021-12-18,4.3118,13.18,19.35,1.85,0.0,4.333
2021-12-19,4.3512,15.58,13.7,1.47,0.0,4.4282
2021-12-20,4.2144,17.66,12.4,1.44,0.0,4.2379
2021-12-21,4.1093,18.21,20.59,1.52,0.0,4.1162
2021-12-22,3.9019,18.22,26.5,0.95,0.0,3.9353
2021-12-23,2.5853,18.84,30.75,1.25,0.0,3.7546
2021-12-24,3.2818,17.77,29.07,1.82,0.0,3.2822
2021-12-25,3.2172,17.41,28.61,1.73,0.0,3.4512
2021-12-26,2.1089,15.84,55.2,2.13,0.11,3.0384
2021-12-27,2.8255,16.97,60.96,2.27,0.08,3.0725
2021-12-28,1.4923,15.79,53.59,2.42,0.68,2.8082
2021-12-29,3.2278,14.63,53.15,1.92,0.0,3.2345
2021-12-30,3.8213,15.62,36.01,2.53,0.0,4.0704
2021-12-31,2.4725,15.23,29.33,3.1,0.0,3.8717
2022-01-01,3.895,15.49,25.12,2.05,0.0,3.9358
2022-01-02,3.9122,16.46,26.37,3.0,0.0,3.9274
2022-01-03,3.6744,18.15,32.38,2.41,0.0,3.7596
2022-01-04,2.4862,19.01,37.84,1.88,4.42,3.6113
2022-01-05,1.6507,15.87,79.14,2.46,10.06,3.4243
2022-01-06,2.9539,13.79,78.65,2.53,5.03,3.935
2022-01-07,1.8955,12.65,84.91,3.07,13.2,3.9293
2022-01-08,3.9929,12.73,70.69,1.44,0.07,4.4338
2022-01-09,4.5106,13.46,57.39,1.2,0.0,4.5358
2022-01-10,4.5557,14.0,49.62,0.88,0.0,4.5562
2022-01-11,4.3783,13.6,54.18,1.75,0.0,4.3788
2022-01-12,4.0865,13.25,54.65,1.2,0.0,4.2569
2022-01-13,4.4633,14.7,46.1,0.91,0.0,4.4642
2022-01-14,4.4057,13.81,49.34,2.25,0.0,4.4114
2022-01-15,4.409,13.78,55.38,2.28,0.0,4.4172
2022-01-16,4.3603,13.83,53.63,2.35,0.0,4.4059
2022-01-17,4.313,15.77,44.92,1.73,0.0,4.319
2022-01-18,4.4138,16.55,45.21,2.3,0.0,4.4599
2022-01-19,3.7968,18.67,44.03,2.79,0.0,4.3915
2022-01-20,4.4138,17.05,54.07,2.15,0.0,4.4254
2022-01-21,3.7056,18.02,52.41,2.61,0.16,4.1426
2022-01-22,3.5268,14.1,66.96,4.13,0.15,4.0027
2022-01-23,4.5199,13.38,52.38,1.18,0.0,4.6104
2022-01-24,4.7791,13.2,33.45,1.14,0.0,4.8312
2022-01-25,4.9891,14.8,28.67,0.9,0.0,4.9942
2022-01-26,5.0803,15.46,25.12,1.01,0.0,5.0993
2022-01-27,4.9262,16.02,24.58,1.11,0.0,5.0292
2022-01-28,5.0842,16.57,25.83,1.89,0.0,5.0942
2022-01-29,4.836,17.53,26.68,2.07,0.0,4.8996
2022-01-30,4.843,19.12,32.03,1.62,0.0,4.847
2022-01-31,3.9722,19.27,49.46,2.07,0.0,4.7676
2022-02-01,4.9469,17.24,34.42,2.08,0.0,5.0086
2022-02-02,4.8761,19.57,31.25,3.7,0.0,4.9073
2022-02-03,4.8014,15.93,39.93,3.47,0.0,4.8101
2022-02-04,5.2882,14.69,30.8,1.82,0.0,5.3227
2022-02-05,5.0911,17.51,23.39,2.4,0.0,5.1278
2022-02-06,5.0186,18.56,51.77,2.91,0.0,5.0645
2022-02-07,4.7513,19.8,49.66,1.21,0.0,4.7791
2022-02-08,3.5962,19.28,47.51,1.89,0.28,4.4153
2022-02-09,4.746,18.61,44.72,2.08,0.02,4.746
2022-02-10,5.3726,19.24,33.39,1.4,0.01,5.3758
2022-02-11,5.6011,19.86,24.83,1.23,0.0,5.6014
2022-02-12,5.5342,20.33,21.14,1.89,0.0,5.5469
2022-02-13,5.5224,19.79,22.98,2.23,0.0,5.5303
2022-02-14,5.3986,20.56,22.95,1.19,0.0,5.4365
2022-02-15,5.3162,21.21,22.75,1.4,0.0,5.3174
2022-02-16,5.4638,21.7,26.85,1.54,0.0,5.4686
2022-02-17,5.4605,22.12,26.9,2.16,0.0,5.5291
2022-02-18,5.2459,22.1,22.33,1.53,0.0,5.3933
2022-02-19,5.6126,21.44,25.13,1.83,0.0,5.6189
2022-02-20,5.6822,21.49,23.25,2.88,0.0,5.6856
2022-02-21,5.6299,23.05,22.08,2.68,0.0,5.6412
2022-02-22,5.6035,22.58,44.15,5.47,0.0,5.7235
2022-02-23,5.3477,20.46,36.39,2.49,0.0,5.3602
2022-02-24,5.6498,23.44,24.95,1.82,0.0,5.6623
2022-02-25,5.688,23.08,22.15,3.08,0.0,5.699
2022-02-26,5.8116,20.61,32.46,3.27,0.0,5.8166
2022-02-27,5.8174,20.02,41.23,4.1,0.0,5.862
2022-02-28,5.7348,21.32,29.55,2.24,0.0,5.7818
2022-03-01,5.8548,23.92,24.33,1.5,0.0,5.8757
2022-03-02,5.1542,22.06,37.19,3.15,0.37,5.7194
2022-03-03,6.1303,20.29,49.44,2.63,0.0,6.131
2022-03-04,6.3293,22.29,33.22,1.49,0.0,6.3353
2022-03-05,5.8697,24.04,30.33,1.17,0.0,6.3422
2022-03-06,4.4935,24.66,24.25,2.16,0.0,6.139
2022-03-07,6.0991,24.55,25.27,2.09,0.0,6.157
2022-03-08,6.0358,24.55,30.97,3.18,0.0,6.0365
2022-03-09,5.9988,25.37,29.24,2.41,0.0,6.037
2022-03-10,6.0326,25.93,31.06,1.8,0.0,6.0936
2022-03-11,6.2582,28.15,25.44,1.1,0.0,6.283
2022-03-12,6.2594,29.64,21.64,1.03,0.0,6.3653
2022-03-13,6.3139,30.07,21.19,1.89,0.0,6.3209
2022-03-14,6.4291,30.31,24.71,2.88,0.0,6.4776
2022-03-15,6.5256,30.6,28.79,3.43,0.0,6.5618
2022-03-16,6.6415,31.01,27.95,2.97,0.0,6.6646
2022-03-17,6.6974,31.14,25.13,3.5,0.0,6.7423
2022-03-18,6.8155,30.61,24.21,4.49,0.0,6.8299
2022-03-19,6.5623,29.84,30.09,4.0,0.0,6.6538
2022-03-20,5.9302,30.07,26.21,1.9,0.0,6.1872
2022-03-21,6.0653,30.24,22.11,1.62,0.0,6.0905
2022-03-22,6.5885,28.96,25.43,3.84,0.0,6.6566
2022-03-23,6.3497,27.13,34.27,3.7,0.0,6.391
2022-03-24,6.7918,29.32,29.51,3.75,0.0,6.834
2022-03-25,6.9058,30.67,12.22,1.52,0.0,6.9098
2022-03-26,6.9559,31.83,10.0,1.91,0.0,6.9986
2022-03-27,7.0046,31.27,12.68,3.31,0.0,7.0114
2022-03-28,7.0754,31.12,17.35,3.58,0.0,7.0783
2022-03-29,6.864,31.84,25.28,3.46,0.0,6.8717
2022-03-30,7.0133,30.82,11.24,2.4,0.0,7.0442
2022-03-31,7.2991,30.09,8.22,1.52,0.0,7.3102
2022-04-01,7.1419,32.39,7.34,1.71,0.0,7.193
2022-04-02,7.3644,31.59,7.67,3.47,0.0,7.3699
2022-04-03,7.1952,31.07,10.72,2.69,0.0,7.2079
2022-04-04,7.0217,31.9,16.5,2.31,0.0,7.0322
2022-04-05,6.7205,32.56,15.87,2.93,0.0,6.9482
2022-04-06,7.1486,33.61,14.77,2.51,0.0,7.1683
2022-04-07,7.1796,34.08,18.7,2.36,0.0,7.2101
2022-04-08,7.1342,33.42,18.5,2.79,0.0,7.1837
2022-04-09,7.3963,33.45,16.02,2.83,0.0,7.3975
2022-04-10,6.8875,33.72,21.99,2.72,0.0,7.2074
2022-04-11,6.7927,33.88,19.55,4.27,0.0,7.0661
2022-04-12,7.1359,32.27,30.34,5.55,0.0,7.1424
2022-04-13,6.8438,32.07,37.35,3.02,0.0,6.9749
2022-04-14,6.9641,33.59,19.37,2.55,0.0,6.9974
2022-04-15,7.4911,32.59,12.3,2.77,0.0,7.4923
2022-04-16,7.2902,32.51,25.68,2.74,0.0,7.2914
2022-04-17,7.0639,33.79,30.84,4.43,0.0,7.0769
2022-04-18,7.1803,33.38,33.28,5.98,0.0,7.1914
2022-04-19,7.0555,33.73,28.58,4.77,0.0,7.0637
2022-04-20,6.4075,32.69,25.73,4.35,0.0,6.7567
2022-04-21,6.6847,32.9,22.02,3.67,0.0,7.0078
2022-04-22,7.1834,33.05,21.82,2.08,0.0,7.3116
2022-04-23,7.2828,33.9,19.44,1.62,0.0,7.4438
2022-04-24,7.1551,33.64,23.7,2.65,0.0,7.488
2022-04-25,7.2415,34.4,23.95,4.07,0.0,7.356
2022-04-26,7.1647,34.8,30.49,3.51,0.0,7.2641
2022-04-27,7.4525,35.83,27.59,3.73,0.0,7.4573
2022-04-28,7.9142,35.79,17.85,4.44,0.0,7.9238
2022-04-29,7.6512,35.69,26.09,3.01,0.0,7.6745
2022-04-30,7.1686,37.37,17.67,2.26,0.0,7.2871
2022-05-01,6.9317,37.78,20.02,4.92,0.0,7.0445
2022-05-02,7.2648,35.87,24.04,7.18,0.0,7.3114
2022-05-03,6.3593,33.51,33.66,7.37,0.33,6.9485
2022-05-04,6.9674,33.22,35.19,5.32,0.15,7.1702
2022-05-05,6.5978,34.7,27.62,2.52,0.46,6.9626
2022-05-06,6.7399,35.59,24.91,2.64,1.46,6.7699
2022-05-07,6.9838,36.16,21.9,4.76,0.0,6.9998
2022-05-08,7.3178,35.78,26.44,5.82,0.0,7.3354
2022-05-09,7.8888,35.46,25.49,5.38,0.0,7.8965
2022-05-10,7.625,35.97,28.46,3.64,0.0,7.7366
2022-05-11,7.5442,37.51,21.45,2.76,0.0,7.5458
2022-05-12,7.4357,38.05,18.55,3.76,0.0,7.4362
2022-05-13,7.8022,37.84,14.75,4.16,0.0,7.8113
2022-05-14,7.8718,37.96,15.11,4.6,0.0,7.9068
2022-05-15,7.7633,36.27,19.57,7.0,0.0,7.8168
2022-05-16,6.7267,34.74,27.9,6.22,0.0,6.8897
2022-05-17,6.3946,33.64,31.48,4.02,0.0,6.4805
2022-05-18,6.9367,36.54,21.29,3.15,0.0,7.013
2022-05-19,7.1287,37.65,20.35,4.68,0.0,7.1496
2022-05-20,7.2331,35.93,33.67,7.12,0.0,7.2617
2022-05-21,7.2658,35.23,31.21,5.43,0.0,7.2787
2022-05-22,7.53,35.04,27.35,3.4,0.0,7.536
2022-05-23,5.0902,35.61,27.78,5.05,0.0,5.5685
2022-05-24,6.8659,34.51,30.26,2.81,0.0,7.1124
2022-05-25,6.9792,34.65,36.11,3.48,0.0,7.0618
2022-05-26,7.2084,35.51,40.23,5.68,0.0,7.2199
2022-05-27,6.6696,35.28,42.78,6.42,0.0,6.9691
2022-05-28,5.8908,35.59,37.33,4.75,0.0,6.3588
2022-05-29,6.7003,35.96,30.63,6.0,0.0,6.8107
2022-05-30,6.9941,36.14,27.64,4.35,0.0,7.1561
2022-05-31,7.1544,36.03,26.45,2.76,0.0,7.3322
2022-06-01,7.1318,36.03,28.84,4.6,0.0,7.3176
2022-06-02,6.954,35.85,22.81,3.79,0.0,7.1436
2022-06-03,7.8619,34.87,21.91,3.86,0.0,7.8787
2022-06-04,7.6762,34.76,28.99,3.74,0.0,7.769
2022-06-05,7.7491,34.9,34.19,4.98,0.0,7.7633
2022-06-06,7.3949,35.76,32.92,5.52,0.0,7.4782
2022-06-07,7.2175,35.05,32.98,6.72,0.0,7.295
2022-06-08,7.2864,34.07,38.7,7.01,0.0,7.2912
2022-06-09,7.4635,34.52,43.36,7.68,0.0,7.4974
2022-06-10,7.7664,34.57,45.32,7.46,0.0,7.782
2022-06-11,7.8864,34.97,45.52,7.4,0.0,7.8958
2022-06-12,7.4357,35.08,43.75,6.53,0.0,7.5115
2022-06-13,6.744,33.79,52.03,5.2,10.92,7.0939
2022-06-14,6.8278,32.47,58.22,4.46,3.23,7.3298
2022-06-15,7.5446,34.97,46.73,5.21,0.0,7.5569
2022-06-16,7.4875,34.84,46.98,6.82,0.0,7.5326
2022-06-17,7.062,35.24,47.6,6.42,0.19,7.212
2022-06-18,4.8811,35.19,46.04,5.7,0.63,6.725
2022-06-19,6.4121,35.11,47.05,3.37,1.72,6.6883
2022-06-20,5.279,34.08,48.26,5.18,2.45,6.3792
2022-06-21,4.1695,32.25,54.51,5.2,5.64,5.9515
2022-06-22,5.6309,31.42,56.68,1.58,4.44,6.3247
2022-06-23,6.9521,32.78,47.52,2.77,1.0,6.9866
2022-06-24,7.1604,35.57,33.92,1.09,0.0,7.2293
2022-06-25,7.4611,37.57,31.46,2.29,0.0,7.4671
2022-06-26,7.3826,37.62,32.03,2.53,0.0,7.4558
2022-06-27,7.057,37.94,26.88,1.94,0.0,7.201
2022-06-28,6.2014,37.87,37.1,6.47,0.0,6.2275
2022-06-29,6.1637,36.94,43.03,7.84,0.0,6.7193
2022-06-30,5.8814,36.65,43.61,6.79,0.0,6.8914
2022-07-01,3.6605,35.87,46.49,5.43,0.24,6.6139
2022-07-02,2.6614,34.05,53.7,4.13,1.75,6.023
2022-07-03,4.5384,33.37,55.32,3.6,0.11,6.5282
2022-07-04,4.8612,33.23,58.79,2.17,4.88,7.0046
2022-07-05,5.8272,34.14,56.74,2.15,3.18,7.1599
2022-07-06,6.3024,34.12,61.55,3.3,17.16,7.1292
2022-07-07,3.6372,31.38,75.67,1.2,29.6,6.9809
2022-07-08,5.4317,31.61,75.94,2.53,11.96,6.9065
2022-07-09,5.7835,31.29,72.21,2.39,5.5,6.8114
2022-07-10,4.9574,30.59,72.2,2.96,3.03,6.6698
2022-07-11,6.5304,31.35,68.51,2.96,4.48,7.2134
2022-07-12,7.2108,32.63,63.15,3.12,1.33,7.4446
2022-07-13,6.5381,33.23,59.55,3.42,0.01,7.1669
2022-07-14,4.6121,31.67,70.81,2.0,20.06,6.7519
2022-07-15,2.6225,29.53,84.22,4.08,19.01,7.1383
2022-07-16,6.0557,30.05,75.75,4.64,2.75,7.4906
2022-07-17,5.0909,31.17,69.51,2.6,5.59,7.4988
2022-07-18,6.0326,29.65,79.65,2.22,19.19,7.404
2022-07-19,6.2803,31.58,69.64,3.17,0.57,7.3358
2022-07-20,6.5266,31.99,67.45,5.66,0.02,6.7493
2022-07-21,5.0412,30.87,72.18,6.05,4.17,6.8503
2022-07-22,4.3495,31.09,70.92,3.79,1.44,6.8818
2022-07-23,3.3182,30.65,74.1,2.57,10.87,6.697
2022-07-24,5.3957,29.27,85.13,1.87,14.14,7.0315
2022-07-25,4.8979,29.09,78.91,3.49,8.33,6.9931
2022-07-26,2.9638,29.33,78.74,2.89,9.52,7.0603
2022-07-27,3.1404,28.16,84.6,3.73,15.0,6.9744
2022-07-28,4.374,29.29,76.34,5.06,1.53,7.0265
2022-07-29,5.2162,29.81,72.03,5.36,0.94,6.8242
2022-07-30,5.6575,30.04,72.26,5.71,2.74,6.6734
2022-07-31,5.8277,29.36,77.24,5.09,1.46,6.2782
2022-08-01,4.187,31.19,71.11,4.86,0.04,6.4195
2022-08-02,6.3158,31.94,67.73,3.86,0.01,6.6187
2022-08-03,6.2198,32.38,63.68,3.79,0.0,6.655
2022-08-04,6.2417,31.75,65.17,2.75,0.65,6.5167
2022-08-05,5.0105,31.13,66.74,1.9,1.77,6.4843
2022-08-06,6.139,29.54,78.71,2.41,10.49,7.1006
2022-08-07,6.1524,31.66,66.92,0.97,0.89,6.9096
2022-08-08,2.9448,29.78,78.03,2.47,4.6,6.7558
2022-08-09,6.4918,31.13,76.5,2.3,9.36,6.8522
2022-08-10,6.6859,32.17,69.05,2.66,4.31,7.0735
2022-08-11,5.2865,32.39,62.5,4.34,0.27,6.8894
2022-08-12,4.3469,31.6,65.77,5.09,2.08,7.1381
2022-08-13,2.1806,28.94,80.96,2.67,19.08,6.923
2022-08-14,4.5466,27.57,82.19,4.24,11.63,6.9372
2022-08-15,5.2706,29.77,72.53,2.72,1.54,6.918
2022-08-16,4.8698,30.3,72.76,3.27,8.66,6.6895
2022-08-17,3.2254,27.84,86.55,4.64,21.95,6.7742
2022-08-18,1.692,26.87,88.65,7.89,34.07,6.9115
2022-08-19,3.2436,27.83,81.15,7.57,5.71,6.4368
2022-08-20,2.6854,27.48,84.18,6.11,21.99,6.2335
2022-08-21,4.2437,27.82,81.48,4.62,4.74,6.5177
2022-08-22,3.2532,28.57,83.92,2.99,7.96,6.6418
2022-08-23,4.1306,29.26,83.54,3.13,36.44,6.5371
2022-08-24,3.5477,27.78,89.14,4.52,30.25,6.6319
2022-08-25,3.8578,27.16,82.44,5.78,4.97,6.2302
2022-08-26,4.5322,27.19,80.0,3.94,0.64,6.343
2022-08-27,5.904,27.25,78.65,4.03,0.05,6.4498
2022-08-28,6.0238,27.84,78.46,4.14,0.0,6.4183
2022-08-29,5.5466,28.74,76.78,3.39,0.0,6.4279
2022-08-30,5.8968,28.8,76.02,2.75,0.01,6.1656
2022-08-31,6.1958,28.48,74.04,3.19,0.0,6.3835
2022-09-01,6.3048,28.82,76.09,3.55,0.05,6.7433
2022-09-02,6.6274,29.31,75.46,3.63,0.09,6.6982
2022-09-03,6.755,28.72,76.68,4.92,0.0,6.9442
2022-09-04,6.1476,28.46,78.42,5.24,0.0,6.828
2022-09-05,6.6214,28.29,76.51,4.13,0.0,6.7138
2022-09-06,6.6012,28.8,72.87,2.79,0.0,6.6754
2022-09-07,6.6048,29.77,67.72,1.87,0.0,6.7258
2022-09-08,6.5513,30.75,66.04,1.36,0.0,6.7022
2022-09-09,6.1517,31.94,63.56,1.75,0.0,6.3511
2022-09-10,5.6146,33.05,58.98,0.95,0.51,6.0456
2022-09-11,5.291,32.49,63.4,1.12,1.42,5.9417
2022-09-12,4.7669,30.84,71.24,1.82,2.22,6.0283
2022-09-13,5.5728,30.55,68.45,1.77,0.01,6.2417
2022-09-14,6.115,31.26,63.36,2.13,0.37,6.4702
2022-09-15,5.9273,32.09,58.82,1.38,0.15,6.1092
2022-09-16,6.198,29.78,70.31,4.43,0.0,6.343
2022-09-17,6.3852,28.56,74.25,5.06,0.0,6.5069
2022-09-18,6.3307,28.99,72.01,3.19,0.0,6.589
2022-09-19,6.2503,28.74,70.32,3.76,0.0,6.5681
2022-09-20,6.2695,28.16,69.57,3.96,0.0,6.5441
2022-09-21,6.3547,28.5,71.28,2.67,0.0,6.4596
2022-09-22,6.0732,29.53,68.35,2.14,0.0,6.2081
2022-09-23,6.041,30.07,67.34,2.54,0.0,6.2266
2022-09-24,6.0986,29.26,70.39,3.52,0.0,6.295
2022-09-25,6.0276,28.5,71.62,4.28,0.0,6.2729
2022-09-26,5.9724,28.45,69.37,3.41,0.0,6.0451
2022-09-27,5.9854,27.85,66.32,3.08,0.0,6.0842
2022-09-28,5.9076,28.0,66.63,3.22,0.0,6.1128
2022-09-29,5.9335,28.93,64.22,2.89,0.0,6.073
2022-09-30,5.843,28.75,60.98,2.92,0.0,6.1147
2022-10-01,5.8942,27.93,61.07,3.7,0.0,6.2784
2022-10-02,5.9842,27.67,66.68,3.6,0.0,6.2743
2022-10-03,6.012,28.4,63.35,2.75,0.0,6.2453
2022-10-04,6.2225,28.89,56.17,1.76,0.0,6.2458
2022-10-05,6.0137,28.64,53.81,2.21,0.0,6.1428
2022-10-06,5.7677,29.2,49.87,1.47,0.0,5.825
2022-10-07,4.3267,29.76,42.18,2.44,0.0,5.5908
2022-10-08,5.5162,28.23,52.21,3.46,0.0,5.6165
2022-10-09,5.8927,27.99,58.69,2.3,0.0,5.922
2022-10-10,5.6544,28.73,49.48,1.51,0.0,5.8255
2022-10-11,5.9386,29.12,39.95,1.13,0.0,5.941
2022-10-12,5.7511,28.82,35.16,1.24,0.0,5.8289
2022-10-13,5.8008,28.14,34.3,1.38,0.0,5.8423
2022-10-14,5.8932,27.12,37.92,1.42,0.0,5.9117
2022-10-15,5.97,27.49,34.18,1.11,0.0,5.9856
2022-10-16,5.9582,28.06,32.78,1.23,0.0,5.9606
2022-10-17,5.8589,27.59,32.04,1.3,0.0,5.8603
2022-10-18,5.7017,26.32,38.65,2.1,0.0,5.7612
2022-10-19,5.6597,26.1,42.4,2.1,0.0,5.6671
2022-10-20,5.5298,26.21,50.3,2.68,0.0,5.5462
2022-10-21,5.3405,26.43,46.31,1.46,0.0,5.4053
2022-10-22,5.425,26.7,41.73,1.5,0.0,5.4307
2022-10-23,5.3894,26.82,35.72,1.51,0.0,5.3976
2022-10-24,5.2798,26.51,37.6,1.07,0.0,5.2908
2022-10-25,5.2826,25.32,47.69,2.15,0.0,5.2968
2022-10-26,5.1842,25.84,52.35,2.59,0.0,5.2942
2022-10-27,5.1809,26.27,57.65,2.9,0.0,5.2176
2022-10-28,5.0287,25.96,51.97,2.26,0.0,5.1283
2022-10-29,4.8624,27.0,49.07,1.26,0.0,5.0347
2022-10-30,5.0263,27.95,40.58,0.99,0.0,5.0311
2022-10-31,5.1242,26.8,38.14,1.71,0.0,5.1444
2022-11-01,5.0621,26.37,43.56,1.98,0.0,5.0719
2022-11-02,4.7779,26.7,49.18,1.7,0.0,4.8629
2022-11-03,4.8965,26.65,48.37,2.54,0.0,4.9008
2022-11-04,5.0261,26.06,49.05,2.75,0.0,5.064
2022-11-05,5.0674,25.55,43.28,3.47,0.0,5.1166
2022-11-06,3.9336,25.27,44.73,3.05,0.0,4.7875
2022-11-07,4.2019,23.78,50.21,2.06,0.0,4.2353
2022-11-08,3.9665,24.42,46.46,1.65,0.0,4.1477
2022-11-09,4.337,24.98,46.04,1.29,0.0,4.3598
2022-11-10,4.2442,24.44,43.7,1.57,0.0,4.2758
2022-11-11,4.1834,24.0,41.99,1.55,0.0,4.2029
2022-11-12,4.1902,24.23,42.13,1.46,0.0,4.193
2022-11-13,4.3397,24.53,35.11,1.67,0.0,4.3488
2022-11-14,4.1486,23.81,48.19,3.46,0.01,4.1959
2022-11-15,4.1947,21.77,52.74,3.23,0.0,4.2055
2022-11-16,4.1431,22.05,45.24,1.73,0.0,4.1472
2022-11-17,4.5247,22.63,48.5,1.41,0.0,4.5396
2022-11-18,4.5322,22.95,40.82,1.53,0.0,4.5456
2022-11-19,4.4042,23.32,37.57,1.7,0.0,4.4299
2022-11-20,4.3613,22.92,33.64,1.59,0.0,4.369
2022-11-21,4.3145,21.85,33.16,1.71,0.0,4.3457
2022-11-22,4.3594,22.58,32.61,1.3,0.0,4.3877
2022-11-23,4.5977,22.33,28.3,0.79,0.0,4.6574
2022-11-24,4.5763,22.13,26.26,1.48,0.0,4.7239
2022-11-25,4.5667,22.18,27.64,1.48,0.0,4.6606
2022-11-26,4.5888,21.35,30.33,1.45,0.0,4.6231
2022-11-27,4.5557,20.97,31.76,1.2,0.0,4.5838
2022-11-28,4.5922,20.54,27.45,1.53,0.0,4.6068
2022-11-29,4.1186,19.61,27.15,1.81,0.0,4.393
2022-11-30,4.3762,19.49,29.8,2.02,0.0,4.4239
2022-12-01,4.3416,20.26,29.07,1.47,0.0,4.4038
2022-12-02,4.2986,20.76,28.92,1.19,0.0,4.3138
2022-12-03,4.1021,19.31,33.44,1.51,0.0,4.1174
2022-12-04,4.0073,18.98,32.53,1.78,0.0,4.0517
2022-12-05,4.1306,19.44,29.34,1.55,0.0,4.1534
2022-12-06,4.0586,19.21,27.82,1.69,0.0,4.0764
2022-12-07,4.1885,20.61,27.6,1.08,0.0,4.2101
2022-12-08,4.2002,22.04,29.04,1.19,0.0,4.2235
2022-12-09,4.3051,21.99,27.77,0.72,0.0,4.3344
2022-12-10,4.2982,20.07,29.78,2.66,0.0,4.3094
2022-12-11,4.0164,19.06,39.7,3.29,0.0,4.0267
2022-12-12,3.9089,19.37,36.57,2.96,0.0,3.9127
2022-12-13,4.1035,19.39,33.22,3.01,0.0,4.1081
2022-12-14,4.0918,18.66,38.09,2.26,0.0,4.0956
2022-12-15,4.3428,19.23,34.63,1.18,0.0,4.3937
2022-12-16,4.3438,20.18,32.59,1.49,0.0,4.3488
2022-12-17,4.381,20.95,26.12,1.44,0.0,4.399
2022-12-18,4.2653,20.37,22.49,1.9,0.0,4.2706
2022-12-19,3.9941,19.75,23.38,1.37,0.0,4.3145
2022-12-20,4.1162,18.49,26.21,1.22,0.0,4.2456
2022-12-21,4.2506,17.42,28.34,1.86,0.0,4.2756
2022-12-22,4.1081,15.35,29.96,2.65,0.0,4.1184
2022-12-23,4.02,14.96,25.17,1.91,0.0,4.1057
2022-12-24,3.9463,14.94,27.64,1.96,0.0,3.9677
2022-12-25,3.949,15.38,27.01,1.51,0.0,4.0925
2022-12-26,4.1844,15.1,24.64,2.24,0.0,4.1858
2022-12-27,4.0397,15.41,24.62,2.32,0.0,4.08
2022-12-28,4.0822,18.95,24.78,1.64,0.0,4.1071
2022-12-29,3.3348,19.75,48.69,2.4,0.0,3.9708
2022-12-30,3.9977,17.24,53.84,2.55,0.0,4.0176
2022-12-31,4.1093,16.38,46.44,1.42,0.0,4.1309
2023-01-01,4.2943,17.55,35.02,1.41,0.0,4.319
2023-01-02,4.3231,17.12,27.32,1.26,0.0,4.3579
2023-01-03,4.2005,15.11,27.51,2.02,0.0,4.2535
2023-01-04,4.4018,13.17,28.88,2.54,0.0,4.4232
2023-01-05,4.398,12.52,29.91,2.55,0.0,4.427
2023-01-06,3.7937,13.29,26.64,2.61,0.0,3.8436
2023-01-07,3.4546,15.83,31.57,2.22,0.0,3.8635
2023-01-08,4.0118,16.88,26.26,1.65,0.0,4.0186
2023-01-09,3.0986,18.42,28.84,1.61,0.0,4.0147
2023-01-10,4.1513,18.01,27.62,1.48,0.0,4.212
2023-01-11,4.0171,19.13,38.48,3.6,0.0,4.0663
2023-01-12,4.2324,15.22,39.47,2.32,0.0,4.2912
2023-01-13,4.4342,12.22,32.57,2.17,0.0,4.5569
2023-01-14,4.8221,12.48,20.82,1.15,0.0,4.8629
2023-01-15,4.8384,12.21,15.67,1.68,0.0,4.8816
2023-01-16,4.7633,13.53,17.71,1.34,0.0,4.777
2023-01-17,4.7318,13.98,16.65,1.58,0.0,4.7446
2023-01-18,4.6234,14.93,16.48,2.06,0.0,4.626
2023-01-19,3.4565,15.07,26.56,4.08,0.0,4.4107
2023-01-20,4.2667,13.97,53.63,3.1,0.61,4.319
2023-01-21,4.1179,13.88,50.4,2.53,0.0,4.1606
2023-01-22,3.8983,13.49,50.04,2.0,0.0,3.9139
2023-01-23,3.2472,12.98,47.07,3.03,0.0,3.2662
2023-01-24,3.695,12.39,32.35,2.62,0.0,3.7085
2023-01-25,5.0366,11.86,23.64,1.97,0.0,5.0618
2023-01-26,5.1245,12.48,21.06,2.58,0.0,5.1259
2023-01-27,4.925,12.76,23.56,2.71,0.0,4.9666
2023-01-28,4.8048,13.88,21.42,2.0,0.0,4.8545
2023-01-29,3.822,15.51,20.6,1.71,0.0,4.0404
2023-01-30,4.6289,16.61,26.56,1.61,0.04,4.649
2023-01-31,4.9255,15.16,41.88,2.85,0.0,4.9666
2023-02-01,5.0623,15.58,37.7,2.22,0.0,5.1019
2023-02-02,5.1866,18.69,30.9,1.39,0.0,5.1936
2023-02-03,5.1691,20.22,23.25,1.85,0.0,5.1746
2023-02-04,5.077,21.94,22.87,1.15,0.0,5.0827
2023-02-05,5.1067,21.13,30.57,2.54,0.0,5.1089
2023-02-06,4.9598,20.42,43.22,1.99,0.0,4.9946
2023-02-07,5.2344,20.49,22.28,1.68,0.0,5.2404
2023-02-08,5.1394,21.42,18.49,2.61,0.0,5.1458
2023-02-09,5.1401,21.92,34.48,3.57,0.0,5.1425
2023-02-10,5.2243,21.36,35.39,2.8,0.0,5.3638
2023-02-11,5.1758,19.86,18.49,2.35,0.0,5.191
2023-02-12,5.5507,17.28,18.83,2.77,0.0,5.5536
2023-02-13,5.3609,18.59,14.92,1.78,0.0,5.5759
2023-02-14,5.3926,22.87,16.08,2.08,0.0,5.4302
2023-02-15,5.64,25.1,18.0,1.23,0.0,5.6414
2023-02-16,5.4569,25.91,21.52,1.8,0.0,5.7012
2023-02-17,5.7569,27.21,15.63,1.44,0.0,5.7612
2023-02-18,5.8603,26.82,15.26,1.24,0.0,5.8639
2023-02-19,5.8193,25.98,16.11,2.9,0.0,5.8212
2023-02-20,5.7262,24.39,27.56,2.69,0.0,5.8397
2023-02-21,5.5668,23.62,20.24,2.0,0.0,5.6198
2023-02-22,4.8845,25.0,17.85,1.83,0.0,5.5495
2023-02-23,4.926,25.15,29.01,0.87,0.0,5.5942
2023-02-24,5.1686,25.71,28.12,1.32,0.0,5.5901
2023-02-25,5.6357,25.06,28.41,2.01,0.0,5.8162
2023-02-26,5.4593,26.12,22.71,1.2,0.0,5.7732
2023-02-27,5.4413,27.17,22.67,1.83,0.0,5.683
2023-02-28,5.6184,26.87,24.63,1.98,0.0,5.6772
2023-03-01,5.7826,25.18,28.27,2.81,0.0,5.8118
2023-03-02,5.5166,23.76,45.41,4.1,0.01,5.7499
2023-03-03,5.7348,25.75,35.21,3.17,0.0,5.8358
2023-03-04,5.3928,25.39,36.17,3.06,0.01,5.5027
2023-03-05,5.9383,25.95,32.04,1.69,0.0,5.9438
2023-03-06,5.8769,26.64,27.44,1.67,0.0,6.1258
2023-03-07,5.5963,27.7,25.27,1.37,0.0,6.0086
2023-03-08,6.211,26.64,27.28,1.78,0.56,6.241
2023-03-09,6.5138,26.1,25.72,1.76,0.0,6.5294
2023-03-10,6.6367,27.12,19.71,1.59,0.0,6.6586
2023-03-11,6.4164,27.51,18.58,2.35,0.0,6.5678
2023-03-12,4.3186,27.21,22.05,1.81,0.0,6.023
2023-03-13,5.5999,28.52,21.38,1.24,0.0,5.939
2023-03-14,5.7946,29.11,20.14,1.59,0.0,6.151
2023-03-15,3.3806,25.87,23.51,1.85,0.0,5.9263
2023-03-16,5.5051,26.88,37.07,3.1,1.78,5.6844
2023-03-17,5.479,25.06,42.17,3.27,0.94,5.7485
2023-03-18,6.0878,23.95,48.28,3.26,0.55,6.1728
2023-03-19,2.7276,24.19,45.9,1.83,0.82,6.0881
2023-03-20,6.2918,24.3,43.39,1.81,0.0,6.3787
2023-03-21,5.6695,26.47,33.97,2.3,0.06,6.6271
2023-03-22,5.7192,26.4,36.92,2.49,0.13,6.455
2023-03-23,5.7751,26.45,39.22,2.5,0.45,6.4502
2023-03-24,6.0984,24.68,46.81,4.03,0.54,6.8158
2023-03-25,6.0847,24.86,37.29,2.23,0.0,6.469
2023-03-26,6.4373,24.65,38.45,3.19,0.0,6.5933
2023-03-27,6.4949,26.36,29.72,1.79,0.0,6.7409
2023-03-28,6.5232,27.96,25.36,2.19,0.0,6.5618
2023-03-29,6.1193,26.69,41.79,4.23,0.23,6.4978
2023-03-30,5.8966,24.67,46.25,2.92,1.67,6.7195
2023-03-31,6.1536,24.93,45.5,2.26,0.2,6.8462
2023-04-01,6.582,27.98,35.54,1.73,0.22,6.7502
2023-04-02,6.9439,27.78,36.27,3.77,0.01,6.9542
2023-04-03,6.2729,27.74,44.61,3.56,0.08,6.7658
2023-04-04,6.8537,28.2,37.54,1.27,0.07,7.1952
2023-04-05,7.2038,28.89,22.87,1.72,0.0,7.2895
2023-04-06,6.7493,27.86,22.8,1.76,0.0,7.2334
2023-04-07,6.5839,28.61,22.28,4.04,0.0,7.2545
2023-04-08,6.0854,29.57,19.75,2.41,0.0,7.043
2023-04-09,6.5386,31.32,16.3,1.61,0.0,7.0752
2023-04-10,5.2205,29.9,29.11,2.75,0.01,6.8436
2023-04-11,3.9852,30.25,33.29,1.84,1.52,6.8678
2023-04-12,7.0313,30.05,36.13,1.9,5.06,7.1892
2023-04-13,6.6881,31.43,28.38,1.86,0.0,7.0025
2023-04-14,6.8988,32.79,23.86,1.68,0.0,7.1966
2023-04-15,7.1587,33.23,23.65,2.79,0.0,7.4342
2023-04-16,7.2982,32.81,29.41,4.26,0.0,7.3416
2023-04-17,7.0514,32.88,33.64,4.38,0.01,7.1671
2023-04-18,6.7207,32.89,31.23,3.68,0.25,7.1832
2023-04-19,5.3947,28.52,40.07,3.34,0.0,7.0985
2023-04-20,6.3276,28.48,18.71,2.97,0.0,7.0063
2023-04-21,7.9066,29.56,11.12,2.32,0.0,7.9205
2023-04-22,7.8595,30.63,11.32,2.04,0.0,7.8701
2023-04-23,7.7441,30.1,22.93,3.17,0.0,7.7734
2023-04-24,7.4441,29.58,15.18,2.73,0.0,7.8384
2023-04-25,7.4599,31.73,18.03,2.64,0.0,7.7124
2023-04-26,5.1648,30.92,20.51,2.44,1.17,7.1215
2023-04-27,6.3967,30.03,33.22,2.66,6.74,6.9794
2023-04-28,5.693,28.65,45.01,3.3,4.83,6.8143
2023-04-29,5.7646,24.76,70.05,1.96,37.94,7.0126
2023-04-30,5.724,24.58,69.86,1.44,7.17,7.062
2023-05-01,6.4702,27.06,56.61,1.83,0.34,7.2578
2023-05-02,5.7607,29.17,46.66,1.89,0.96,7.0025
2023-05-03,6.9607,28.3,50.5,1.69,0.42,7.1758
2023-05-04,5.3381,31.34,42.25,1.79,0.77,7.1753
2023-05-05,6.8714,32.82,36.38,1.53,0.18,7.0961
2023-05-06,7.037,32.9,35.36,2.13,0.24,7.5497
2023-05-07,7.451,31.39,26.44,3.29,0.6,7.7849
2023-05-08,7.931,30.11,21.65,3.12,0.0,7.9834
2023-05-09,7.7664,31.66,27.79,2.57,0.0,7.9277
2023-05-10,7.7611,33.54,25.81,2.04,0.0,7.7777
2023-05-11,8.111,34.85,19.97,1.25,0.0,8.1194
2023-05-12,7.9896,34.58,27.95,4.1,0.0,8.004
2023-05-13,7.8974,34.77,26.43,4.4,0.0,7.9214
2023-05-14,7.2398,34.4,35.32,2.79,0.23,7.5293
2023-05-15,7.32,34.27,34.25,5.8,0.1,7.3464
2023-05-16,7.391,33.37,44.43,4.89,2.12,7.4652
2023-05-17,7.369,33.41,44.69,5.53,0.01,7.4424
2023-05-18,7.5612,31.99,46.42,2.46,0.02,7.6913
2023-05-19,6.7265,34.95,31.33,2.51,0.0,7.5026
2023-05-20,7.2624,35.11,26.47,5.58,0.0,7.2802
2023-05-21,7.4698,34.48,37.02,6.78,0.0,7.4928
2023-05-22,7.8281,33.65,45.9,6.13,0.0,7.8569
2023-05-23,6.9977,33.21,49.46,5.61,0.0,7.8701
2023-05-24,7.0152,34.31,45.17,4.93,0.1,7.1306
2023-05-25,6.5054,34.67,40.89,5.44,1.96,6.6286
2023-05-26,6.5292,34.11,47.1,4.85,3.99,6.6168
2023-05-27,6.8006,34.08,42.34,4.01,0.0,7.3442
2023-05-28,6.0638,34.46,40.92,2.36,14.18,7.0519
2023-05-29,6.3235,29.14,68.78,2.58,52.28,7.0512
2023-05-30,4.0745,27.18,72.06,2.15,3.87,6.8731
2023-05-31,6.9089,28.97,59.1,2.7,1.39,7.0207
2023-06-01,5.753,30.68,58.74,3.18,0.13,7.1866
2023-06-02,6.8395,31.75,58.96,1.54,0.0,7.2986
2023-06-03,7.1453,32.49,56.9,2.74,7.01,7.2478
2023-06-04,7.3128,31.84,52.43,2.79,3.58,7.3843
2023-06-05,6.857,33.55,45.78,2.73,0.44,7.151
2023-06-06,7.4314,33.47,46.36,4.21,0.22,7.4942
2023-06-07,7.499,34.08,47.37,2.65,1.11,7.5941
2023-06-08,7.7018,34.25,49.26,4.64,0.0,7.7208
2023-06-09,7.7174,34.07,45.87,5.76,0.0,7.7282
2023-06-10,7.596,33.52,45.34,6.53,0.0,7.6109
2023-06-11,7.577,34.0,47.35,5.45,0.0,7.5974
2023-06-12,7.9135,35.03,41.91,5.6,0.0,7.9963
2023-06-13,7.7146,34.68,46.14,5.05,0.04,7.9085
2023-06-14,6.9982,33.27,51.57,5.97,0.0,7.3858
2023-06-15,4.9918,32.51,52.52,5.39,1.8,7.4438
2023-06-16,2.7977,31.6,60.56,5.43,4.25,7.0834
2023-06-17,3.4956,31.93,61.2,3.31,7.61,7.5804
2023-06-18,6.3799,34.52,54.4,1.91,0.73,7.007
2023-06-19,7.0531,34.54,52.07,4.41,0.03,7.0891
2023-06-20,6.9226,34.16,52.31,6.5,0.0,7.0942
2023-06-21,7.1179,33.86,53.04,6.45,0.0,7.1366
2023-06-22,7.2442,33.73,52.99,6.08,0.0,7.4201
2023-06-23,7.1592,34.29,51.08,5.47,0.0,7.1993
2023-06-24,6.942,34.57,51.89,5.97,0.0,7.0164
2023-06-25,6.2251,34.31,54.4,5.86,0.01,6.3346
2023-06-26,5.7814,33.26,57.43,4.27,1.02,6.342
2023-06-27,5.7314,32.4,66.26,2.66,22.01,6.6835
2023-06-28,6.6427,30.64,79.85,3.27,8.07,6.7723
2023-06-29,6.246,31.4,75.29,3.54,12.08,6.6391
2023-06-30,6.6569,31.38,72.41,4.18,0.8,7.0978
2023-07-01,7.1856,32.52,65.27,4.42,0.87,7.2744
2023-07-02,7.2305,33.52,58.89,4.87,0.39,7.2898
2023-07-03,7.375,34.38,51.94,4.82,0.0,7.5698
2023-07-04,7.0843,35.07,52.95,6.46,0.0,7.3978
2023-07-05,6.8868,35.14,52.92,5.4,0.0,6.9958
2023-07-06,5.5517,34.77,55.07,4.06,3.56,6.455
2023-07-07,4.3342,31.6,72.58,3.02,49.99,6.6931
2023-07-08,4.1047,30.32,73.42,1.51,10.21,7.157
2023-07-09,6.1082,32.21,62.92,1.95,0.09,6.7306
2023-07-10,5.1718,33.87,56.52,2.1,0.0,6.4805
2023-07-11,6.7416,34.48,54.36,4.21,0.01,6.8513
2023-07-12,7.0138,34.19,52.75,5.12,0.0,7.1287
2023-07-13,6.925,34.43,52.55,5.3,0.04,7.0265
2023-07-14,6.8748,33.67,54.53,5.51,0.0,7.0097
2023-07-15,6.7918,33.74,56.74,6.13,0.0,6.9293
2023-07-16,6.5114,32.99,59.24,5.53,0.0,6.731
2023-07-17,6.2575,33.33,57.62,4.33,0.69,6.4409
2023-07-18,6.1757,34.0,57.78,4.3,0.63,6.2664
2023-07-19,6.0398,34.1,56.71,4.5,1.49,6.493
2023-07-20,6.0058,30.07,76.27,1.76,12.2,6.7819
2023-07-21,5.9724,31.69,70.97,1.7,3.91,7.1455
2023-07-22,6.27,31.26,76.55,1.49,9.22,7.1335
2023-07-23,5.2411,32.04,71.81,3.63,6.43,7.2689
2023-07-24,5.7696,30.51,81.13,2.16,20.72,7.2955
2023-07-25,3.4325,30.03,79.9,3.11,15.53,7.0637
2023-07-26,5.395,30.9,73.64,3.07,0.16,7.049
2023-07-27,5.5675,30.22,76.04,3.84,6.96,6.9499
2023-07-28,5.0611,30.51,73.32,5.58,0.74,7.0145
2023-07-29,4.7753,31.04,70.31,5.52,3.76,6.6098
2023-07-30,5.3071,31.51,68.01,4.1,0.51,6.6718
2023-07-31,5.7646,32.32,65.12,4.29,0.25,6.0257
2023-08-01,6.395,32.52,64.11,5.08,0.02,6.5374
2023-08-02,6.0346,32.27,65.32,6.42,0.0,6.8225
2023-08-03,4.9757,31.97,63.68,5.43,0.0,6.3528
2023-08-04,5.4485,31.85,64.12,5.71,0.0,6.355
2023-08-05,5.9674,32.11,63.12,5.08,0.0,6.4128
2023-08-06,5.4146,31.55,64.14,6.2,0.0,6.3288
2023-08-07,5.5637,31.81,62.57,6.91,0.0,6.3072
2023-08-08,5.4876,31.34,63.75,6.29,0.0,6.0502
2023-08-09,4.9123,31.59,62.87,6.57,0.0,5.6966
2023-08-10,5.8356,30.87,64.63,5.81,0.0,6.0809
2023-08-11,6.2383,31.16,62.29,5.09,0.0,6.373
2023-08-12,5.9746,31.28,61.48,5.41,0.0,6.4908
2023-08-13,5.4113,31.22,61.49,6.01,0.0,6.3161
2023-08-14,5.3417,31.28,61.84,5.93,0.0,6.1759
2023-08-15,4.2245,31.55,62.19,4.31,0.0,6.03
2023-08-16,4.8802,31.34,61.4,4.29,0.0,5.9009
2023-08-17,5.7055,30.89,58.55,5.18,0.0,5.8267
2023-08-18,6.4145,30.54,57.75,4.49,0.0,6.497
2023-08-19,6.6074,31.37,56.42,3.12,0.0,6.6266
2023-08-20,4.7873,31.0,59.5,2.7,0.33,6.5474
2023-08-21,6.5064,32.69,55.7,2.92,0.12,6.7133
2023-08-22,6.8208,32.88,52.87,5.16,0.0,6.8426
2023-08-23,5.0093,31.29,57.16,6.44,0.0,6.6612
2023-08-24,4.9718,30.98,58.63,5.76,0.0,6.077
2023-08-25,5.1235,30.87,58.7,5.57,0.0,5.9347
2023-08-26,4.805,30.58,58.7,5.13,0.0,5.5546
2023-08-27,4.9709,30.93,60.35,4.96,0.0,5.0844
2023-08-28,5.9772,30.94,58.29,5.93,0.0,6.2772
2023-08-29,5.5766,30.91,59.56,4.57,0.0,6.2767
2023-08-30,6.2148,31.61,54.04,3.84,0.0,6.461
2023-08-31,6.5722,31.43,52.79,4.11,0.0,6.5849
2023-09-01,6.5954,31.02,51.43,4.61,0.0,6.7039
2023-09-02,6.9506,30.33,50.51,5.39,0.0,7.0068
2023-09-03,6.893,30.0,51.88,5.18,0.0,7.0308
2023-09-04,6.6238,30.68,52.49,4.02,0.0,6.9425
2023-09-05,6.725,32.06,50.0,3.36,0.0,6.8508
2023-09-06,6.6547,33.48,43.74,1.57,0.0,6.7649
2023-09-07,6.5273,34.52,37.97,1.82,0.0,6.8362
2023-09-08,6.5254,35.68,30.53,1.44,0.0,6.7183
2023-09-09,6.4577,35.59,34.42,1.24,0.33,6.5808
2023-09-10,6.3233,35.31,36.41,2.54,0.0,6.5261
2023-09-11,6.588,33.96,40.44,3.92,0.0,6.6497
2023-09-12,6.3326,33.13,46.74,4.96,0.0,6.432
2023-09-13,6.0458,32.48,49.42,4.19,0.0,6.1313
2023-09-14,5.4869,33.58,49.42,3.48,0.0,6.0874
2023-09-15,5.3818,34.01,48.84,2.94,0.08,6.0449
2023-09-16,5.1629,33.79,49.96,2.13,0.31,6.0598
2023-09-17,5.6376,33.76,52.13,3.88,0.56,6.1231
2023-09-18,5.0342,32.1,58.21,4.77,0.6,5.8706
2023-09-19,3.3658,32.77,55.32,3.55,2.49,6.2563
2023-09-20,5.143,31.98,61.43,3.76,1.65,6.0842
2023-09-21,5.6232,32.34,59.34,2.84,0.01,6.1457
2023-09-22,6.0857,32.88,57.54,3.25,0.0,6.1488
2023-09-23,5.9316,33.03,53.26,3.38,0.0,6.066
2023-09-24,5.8068,33.73,48.62,3.19,0.0,6.0569
2023-09-25,6.0403,32.4,45.13,2.83,0.0,6.0902
2023-09-26,5.593,32.75,39.15,1.08,0.01,5.8644
2023-09-27,5.7077,34.19,33.73,0.85,0.41,6.0002
2023-09-28,5.7055,34.51,28.85,1.28,0.08,5.9292
2023-09-29,5.9441,33.32,23.94,2.11,0.01,6.0262
2023-09-30,5.8152,31.98,22.54,1.16,0.03,6.0264
2023-10-01,5.8536,31.73,24.77,1.48,0.0,6.1046
2023-10-02,6.2587,32.43,18.63,1.3,0.0,6.2678
2023-10-03,6.3552,30.72,14.83,2.11,0.0,6.3734
2023-10-04,6.1656,30.44,39.4,3.12,0.0,6.2138
2023-10-05,6.1217,30.81,44.49,4.04,0.0,6.1658
2023-10-06,5.994,31.23,49.67,4.85,0.0,6.055
2023-10-07,5.8598,31.02,53.36,4.42,0.0,5.9801
2023-10-08,5.6215,31.38,53.51,4.65,0.0,5.761
2023-10-09,5.6722,30.64,47.19,4.34,0.0,5.8339
2023-10-10,5.717,30.15,46.28,2.61,0.0,5.8097
2023-10-11,5.4816,30.82,39.42,1.29,0.0,5.6304
2023-10-12,5.6753,30.65,40.62,2.76,0.0,5.7319
2023-10-13,5.5944,30.13,40.55,3.47,0.0,5.7079
2023-10-14,5.1912,29.77,41.17,3.93,0.0,5.1998
2023-10-15,4.5516,29.64,47.39,2.91,0.12,5.3208
2023-10-16,4.7412,29.35,44.48,2.71,2.8,4.9975
2023-10-17,4.3356,25.85,74.22,2.57,41.49,4.8898
2023-10-18,5.1326,25.52,61.48,2.41,0.0,5.1842
2023-10-19,5.0618,26.6,49.32,1.37,0.0,5.173
2023-10-20,5.2018,27.88,45.26,1.34,0.0,5.2498
2023-10-21,4.5737,28.89,43.04,1.55,0.04,5.2166
2023-10-22,5.0239,28.87,43.87,1.41,0.37,5.1134
2023-10-23,4.812,28.09,42.52,1.32,0.0,5.1276
2023-10-24,4.9157,27.87,40.98,1.42,0.0,5.0664
2023-10-25,5.0834,28.19,37.55,1.38,0.0,5.1235
2023-10-26,5.1958,28.76,32.55,1.5,0.26,5.2094
2023-10-27,4.8187,27.65,39.13,2.25,0.0,5.1331
2023-10-28,4.2662,27.13,43.6,2.1,0.04,4.992
2023-10-29,4.9889,27.78,41.3,1.62,0.01,5.0414
2023-10-30,4.6819,28.4,39.16,1.08,0.0,4.9906
2023-10-31,4.1981,28.55,37.39,1.67,0.0,4.7724
2023-11-01,4.0589,28.28,37.31,1.62,0.0,4.5754
2023-11-02,4.2406,28.45,33.25,0.94,0.0,4.3937
2023-11-03,4.4258,28.41,31.55,1.4,0.0,4.476
2023-11-04,4.3145,27.41,35.89,1.09,0.0,4.3776
2023-11-05,4.2624,26.76,37.51,1.04,0.0,4.2672
2023-11-06,4.1494,27.83,32.66,0.62,0.0,4.1714
2023-11-07,3.9182,27.14,32.34,0.78,0.0,4.0922
2023-11-08,3.6175,26.91,35.88,0.83,0.03,3.84
2023-11-09,3.4246,26.25,42.01,1.57,0.62,3.6811
2023-11-10,4.5391,23.17,37.75,2.4,0.06,4.5732
2023-11-11,4.9325,21.66,44.03,2.09,0.0,4.95
2023-11-12,4.765,22.56,33.45,1.4,0.0,4.8223
2023-11-13,3.8681,22.32,35.67,1.37,0.0,4.6709
2023-11-14,3.8844,22.96,37.9,2.18,0.0,4.3478
2023-11-15,4.0248,21.51,36.56,1.94,0.0,4.0303
2023-11-16,3.8952,21.19,32.45,1.96,0.0,3.8974
2023-11-17,3.3293,19.89,36.49,2.45,0.0,3.7387
2023-11-18,3.4711,19.46,44.35,1.43,0.0,3.4733
2023-11-19,3.516,20.36,44.36,1.62,0.0,3.5189
2023-11-20,3.6787,20.8,44.27,2.49,0.0,3.6814
2023-11-21,3.4949,21.1,40.46,2.01,0.0,3.625
2023-11-22,3.906,21.83,38.12,1.79,0.0,3.9355
2023-11-23,3.6449,23.58,34.75,1.74,0.0,3.7517
2023-11-24,3.8957,23.29,35.68,1.82,0.0,3.941
2023-11-25,2.9436,21.32,36.83,2.67,0.0,3.8556
2023-11-26,1.518,19.82,48.29,1.77,3.14,2.832
2023-11-27,2.825,17.68,70.13,2.44,0.31,3.4637
2023-11-28,3.0958,17.77,55.08,2.22,0.0,3.1258
2023-11-29,3.2628,18.73,54.77,1.68,0.0,3.269
2023-11-30,3.8633,19.95,51.04,1.91,0.0,3.8654
2023-12-01,3.5316,19.43,54.33,2.92,0.0,3.5318
2023-12-02,3.5522,18.78,51.01,2.48,0.0,3.5558
2023-12-03,3.4502,18.55,42.7,2.28,0.0,3.4522
2023-12-04,4.0997,19.54,34.6,1.65,0.0,4.1076
2023-12-05,4.1892,18.63,34.18,1.97,0.0,4.1976
2023-12-06,3.9226,17.76,41.56,2.42,0.0,3.9264
2023-12-07,3.9329,17.99,43.16,2.02,0.0,3.9374
2023-12-08,4.188,19.53,31.22,1.26,0.0,4.1921
2023-12-09,4.169,19.88,27.41,1.45,0.0,4.1743
2023-12-10,4.2492,19.42,23.48,1.24,0.0,4.2648
2023-12-11,4.3498,19.47,22.66,1.64,0.0,4.3538
2023-12-12,3.7896,18.14,25.05,1.83,0.0,4.193
2023-12-13,4.014,17.77,28.69,1.59,0.0,4.1441
2023-12-14,4.2367,18.38,27.54,1.41,0.0,4.2427
2023-12-15,3.995,18.89,27.89,1.41,0.0,4.0922
2023-12-16,3.935,18.3,30.78,1.65,0.0,3.9511
2023-12-17,3.9029,17.05,33.49,1.39,0.0,3.9043
2023-12-18,4.123,16.61,37.54,2.16,0.0,4.1242
2023-12-19,3.3581,17.1,32.4,1.48,0.0,4.2346
2023-12-20,3.9326,17.5,26.35,1.28,0.0,4.2749
2023-12-21,4.1642,18.02,23.63,1.68,0.0,4.2696
2023-12-22,3.7896,19.06,25.94,2.17,0.0,4.0351
2023-12-23,4.1244,18.15,22.59,2.64,0.0,4.1359
2023-12-24,3.7517,16.79,32.25,2.78,0.0,3.8318
2023-12-25,3.7613,17.51,36.68,2.02,0.0,3.7882
2023-12-26,3.8028,18.4,35.87,1.5,0.0,3.8981
2023-12-27,3.5748,18.3,36.08,2.53,0.0,3.6864
2023-12-28,3.9893,17.4,37.87,2.19,0.0,3.9936
2023-12-29,3.7882,18.67,33.25,2.21,0.0,3.8338
2023-12-30,3.4745,17.03,34.74,2.96,0.0,3.5623
2023-12-31,3.6485,15.86,35.77,2.82,0.0,3.6569
