date,ALLSKY_SFC_SW_DWN,T2M,RH2M,WS2M,PRECTOTCORR,CLRSKY_SFC_SW_DWN
2018-01-01,5.5589,27.1,65.57,1.15,0.0,5.7698
2018-01-02,5.1689,26.79,69.74,1.26,0.0,5.5776
2018-01-03,5.375,27.05,71.02,1.3,0.0,5.4631
2018-01-04,5.6242,27.23,70.74,1.62,0.0,5.7038
2018-01-05,4.967,27.13,66.69,1.41,0.0,5.2459
2018-01-06,5.1492,26.24,70.43,1.5,0.05,5.2409
2018-01-07,5.0582,26.29,73.48,1.57,0.01,5.2582
2018-01-08,5.3597,26.56,65.05,1.33,0.03,5.5718
2018-01-09,5.6352,26.38,63.59,1.49,0.16,5.7082
2018-01-10,5.1485,27.42,71.44,1.63,0.79,5.6323
2018-01-11,5.5567,27.84,70.99,1.43,0.13,5.8826
2018-01-12,5.2524,28.08,71.7,1.18,0.05,5.7931
2018-01-13,4.4273,28.46,66.25,0.93,0.03,5.755
2018-01-14,6.3238,27.6,57.86,1.51,0.0,6.367
2018-01-15,6.0833,27.0,62.64,1.7,0.0,6.1342
2018-01-16,5.2109,27.68,63.91,1.63,0.0,5.5517
2018-01-17,4.338,27.37,71.83,1.48,0.0,5.0546
2018-01-18,5.8109,27.63,61.72,1.26,0.0,5.9138
2018-01-19,5.8452,26.72,60.86,1.39,0.0,5.9537
2018-01-20,5.8034,26.86,62.52,1.34,0.0,5.9117
2018-01-21,5.814,26.85,62.34,1.42,0.0,5.8814
2018-01-22,5.5195,26.92,67.08,1.61,0.0,5.7432
2018-01-23,5.0734,27.04,70.0,1.56,0.0,5.5774
2018-01-24,5.4247,27.26,72.11,2.15,0.0,5.5332
2018-01-25,5.1266,27.52,69.81,2.29,0.08,5.2639
2018-01-26,5.2534,27.4,67.31,1.8,0.11,5.4725
2018-01-27,5.4943,27.26,70.53,1.83,0.07,5.6172
2018-01-28,3.1186,26.51,76.66,1.32,1.18,5.0594
2018-01-29,5.9009,27.83,65.16,1.57,0.05,5.9215
2018-01-30,6.0766,28.14,59.61,1.58,0.0,6.1236
2018-01-31,5.8865,28.14,54.94,1.5,0.0,6.2335
2018-02-01,6.3084,27.97,53.12,1.93,0.0,6.3946
2018-02-02,6.4438,28.79,55.33,1.63,0.0,6.4668
2018-02-03,6.7481,28.33,51.65,1.61,0.0,6.7507
2018-02-04,6.5899,27.63,51.41,1.67,0.0,6.6353
2018-02-05,6.5095,28.4,54.71,1.75,0.03,6.534
2018-02-06,6.1378,28.98,63.0,1.9,1.26,6.2705
2018-02-07,5.4557,27.8,75.01,2.07,2.87,6.3358
2018-02-08,5.3218,28.3,69.58,0.91,1.31,6.3338
2018-02-09,6.0751,28.25,70.97,1.7,0.42,6.3182
2018-02-10,6.5561,28.54,69.13,1.57,0.29,6.5753
2018-02-11,6.3194,29.33,57.9,1.33,0.11,6.3598
2018-02-12,5.7648,27.92,70.78,1.29,3.06,6.1781
2018-02-13,5.9294,27.93,60.98,1.29,0.12,6.2143
2018-02-14,6.1176,27.94,58.46,1.4,0.01,6.4586
2018-02-15,6.5846,29.0,57.21,1.54,0.0,6.6226
2018-02-16,6.769,28.73,53.64,1.67,0.0,6.7896
2018-02-17,6.2472,28.41,55.42,1.26,0.0,6.5623
2018-02-18,6.6691,29.35,61.11,1.65,0.0,6.7171
2018-02-19,6.889,29.35,61.95,1.64,0.0,6.9178
2018-02-20,6.9413,29.78,54.79,1.61,0.0,6.9674
2018-02-21,6.5664,29.87,54.68,2.02,0.0,6.6569
2018-02-22,6.672,29.75,57.19,1.75,0.0,6.7315
2018-02-23,6.9667,29.86,51.14,1.63,0.0,6.9895
2018-02-24,7.1657,30.12,48.78,1.59,0.0,7.2065
2018-02-25,7.0034,30.08,52.62,1.4,0.01,7.0183
2018-02-26,6.9034,30.3,54.67,1.91,0.02,6.979
2018-02-27,6.3478,31.17,53.41,1.54,0.04,6.785
2018-02-28,7.0846,31.07,54.51,1.62,0.7,7.122
2018-03-01,6.8765,30.69,56.18,1.73,0.56,6.9454
2018-03-02,7.224,31.24,52.13,1.45,0.05,7.2482
2018-03-03,6.9991,30.07,56.26,2.47,0.01,7.045
2018-03-04,6.9708,30.05,62.75,2.4,0.03,6.9869
2018-03-05,6.8078,30.32,61.94,2.14,0.0,7.0085
2018-03-06,6.9012,30.4,63.48,2.0,0.01,6.9502
2018-03-07,6.8873,30.28,62.32,1.84,0.02,6.9336
2018-03-08,6.5402,30.68,60.15,1.94,0.0,6.7392
2018-03-09,6.5194,30.88,60.25,1.71,0.0,6.7157
2018-03-10,6.0787,30.8,51.79,1.91,0.0,6.3516
2018-03-11,6.4363,31.4,50.66,1.46,0.0,6.8052
2018-03-12,6.0725,31.37,51.66,1.59,0.14,6.6014
2018-03-13,3.5832,29.7,62.83,1.82,5.42,6.9053
2018-03-14,3.0931,30.08,64.61,2.8,2.28,7.1088
2018-03-15,6.5057,29.82,65.62,2.88,2.35,7.1741
2018-03-16,6.4805,28.91,73.35,2.71,1.46,7.1285
2018-03-17,6.5762,29.78,70.22,1.37,1.08,7.0296
2018-03-18,5.639,28.83,74.39,1.4,15.0,6.672
2018-03-19,6.4246,29.11,75.84,1.44,5.64,6.8678
2018-03-20,6.9924,29.23,72.13,2.1,0.4,7.069
2018-03-21,6.7766,28.58,77.65,2.35,3.8,6.8834
2018-03-22,6.3216,28.77,73.88,3.03,1.01,6.5306
2018-03-23,5.7473,29.08,72.15,3.3,2.06,6.3566
2018-03-24,6.1018,29.84,69.99,2.67,1.18,6.2638
2018-03-25,6.7966,30.36,67.68,1.96,0.29,6.8386
2018-03-26,6.667,30.05,69.51,1.86,0.35,7.0733
2018-03-27,6.707,29.25,75.42,2.11,1.44,7.0346
2018-03-28,6.1248,28.85,78.19,2.1,2.25,6.864
2018-03-29,6.0005,28.39,80.94,2.41,1.43,6.8491
2018-03-30,6.402,28.52,78.41,2.74,0.33,6.563
2018-03-31,6.0269,29.2,72.47,2.82,0.47,6.4704
2018-04-01,6.175,29.07,73.84,1.7,2.54,6.5417
2018-04-02,6.6281,29.05,72.57,1.77,2.05,6.7358
2018-04-03,6.5986,29.57,69.66,2.08,0.27,6.6742
2018-04-04,6.9103,29.66,73.26,2.09,0.42,7.0169
2018-04-05,6.347,29.77,71.46,1.88,0.15,6.9394
2018-04-06,5.3093,29.44,72.18,1.73,0.38,6.9605
2018-04-07,6.7342,30.6,67.74,2.26,1.68,7.0894
2018-04-08,6.9257,29.88,71.22,1.57,2.42,7.2518
2018-04-09,6.8472,30.16,68.04,1.62,3.19,7.2809
2018-04-10,6.9223,30.06,71.07,1.65,5.93,7.2223
2018-04-11,6.2299,29.64,76.32,1.56,7.38,7.2319
2018-04-12,6.4231,29.18,79.0,1.51,3.48,7.0721
2018-04-13,5.9038,28.34,81.01,1.69,14.81,6.8592
2018-04-14,5.7204,29.2,73.73,1.6,13.88,7.1635
2018-04-15,5.7907,29.05,77.84,1.64,5.38,7.0963
2018-04-16,6.4913,29.0,79.92,1.64,6.4,6.9864
2018-04-17,5.9446,29.33,78.7,1.71,2.56,7.1201
2018-04-18,5.7202,28.63,83.18,2.38,2.62,7.1494
2018-04-19,6.2611,28.57,82.85,2.09,0.78,7.2202
2018-04-20,5.4751,28.59,79.48,2.62,2.14,7.0013
2018-04-21,6.2808,29.08,78.36,2.19,4.66,6.8386
2018-04-22,5.5788,28.53,80.85,1.75,5.73,6.9206
2018-04-23,6.4392,29.54,74.75,2.55,0.92,6.8246
2018-04-24,6.3557,28.89,80.52,2.78,3.44,6.8813
2018-04-25,6.0482,28.87,79.99,2.44,3.16,6.8035
2018-04-26,6.3434,28.91,79.93,2.3,3.31,6.673
2018-04-27,6.1118,28.43,82.9,2.0,4.93,6.69
2018-04-28,5.7077,29.54,77.84,1.79,1.49,6.8434
2018-04-29,6.4279,29.03,81.71,2.17,0.64,6.9614
2018-04-30,5.8824,28.86,81.67,2.71,3.22,6.7013
2018-05-01,5.4024,28.66,78.81,2.79,4.39,6.4346
2018-05-02,5.1312,28.82,81.95,2.82,14.19,6.4867
2018-05-03,5.6177,28.77,81.19,2.48,12.63,6.4697
2018-05-04,4.9226,29.09,80.31,2.12,17.07,6.7382
2018-05-05,5.1564,28.43,82.53,1.94,14.58,6.647
2018-05-06,6.0034,28.34,81.93,2.4,4.17,7.0786
2018-05-07,6.2086,28.28,80.52,1.88,1.46,6.8688
2018-05-08,5.3234,27.73,86.63,2.4,4.9,6.8561
2018-05-09,4.7006,27.98,81.42,1.87,24.44,6.7274
2018-05-10,6.3595,27.63,83.64,2.17,11.87,7.1712
2018-05-11,6.4502,27.65,82.66,1.72,14.85,7.247
2018-05-12,5.0902,27.28,86.44,2.37,20.56,7.1856
2018-05-13,4.7568,27.99,81.33,2.13,4.28,7.0795
2018-05-14,5.5966,26.79,82.48,1.73,3.51,6.9276
2018-05-15,6.0569,27.88,80.68,1.88,4.44,6.9144
2018-05-16,4.1614,26.93,87.12,1.93,6.74,6.8184
2018-05-17,5.6074,27.74,81.87,2.06,10.34,6.7766
2018-05-18,4.0493,27.25,83.75,1.89,2.9,6.785
2018-05-19,5.0539,28.09,82.08,2.48,2.7,6.7118
2018-05-20,5.4151,27.57,86.83,2.93,12.17,6.6725
2018-05-21,5.2822,27.26,83.38,1.67,4.71,6.667
2018-05-22,5.6275,28.44,79.16,2.18,6.88,6.5215
2018-05-23,3.6626,28.2,86.34,3.58,3.59,6.3938
2018-05-24,3.7786,28.14,86.11,3.27,14.27,6.2798
2018-05-25,2.0897,27.44,90.7,5.45,11.42,6.1966
2018-05-26,5.5202,27.28,90.34,5.95,17.05,6.6499
2018-05-27,3.8414,27.22,91.18,4.38,16.12,6.8844
2018-05-28,3.5167,27.27,91.3,5.57,25.86,7.0058
2018-05-29,4.7923,27.5,88.04,4.76,18.11,6.9466
2018-05-30,4.2646,27.6,84.18,4.31,5.11,6.9713
2018-05-31,4.9202,27.76,84.51,2.56,5.38,6.8878
2018-06-01,5.0506,27.52,87.4,2.4,5.61,6.8309
2018-06-02,3.1538,27.18,90.53,2.96,6.2,6.8995
2018-06-03,1.445,27.11,89.45,3.35,21.06,6.9722
2018-06-04,3.2537,27.53,87.6,3.21,17.91,7.0423
2018-06-05,3.0823,27.73,85.66,2.78,5.34,6.967
2018-06-06,5.3827,27.87,83.15,2.82,11.95,6.8239
2018-06-07,2.6194,27.49,88.17,3.47,22.59,6.943
2018-06-08,2.9062,27.79,89.21,5.17,27.17,6.8892
2018-06-09,4.2432,27.76,89.19,5.75,23.31,6.8263
2018-06-10,3.1766,27.77,90.21,4.67,33.03,6.7044
2018-06-11,2.7924,27.76,86.87,5.26,30.16,6.7411
2018-06-12,4.4923,27.48,87.48,4.78,30.09,6.6814
2018-06-13,3.084,27.03,88.28,3.82,33.38,6.8714
2018-06-14,2.2997,26.85,86.58,3.5,20.42,6.9149
2018-06-15,3.9341,27.13,87.55,2.4,12.65,6.6881
2018-06-16,3.2498,26.55,87.5,2.58,14.85,6.8398
2018-06-17,4.6505,26.34,85.49,2.91,11.99,6.7934
2018-06-18,5.4019,27.05,86.04,2.51,10.16,6.8546
2018-06-19,3.8537,26.99,87.84,4.07,27.43,6.6967
2018-06-20,2.4931,26.72,91.25,3.68,49.26,6.5486
2018-06-21,2.5054,26.76,88.74,3.37,32.88,6.5962
2018-06-22,4.0951,26.67,85.77,2.77,14.19,6.4354
2018-06-23,3.8249,26.76,86.75,2.85,3.35,6.7918
2018-06-24,5.6364,26.7,89.13,2.83,6.73,6.6554
2018-06-25,4.0358,25.92,87.63,2.44,16.81,6.8107
2018-06-26,5.7845,26.35,89.2,2.88,12.44,6.8328
2018-06-27,4.9752,26.83,88.64,3.35,18.27,6.6631
2018-06-28,4.4822,26.23,88.78,2.35,26.88,6.7378
2018-06-29,3.9595,25.47,88.99,2.58,13.5,6.8119
2018-06-30,5.8958,25.83,85.96,2.42,7.11,6.9406
2018-07-01,5.0004,26.31,84.91,2.01,9.46,6.8966
2018-07-02,4.885,26.57,86.42,2.62,13.63,6.9605
2018-07-03,5.9431,26.63,87.38,2.31,10.97,6.9166
2018-07-04,6.3946,26.74,88.49,3.01,0.9,6.9874
2018-07-05,6.0372,26.71,87.97,2.85,3.31,6.8959
2018-07-06,5.9489,26.79,87.37,3.69,8.52,6.9917
2018-07-07,4.1093,26.23,87.06,4.43,13.18,6.8976
2018-07-08,3.4968,26.37,88.85,4.43,23.5,6.7051
2018-07-09,1.0738,26.35,91.76,4.19,64.53,6.8314
2018-07-10,2.657,26.28,91.13,4.27,52.89,6.6991
2018-07-11,2.3791,26.09,88.37,4.28,55.39,6.8779
2018-07-12,5.179,26.34,90.58,3.28,18.4,6.7915
2018-07-13,4.0452,26.35,92.52,3.22,24.51,6.4661
2018-07-14,5.1562,26.28,92.67,3.05,19.84,6.7656
2018-07-15,0.989,26.26,94.37,3.88,91.86,6.5762
2018-07-16,2.9906,25.97,91.91,3.62,62.36,6.8849
2018-07-17,3.7099,26.21,90.35,3.5,25.9,6.6139
2018-07-18,4.7124,25.86,91.62,3.49,35.17,6.7798
2018-07-19,1.8574,25.64,92.56,3.88,22.19,6.6024
2018-07-20,4.0978,25.77,91.51,3.25,10.98,6.4543
2018-07-21,4.3766,25.8,91.22,3.1,6.13,6.3523
2018-07-22,5.2356,26.12,91.46,3.07,5.93,6.5158
2018-07-23,4.8389,26.02,91.11,3.22,11.55,6.7198
2018-07-24,4.0368,25.98,90.48,3.67,12.97,6.7908
2018-07-25,4.0183,25.91,91.88,3.26,12.32,6.9036
2018-07-26,4.3805,25.85,91.7,3.37,6.63,6.7978
2018-07-27,5.3203,25.93,89.9,3.21,2.55,6.827
2018-07-28,4.7071,25.89,89.5,2.98,6.36,6.5018
2018-07-29,4.416,26.13,90.78,3.4,6.27,6.558
2018-07-30,3.1188,26.02,92.12,3.35,39.09,6.4049
2018-07-31,2.2015,25.78,92.13,2.9,29.67,6.4714
2018-08-01,3.8664,25.9,91.22,2.19,11.56,6.5282
2018-08-02,5.1713,26.16,90.08,2.05,10.54,6.3852
2018-08-03,5.057,25.79,89.57,2.78,9.42,6.2839
2018-08-04,4.3217,25.78,89.51,2.37,4.08,5.6983
2018-08-05,5.4816,25.99,89.94,3.41,5.15,6.4526
2018-08-06,5.6182,26.06,88.46,3.83,4.26,6.9842
2018-08-07,4.6968,25.93,89.72,3.71,16.42,6.8594
2018-08-08,2.5831,25.51,92.18,3.69,49.97,6.7445
2018-08-09,4.1662,25.67,91.5,3.14,40.18,6.6828
2018-08-10,2.8243,25.72,92.63,3.23,17.09,6.7104
2018-08-11,4.8257,25.68,91.81,3.87,8.29,6.445
2018-08-12,4.4436,25.1,91.21,3.76,24.48,6.9602
2018-08-13,4.9106,25.85,91.47,3.05,17.52,6.9259
2018-08-14,3.1978,26.23,88.21,4.82,43.76,6.7392
2018-08-15,1.5127,25.96,90.42,5.6,97.53,6.4334
2018-08-16,1.9783,25.66,90.43,5.43,68.91,6.4987
2018-08-17,2.8001,25.81,92.56,5.07,42.39,6.4622
2018-08-18,2.8363,25.2,92.23,4.19,16.88,6.9818
2018-08-19,4.1959,25.25,92.97,3.78,12.9,6.5386
2018-08-20,4.8526,25.19,92.92,3.3,4.23,6.6494
2018-08-21,6.4214,25.47,91.06,2.63,2.91,7.1011
2018-08-22,6.1102,25.55,90.03,2.72,1.34,7.1266
2018-08-23,5.976,25.42,90.74,2.91,0.67,6.9974
2018-08-24,5.0119,25.38,91.64,2.86,1.69,6.7075
2018-08-25,5.4622,25.6,91.1,2.95,1.55,6.7303
2018-08-26,5.3268,25.47,91.23,3.01,0.97,7.0246
2018-08-27,3.2268,25.41,92.22,2.69,11.85,6.7565
2018-08-28,4.3027,25.66,90.53,2.72,10.09,7.0169
2018-08-29,5.6016,25.49,90.73,3.25,0.87,6.9929
2018-08-30,5.3453,25.5,90.49,3.11,2.36,6.8141
2018-08-31,4.4705,25.32,92.02,2.88,7.43,6.8294
2018-09-01,5.3102,25.53,90.59,2.03,1.58,6.7474
2018-09-02,5.6928,25.38,91.26,2.4,0.1,6.8371
2018-09-03,6.3468,25.68,87.25,2.82,0.02,6.8472
2018-09-04,7.188,25.67,86.03,3.2,0.0,7.3927
2018-09-05,6.9425,25.57,86.79,3.31,0.0,7.2314
2018-09-06,6.4512,25.88,85.62,3.17,0.05,7.1981
2018-09-07,7.0757,26.03,82.4,3.15,0.01,7.4016
2018-09-08,7.0466,26.1,84.53,3.12,0.01,7.4143
2018-09-09,7.1726,26.02,83.74,3.02,0.01,7.2547
2018-09-10,6.6523,25.85,84.3,3.03,0.59,7.021
2018-09-11,6.9084,25.96,85.72,2.93,0.53,7.0565
2018-09-12,6.9919,26.26,83.86,3.06,0.08,7.0855
2018-09-13,6.7913,26.05,83.37,3.15,0.06,7.1064
2018-09-14,6.1397,26.19,83.89,2.58,0.16,6.948
2018-09-15,6.1526,26.31,84.0,2.14,0.44,6.8959
2018-09-16,4.9805,26.58,86.18,2.14,1.3,6.6864
2018-09-17,5.1926,26.48,85.95,2.39,0.88,6.9797
2018-09-18,5.1007,26.57,84.53,3.04,1.35,7.1239
2018-09-19,4.4114,26.17,87.43,3.27,3.45,7.0946
2018-09-20,3.8062,26.42,84.37,3.07,3.13,7.0735
2018-09-21,6.2587,26.81,79.8,2.7,0.67,6.9593
2018-09-22,6.6082,26.99,80.53,1.6,0.28,7.1554
2018-09-23,6.5189,27.28,83.0,1.98,2.16,7.045
2018-09-24,5.9666,26.32,85.09,2.4,21.32,6.827
2018-09-25,6.3278,26.78,81.93,2.47,4.56,6.8818
2018-09-26,6.6655,26.84,82.61,2.74,0.8,6.8122
2018-09-27,6.1464,27.28,84.09,2.33,7.06,6.6624
2018-09-28,5.4826,25.9,91.63,2.58,20.57,6.6833
2018-09-29,4.553,26.09,90.96,2.54,22.93,6.8218
2018-09-30,5.8697,26.91,86.57,2.14,5.49,6.6895
2018-10-01,4.7069,27.45,84.45,1.69,4.76,6.684
2018-10-02,5.0935,27.11,86.04,1.44,7.18,6.7747
2018-10-03,5.1034,26.62,89.54,1.52,35.94,6.7001
2018-10-04,4.2002,27.55,83.06,1.23,33.16,6.707
2018-10-05,4.2242,26.84,85.7,1.28,14.25,6.8069
2018-10-06,5.0246,27.22,86.39,3.09,11.81,6.7135
2018-10-07,5.8198,27.09,86.72,2.98,14.61,6.751
2018-10-08,4.3891,26.48,87.61,2.69,24.74,6.7666
2018-10-09,4.2478,26.37,85.87,1.75,10.5,6.8242
2018-10-10,5.5488,26.37,85.13,2.42,2.15,6.5198
2018-10-11,5.5896,27.35,85.68,2.55,9.12,6.2676
2018-10-12,5.0285,27.57,85.08,2.31,5.95,6.174
2018-10-13,4.3469,26.8,86.11,2.17,3.06,6.1488
2018-10-14,5.226,25.9,87.89,2.06,30.73,6.444
2018-10-15,5.6462,26.6,84.94,1.87,5.74,6.3643
2018-10-16,3.8335,26.49,83.64,1.87,34.4,6.4526
2018-10-17,5.7415,25.97,80.28,1.15,4.33,6.6
2018-10-18,6.2237,26.77,78.62,1.05,3.68,6.7495
2018-10-19,4.4741,26.59,85.49,1.18,16.59,6.6331
2018-10-20,4.4885,26.3,88.2,2.21,28.83,6.3372
2018-10-21,5.7574,26.5,82.23,1.53,5.06,5.9786
2018-10-22,5.6381,26.58,83.36,1.48,8.12,6.0185
2018-10-23,5.6926,27.06,81.87,1.35,5.3,6.0223
2018-10-24,6.103,27.59,78.08,1.23,2.3,6.1838
2018-10-25,4.8689,27.9,75.67,1.25,1.61,6.1447
2018-10-26,6.0794,28.01,73.42,1.21,0.24,6.1805
2018-10-27,5.5637,27.75,75.77,1.6,0.36,5.8502
2018-10-28,5.7641,27.39,76.7,1.64,0.82,6.0252
2018-10-29,5.0038,27.33,77.84,1.04,0.04,5.9839
2018-10-30,5.6045,27.6,74.16,1.68,0.0,5.8032
2018-10-31,5.0851,27.65,75.26,1.66,3.77,5.5147
2018-11-01,3.5686,26.51,82.91,1.57,4.14,5.5944
2018-11-02,5.437,27.55,81.73,1.88,5.97,6.0838
2018-11-03,3.7555,27.33,84.17,1.73,12.98,6.197
2018-11-04,5.8366,27.96,76.42,1.44,1.32,6.3367
2018-11-05,6.0346,28.36,74.16,1.24,3.66,6.3202
2018-11-06,4.626,27.6,75.37,1.18,2.61,5.8241
2018-11-07,4.8864,27.73,75.04,1.39,0.39,6.0593
2018-11-08,4.4285,27.17,74.81,1.41,1.09,5.4936
2018-11-09,4.0536,26.55,83.99,1.33,7.88,5.707
2018-11-10,6.1068,27.26,77.89,1.2,0.43,6.1493
2018-11-11,5.1509,27.11,79.41,1.26,2.2,5.6066
2018-11-12,5.2066,26.93,79.43,1.31,1.25,5.4696
2018-11-13,4.6978,26.93,81.58,1.89,0.85,5.7238
2018-11-14,5.405,26.99,78.88,2.06,0.0,5.6141
2018-11-15,5.4166,27.06,75.82,1.73,1.95,5.5517
2018-11-16,1.0678,26.81,83.87,2.32,58.19,4.95
2018-11-17,4.6939,27.05,82.76,3.29,0.58,5.4898
2018-11-18,5.413,27.33,82.68,2.45,3.4,5.7828
2018-11-19,5.1655,27.77,81.56,1.53,15.79,6.0031
2018-11-20,4.9241,27.62,80.47,1.45,21.35,5.6717
2018-11-21,5.3126,27.34,78.51,1.75,7.54,5.8001
2018-11-22,5.3654,27.4,78.42,1.63,1.7,5.7322
2018-11-23,5.653,27.27,81.77,1.92,10.16,5.9573
2018-11-24,5.13,27.14,81.94,1.44,12.92,5.9563
2018-11-25,5.4871,27.12,81.24,1.29,6.85,5.646
2018-11-26,5.2495,27.76,77.78,1.29,0.14,5.2992
2018-11-27,5.4821,26.96,71.45,1.46,0.11,5.5152
2018-11-28,5.6369,26.94,69.09,1.45,0.03,5.7168
2018-11-29,4.5034,27.68,76.92,1.64,5.71,5.3578
2018-11-30,5.3623,27.96,76.25,1.6,1.87,5.8375
2018-12-01,5.7749,27.72,76.95,1.05,0.35,5.9398
2018-12-02,5.7979,27.62,72.65,1.4,0.1,5.8961
2018-12-03,5.6134,27.76,72.14,1.29,0.06,5.7674
2018-12-04,4.4018,27.58,76.6,1.04,10.22,5.6758
2018-12-05,4.831,27.65,77.79,1.32,1.97,5.7161
2018-12-06,5.2018,27.95,77.84,0.92,1.01,5.6057
2018-12-07,5.4175,28.26,73.46,1.0,1.04,5.6906
2018-12-08,5.2006,27.97,72.11,1.24,0.33,5.3225
2018-12-09,5.1809,27.59,73.12,1.71,0.07,5.3004
2018-12-10,4.8082,27.51,74.85,1.15,0.14,5.1984
2018-12-11,4.6411,27.72,73.34,1.4,0.06,4.9759
2018-12-12,4.4419,27.53,75.79,1.89,0.01,4.7707
2018-12-13,3.8892,27.23,77.23,1.85,0.01,4.6241
2018-12-14,4.8958,27.26,74.71,1.35,0.08,5.1074
2018-12-15,4.943,27.05,74.25,1.73,0.0,5.4734
2018-12-16,4.1714,26.72,71.85,1.42,0.0,4.938
2018-12-17,4.6495,27.1,75.32,1.65,0.0,5.1026
2018-12-18,5.155,27.0,70.49,2.08,0.0,5.4876
2018-12-19,4.9435,26.93,71.83,1.48,0.01,5.1718
2018-12-20,5.1242,26.76,75.3,1.86,0.05,5.6846
2018-12-21,5.1149,27.0,76.23,1.52,0.0,5.5394
2018-12-22,3.8786,27.42,73.38,1.56,0.01,4.7182
2018-12-23,4.7909,27.95,72.93,1.54,0.66,5.6971
2018-12-24,4.991,27.59,77.02,1.23,1.03,5.7809
2018-12-25,5.2603,27.68,76.29,1.54,2.38,5.4379
2018-12-26,5.1912,27.19,76.66,1.61,0.96,5.4778
2018-12-27,5.5154,27.4,74.49,1.33,0.77,5.6722
2018-12-28,5.1523,27.7,74.1,1.29,1.46,5.4329
2018-12-29,2.8224,26.16,82.28,1.55,3.73,4.5996
2018-12-30,4.9963,26.98,67.91,1.47,0.39,5.1499
2018-12-31,5.579,27.15,65.18,1.48,0.01,5.6354
2019-01-01,5.4734,26.35,61.16,1.61,0.0,5.496
2019-01-02,5.856,25.5,57.47,2.1,0.0,5.8685
2019-01-03,6.1706,25.5,57.18,2.03,0.0,6.2069
2019-01-04,6.3905,25.48,58.97,2.25,0.0,6.3946
2019-01-05,6.1027,25.35,60.6,1.74,0.0,6.329
2019-01-06,5.8322,25.74,62.97,1.36,0.0,6.0362
2019-01-07,6.1519,25.93,63.26,1.71,0.0,6.1656
2019-01-08,5.6484,26.95,64.55,1.48,0.0,5.731
2019-01-09,6.2431,26.6,57.61,1.24,0.0,6.2534
2019-01-10,6.2414,26.84,57.12,1.41,0.0,6.2818
2019-01-11,5.9722,27.01,62.44,1.48,0.0,5.9897
2019-01-12,5.8692,27.41,60.87,1.56,0.0,6.0091
2019-01-13,4.7779,26.89,59.8,1.54,0.0,5.6256
2019-01-14,5.381,27.29,64.96,1.7,0.01,5.6045
2019-01-15,5.2507,27.63,61.67,1.38,0.01,5.5738
2019-01-16,5.9909,27.37,57.32,1.77,0.0,6.0137
2019-01-17,5.3273,27.23,60.34,1.73,0.0,5.4298
2019-01-18,4.7839,27.09,58.79,1.36,0.0,5.454
2019-01-19,5.6074,26.68,61.24,1.53,0.0,5.8764
2019-01-20,4.3042,26.99,57.07,1.4,0.0,6.0521
2019-01-21,4.9061,26.36,55.62,1.92,0.0,6.2119
2019-01-22,6.0934,26.42,60.0,1.57,0.0,6.121
2019-01-23,6.119,27.18,64.12,1.65,0.0,6.126
2019-01-24,5.9782,27.44,70.68,1.52,0.0,6.1135
2019-01-25,4.6447,27.57,71.87,1.38,0.0,5.9861
2019-01-26,6.0691,27.59,72.22,1.94,0.0,6.1901
2019-01-27,6.0667,27.61,72.3,2.31,0.0,6.1572
2019-01-28,6.1447,27.62,70.47,2.55,0.0,6.2842
2019-01-29,6.2719,28.38,64.54,1.95,0.0,6.3187
2019-01-30,6.5134,28.72,61.04,1.86,0.0,6.54
2019-01-31,6.4022,28.74,57.52,2.21,0.0,6.475
2019-02-01,6.1822,28.46,59.68,1.71,0.01,6.3115
2019-02-02,6.2455,28.78,59.76,1.75,0.0,6.3742
2019-02-03,6.3727,29.4,59.34,1.57,0.0,6.3946
2019-02-04,5.6899,30.26,51.97,1.22,0.0,5.9275
2019-02-05,4.6829,29.91,59.12,1.47,0.13,6.0514
2019-02-06,5.8999,29.73,61.86,1.88,1.29,6.1322
2019-02-07,6.0029,28.76,70.16,2.29,1.65,6.2026
2019-02-08,6.0223,28.74,71.05,1.76,0.26,6.2198
2019-02-09,5.2332,28.51,72.78,1.95,1.85,6.1337
2019-02-10,5.2126,27.78,76.79,1.4,5.66,6.1586
2019-02-11,6.3036,29.63,64.0,1.74,0.72,6.4699
2019-02-12,6.582,29.54,58.88,1.62,0.08,6.5945
2019-02-13,6.6816,29.69,53.73,1.62,0.0,6.6893
2019-02-14,6.6122,29.74,54.36,2.15,0.0,6.6475
2019-02-15,6.4229,29.61,64.87,2.21,0.08,6.5326
2019-02-16,6.415,29.61,67.55,2.16,0.23,6.4954
2019-02-17,6.2734,29.2,68.02,3.19,0.23,6.4438
2019-02-18,6.739,29.01,66.62,3.15,0.0,6.7798
2019-02-19,6.3403,29.58,63.37,2.1,0.17,6.4279
2019-02-20,6.8191,30.95,58.24,1.71,0.06,6.845
2019-02-21,6.865,30.73,58.26,1.83,0.0,6.9269
2019-02-22,7.2156,30.44,47.76,1.6,0.0,7.2415
2019-02-23,7.1947,30.36,49.2,1.94,0.0,7.2098
2019-02-24,7.0277,30.17,56.41,2.12,0.0,7.0918
2019-02-25,6.8071,29.84,60.51,2.13,0.0,6.888
2019-02-26,6.6982,29.1,67.34,3.11,0.03,6.8357
2019-02-27,5.7622,29.34,64.06,2.95,0.0,6.1397
2019-02-28,5.8486,29.06,63.73,3.04,0.04,6.269
2019-03-01,6.5126,29.94,59.96,2.63,0.21,6.5592
2019-03-02,6.0528,30.39,63.21,1.98,1.45,6.6763
2019-03-03,6.5179,29.73,66.94,2.19,1.83,6.8383
2019-03-04,6.2004,29.56,65.37,1.93,0.02,6.786
2019-03-05,6.3823,29.61,66.04,2.92,0.0,6.8294
2019-03-06,6.2208,29.39,68.29,3.33,0.47,6.7356
2019-03-07,6.4723,29.59,67.15,2.58,0.2,6.7361
2019-03-08,6.2592,28.76,71.71,2.65,0.08,6.7418
2019-03-09,5.8934,29.1,69.27,2.45,3.17,6.5587
2019-03-10,6.8194,29.51,70.95,1.81,3.41,6.8525
2019-03-11,6.6432,29.62,69.5,2.27,0.81,6.8702
2019-03-12,6.8892,30.45,62.21,1.83,0.09,7.0649
2019-03-13,7.0474,30.77,56.35,2.16,0.0,7.0661
2019-03-14,7.2106,31.16,54.62,1.94,0.0,7.2725
2019-03-15,6.8909,31.01,54.0,1.94,0.0,7.1148
2019-03-16,6.8878,30.81,57.92,2.23,0.0,7.0447
2019-03-17,7.1249,30.65,60.53,1.89,0.01,7.1611
2019-03-18,6.9929,30.26,65.27,1.89,0.79,7.1666
2019-03-19,7.0382,29.93,67.5,1.89,1.16,7.1544
2019-03-20,6.3365,29.76,66.99,1.92,0.69,7.0306
2019-03-21,6.8885,30.66,61.76,1.96,0.04,7.1849
2019-03-22,6.955,30.77,61.74,2.36,0.02,7.0934
2019-03-23,6.8472,30.35,64.28,2.32,0.0,7.0934
2019-03-24,7.0891,30.77,62.77,2.44,0.01,7.1518
2019-03-25,7.3087,31.75,58.06,2.26,0.01,7.3315
2019-03-26,7.4138,31.53,61.03,2.34,0.04,7.4467
2019-03-27,6.7346,30.66,66.4,2.72,0.19,7.1978
2019-03-28,7.1928,31.37,64.51,2.96,0.14,7.2684
2019-03-29,6.9686,30.36,69.52,3.22,0.15,7.1035
2019-03-30,6.828,30.76,65.43,2.91,0.06,7.1429
2019-03-31,6.9154,30.56,65.58,2.8,0.03,7.0615
2019-04-01,6.7685,30.5,65.34,2.94,0.04,7.0512
2019-04-02,7.0608,30.37,66.17,2.72,0.06,7.141
2019-04-03,6.895,30.74,66.23,2.4,0.36,7.0795
2019-04-04,6.9917,30.05,68.87,2.69,1.23,7.2545
2019-04-05,7.1549,30.59,64.7,2.15,0.72,7.464
2019-04-06,6.8033,30.5,68.83,3.07,0.46,7.2434
2019-04-07,7.2958,30.94,66.77,2.93,0.08,7.3531
2019-04-08,6.7428,30.74,68.16,2.59,0.11,6.96
2019-04-09,6.3751,30.57,67.84,2.63,1.41,6.9348
2019-04-10,6.7387,31.1,66.66,2.41,0.69,7.0188
2019-04-11,6.9283,30.95,67.57,2.68,0.11,7.1021
2019-04-12,7.0049,31.18,67.37,2.82,0.06,7.1638
2019-04-13,7.0382,31.58,65.18,2.68,0.06,7.218
2019-04-14,6.8441,31.85,63.75,2.6,0.08,7.0008
2019-04-15,6.8378,30.76,68.71,2.6,0.1,7.2468
2019-04-16,6.9878,30.74,69.5,2.47,2.96,7.2187
2019-04-17,5.0774,29.25,80.36,2.65,11.81,7.0099
2019-04-18,6.3749,29.96,75.51,2.08,9.08,6.9545
2019-04-19,6.2566,29.36,78.09,1.83,13.25,7.0397
2019-04-20,6.1541,28.89,81.53,1.76,18.45,7.0099
2019-04-21,5.0294,28.85,74.21,2.15,3.81,7.1585
2019-04-22,6.8537,29.98,72.02,3.05,6.37,7.1112
2019-04-23,6.1788,28.97,80.95,2.11,19.84,6.8554
2019-04-24,6.2762,29.67,74.92,1.65,2.05,7.0694
2019-04-25,5.742,29.91,73.75,1.61,2.58,6.9166
2019-04-26,6.583,30.05,76.33,2.49,1.06,6.9739
2019-04-27,6.3338,30.58,75.54,2.44,0.07,6.8693
2019-04-28,5.605,30.34,77.57,2.38,0.15,6.7687
2019-04-29,5.0966,28.94,83.3,2.47,3.11,6.5558
2019-04-30,5.117,28.87,76.23,3.08,1.67,6.211
2019-05-01,3.0982,28.92,80.96,3.12,4.47,6.2254
2019-05-02,5.0078,29.09,79.89,2.58,1.41,6.1817
2019-05-03,5.7338,29.45,73.12,3.06,0.0,6.5417
2019-05-04,5.7286,29.34,72.49,3.18,0.0,6.66
2019-05-05,6.4632,29.16,75.5,3.49,0.0,6.8501
2019-05-06,6.3547,29.5,76.83,3.28,0.28,6.7104
2019-05-07,5.916,29.33,74.91,3.41,0.38,6.5582
2019-05-08,5.5445,28.77,71.25,2.94,0.27,6.5645
2019-05-09,4.8415,29.07,72.53,4.02,0.62,6.2671
2019-05-10,6.3658,29.41,75.52,3.53,0.18,6.5695
2019-05-11,6.0614,29.46,77.56,3.18,0.26,6.6473
2019-05-12,6.0324,29.3,78.75,3.31,1.32,6.5904
2019-05-13,6.0758,29.52,75.01,3.29,0.42,6.5525
2019-05-14,5.8301,29.21,75.22,3.29,0.27,6.4526
2019-05-15,5.0791,28.77,81.47,3.15,5.66,6.5076
2019-05-16,5.8099,28.7,81.36,2.82,1.41,6.5299
2019-05-17,5.9846,29.09,78.31,2.9,0.5,6.661
2019-05-18,6.2302,29.25,79.16,2.59,0.27,6.7226
2019-05-19,6.3583,29.11,80.75,2.29,0.13,6.8441
2019-05-20,6.617,29.68,77.47,2.19,0.13,6.9852
2019-05-21,6.2726,29.19,80.05,2.16,0.44,6.6602
2019-05-22,5.7948,29.69,76.67,2.35,0.25,6.4049
2019-05-23,5.838,29.55,77.98,2.45,0.8,6.515
2019-05-24,4.6891,28.82,84.54,2.01,10.05,6.5467
2019-05-25,4.901,28.22,85.49,2.58,14.55,6.6658
2019-05-26,5.6256,28.9,79.85,2.55,2.37,6.9533
2019-05-27,6.2206,29.51,80.02,2.82,0.31,6.7742
2019-05-28,6.1433,29.7,78.67,2.78,2.27,6.6578
2019-05-29,5.4881,29.02,83.74,3.3,10.34,6.0818
2019-05-30,5.4902,28.88,82.81,2.9,3.89,6.377
2019-05-31,4.5055,28.56,75.65,2.99,10.55,6.2515
2019-06-01,6.2426,29.26,76.29,2.14,1.19,6.5626
2019-06-02,5.2234,29.06,81.79,2.38,5.87,6.4666
2019-06-03,4.7357,28.08,85.45,2.74,10.6,6.3938
2019-06-04,5.8901,27.64,83.9,2.8,4.31,6.5738
2019-06-05,5.3383,28.14,80.78,2.26,16.23,6.5736
2019-06-06,5.7691,28.19,86.65,3.75,31.94,6.6516
2019-06-07,5.4535,27.75,86.74,2.85,2.49,6.7896
2019-06-08,5.747,28.53,82.17,3.21,11.1,7.0829
2019-06-09,3.1582,28.16,85.6,3.98,47.88,6.9907
2019-06-10,2.3918,28.15,84.09,4.23,25.38,6.9072
2019-06-11,3.9036,28.24,85.1,4.02,25.94,6.755
2019-06-12,1.8722,28.31,85.23,3.53,12.55,6.875
2019-06-13,4.5449,28.08,86.71,3.26,8.82,6.9946
2019-06-14,5.5111,27.42,84.3,1.56,13.41,6.954
2019-06-15,6.295,27.49,86.76,2.03,4.63,6.9926
2019-06-16,5.9686,28.19,86.26,2.66,1.15,6.8947
2019-06-17,5.1746,28.15,86.9,3.38,1.47,6.9742
2019-06-18,5.6868,27.96,85.8,2.69,3.4,6.7248
2019-06-19,5.1713,27.76,87.86,3.39,6.93,6.817
2019-06-20,3.7862,27.04,87.65,3.13,15.18,6.6382
2019-06-21,3.317,26.38,89.56,3.41,23.14,6.8998
2019-06-22,2.4041,26.95,87.57,4.59,33.33,6.9391
2019-06-23,4.5125,27.49,85.33,2.75,14.52,6.8736
2019-06-24,5.819,27.86,84.67,2.39,4.31,6.8928
2019-06-25,5.1727,28.04,86.64,3.18,2.59,6.5626
2019-06-26,5.2522,28.06,84.62,3.06,0.15,6.5923
2019-06-27,5.8726,27.91,83.89,3.54,0.03,6.8918
2019-06-28,6.299,28.01,80.76,3.63,0.1,6.9408
2019-06-29,6.4447,28.07,82.35,3.68,0.11,6.9084
2019-06-30,4.026,27.78,84.99,3.99,0.28,6.9336
2019-07-01,5.2891,27.76,87.82,3.3,0.39,6.8844
2019-07-02,5.1986,27.63,87.19,3.69,6.94,6.6437
2019-07-03,5.2831,27.72,86.29,3.53,13.11,6.9701
2019-07-04,4.5934,27.64,87.56,3.54,20.61,6.9283
2019-07-05,4.9176,27.68,87.09,3.64,10.47,7.0111
2019-07-06,5.0186,27.7,85.43,3.69,8.54,6.9852
2019-07-07,4.3862,27.7,86.48,3.28,9.06,7.0438
2019-07-08,6.0538,27.78,87.41,2.8,11.73,6.9684
2019-07-09,3.5369,26.74,87.6,2.19,17.21,6.4908
2019-07-10,4.423,26.96,80.84,2.06,12.4,6.7882
2019-07-11,5.0628,26.87,85.47,2.2,2.95,6.7834
2019-07-12,6.0653,26.83,84.22,1.86,1.08,6.804
2019-07-13,5.1701,27.12,86.64,2.05,5.58,6.7027
2019-07-14,5.6333,27.09,88.17,2.94,9.87,6.9264
2019-07-15,5.8805,26.28,84.47,3.63,12.76,6.8657
2019-07-16,5.6414,26.73,82.39,4.38,9.46,7.008
2019-07-17,3.9473,26.67,83.11,4.92,11.29,6.8969
2019-07-18,2.035,26.08,88.1,4.9,41.83,6.7704
2019-07-19,2.7434,26.08,88.83,6.17,66.1,6.918
2019-07-20,3.2998,26.15,89.08,4.41,47.94,6.8801
2019-07-21,3.4963,26.5,89.35,4.53,35.13,6.9262
2019-07-22,2.9455,26.13,89.2,4.23,30.68,6.7438
2019-07-23,4.6963,26.31,85.38,3.11,5.12,6.7771
2019-07-24,4.5432,26.35,88.55,2.81,15.82,6.8616
2019-07-25,4.6126,26.02,89.0,2.08,9.16,6.9122
2019-07-26,3.953,25.87,88.13,2.03,5.02,7.0411
2019-07-27,4.9507,26.45,87.59,2.01,0.35,7.0877
2019-07-28,5.4986,26.5,89.2,2.33,1.27,7.0968
2019-07-29,5.137,26.34,90.18,2.44,0.73,6.8669
2019-07-30,5.7535,26.52,87.06,2.05,0.54,6.9082
2019-07-31,6.1238,26.73,86.41,1.98,0.7,6.9523
2019-08-01,6.6072,26.47,89.69,2.25,1.69,7.1155
2019-08-02,5.2558,26.67,89.81,2.82,3.29,7.1232
2019-08-03,4.5706,27.0,88.36,2.16,2.44,7.1767
2019-08-04,4.3949,26.98,90.29,2.9,10.2,7.123
2019-08-05,3.8693,27.08,86.86,3.13,11.39,6.9926
2019-08-06,3.3905,26.82,88.52,3.21,41.61,7.1717
2019-08-07,3.1577,26.83,91.3,3.66,50.78,6.606
2019-08-08,0.9137,26.5,90.41,5.07,69.21,6.4099
2019-08-09,2.4113,26.29,90.71,3.31,73.08,6.8018
2019-08-10,2.021,26.38,87.12,2.16,47.01,6.7188
2019-08-11,3.9785,26.26,87.53,3.23,31.93,6.8364
2019-08-12,3.2897,26.4,87.08,4.04,18.03,6.6631
2019-08-13,3.4342,26.31,89.53,4.01,43.42,6.6269
2019-08-14,4.3054,25.94,90.81,4.44,47.82,6.9019
2019-08-15,4.3442,26.17,88.94,3.17,4.91,6.9624
2019-08-16,2.8464,26.18,88.4,2.76,5.12,6.7061
2019-08-17,3.8957,25.95,87.38,1.91,12.52,6.8035
2019-08-18,4.4544,25.86,88.98,2.29,18.09,6.9125
2019-08-19,5.2531,26.08,88.6,2.49,6.48,6.7891
2019-08-20,5.7866,26.24,89.72,2.62,11.57,6.9089
2019-08-21,3.4802,25.96,89.53,3.1,16.83,6.7894
2019-08-22,2.9381,25.66,87.02,3.07,31.76,6.829
2019-08-23,4.6673,25.51,86.8,2.09,8.23,6.7834
2019-08-24,3.3914,25.84,86.8,1.88,9.45,7.026
2019-08-25,3.7195,25.89,86.9,2.6,15.72,6.9823
2019-08-26,4.6135,25.79,90.39,3.98,23.56,7.0805
2019-08-27,4.7494,25.63,88.96,3.68,18.88,7.0682
2019-08-28,4.3889,26.16,88.74,2.64,9.78,7.0534
2019-08-29,4.9262,25.92,88.81,3.59,27.59,7.0774
2019-08-30,4.8384,26.19,87.7,2.85,9.8,7.0193
2019-08-31,4.631,25.98,90.95,2.72,10.11,7.013
2019-09-01,3.87,26.67,89.33,2.72,15.02,7.0058
2019-09-02,3.8268,26.57,91.06,2.64,25.6,6.9278
2019-09-03,5.0652,26.44,88.98,2.44,9.53,7.0435
2019-09-04,3.7627,26.62,90.1,3.22,8.13,6.9238
2019-09-05,4.6963,26.74,90.75,2.9,12.38,7.014
2019-09-06,5.5963,26.86,91.34,3.23,20.79,6.8537
2019-09-07,5.7586,26.96,90.35,3.08,12.29,7.0901
2019-09-08,5.8999,26.4,86.4,3.21,12.15,7.032
2019-09-09,5.7444,26.73,84.32,2.83,15.76,6.9982
2019-09-10,4.4894,26.8,88.83,2.53,13.67,6.9334
2019-09-11,3.1968,27.01,89.41,2.66,25.89,6.8796
2019-09-12,4.6176,26.77,88.44,2.27,16.25,6.9605
2019-09-13,4.9027,26.08,88.17,1.8,12.62,6.7236
2019-09-14,5.7192,26.03,89.77,2.07,11.75,6.781
2019-09-15,4.333,26.33,87.95,1.84,8.1,6.631
2019-09-16,4.2014,26.57,89.27,2.97,15.42,6.6679
2019-09-17,5.5783,26.29,87.99,2.67,18.23,6.7054
2019-09-18,4.3476,26.72,87.52,2.14,16.15,6.8628
2019-09-19,4.1095,26.56,86.94,1.94,18.24,6.9617
2019-09-20,5.3765,26.77,84.0,1.48,3.16,6.8794
2019-09-21,6.7306,27.06,79.35,2.01,2.17,6.9511
2019-09-22,5.8116,27.32,84.52,2.32,10.33,6.6802
2019-09-23,5.1118,26.31,87.95,2.39,9.15,6.7567
2019-09-24,4.2919,26.21,91.45,3.39,33.35,6.7834
2019-09-25,5.004,26.21,88.7,3.02,16.98,6.889
2019-09-26,4.0901,26.11,87.82,3.1,6.59,6.881
2019-09-27,6.6523,27.06,79.37,1.31,5.96,6.9742
2019-09-28,5.3237,27.26,82.56,1.42,10.18,6.7258
2019-09-29,5.6587,27.66,79.78,0.88,14.75,6.4726
2019-09-30,4.1311,26.83,85.88,2.78,29.22,6.8695
2019-10-01,5.5339,26.71,84.47,2.35,3.28,6.9122
2019-10-02,6.8306,27.08,84.67,2.2,9.47,6.9766
2019-10-03,5.6827,26.97,85.29,2.45,24.93,6.8105
2019-10-04,5.5082,27.06,81.27,1.92,2.33,6.7471
2019-10-05,5.8538,26.82,82.36,1.46,8.76,6.641
2019-10-06,5.796,26.22,82.94,1.61,11.1,6.5419
2019-10-07,5.3486,26.79,82.5,1.9,7.03,6.8786
2019-10-08,6.0905,27.02,84.32,2.02,8.43,6.6708
2019-10-09,5.8682,27.27,85.18,2.14,4.65,6.5462
2019-10-10,5.4864,26.95,84.32,1.48,4.33,6.4814
2019-10-11,5.3009,27.03,85.67,1.74,10.59,6.5986
2019-10-12,5.1127,27.01,84.8,2.07,13.18,6.779
2019-10-13,5.4072,26.92,86.05,1.68,26.54,6.7675
2019-10-14,6.2405,27.46,85.45,1.57,23.37,6.7402
2019-10-15,3.5364,27.64,84.59,1.33,15.41,6.5429
2019-10-16,4.681,27.87,83.26,1.2,36.6,6.1423
2019-10-17,4.9478,26.96,84.51,2.56,22.48,6.5842
2019-10-18,5.7686,26.81,87.91,3.08,26.98,6.6403
2019-10-19,5.9954,27.35,84.67,1.89,14.74,6.5484
2019-10-20,4.9214,26.21,90.59,2.82,58.95,6.3336
2019-10-21,2.479,25.98,90.99,2.69,65.34,6.3857
2019-10-22,4.3255,26.03,87.98,2.41,6.67,6.3211
2019-10-23,5.4358,26.14,86.25,2.53,29.24,6.5544
2019-10-24,3.9379,26.19,85.53,2.89,20.9,6.5556
2019-10-25,6.193,26.81,84.16,2.8,10.24,6.5959
2019-10-26,3.7344,26.66,85.17,3.01,3.14,6.5791
2019-10-27,4.6272,26.3,76.33,1.58,0.39,6.3998
2019-10-28,3.4908,27.17,76.32,1.38,1.61,6.2998
2019-10-29,4.6507,26.22,82.49,2.39,10.16,6.283
2019-10-30,2.1,26.34,86.13,3.08,54.46,6.3655
2019-10-31,2.3753,26.39,87.22,3.94,35.65,6.1982
2019-11-01,6.6802,27.23,74.17,0.92,4.37,6.6871
2019-11-02,6.1368,26.85,81.18,1.4,4.82,6.3655
2019-11-03,4.5439,26.92,86.0,1.7,14.4,6.0739
2019-11-04,5.3858,26.62,87.52,2.28,6.23,5.7816
2019-11-05,5.4941,27.15,85.75,1.43,6.27,5.6268
2019-11-06,5.687,26.92,88.6,2.04,6.09,6.006
2019-11-07,5.8416,26.95,89.02,2.28,1.72,5.933
2019-11-08,5.063,27.34,85.66,2.23,1.18,5.9837
2019-11-09,5.7274,27.45,83.31,1.95,1.08,6.0408
2019-11-10,5.3614,27.0,87.49,2.25,11.48,5.9146
2019-11-11,5.3357,27.12,83.24,1.33,4.77,5.8726
2019-11-12,5.0801,26.89,84.1,1.06,7.46,5.9095
2019-11-13,5.7427,27.86,76.45,0.92,0.39,6.1512
2019-11-14,6.012,28.12,76.24,1.43,1.12,6.1958
2019-11-15,5.8728,27.87,82.43,1.62,1.79,6.1049
2019-11-16,4.9886,27.63,83.0,1.67,12.38,6.0094
2019-11-17,5.6474,28.36,78.07,1.08,12.01,6.0029
2019-11-18,5.4682,28.21,79.13,1.31,3.39,5.9767
2019-11-19,5.0513,28.31,80.69,1.64,8.31,5.9722
2019-11-20,4.963,27.71,82.71,1.29,16.91,6.0509
2019-11-21,5.724,28.13,79.29,1.54,4.96,6.114
2019-11-22,5.2166,27.47,79.17,0.83,1.35,5.7821
2019-11-23,5.4696,28.12,76.66,1.28,0.69,5.9666
2019-11-24,5.6482,28.4,74.92,1.35,0.94,6.0034
2019-11-25,4.835,28.07,76.33,1.33,0.57,5.7283
2019-11-26,5.8442,28.24,75.28,1.47,0.22,6.065
2019-11-27,5.6086,28.5,75.14,1.19,0.84,5.9628
2019-11-28,4.6414,27.76,79.77,0.98,1.31,5.741
2019-11-29,4.4369,28.21,78.87,1.27,4.86,5.5478
2019-11-30,2.874,27.68,80.64,1.49,10.14,5.6494
2019-12-01,3.3055,26.96,86.11,2.67,12.56,5.8409
2019-12-02,5.0611,26.87,84.9,2.25,7.2,5.886
2019-12-03,3.1627,26.76,81.16,1.28,6.6,5.8157
2019-12-04,5.6664,27.81,73.24,1.1,1.15,5.7634
2019-12-05,4.6704,27.2,75.83,2.08,0.32,5.9014
2019-12-06,4.3663,27.14,75.71,2.17,0.05,5.6594
2019-12-07,5.0866,27.38,77.47,1.46,1.28,5.7641
2019-12-08,5.6064,27.22,73.85,1.48,0.82,5.8169
2019-12-09,6.0674,27.25,72.1,1.65,0.02,6.0708
2019-12-10,5.8013,27.54,72.12,1.31,0.02,5.851
2019-12-11,5.4864,27.7,74.95,1.08,0.03,5.7516
2019-12-12,5.1466,27.51,75.67,1.16,0.1,5.7168
2019-12-13,5.6398,27.7,76.7,1.09,0.63,5.7686
2019-12-14,3.739,27.28,82.66,0.92,26.09,5.6868
2019-12-15,4.1724,26.78,76.98,1.74,1.33,5.8138
2019-12-16,5.8534,27.05,72.13,1.37,0.03,5.9366
2019-12-17,4.6123,27.48,74.87,1.42,0.09,5.6755
2019-12-18,4.6793,27.56,75.09,1.73,0.03,5.5788
2019-12-19,5.2625,28.08,74.84,1.66,0.03,5.6736
2019-12-20,2.9424,27.2,76.69,1.33,0.14,5.3556
2019-12-21,3.84,27.17,75.48,1.63,0.06,5.4924
2019-12-22,5.755,27.91,71.7,1.58,0.0,5.7984
2019-12-23,3.9266,27.89,77.49,0.98,0.05,5.3112
2019-12-24,4.5782,26.83,81.19,0.81,0.08,5.5397
2019-12-25,5.4528,27.86,77.69,0.83,0.86,5.7266
2019-12-26,5.6443,27.64,80.99,1.33,0.16,5.867
2019-12-27,5.7127,28.11,78.12,1.2,0.04,5.8906
2019-12-28,5.7622,28.21,72.1,1.49,0.03,5.9558
2019-12-29,5.5147,28.21,69.85,1.5,0.01,5.615
2019-12-30,5.567,28.16,70.87,1.2,0.05,5.6081
2019-12-31,5.0489,27.7,75.27,1.18,0.31,5.5238
2020-01-01,5.563,28.06,73.97,1.51,0.17,5.8361
2020-01-02,5.5181,28.24,74.29,0.98,0.02,5.783
2020-01-03,5.9345,28.53,72.52,1.53,0.04,6.0072
2020-01-04,5.897,28.2,78.22,2.12,0.29,5.953
2020-01-05,5.3539,28.17,76.73,1.55,0.61,5.8577
2020-01-06,6.1486,28.71,68.8,1.12,0.18,6.1872
2020-01-07,6.0648,28.49,67.0,1.29,0.08,6.1363
2020-01-08,6.0312,28.34,68.45,1.38,0.22,6.0828
2020-01-09,6.0168,28.28,69.13,1.18,0.19,6.0655
2020-01-10,6.0859,28.61,62.46,0.95,0.04,6.1654
2020-01-11,6.1445,27.52,60.92,1.18,0.0,6.1865
2020-01-12,6.3334,27.04,60.77,2.07,0.0,6.3418
2020-01-13,4.8996,27.92,64.74,1.56,0.0,5.6758
2020-01-14,5.591,27.54,72.35,1.45,0.0,5.7967
2020-01-15,5.6273,26.94,75.77,1.49,0.0,5.8632
2020-01-16,5.8524,27.04,70.29,1.84,0.32,5.9498
2020-01-17,6.1217,28.05,65.56,1.31,0.11,6.1654
2020-01-18,5.0964,28.83,67.36,1.11,0.19,6.1586
2020-01-19,5.6083,28.75,70.48,1.22,6.7,6.0612
2020-01-20,6.2954,28.68,66.26,1.37,0.81,6.3216
2020-01-21,6.2006,28.73,64.25,1.2,0.0,6.2285
2020-01-22,6.4334,28.47,61.67,1.98,0.0,6.4541
2020-01-23,6.1262,28.89,66.18,1.8,0.0,6.1723
2020-01-24,6.3982,28.78,60.38,1.45,0.0,6.4109
2020-01-25,6.3334,27.91,60.9,1.45,0.0,6.3672
2020-01-26,6.2875,28.27,62.4,1.54,0.0,6.4574
2020-01-27,6.1435,28.06,70.64,1.76,0.0,6.2292
2020-01-28,6.1603,27.87,73.33,1.65,0.0,6.2657
2020-01-29,6.3276,28.65,66.83,1.61,0.0,6.4937
2020-01-30,6.4546,28.76,71.59,2.01,0.0,6.4714
2020-01-31,6.4339,28.79,71.48,2.32,0.03,6.4548
2020-02-01,6.3938,28.89,66.74,1.62,0.02,6.4435
2020-02-02,4.2449,28.33,64.36,2.0,0.17,6.3101
2020-02-03,6.396,28.81,61.43,1.77,0.0,6.467
2020-02-04,6.4284,28.98,61.28,1.77,0.01,6.4661
2020-02-05,5.9467,28.7,66.66,1.54,2.0,6.0749
2020-02-06,5.6371,28.31,74.26,1.53,6.48,6.1678
2020-02-07,3.9737,27.72,78.32,2.18,5.69,6.1298
2020-02-08,6.1822,27.69,74.68,2.7,0.1,6.2486
2020-02-09,6.6593,28.45,67.04,2.08,0.02,6.7046
2020-02-10,6.3984,29.41,62.62,1.74,0.12,6.4783
2020-02-11,6.8582,30.06,58.79,1.67,0.65,6.8662
2020-02-12,6.1879,29.73,54.47,1.86,0.01,6.2722
2020-02-13,6.5506,29.9,60.58,1.92,0.02,6.6226
2020-02-14,6.2402,29.27,63.19,1.85,0.65,6.4831
2020-02-15,6.1946,29.67,66.6,1.73,0.89,6.3554
2020-02-16,6.5858,29.86,64.7,1.84,0.0,6.6305
2020-02-17,6.8515,29.93,53.22,1.72,0.0,6.8654
2020-02-18,6.9631,29.71,53.72,1.84,0.0,6.9751
2020-02-19,6.6506,29.06,54.65,1.02,0.0,6.8604
2020-02-20,6.9502,29.22,50.35,1.73,0.0,6.966
2020-02-21,6.8009,30.11,49.98,1.66,0.01,6.834
2020-02-22,5.7938,31.26,56.73,1.8,0.03,6.4234
2020-02-23,6.5947,30.78,53.68,1.88,0.02,6.7718
2020-02-24,6.798,30.4,54.93,2.22,0.0,6.8623
2020-02-25,7.0834,30.1,62.13,1.85,0.01,7.1071
2020-02-26,6.9038,30.68,60.24,1.77,0.01,6.9494
2020-02-27,6.8846,30.26,65.05,1.66,1.05,6.9571
2020-02-28,6.0821,30.43,61.05,2.0,2.15,6.1495
2020-02-29,5.6597,29.06,67.05,2.48,5.3,6.2321
2020-03-01,6.1219,29.39,66.71,2.4,1.16,6.6514
2020-03-02,6.1786,28.43,76.39,2.23,4.18,6.6336
2020-03-03,5.5378,28.22,77.38,1.6,3.63,6.2306
2020-03-04,5.5742,29.26,73.56,3.25,3.08,6.0828
2020-03-05,5.5234,28.77,74.17,2.58,1.88,6.167
2020-03-06,6.0259,28.92,71.6,2.64,0.24,6.3358
2020-03-07,6.9017,28.76,70.29,2.17,0.03,6.997
2020-03-08,6.8674,29.12,68.97,1.99,0.3,7.0337
2020-03-09,6.7538,29.5,71.13,2.27,0.68,7.086
2020-03-10,6.4663,30.2,68.34,2.25,0.9,7.0637
2020-03-11,6.7166,29.6,70.5,1.98,7.27,7.1071
2020-03-12,6.6022,29.35,73.99,2.05,8.93,7.0572
2020-03-13,7.3075,29.9,69.78,2.36,0.0,7.3354
2020-03-14,7.1208,30.19,67.46,1.98,0.0,7.1791
2020-03-15,6.6072,30.26,67.67,2.14,0.0,6.655
2020-03-16,7.0296,30.73,64.19,1.72,0.0,7.1285
2020-03-17,7.0082,31.51,60.14,1.54,0.05,7.1004
2020-03-18,7.1911,31.04,60.65,2.0,0.13,7.2482
2020-03-19,6.823,31.06,63.98,2.44,0.31,7.0205
2020-03-20,6.5369,30.49,65.12,2.39,0.42,6.8417
2020-03-21,6.7214,30.35,64.15,2.03,2.51,6.8294
2020-03-22,6.8834,29.35,67.89,1.73,2.59,7.0361
2020-03-23,6.4882,30.11,68.09,1.83,3.02,6.8578
2020-03-24,6.5518,29.86,69.91,1.77,2.0,6.8503
2020-03-25,5.945,29.37,70.75,1.73,2.66,6.937
2020-03-26,6.2525,30.37,64.45,1.95,0.39,6.924
2020-03-27,6.9876,30.3,66.03,2.15,0.59,7.1654
2020-03-28,7.1306,30.49,65.27,2.38,0.33,7.2475
2020-03-29,7.039,30.15,67.98,2.31,0.87,7.2192
2020-03-30,6.9581,30.87,64.55,2.04,2.03,7.1268
2020-03-31,7.1273,31.02,64.87,1.93,3.25,7.2322
2020-04-01,7.308,31.57,61.35,2.01,0.36,7.4815
2020-04-02,7.2991,31.74,60.95,2.22,0.43,7.397
2020-04-03,6.9463,31.05,64.72,2.42,0.58,7.2478
2020-04-04,7.273,30.51,67.22,2.23,0.76,7.3534
2020-04-05,5.4833,30.66,66.59,1.95,4.31,7.1333
2020-04-06,6.8388,29.54,74.58,1.69,6.6,7.219
2020-04-07,4.8619,28.48,82.89,2.49,3.45,7.0183
2020-04-08,6.7013,28.79,79.46,2.04,0.86,6.9838
2020-04-09,6.7716,29.74,73.69,2.16,2.51,7.0488
2020-04-10,7.2029,30.77,66.26,2.19,0.45,7.3183
2020-04-11,7.2773,30.98,65.78,2.09,2.55,7.333
2020-04-12,7.0894,30.57,69.25,1.86,2.31,7.3622
2020-04-13,7.0531,30.53,70.24,1.92,0.34,7.3046
2020-04-14,7.0349,30.9,69.47,2.18,0.63,7.2127
2020-04-15,7.1033,30.64,68.98,1.97,0.72,7.3087
2020-04-16,7.193,30.17,69.22,2.03,1.18,7.3699
2020-04-17,6.7543,30.42,68.67,2.16,2.56,7.2422
2020-04-18,6.3602,30.49,70.14,2.1,3.53,7.3164
2020-04-19,6.1459,30.68,70.37,1.95,1.79,7.2204
2020-04-20,6.4709,31.08,67.55,1.85,3.22,7.3207
2020-04-21,6.3926,30.38,74.11,1.97,8.64,7.2655
2020-04-22,6.0516,29.64,76.78,1.98,13.86,7.1069
2020-04-23,6.3415,29.92,76.45,2.35,8.19,7.146
2020-04-24,5.4154,28.63,78.96,2.73,4.06,6.9828
2020-04-25,6.7008,29.86,75.45,2.5,0.96,6.9086
2020-04-26,5.1941,29.84,78.64,1.69,8.86,7.0159
2020-04-27,6.9874,29.45,81.81,2.06,1.92,7.1184
2020-04-28,5.7442,28.93,81.61,2.21,2.61,6.6346
2020-04-29,4.4196,27.78,78.36,1.79,8.47,6.7078
2020-04-30,6.2366,30.15,66.71,1.62,0.29,6.7855
2020-05-01,6.6826,30.23,71.95,2.27,1.44,7.0054
2020-05-02,6.1733,29.58,80.36,2.67,1.34,6.9552
2020-05-03,6.2306,29.81,80.49,2.61,6.14,6.767
2020-05-04,5.8872,29.98,79.82,1.96,4.43,6.7006
2020-05-05,6.2431,29.94,78.91,1.7,2.51,6.8479
2020-05-06,6.1534,28.96,84.28,1.85,11.11,6.9314
2020-05-07,6.5981,29.29,79.08,2.1,10.73,7.1664
2020-05-08,5.5015,28.5,84.46,1.92,21.22,7.1966
2020-05-09,5.8126,29.56,79.1,1.93,3.29,7.2391
2020-05-10,5.8766,29.51,81.95,1.75,2.89,7.0426
2020-05-11,4.4465,29.47,82.42,1.83,4.06,6.833
2020-05-12,5.1283,29.25,80.55,1.27,8.37,6.9588
2020-05-13,5.3431,29.01,79.2,1.6,4.52,6.9998
2020-05-14,6.2314,29.19,81.5,1.95,5.93,7.0884
2020-05-15,5.6743,28.78,84.51,3.8,10.77,6.8282
2020-05-16,3.749,29.05,81.08,3.37,6.88,6.6425
2020-05-17,3.0578,28.96,83.31,4.02,7.33,6.2837
2020-05-18,1.4573,28.21,83.14,5.14,28.5,6.2326
2020-05-19,3.8897,28.9,82.62,4.45,11.69,6.0984
2020-05-20,5.4629,29.06,82.64,3.38,3.12,6.6588
2020-05-21,3.8918,28.62,80.43,3.16,25.91,6.882
2020-05-22,4.6286,28.65,74.8,3.14,4.03,6.8892
2020-05-23,5.4953,28.55,85.01,3.06,3.13,6.689
2020-05-24,5.3227,28.67,86.18,3.54,3.09,6.6358
2020-05-25,5.3098,28.79,85.64,2.98,8.73,6.5078
2020-05-26,5.5841,28.86,84.7,2.63,4.82,6.6583
2020-05-27,5.3486,28.97,85.64,2.57,5.04,6.4375
2020-05-28,3.6281,28.92,85.95,2.71,19.79,6.5789
2020-05-29,4.1878,28.51,83.6,3.04,7.99,6.5731
2020-05-30,4.62,27.48,83.94,2.02,4.03,6.8861
2020-05-31,5.737,27.81,86.22,3.75,10.95,7.0121
2020-06-01,5.0818,28.03,86.03,3.95,14.11,7.0577
2020-06-02,3.0641,27.48,85.78,3.43,29.9,7.0416
2020-06-03,5.0587,27.71,85.55,3.59,8.68,7.1138
2020-06-04,4.7974,27.65,84.81,3.67,17.33,7.0224
2020-06-05,4.8079,28.02,84.28,3.54,27.43,7.0087
2020-06-06,3.1022,27.97,80.55,3.7,9.86,6.9058
2020-06-07,2.4574,27.19,84.62,2.89,18.5,6.9355
2020-06-08,5.8644,27.84,81.15,2.88,0.32,6.8945
2020-06-09,4.4822,27.58,84.95,3.15,2.78,6.8563
2020-06-10,3.311,27.34,85.89,3.41,8.8,6.7774
2020-06-11,3.6053,27.83,80.25,3.24,4.97,6.8282
2020-06-12,4.6584,27.16,82.38,2.94,14.88,6.9643
2020-06-13,5.6347,27.96,81.92,3.07,15.94,6.8023
2020-06-14,4.5262,27.84,85.73,3.66,9.74,7.0138
2020-06-15,5.6489,27.86,88.21,2.94,4.94,6.9506
2020-06-16,4.9721,27.78,90.21,2.54,25.24,6.8813
2020-06-17,4.9438,27.23,88.82,2.71,8.93,6.8522
2020-06-18,5.779,26.95,82.94,2.49,6.33,6.8138
2020-06-19,4.0534,26.77,86.64,1.76,11.34,6.985
2020-06-20,5.6846,27.51,84.08,2.15,6.92,6.8066
2020-06-21,3.0833,25.74,91.04,3.27,29.36,6.8268
2020-06-22,3.8777,26.67,84.99,3.71,10.99,6.7426
2020-06-23,4.68,27.47,80.99,2.09,1.54,6.9823
2020-06-24,5.4912,27.0,85.04,2.07,2.57,6.6312
2020-06-25,4.6646,26.79,83.52,2.88,14.88,6.6698
2020-06-26,4.6349,26.47,86.15,3.33,24.97,6.9055
2020-06-27,3.6708,26.48,89.04,3.58,17.67,6.8626
2020-06-28,4.3526,27.08,88.92,3.73,16.5,6.9002
2020-06-29,4.7558,27.47,88.12,3.45,18.02,6.7615
2020-06-30,5.9328,26.94,87.18,2.79,14.97,6.8112
2020-07-01,5.1473,26.54,87.82,2.11,7.27,6.9432
2020-07-02,4.1585,26.48,88.38,3.12,13.4,6.8945
2020-07-03,2.3719,25.4,85.16,2.42,14.16,6.9377
2020-07-04,4.6788,26.6,86.27,3.26,27.89,6.905
2020-07-05,3.6175,27.24,81.86,2.98,5.0,7.0274
2020-07-06,5.4749,26.48,87.29,3.44,29.74,6.9374
2020-07-07,5.323,26.62,86.29,2.64,16.91,7.0214
2020-07-08,4.4021,26.43,88.18,3.0,8.44,6.8014
2020-07-09,3.1582,25.91,89.18,2.57,20.32,6.8378
2020-07-10,5.13,25.78,89.64,2.54,6.45,6.7793
2020-07-11,5.3405,26.07,87.96,2.11,7.98,6.8738
2020-07-12,4.859,26.06,88.51,3.09,4.77,7.055
2020-07-13,4.4681,26.21,88.72,3.75,8.07,6.9228
2020-07-14,6.2117,26.26,90.61,3.32,4.65,6.8822
2020-07-15,4.4395,26.22,90.04,3.07,11.42,6.8875
2020-07-16,2.8082,26.48,88.59,2.7,17.34,6.9401
2020-07-17,3.2321,26.14,89.49,2.46,28.44,6.8873
2020-07-18,4.2962,26.19,88.76,2.08,6.05,6.773
2020-07-19,5.7629,26.19,89.96,2.83,7.46,6.7958
2020-07-20,4.9968,25.72,90.8,2.54,31.88,6.7358
2020-07-21,6.3665,26.05,87.34,1.21,4.17,6.9278
2020-07-22,5.2795,26.43,91.36,2.99,4.97,6.9254
2020-07-23,5.3868,26.39,90.71,3.01,10.95,7.0162
2020-07-24,4.3118,26.03,91.02,3.53,9.72,6.8669
2020-07-25,5.6138,26.2,88.13,2.93,6.95,7.015
2020-07-26,4.663,25.7,89.24,2.75,6.83,6.7975
2020-07-27,6.6269,26.16,87.16,2.25,3.67,7.0243
2020-07-28,3.2681,25.92,90.39,2.97,49.23,7.026
2020-07-29,2.3282,25.5,90.61,4.26,75.39,6.8904
2020-07-30,5.2829,26.2,86.56,4.0,34.74,6.93
2020-07-31,4.5946,26.29,89.62,3.74,37.91,6.9838
2020-08-01,5.1509,26.07,88.01,3.3,21.62,7.1383
2020-08-02,2.3407,25.9,89.01,3.65,28.3,7.0056
2020-08-03,3.642,26.04,87.5,4.71,25.51,6.8782
2020-08-04,3.2954,26.43,90.07,3.42,25.22,7.2518
2020-08-05,5.3844,26.38,89.34,4.8,20.5,7.1287
2020-08-06,3.7198,26.83,91.19,4.35,36.49,6.8234
2020-08-07,1.1138,26.18,91.15,3.71,83.49,6.769
2020-08-08,2.6803,25.8,90.02,4.26,71.04,6.6742
2020-08-09,2.154,25.21,92.71,4.19,52.6,6.529
2020-08-10,2.521,25.83,93.05,2.87,17.24,6.6022
2020-08-11,5.0414,26.27,90.34,3.26,7.68,6.8748
2020-08-12,5.5392,26.32,88.1,3.04,3.46,6.9151
2020-08-13,5.1974,26.16,88.73,2.65,6.13,7.0692
2020-08-14,4.979,26.37,87.11,2.32,4.42,6.9158
2020-08-15,5.0606,26.04,90.13,2.18,1.74,6.9446
2020-08-16,4.5624,26.43,88.82,2.09,2.91,6.8736
2020-08-17,4.8226,26.81,86.42,2.31,5.53,6.8388
2020-08-18,5.3194,26.58,87.93,2.55,6.15,6.8837
2020-08-19,5.7578,26.48,88.85,2.66,0.84,6.8098
2020-08-20,5.0719,26.4,88.52,2.44,1.35,6.9763
2020-08-21,5.7382,26.92,87.39,1.68,0.23,6.8669
2020-08-22,6.0955,26.94,88.74,2.07,3.68,6.9149
2020-08-23,3.7488,26.73,88.75,2.12,3.42,6.8846
2020-08-24,5.9431,26.46,85.72,2.11,2.03,6.8988
2020-08-25,6.0048,26.75,86.79,2.83,1.58,6.853
2020-08-26,5.2841,26.57,86.34,2.99,1.36,6.9331
2020-08-27,6.4102,26.49,86.25,2.74,0.37,7.0416
2020-08-28,6.7582,26.67,85.05,2.76,0.17,7.1035
2020-08-29,6.6444,26.97,83.73,2.35,0.54,7.0812
2020-08-30,6.4157,26.79,87.36,2.73,0.96,6.907
2020-08-31,6.1046,26.31,88.57,2.56,2.61,7.0322
2020-09-01,5.7638,25.61,89.22,2.93,8.8,6.8323
2020-09-02,4.2192,25.81,87.94,2.13,7.72,6.9086
2020-09-03,6.1082,26.31,87.79,2.3,22.23,7.1527
2020-09-04,5.6748,26.98,86.65,1.96,9.3,7.1345
2020-09-05,4.9178,27.22,87.24,1.93,13.74,6.924
2020-09-06,2.0474,26.72,87.94,3.64,54.8,6.8566
2020-09-07,4.6901,26.78,85.75,3.51,27.76,7.0649
2020-09-08,4.2043,26.6,88.54,2.17,18.3,6.9125
2020-09-09,3.0526,26.4,91.33,3.11,23.59,7.0116
2020-09-10,3.9533,26.08,90.14,4.91,22.23,6.8914
2020-09-11,3.8767,26.13,88.37,3.13,27.19,7.0726
2020-09-12,2.6866,26.4,84.55,2.23,31.06,6.9929
2020-09-13,2.2728,25.96,87.58,2.3,22.73,6.9506
2020-09-14,4.2353,26.11,85.44,2.46,9.02,7.0042
2020-09-15,5.4331,26.46,89.09,2.82,10.36,6.9458
2020-09-16,5.2279,26.65,89.81,2.94,14.42,7.0625
2020-09-17,3.45,26.48,90.17,3.15,14.24,6.851
2020-09-18,4.164,26.49,89.31,3.33,18.52,6.9346
2020-09-19,1.8782,26.42,89.53,3.53,26.51,6.9158
2020-09-20,3.5484,26.07,88.45,4.06,51.44,6.8376
2020-09-21,4.3385,26.0,87.63,4.34,20.94,6.8957
2020-09-22,3.81,26.04,87.85,3.65,14.12,6.9809
2020-09-23,5.6808,26.49,88.53,2.81,6.29,6.9953
2020-09-24,5.0899,26.42,88.7,2.04,4.97,6.7274
2020-09-25,3.6134,26.34,86.73,1.39,4.97,6.8618
2020-09-26,4.1112,25.2,85.64,1.07,1.95,6.793
2020-09-27,5.9844,26.29,84.53,1.78,2.01,6.9737
2020-09-28,4.7873,26.18,89.04,2.5,2.04,6.8705
2020-09-29,4.0102,26.25,87.78,2.82,5.93,6.607
2020-09-30,5.5243,26.16,87.64,2.84,5.43,6.7786
2020-10-01,6.2388,26.03,87.9,2.65,0.56,6.8086
2020-10-02,4.7052,25.9,87.64,2.3,0.41,6.9358
2020-10-03,5.9213,26.32,84.81,2.58,0.33,6.9667
2020-10-04,6.4123,26.07,85.46,2.78,0.15,6.9821
2020-10-05,6.9835,26.24,84.65,3.41,0.1,7.08
2020-10-06,6.6065,26.49,86.48,3.4,1.87,6.9029
2020-10-07,5.3268,26.67,87.15,3.41,1.21,6.6382
2020-10-08,3.8609,26.38,91.04,2.98,11.26,6.2789
2020-10-09,5.2454,26.2,91.48,2.48,20.45,6.4634
2020-10-10,4.213,26.19,84.85,2.07,8.6,6.2455
2020-10-11,2.9849,25.78,86.97,2.72,21.04,6.5316
2020-10-12,4.2979,26.74,87.02,3.86,13.07,6.5246
2020-10-13,4.4628,26.68,85.16,4.18,8.54,6.4615
2020-10-14,3.053,26.9,84.48,3.97,9.48,6.635
2020-10-15,5.1646,26.75,83.89,3.04,7.47,6.4961
2020-10-16,4.8727,26.65,86.81,3.79,12.45,6.5388
2020-10-17,5.7842,26.44,85.62,2.46,1.04,6.4411
2020-10-18,6.1918,26.35,86.08,1.71,0.38,6.5832
2020-10-19,5.6947,26.41,86.06,2.05,5.28,6.5393
2020-10-20,3.9816,25.97,89.33,2.49,23.75,6.4939
2020-10-21,5.2085,26.63,83.97,2.61,5.55,6.4459
2020-10-22,4.4981,26.44,84.28,2.74,2.29,6.4985
2020-10-23,4.8782,26.43,82.24,2.62,0.06,6.618
2020-10-24,6.5124,26.75,79.48,1.91,0.05,6.6365
2020-10-25,6.3312,26.45,79.79,1.46,46.96,6.7159
2020-10-26,6.3101,26.63,81.94,2.01,37.58,6.4709
2020-10-27,5.4706,26.67,85.71,2.17,7.37,5.7922
2020-10-28,5.383,26.69,86.93,1.68,3.21,5.4607
2020-10-29,5.7958,26.65,85.29,1.33,1.86,5.8958
2020-10-30,5.652,27.02,83.34,1.4,1.39,5.8478
2020-10-31,5.5025,27.42,80.04,1.02,0.41,5.8781
2020-11-01,5.5447,27.54,78.09,1.3,0.46,5.8534
2020-11-02,5.4967,27.31,80.34,1.68,3.85,5.7127
2020-11-03,3.9578,27.53,79.67,1.2,5.84,5.6122
2020-11-04,5.1614,27.37,84.47,1.78,8.38,5.615
2020-11-05,4.8994,27.67,83.35,1.58,8.54,5.6738
2020-11-06,4.9126,28.08,77.69,0.67,5.29,6.0348
2020-11-07,5.898,28.28,76.73,1.11,0.85,6.3178
2020-11-08,5.6875,28.32,78.52,1.11,7.71,6.1726
2020-11-09,5.7067,28.02,78.25,1.72,1.19,5.7677
2020-11-10,5.6366,27.88,77.05,1.23,0.86,5.8109
2020-11-11,5.6018,27.31,70.17,1.41,1.43,5.7038
2020-11-12,4.8912,27.78,80.63,1.5,3.94,5.7187
2020-11-13,3.8479,27.76,77.74,1.03,11.29,6.2201
2020-11-14,5.1281,28.51,77.19,1.28,0.87,6.1486
2020-11-15,4.6315,28.19,79.96,0.98,1.34,5.8481
2020-11-16,2.2181,27.36,84.91,1.52,11.14,6.1524
2020-11-17,4.0697,27.37,83.48,2.29,29.52,6.1925
2020-11-18,4.2233,26.9,83.38,3.03,20.51,5.8025
2020-11-19,4.9618,27.09,82.12,1.74,5.06,5.7823
2020-11-20,5.927,27.75,77.05,1.27,4.86,6.1171
2020-11-21,6.18,27.49,74.31,0.71,2.16,6.2335
2020-11-22,5.8286,27.01,71.02,0.65,0.01,5.9316
2020-11-23,5.7835,27.41,70.48,0.68,0.0,5.9604
2020-11-24,4.6075,27.24,71.28,1.52,0.0,5.2843
2020-11-25,3.9626,27.25,79.13,2.5,0.05,5.2469
2020-11-26,4.5612,27.15,83.79,3.48,10.3,5.6448
2020-11-27,5.3218,26.6,84.05,1.8,5.72,5.5894
2020-11-28,5.6647,27.18,80.08,1.22,2.64,5.7996
2020-11-29,5.9081,27.46,78.02,1.41,0.92,6.0432
2020-11-30,5.7055,27.85,77.28,1.37,0.32,5.9918
2020-12-01,5.9254,27.24,72.09,2.07,0.29,6.0187
2020-12-02,3.8993,27.09,72.09,2.09,1.24,5.7067
2020-12-03,2.1886,26.44,81.17,2.25,5.01,5.5627
2020-12-04,4.0229,25.87,90.35,3.69,5.56,5.4403
2020-12-05,2.8598,26.67,81.96,2.04,4.95,5.3422
2020-12-06,3.653,27.41,78.93,1.16,13.17,5.6671
2020-12-07,3.2902,26.14,86.63,1.4,11.63,5.658
2020-12-08,5.2522,27.55,79.69,1.59,2.32,5.7542
2020-12-09,5.7698,27.6,77.99,1.2,0.88,6.0058
2020-12-10,5.7919,27.21,77.66,0.96,4.43,5.8855
2020-12-11,5.6119,27.05,78.18,0.95,3.7,5.6686
2020-12-12,5.1113,26.26,79.62,1.32,2.2,5.4026
2020-12-13,5.4797,26.94,75.39,1.03,0.55,5.561
2020-12-14,5.5334,26.63,69.45,1.28,0.1,5.6426
2020-12-15,5.3374,26.47,68.4,1.59,0.18,5.4026
2020-12-16,3.6665,26.84,74.3,1.18,1.12,5.5147
2020-12-17,4.1174,26.94,80.75,1.5,1.52,5.6971
2020-12-18,3.6919,27.46,76.58,1.37,0.93,5.5562
2020-12-19,2.7962,26.66,73.89,2.81,0.12,5.641
2020-12-20,5.5817,26.57,71.63,2.07,0.0,5.6354
2020-12-21,4.8216,26.13,70.24,2.2,0.0,5.2517
2020-12-22,4.4998,26.55,72.39,1.38,0.04,5.3314
2020-12-23,4.6469,26.73,75.98,1.12,0.08,5.4751
2020-12-24,5.5934,27.83,71.82,1.35,0.01,5.6825
2020-12-25,5.623,27.76,72.85,0.75,0.02,5.6969
2020-12-26,5.621,27.08,68.71,1.28,0.0,5.7091
2020-12-27,5.5538,27.02,63.85,1.23,0.0,5.7274
2020-12-28,4.3896,27.43,67.04,0.81,0.0,5.4137
2020-12-29,4.5962,27.76,69.12,0.81,0.19,5.1545
2020-12-30,5.2992,28.4,72.4,1.47,5.19,5.7852
2020-12-31,3.8707,28.02,77.84,1.54,27.6,5.6962
2021-01-01,4.1124,27.02,70.71,1.82,0.69,5.2867
2021-01-02,5.8337,27.05,65.46,1.7,0.01,5.8766
2021-01-03,4.5449,27.89,71.23,1.29,2.11,5.7878
2021-01-04,4.2557,27.61,78.06,1.59,5.09,5.7857
2021-01-05,5.6057,27.26,77.96,1.28,3.13,5.8908
2021-01-06,4.8218,26.65,85.79,1.76,23.07,5.7324
2021-01-07,5.0138,27.38,83.39,1.76,11.04,5.7535
2021-01-08,4.1592,26.83,84.8,1.78,27.63,5.658
2021-01-09,3.6319,27.31,82.86,1.23,10.18,5.8687
2021-01-10,3.7435,26.75,78.85,0.95,6.09,5.664
2021-01-11,2.8627,26.77,76.69,1.02,3.98,5.2138
2021-01-12,2.597,25.74,82.9,2.75,7.98,5.802
2021-01-13,2.597,26.43,80.64,2.6,5.48,5.8022
2021-01-14,4.5626,26.8,79.72,1.72,4.04,5.8805
2021-01-15,4.3925,26.73,81.12,1.64,2.1,5.8142
2021-01-16,4.8334,27.24,79.15,1.77,7.49,5.8526
2021-01-17,6.0826,27.45,76.22,0.99,6.15,6.1234
2021-01-18,6.378,26.63,68.92,1.26,0.14,6.3938
2021-01-19,6.1675,26.51,69.08,1.07,0.07,6.2806
2021-01-20,5.4502,27.04,71.41,0.95,0.0,5.9052
2021-01-21,5.3318,27.61,76.68,1.56,0.06,5.8963
2021-01-22,5.8051,28.25,75.55,1.24,0.4,6.0058
2021-01-23,4.3022,27.46,81.11,1.28,0.29,5.8999
2021-01-24,5.8922,27.31,77.64,1.22,0.08,5.9537
2021-01-25,6.1421,27.28,65.9,0.98,0.01,6.1661
2021-01-26,6.271,26.85,62.17,1.3,0.0,6.3053
2021-01-27,5.9467,26.14,61.58,1.21,0.0,6.0137
2021-01-28,6.1483,26.51,61.74,1.52,0.0,6.1793
2021-01-29,5.0496,27.14,65.76,1.69,0.0,5.1653
2021-01-30,5.5018,28.15,70.0,0.92,0.06,5.7487
2021-01-31,6.2738,28.39,66.73,1.06,0.04,6.3751
2021-02-01,6.2506,27.73,64.32,1.62,0.1,6.3146
2021-02-02,6.5359,27.85,62.37,1.93,0.02,6.5686
2021-02-03,5.8274,28.12,63.61,1.45,0.02,5.909
2021-02-04,6.1711,28.2,63.38,1.37,0.01,6.2227
2021-02-05,6.089,28.06,61.82,1.39,0.0,6.1788
2021-02-06,5.671,28.1,64.43,1.15,0.0,6.0638
2021-02-07,6.2978,27.52,56.87,1.55,0.0,6.371
2021-02-08,6.677,26.98,56.62,2.27,0.0,6.6794
2021-02-09,6.5546,26.86,60.48,1.98,0.0,6.5906
2021-02-10,6.7104,26.71,57.28,1.47,0.0,6.7159
2021-02-11,6.8275,26.57,59.63,1.41,0.0,6.845
2021-02-12,6.737,27.08,59.82,1.32,0.0,6.7471
2021-02-13,6.8539,27.3,62.53,1.27,0.0,6.8748
2021-02-14,6.3773,27.53,65.53,1.47,0.0,6.4114
2021-02-15,6.6838,27.89,68.48,1.53,0.0,6.7123
2021-02-16,5.5102,28.08,71.01,1.73,0.04,6.5417
2021-02-17,6.6842,28.09,73.04,1.69,0.15,6.7411
2021-02-18,5.9942,27.69,70.11,0.97,1.74,6.2796
2021-02-19,6.3065,27.99,67.56,1.54,0.34,6.4152
2021-02-20,6.521,28.38,69.82,1.73,1.59,6.7762
2021-02-21,6.2371,28.22,71.05,1.73,1.57,6.943
2021-02-22,6.5546,28.99,65.64,2.05,0.24,6.799
2021-02-23,6.5172,29.22,66.55,1.2,0.2,6.607
2021-02-24,6.6331,29.13,64.85,1.1,0.17,6.7382
2021-02-25,6.3204,29.27,65.81,1.76,0.56,6.5911
2021-02-26,6.2642,29.2,71.66,1.99,0.76,6.5455
2021-02-27,6.5513,29.7,67.57,1.42,0.3,6.6602
2021-02-28,6.9302,30.13,60.72,1.54,0.12,6.9814
2021-03-01,6.8551,29.42,62.13,1.8,0.22,6.9924
2021-03-02,6.5242,29.88,59.22,1.31,0.02,6.5695
2021-03-03,7.1338,30.23,50.11,1.13,0.0,7.1448
2021-03-04,7.3656,28.88,48.27,2.19,0.0,7.3807
2021-03-05,7.3673,29.9,51.44,1.93,0.0,7.379
2021-03-06,7.0118,29.89,59.19,2.11,0.0,7.093
2021-03-07,6.925,30.52,60.61,1.81,0.19,6.9989
2021-03-08,6.9516,30.54,61.19,1.54,0.43,7.1362
2021-03-09,6.8225,30.36,61.2,1.93,2.05,7.1215
2021-03-10,6.6895,29.95,63.63,1.93,5.9,7.1599
2021-03-11,6.6965,27.85,75.69,1.92,10.08,7.0793
2021-03-12,7.0805,29.37,66.06,1.53,1.12,7.1914
2021-03-13,7.2295,29.41,63.99,1.86,0.0,7.2682
2021-03-14,7.2972,29.86,61.63,1.88,0.0,7.3462
2021-03-15,7.2055,30.02,65.14,1.8,0.0,7.2214
2021-03-16,7.0147,30.49,61.45,1.8,0.0,7.0493
2021-03-17,6.8078,30.55,60.43,1.46,0.11,6.965
2021-03-18,5.8094,30.67,59.14,1.6,0.31,6.0761
2021-03-19,5.3098,29.48,65.53,1.75,0.89,6.5009
2021-03-20,5.4977,29.17,67.28,2.21,0.9,6.4618
2021-03-21,6.5162,29.95,63.98,1.51,5.57,6.7546
2021-03-22,6.3245,30.15,66.36,1.42,2.84,6.7174
2021-03-23,6.8266,30.17,68.28,1.62,1.44,6.997
2021-03-24,6.4454,29.44,72.64,1.79,5.94,6.6938
2021-03-25,5.3364,27.86,80.87,1.75,9.05,6.0883
2021-03-26,6.4747,29.99,66.23,1.58,1.51,6.997
2021-03-27,6.4548,29.92,69.69,1.9,2.06,6.9475
2021-03-28,5.7283,29.1,74.56,1.61,5.07,6.9586
2021-03-29,6.4474,28.84,75.45,2.42,7.4,6.9746
2021-03-30,6.9295,28.67,75.5,2.35,6.33,7.0505
2021-03-31,6.575,29.22,76.03,2.57,4.38,6.9528
2021-04-01,4.6694,28.63,82.04,3.08,7.76,6.3804
2021-04-02,6.6257,28.44,77.97,2.89,0.93,6.7411
2021-04-03,6.7246,28.4,73.81,2.79,0.04,7.025
2021-04-04,7.0553,28.89,70.88,3.44,0.08,7.1479
2021-04-05,6.6919,29.78,72.49,3.17,0.28,6.9454
2021-04-06,5.8838,30.08,72.1,1.97,1.17,6.4284
2021-04-07,6.1519,30.21,69.93,1.78,3.22,6.6326
2021-04-08,5.3897,29.39,72.66,1.76,3.15,6.7594
2021-04-09,6.3266,29.6,71.99,1.99,0.39,6.7699
2021-04-10,6.6127,30.36,67.76,1.82,0.79,6.8066
2021-04-11,5.1845,29.27,72.76,1.78,5.99,6.7838
2021-04-12,6.276,29.03,73.5,1.31,14.76,6.9778
2021-04-13,5.1977,29.34,71.23,1.36,7.69,7.0236
2021-04-14,5.3014,28.41,77.27,1.23,10.0,7.0649
2021-04-15,5.5795,27.36,85.21,1.72,9.23,7.014
2021-04-16,6.3895,27.41,80.9,1.45,11.79,7.1592
2021-04-17,6.7344,28.67,75.24,1.35,0.74,7.0795
2021-04-18,4.1287,27.68,81.64,1.67,3.46,6.6646
2021-04-19,6.4906,27.72,82.97,1.58,3.93,6.7872
2021-04-20,2.6534,27.75,83.99,1.8,2.71,6.7066
2021-04-21,6.575,28.13,82.54,2.07,10.44,6.7618
2021-04-22,5.9554,28.43,82.15,1.85,2.34,6.7901
2021-04-23,5.431,28.63,78.68,1.82,1.8,6.4618
2021-04-24,6.4956,28.86,78.16,1.79,4.13,6.6403
2021-04-25,6.0326,28.77,79.0,1.25,3.92,6.4368
2021-04-26,5.5694,28.93,78.67,1.03,1.27,6.461
2021-04-27,5.8174,28.24,83.25,1.08,2.86,6.533
2021-04-28,6.1219,29.0,77.68,1.58,0.36,6.7123
2021-04-29,5.7161,28.92,80.02,2.02,0.8,6.6583
2021-04-30,5.9021,28.99,81.21,1.67,4.42,6.5688
2021-05-01,6.204,29.53,77.31,1.11,5.16,6.5962
2021-05-02,6.0312,29.15,79.71,1.24,8.25,6.9965
2021-05-03,5.232,29.06,80.64,1.85,6.97,6.9038
2021-05-04,4.3174,28.2,79.83,2.0,14.4,6.953
2021-05-05,6.4282,29.23,76.74,1.55,4.53,7.2262
2021-05-06,6.3758,29.2,77.04,1.91,8.41,7.2084
2021-05-07,4.8924,29.69,74.27,1.46,15.69,7.1484
2021-05-08,6.4814,29.52,74.86,1.53,1.58,7.2134
2021-05-09,6.3722,29.52,76.87,1.78,1.5,7.2197
2021-05-10,5.2411,27.65,88.65,2.4,15.41,7.013
2021-05-11,5.4444,28.34,80.88,2.42,17.92,7.0428
2021-05-12,4.7366,27.78,87.92,2.39,19.42,7.2298
2021-05-13,3.3125,28.19,82.9,2.66,44.96,6.8158
2021-05-14,0.8141,27.23,87.6,3.91,73.78,6.9384
2021-05-15,1.032,27.61,88.27,5.45,87.8,6.8875
2021-05-16,1.692,27.81,83.52,3.67,35.66,6.9358
2021-05-17,5.6126,27.85,83.7,2.61,11.79,7.0831
2021-05-18,5.5894,27.93,85.99,2.41,5.65,7.1789
2021-05-19,4.4515,27.89,87.73,2.78,22.51,7.0817
2021-05-20,5.5224,27.3,85.82,1.63,23.66,6.9679
2021-05-21,2.8222,26.85,88.7,1.96,5.96,6.8047
2021-05-22,3.2105,26.91,88.08,1.97,18.93,6.8654
2021-05-23,5.6774,27.81,83.82,1.7,5.76,6.8426
2021-05-24,5.8687,27.22,88.12,2.38,1.59,6.8158
2021-05-25,5.0938,27.06,85.52,3.42,20.11,6.8902
2021-05-26,1.7419,26.82,86.83,3.72,59.19,6.6506
2021-05-27,5.9707,27.4,85.73,3.81,8.31,6.9362
2021-05-28,6.1217,27.73,86.99,3.11,7.74,6.9139
2021-05-29,5.1106,27.65,86.11,3.12,8.93,6.9156
2021-05-30,6.415,27.54,84.86,3.18,2.49,7.0344
2021-05-31,5.7823,27.71,85.64,3.33,15.86,7.0747
2021-06-01,5.5594,27.52,84.75,3.19,3.81,6.9559
2021-06-02,6.4282,27.89,84.63,2.62,2.25,7.0078
2021-06-03,5.5925,27.71,90.64,2.9,16.29,6.7812
2021-06-04,3.3718,27.35,89.93,3.25,15.67,6.6744
2021-06-05,1.9634,26.85,86.73,1.55,31.87,6.7642
2021-06-06,6.0706,27.51,84.43,2.03,7.45,7.0243
2021-06-07,6.5525,27.35,86.86,2.39,1.0,6.9725
2021-06-08,5.5495,27.25,88.37,2.91,7.68,6.954
2021-06-09,4.699,27.58,87.2,3.21,7.64,6.8774
2021-06-10,6.0727,27.66,85.46,3.56,4.5,7.0733
2021-06-11,6.4142,27.54,86.27,3.14,7.38,7.1364
2021-06-12,3.6818,27.8,87.16,3.99,24.78,6.9941
2021-06-13,2.7533,27.32,89.87,3.67,60.26,7.0358
2021-06-14,3.7157,26.86,85.7,3.67,19.81,7.051
2021-06-15,4.6056,27.39,86.77,4.31,13.54,6.8628
2021-06-16,5.3976,27.45,87.99,4.39,16.77,6.703
2021-06-17,5.2548,27.34,89.22,3.67,12.58,6.4757
2021-06-18,5.0851,27.21,87.2,3.25,3.88,6.3511
2021-06-19,5.7648,27.32,83.11,3.19,3.09,6.7447
2021-06-20,5.8541,27.05,86.66,3.27,8.82,6.847
2021-06-21,6.1495,27.22,87.09,3.53,6.76,6.4783
2021-06-22,4.0656,27.1,88.99,2.72,6.1,6.6624
2021-06-23,5.1691,27.3,89.05,2.84,13.15,6.6173
2021-06-24,5.8068,27.11,87.97,2.8,4.52,6.7231
2021-06-25,6.3706,27.01,87.85,2.49,2.25,6.7615
2021-06-26,5.1631,26.72,89.15,3.07,13.96,6.8623
2021-06-27,5.3446,27.0,85.93,2.89,11.55,6.5784
2021-06-28,5.3544,26.71,78.63,2.9,1.56,6.703
2021-06-29,6.2429,26.88,84.21,2.49,1.25,6.9343
2021-06-30,6.2431,27.25,85.41,2.58,0.87,6.8335
2021-07-01,4.5864,27.31,89.13,3.3,12.12,6.8573
2021-07-02,5.0458,27.11,87.93,2.47,9.54,6.8954
2021-07-03,4.8518,26.09,89.3,3.04,12.88,6.9242
2021-07-04,5.2978,26.8,87.82,2.49,14.82,6.9434
2021-07-05,5.953,26.37,87.86,3.28,2.94,6.9739
2021-07-06,5.7185,26.89,86.41,3.52,7.57,6.9838
2021-07-07,5.4497,26.69,88.89,2.87,9.73,6.8753
2021-07-08,5.4494,26.98,88.87,3.39,7.55,6.9943
2021-07-09,2.7631,26.19,88.55,4.13,43.19,6.8546
2021-07-10,1.7813,25.94,84.72,5.28,37.76,6.9065
2021-07-11,2.6717,26.12,85.3,3.88,5.92,6.8573
2021-07-12,4.5614,26.21,90.15,3.63,13.65,6.6895
2021-07-13,3.8287,26.25,89.27,3.83,12.68,6.8882
2021-07-14,3.023,26.04,90.23,3.25,24.44,6.7262
2021-07-15,4.5487,26.61,89.8,3.2,24.47,6.8369
2021-07-16,2.4804,26.01,90.93,3.54,51.0,6.8981
2021-07-17,5.3138,26.08,90.7,2.8,10.49,6.757
2021-07-18,2.7142,26.07,91.28,3.56,9.66,6.8726
2021-07-19,5.4509,25.93,91.88,2.93,4.66,6.9408
2021-07-20,5.1725,26.21,90.78,2.69,2.54,6.9991
2021-07-21,3.913,26.34,91.19,3.17,10.72,6.8594
2021-07-22,4.6618,26.31,92.64,3.43,18.27,6.6365
2021-07-23,4.3063,26.27,92.03,3.91,21.6,6.5837
2021-07-24,3.6626,26.03,92.68,3.64,26.03,6.6787
2021-07-25,4.2605,25.89,90.18,3.0,7.9,6.8846
2021-07-26,5.6263,26.22,88.79,3.2,8.01,7.0068
2021-07-27,4.3958,26.2,91.41,2.32,13.74,7.0106
2021-07-28,4.6538,26.23,90.16,2.29,7.25,7.0978
2021-07-29,5.7139,26.44,87.98,2.99,1.79,7.1729
2021-07-30,5.7552,26.55,88.0,3.32,3.0,7.2125
2021-07-31,6.2126,26.54,87.81,3.16,2.85,7.3286
2021-08-01,5.8939,26.47,88.16,2.97,2.12,7.0231
2021-08-02,4.8706,26.3,88.2,2.53,8.66,6.9554
2021-08-03,5.1845,26.2,88.54,2.32,7.37,6.8436
2021-08-04,4.919,25.84,90.93,2.51,5.06,6.9528
2021-08-05,4.5792,26.31,90.94,2.7,15.41,6.8388
2021-08-06,4.3481,26.46,91.92,2.74,36.86,6.5642
2021-08-07,2.6239,26.12,91.89,3.5,29.81,6.5429
2021-08-08,4.8026,25.88,90.99,2.23,5.48,6.8825
2021-08-09,5.8174,25.23,87.02,1.46,11.34,6.9948
2021-08-10,5.1833,25.6,88.05,2.13,3.06,6.6286
2021-08-11,3.6658,25.77,90.63,3.4,8.48,6.6014
2021-08-12,3.7795,25.68,88.97,3.19,6.87,6.6346
2021-08-13,2.886,25.48,90.79,3.24,10.57,6.6454
2021-08-14,4.1803,26.14,89.19,3.28,8.01,6.7409
2021-08-15,4.9238,26.12,89.52,2.92,3.5,6.5578
2021-08-16,4.3056,25.66,89.24,2.65,2.88,6.7618
2021-08-17,5.129,25.92,87.71,2.62,9.72,6.9283
2021-08-18,3.6386,25.26,86.99,2.66,10.86,7.0219
2021-08-19,5.5565,26.04,85.45,2.03,6.22,7.0358
2021-08-20,5.6052,26.51,86.38,2.02,0.4,7.0546
2021-08-21,5.1163,26.27,87.69,2.09,6.38,6.8705
2021-08-22,5.0971,26.26,85.98,1.56,9.07,6.8357
2021-08-23,4.6054,26.16,85.98,1.38,15.41,6.9679
2021-08-24,6.0302,26.24,86.01,1.75,4.66,7.0003
2021-08-25,5.8716,26.49,87.66,2.09,9.37,7.1858
2021-08-26,4.1076,26.81,89.22,3.84,30.86,7.0174
2021-08-27,3.3055,26.22,90.75,3.77,33.09,7.0728
2021-08-28,4.0668,26.06,90.11,4.06,44.05,7.1642
2021-08-29,2.8558,25.79,89.75,4.52,21.89,6.9946
2021-08-30,4.9704,25.79,90.41,2.98,12.9,7.1592
2021-08-31,5.6731,26.41,89.84,2.14,4.08,7.0358
2021-09-01,4.585,26.42,89.03,2.26,6.92,7.0584
2021-09-02,5.0326,25.98,89.53,1.93,26.02,6.767
2021-09-03,4.5475,26.01,86.46,1.79,6.21,6.9086
2021-09-04,1.7167,26.25,88.98,2.75,11.68,6.8784
2021-09-05,3.8474,26.3,89.54,3.1,15.55,6.9782
2021-09-06,4.3044,25.71,88.91,2.49,12.88,6.8614
2021-09-07,5.309,25.96,89.94,2.55,9.7,6.9641
2021-09-08,6.4961,26.47,87.45,3.34,8.6,7.0169
2021-09-09,6.5328,26.41,86.88,2.67,1.88,7.104
2021-09-10,6.1824,26.34,88.06,2.89,2.51,7.1424
2021-09-11,5.2034,26.7,85.9,3.09,8.63,7.0531
2021-09-12,3.2443,26.71,87.47,3.62,21.31,7.0524
2021-09-13,2.9719,26.39,90.15,3.68,19.33,6.7512
2021-09-14,5.6762,26.75,90.41,2.82,6.85,6.9115
2021-09-15,5.4151,26.87,89.42,2.5,18.18,6.8448
2021-09-16,3.4279,26.74,88.09,2.88,23.55,6.7339
2021-09-17,5.9753,26.66,88.36,2.61,6.74,6.7862
2021-09-18,5.2109,26.75,88.44,2.44,1.91,6.6338
2021-09-19,5.3669,26.31,87.26,2.64,1.18,6.6384
2021-09-20,5.3314,26.33,88.49,2.39,0.5,6.6809
2021-09-21,6.283,26.74,89.29,2.88,1.09,6.9362
2021-09-22,6.3811,26.61,88.55,2.98,3.16,6.8808
2021-09-23,6.2062,26.89,88.55,2.99,4.61,6.8777
2021-09-24,6.3178,27.2,88.26,2.86,4.25,6.8856
2021-09-25,4.7347,27.0,87.77,3.0,4.63,6.7589
2021-09-26,4.0884,26.42,85.84,2.47,15.65,6.8645
2021-09-27,2.0923,26.27,90.87,4.52,31.56,6.7344
2021-09-28,3.4435,26.47,86.14,3.35,10.22,6.7634
2021-09-29,6.2098,26.76,85.47,2.02,5.27,6.8083
2021-09-30,5.7043,26.73,86.97,1.62,10.44,6.8304
2021-10-01,4.3402,26.53,86.88,2.39,11.47,6.684
2021-10-02,3.7356,26.04,89.75,2.01,19.81,6.6216
2021-10-03,5.1612,26.21,90.83,2.04,31.91,6.6725
2021-10-04,4.3399,26.36,90.67,2.1,5.48,6.6463
2021-10-05,5.4586,26.57,88.04,1.91,17.93,6.7234
2021-10-06,4.759,26.13,89.36,1.96,3.2,6.5669
2021-10-07,5.0551,26.84,84.96,1.6,3.09,6.7843
2021-10-08,4.1774,26.82,89.93,2.86,47.7,6.7507
2021-10-09,2.233,26.73,90.67,2.8,30.32,6.7332
2021-10-10,5.0755,26.87,89.77,2.37,9.9,6.7723
2021-10-11,2.419,26.46,86.73,2.92,44.05,6.4418
2021-10-12,2.3148,26.57,83.25,3.09,24.16,6.7286
2021-10-13,5.917,27.03,84.5,2.0,10.2,6.7426
2021-10-14,5.341,27.19,88.17,3.01,12.12,6.7565
2021-10-15,4.6382,27.12,87.4,3.35,9.39,6.577
2021-10-16,0.6607,27.18,90.94,5.22,88.2,6.4368
2021-10-17,3.8482,26.76,89.5,3.95,21.24,6.371
2021-10-18,5.4919,26.65,88.85,3.17,11.55,6.6204
2021-10-19,5.2044,26.58,88.05,2.32,1.56,6.4733
2021-10-20,4.7635,26.16,91.34,2.65,35.58,6.1102
2021-10-21,4.8814,26.21,90.73,1.84,8.89,6.2822
2021-10-22,5.6182,27.13,87.53,1.5,14.09,6.3374
2021-10-23,4.6248,26.61,89.52,2.02,17.25,6.426
2021-10-24,6.2669,26.2,86.47,1.97,6.69,6.5854
2021-10-25,4.9207,26.71,85.51,1.59,12.52,6.3062
2021-10-26,4.643,26.53,86.59,1.5,7.52,5.3306
2021-10-27,4.3922,26.37,87.21,2.09,15.71,5.419
2021-10-28,5.0237,26.39,82.27,1.3,6.14,5.6347
2021-10-29,2.9323,26.65,83.39,1.27,3.68,6.163
2021-10-30,3.3283,26.84,85.1,1.24,8.0,6.3274
2021-10-31,3.4853,27.0,84.07,1.31,8.28,6.2755
2021-11-01,3.4421,26.78,85.15,1.54,25.8,6.2345
2021-11-02,4.7107,26.52,87.68,1.81,47.25,6.2765
2021-11-03,3.9058,27.0,84.73,1.93,3.95,6.0922
2021-11-04,3.4618,26.45,87.68,2.11,20.31,5.9844
2021-11-05,5.1389,26.18,88.04,2.34,4.47,6.2251
2021-11-06,5.1221,26.64,84.4,1.63,4.21,6.1951
2021-11-07,3.93,26.58,87.34,1.78,4.42,6.0542
2021-11-08,2.6566,26.21,86.46,1.6,7.87,5.7914
2021-11-09,2.1113,25.71,80.06,1.66,2.81,5.9734
2021-11-10,4.8907,25.54,86.48,1.8,7.16,5.9222
2021-11-11,4.3538,25.97,89.15,3.22,3.2,5.9359
2021-11-12,2.3038,26.5,86.27,3.81,19.87,5.9126
2021-11-13,2.1307,26.48,91.11,3.23,36.2,5.9129
2021-11-14,1.6226,26.43,88.96,3.14,26.06,5.88
2021-11-15,2.4017,26.23,89.76,2.72,44.3,5.3863
2021-11-16,3.8054,26.51,88.39,2.2,12.28,5.651
2021-11-17,4.8166,27.17,83.27,1.17,13.96,5.8349
2021-11-18,3.857,26.47,87.72,2.27,4.63,5.9467
2021-11-19,3.7142,26.4,89.68,3.85,13.2,5.9594
2021-11-20,5.4794,26.42,86.16,3.38,13.63,6.2117
2021-11-21,6.0336,26.4,81.13,1.91,0.2,6.2734
2021-11-22,5.5774,26.59,84.53,1.8,1.99,5.9928
2021-11-23,3.971,27.29,83.41,1.64,12.0,5.7972
2021-11-24,3.221,26.93,84.22,1.06,4.57,5.7516
2021-11-25,0.9866,26.05,82.16,1.65,15.99,5.4545
2021-11-26,4.2842,25.66,88.6,2.0,5.41,5.813
2021-11-27,3.9984,26.2,85.65,1.73,3.44,5.88
2021-11-28,4.0411,26.18,86.82,1.28,15.35,5.8546
2021-11-29,3.7812,26.45,86.62,2.15,34.33,5.982
2021-11-30,4.981,26.35,86.94,2.33,19.98,5.9146
2021-12-01,6.0264,26.93,83.18,1.95,5.62,6.083
2021-12-02,5.3803,26.78,86.29,1.49,4.15,5.8958
2021-12-03,4.7208,26.04,89.41,1.17,9.62,5.5884
2021-12-04,4.1551,26.14,88.96,1.55,7.63,5.0962
2021-12-05,5.7744,26.71,84.49,1.49,2.5,5.8757
2021-12-06,4.7628,26.52,85.6,1.56,3.29,5.6774
2021-12-07,5.3357,27.15,83.42,1.35,1.09,5.4533
2021-12-08,4.7998,27.48,80.29,0.93,0.42,5.2354
2021-12-09,5.1276,27.61,78.15,1.12,1.38,5.7655
2021-12-10,5.9047,26.9,77.38,1.88,5.07,6.0564
2021-12-11,5.9791,27.32,75.45,1.21,0.37,6.067
2021-12-12,5.6371,27.33,76.24,1.54,0.14,5.7958
2021-12-13,5.557,26.95,76.67,1.77,0.07,5.802
2021-12-14,5.2418,26.86,79.13,1.59,0.4,5.8207
2021-12-15,5.1262,27.09,79.26,1.42,0.3,5.5735
2021-12-16,5.6522,26.99,77.52,1.76,0.04,5.6952
2021-12-17,5.4334,27.37,72.86,1.23,0.05,5.473
2021-12-18,5.3316,26.75,73.0,1.36,0.0,5.3791
2021-12-19,4.9164,26.26,73.42,1.77,0.0,5.1895
2021-12-20,5.2375,25.68,70.64,1.8,0.0,5.3402
2021-12-21,5.6234,26.46,69.58,1.13,0.0,5.6846
2021-12-22,5.4504,26.4,73.68,1.02,0.0,5.5001
2021-12-23,5.0023,26.44,75.0,0.89,0.0,5.0808
2021-12-24,5.502,26.39,70.99,0.67,0.0,5.6184
2021-12-25,5.9273,26.29,69.32,0.83,0.0,5.9611
2021-12-26,5.8162,26.3,70.54,0.85,0.0,5.8956
2021-12-27,6.0636,25.97,68.54,1.37,0.0,6.0739
2021-12-28,6.0857,25.82,69.38,1.75,0.0,6.0974
2021-12-29,6.0492,26.09,69.94,1.44,0.0,6.091
2021-12-30,6.0403,26.56,72.66,1.27,1.22,6.097
2021-12-31,5.5186,27.42,76.91,1.43,2.04,5.9117
2022-01-01,5.513,27.38,79.32,1.44,10.74,5.8625
2022-01-02,5.4953,27.36,77.12,2.35,3.45,5.9206
2022-01-03,5.7161,27.06,71.94,1.81,0.36,5.7883
2022-01-04,5.7828,27.02,71.24,1.58,0.21,5.8445
2022-01-05,5.6165,27.19,71.41,0.99,0.04,5.671
2022-01-06,5.7578,27.64,70.85,0.99,0.04,5.832
2022-01-07,5.8841,27.59,74.55,1.31,0.26,6.0096
2022-01-08,4.7002,27.58,73.68,0.53,0.8,5.8824
2022-01-09,5.7202,27.44,73.39,1.29,0.18,6.0
2022-01-10,5.8474,27.6,73.77,0.8,0.02,6.0341
2022-01-11,6.0067,27.68,70.95,1.26,0.0,6.0926
2022-01-12,5.8447,26.96,77.87,1.87,0.0,6.0394
2022-01-13,6.0946,26.66,77.99,2.26,0.0,6.1277
2022-01-14,6.001,26.81,75.12,2.05,0.0,6.143
2022-01-15,5.939,27.43,73.22,1.84,0.02,6.1094
2022-01-16,6.0358,28.34,70.7,0.89,0.32,6.1421
2022-01-17,6.0362,27.93,69.89,1.27,0.18,6.1325
2022-01-18,6.2777,28.05,66.2,1.63,0.01,6.3156
2022-01-19,6.0799,27.85,66.99,1.46,0.04,6.1121
2022-01-20,5.6681,27.48,69.79,1.19,0.01,5.7701
2022-01-21,5.3916,27.33,72.97,1.39,0.03,5.5291
2022-01-22,5.346,27.0,76.73,2.54,0.0,5.8634
2022-01-23,5.6916,26.67,74.5,2.95,0.0,6.031
2022-01-24,5.9496,26.36,69.83,2.69,0.0,6.1982
2022-01-25,5.6405,26.34,72.07,2.62,0.0,6.1063
2022-01-26,5.6177,26.0,73.03,2.4,0.14,5.8882
2022-01-27,5.833,27.28,72.03,1.37,0.51,6.3163
2022-01-28,6.5174,27.81,66.76,1.77,0.49,6.5352
2022-01-29,6.3223,28.08,66.68,2.06,0.01,6.3468
2022-01-30,6.3614,28.87,67.79,1.49,0.01,6.4118
2022-01-31,6.2102,28.73,69.73,1.13,0.01,6.275
2022-02-01,5.8246,28.5,70.11,1.46,0.07,5.9926
2022-02-02,6.3235,28.12,73.76,1.28,0.6,6.4058
2022-02-03,5.6904,27.25,75.73,1.52,0.02,6.1414
2022-02-04,6.3672,27.11,73.31,2.26,0.0,6.4438
2022-02-05,6.5753,27.0,70.21,1.89,0.0,6.6506
2022-02-06,6.1524,27.71,69.66,1.76,0.01,6.2592
2022-02-07,6.1342,27.87,68.91,1.68,0.04,6.2412
2022-02-08,6.019,27.87,71.0,1.97,0.09,6.3377
2022-02-09,6.0821,28.12,65.38,1.79,0.18,6.337
2022-02-10,5.9455,28.4,59.58,1.5,0.43,6.4649
2022-02-11,4.8557,28.71,60.39,1.41,0.82,6.018
2022-02-12,5.0794,27.99,70.0,1.42,4.53,6.0612
2022-02-13,5.9282,28.22,67.8,1.93,1.3,6.0437
2022-02-14,5.8574,28.78,63.77,1.79,1.43,6.2527
2022-02-15,5.5889,27.73,70.57,1.71,1.68,6.0026
2022-02-16,4.6289,27.69,71.91,1.38,1.47,5.9105
2022-02-17,5.4787,27.27,72.09,1.26,0.19,5.8913
2022-02-18,6.3665,28.79,62.35,1.63,0.09,6.4512
2022-02-19,6.2746,29.55,59.09,1.36,0.06,6.4824
2022-02-20,6.4982,29.06,65.86,1.68,0.05,6.5681
2022-02-21,6.1574,29.14,69.22,2.15,0.02,6.3034
2022-02-22,5.8975,29.5,64.49,2.06,0.17,6.0262
2022-02-23,7.1184,30.22,51.78,1.27,0.43,7.1419
2022-02-24,5.6138,29.2,53.78,1.56,1.2,6.7454
2022-02-25,6.647,29.78,55.11,1.54,0.05,6.7934
2022-02-26,6.9768,29.56,56.61,1.75,0.48,7.0022
2022-02-27,6.7817,29.92,57.68,1.65,2.55,6.931
2022-02-28,6.491,29.25,58.55,1.21,4.86,6.9965
2022-03-01,7.1083,29.56,53.11,1.27,0.24,7.1926
2022-03-02,6.2928,29.78,43.49,1.4,0.03,7.187
2022-03-03,6.774,29.88,42.85,1.33,0.0,6.9559
2022-03-04,6.1289,30.11,46.2,1.75,0.0,6.6499
2022-03-05,6.6314,30.17,54.26,1.38,0.07,7.0176
2022-03-06,6.1961,30.33,56.65,1.61,0.44,6.8717
2022-03-07,6.2002,30.2,54.22,1.85,0.12,6.493
2022-03-08,6.7394,29.72,63.23,1.74,4.99,6.943
2022-03-09,6.9252,29.88,65.82,1.76,4.52,6.9854
2022-03-10,7.0788,30.03,61.78,1.41,0.25,7.1309
2022-03-11,7.2972,30.51,54.76,1.53,0.12,7.3222
2022-03-12,7.099,30.55,51.47,1.32,0.1,7.1707
2022-03-13,7.3282,30.61,47.07,1.22,0.12,7.367
2022-03-14,7.2358,30.77,53.77,2.03,0.01,7.2636
2022-03-15,5.5939,30.04,65.76,2.23,1.65,6.4205
2022-03-16,4.933,29.48,71.05,2.17,8.03,5.8639
2022-03-17,5.1686,30.06,68.07,2.18,2.3,6.1046
2022-03-18,5.7828,29.66,70.17,2.35,2.94,6.2875
2022-03-19,5.796,28.72,74.93,2.12,4.89,6.341
2022-03-20,4.7966,28.26,77.23,2.28,3.37,6.3283
2022-03-21,6.3629,28.81,71.83,2.69,0.24,6.5086
2022-03-22,6.492,28.93,72.24,2.84,0.45,6.5796
2022-03-23,5.3755,29.21,73.59,1.97,11.64,6.2388
2022-03-24,5.1254,28.7,77.92,2.15,5.82,6.0276
2022-03-25,6.2239,28.7,76.78,2.16,2.2,6.509
2022-03-26,6.378,29.01,73.9,1.87,0.93,6.6439
2022-03-27,5.6573,29.27,73.37,1.83,7.83,6.7824
2022-03-28,6.7402,29.79,74.85,1.94,7.37,7.0226
2022-03-29,6.7817,29.38,76.94,1.96,3.34,7.1004
2022-03-30,6.247,29.32,75.97,1.86,3.05,6.69
2022-03-31,6.7337,29.7,73.39,1.85,1.31,6.901
2022-04-01,5.7672,29.07,77.61,2.04,4.43,6.5981
2022-04-02,6.2227,28.47,78.98,1.85,7.2,6.5902
2022-04-03,6.223,28.72,76.97,1.77,10.02,6.6912
2022-04-04,6.7447,29.87,72.55,1.95,2.87,6.8753
2022-04-05,6.3852,29.58,72.54,1.97,6.94,7.0013
2022-04-06,6.1877,27.85,81.26,1.37,33.58,7.1695
2022-04-07,6.9739,28.76,77.23,1.79,4.11,7.1712
2022-04-08,4.7743,28.01,81.7,1.27,32.91,6.7968
2022-04-09,5.6045,27.3,86.63,2.2,43.78,6.996
2022-04-10,6.2933,27.46,81.54,2.16,7.8,7.0296
2022-04-11,2.7682,28.1,81.91,1.73,16.49,6.8078
2022-04-12,4.2211,28.03,81.31,0.95,15.0,6.6691
2022-04-13,1.9687,27.47,85.05,1.68,17.83,7.0157
2022-04-14,5.2613,26.92,78.17,2.08,13.06,7.289
2022-04-15,7.381,28.03,78.58,1.71,2.46,7.452
2022-04-16,6.5856,28.26,81.82,1.72,5.34,7.362
2022-04-17,6.517,28.52,81.9,1.99,9.75,7.117
2022-04-18,6.5561,27.66,79.37,2.19,7.61,7.08
2022-04-19,3.2282,27.67,85.52,2.25,5.38,6.1478
2022-04-20,6.503,28.2,86.49,2.03,0.18,6.6958
2022-04-21,6.581,28.55,84.39,1.1,0.98,6.8846
2022-04-22,4.4628,28.54,83.41,1.47,3.56,6.7512
2022-04-23,5.5142,28.16,76.83,1.8,24.15,7.0721
2022-04-24,6.7543,29.08,75.69,1.36,0.77,7.2842
2022-04-25,6.5242,28.7,79.55,1.17,0.72,7.0375
2022-04-26,6.5556,28.87,81.45,1.59,0.68,6.9763
2022-04-27,6.6746,29.34,80.39,1.18,1.38,7.0824
2022-04-28,5.6748,28.56,85.24,1.55,3.85,7.1414
2022-04-29,5.8519,28.54,86.74,1.72,2.77,6.8918
2022-04-30,4.9706,28.49,84.57,2.22,0.96,6.7066
2022-05-01,4.8859,28.15,87.02,2.82,9.72,6.1742
2022-05-02,6.109,28.89,80.81,2.72,4.93,6.5952
2022-05-03,5.6083,28.65,84.2,2.44,1.45,6.4711
2022-05-04,4.716,28.65,85.83,2.29,2.79,6.2935
2022-05-05,5.6933,28.11,86.15,3.17,2.98,6.5366
2022-05-06,4.459,27.89,80.07,2.05,0.9,6.4358
2022-05-07,5.2978,28.21,83.17,2.62,1.68,6.4142
2022-05-08,5.034,28.67,83.34,3.04,3.76,6.3247
2022-05-09,2.7197,28.27,86.57,3.53,8.15,5.8814
2022-05-10,3.2681,28.33,84.28,3.75,14.14,5.9299
2022-05-11,3.4166,28.29,82.38,3.32,15.02,6.1358
2022-05-12,4.3486,27.88,81.49,3.27,12.57,6.5011
2022-05-13,5.1175,27.33,84.19,2.81,13.74,6.5933
2022-05-14,2.8176,26.55,87.21,3.25,68.27,6.6391
2022-05-15,3.6665,26.66,88.49,4.38,19.33,6.7027
2022-05-16,2.7605,26.33,89.58,3.9,26.85,6.2198
2022-05-17,3.6845,27.26,87.55,2.93,27.11,6.7423
2022-05-18,2.0849,27.5,85.85,4.04,29.0,6.0002
2022-05-19,2.4108,27.26,83.98,3.09,27.89,6.1594
2022-05-20,3.5218,27.44,86.69,2.14,21.66,6.703
2022-05-21,5.5819,27.21,88.43,2.48,11.55,7.0025
2022-05-22,4.7033,26.85,89.54,2.36,5.4,6.9842
2022-05-23,3.6266,27.39,89.96,2.84,25.83,6.6809
2022-05-24,4.3342,27.84,89.77,2.64,19.06,6.695
2022-05-25,6.1464,27.79,90.44,1.95,16.8,6.8234
2022-05-26,4.3111,27.47,86.08,2.46,11.31,6.8926
2022-05-27,5.6054,27.12,82.32,2.19,7.8,6.8681
2022-05-28,5.4751,27.17,85.2,2.39,6.96,6.9223
2022-05-29,4.8492,27.0,86.38,1.63,13.29,7.0258
2022-05-30,6.3802,26.94,86.12,2.27,6.04,6.9811
2022-05-31,5.6578,27.22,85.98,3.26,4.75,6.8513
2022-06-01,5.6105,26.95,85.94,3.34,9.93,6.9653
2022-06-02,5.9993,27.17,85.0,2.68,6.73,6.8906
2022-06-03,6.0874,26.82,87.87,2.63,3.29,6.6324
2022-06-04,5.5027,27.24,87.4,2.57,3.06,6.4661
2022-06-05,5.0671,27.2,88.82,2.1,13.03,6.2957
2022-06-06,4.7498,27.47,86.75,1.9,10.58,5.9885
2022-06-07,3.3233,27.28,89.26,2.9,6.45,6.3437
2022-06-08,5.4653,27.13,87.86,3.04,3.19,6.737
2022-06-09,6.0094,27.57,85.54,2.78,1.76,6.9374
2022-06-10,4.7846,27.51,84.82,2.42,11.62,6.9019
2022-06-11,4.9142,27.17,85.24,1.77,8.16,6.8246
2022-06-12,4.3745,25.62,84.03,0.91,10.82,6.8962
2022-06-13,6.2839,26.03,85.72,1.49,10.35,6.882
2022-06-14,6.415,27.08,84.45,2.69,8.19,6.7627
2022-06-15,3.013,26.81,84.57,2.4,10.06,6.6449
2022-06-16,5.1624,26.07,88.88,2.76,16.73,6.624
2022-06-17,5.1466,26.06,84.67,3.04,13.16,6.5885
2022-06-18,5.4074,25.64,86.4,2.7,3.97,6.7699
2022-06-19,5.6815,26.31,84.81,2.65,7.24,6.762
2022-06-20,5.5435,26.97,82.76,2.3,9.4,6.7375
2022-06-21,4.5288,26.35,88.08,2.15,8.94,6.893
2022-06-22,5.2094,26.78,83.37,2.0,6.38,6.7843
2022-06-23,4.9217,26.39,85.67,1.47,18.64,6.5014
2022-06-24,4.507,26.83,86.5,2.47,23.09,6.9305
2022-06-25,4.3325,26.38,86.92,3.2,21.37,6.6264
2022-06-26,6.3329,26.89,85.95,2.67,3.83,6.9658
2022-06-27,5.3002,27.36,84.29,2.89,6.41,6.8189
2022-06-28,3.8863,26.76,86.97,2.89,19.72,6.8522
2022-06-29,3.6739,26.38,90.4,3.28,14.49,6.9226
2022-06-30,2.2315,26.42,88.19,3.61,30.8,6.6902
2022-07-01,3.9744,26.39,88.64,3.63,10.58,6.5928
2022-07-02,4.1616,26.16,90.01,3.63,8.41,6.4313
2022-07-03,2.148,25.71,89.42,3.76,28.21,6.8386
2022-07-04,4.2182,25.5,90.22,3.95,15.5,6.7147
2022-07-05,1.9529,25.83,89.43,3.8,17.52,6.0523
2022-07-06,3.2446,25.76,89.63,2.62,24.56,6.4402
2022-07-07,2.6263,25.13,89.44,2.36,18.93,6.4411
2022-07-08,4.8036,25.54,87.3,3.74,13.79,6.6182
2022-07-09,3.157,25.21,89.92,3.24,9.33,6.3898
2022-07-10,3.7906,25.46,91.83,3.17,18.71,6.2054
2022-07-11,4.4302,25.54,89.33,2.81,15.4,6.3715
2022-07-12,4.0973,25.29,91.14,2.64,9.91,6.8357
2022-07-13,3.8342,25.85,91.98,3.29,14.96,6.8066
2022-07-14,5.0767,26.03,92.19,3.08,9.82,6.9948
2022-07-15,4.5826,25.93,92.42,2.52,17.06,6.6794
2022-07-16,4.8715,26.0,91.19,1.65,14.88,6.732
2022-07-17,3.9794,25.8,91.01,2.18,22.97,6.7742
2022-07-18,2.791,24.97,89.45,3.37,30.61,6.8386
2022-07-19,5.2764,25.71,87.02,2.73,4.63,6.9065
2022-07-20,3.7414,25.79,93.27,3.4,4.76,6.7022
2022-07-21,5.9112,25.82,91.56,3.04,7.01,6.563
2022-07-22,3.972,25.75,90.46,3.09,4.73,6.6763
2022-07-23,3.7334,25.63,89.61,2.51,6.13,6.7229
2022-07-24,5.1302,25.62,89.91,2.22,7.91,6.6223
2022-07-25,6.569,26.11,89.53,2.88,3.87,6.8412
2022-07-26,5.5793,25.86,88.19,3.35,3.88,6.6809
2022-07-27,4.9747,25.73,89.73,3.03,19.6,6.7001
2022-07-28,6.1423,25.95,89.7,2.26,10.04,6.8429
2022-07-29,5.2123,27.5,85.51,2.03,29.43,6.757
2022-07-30,4.975,26.77,90.17,3.2,21.6,6.7505
2022-07-31,5.4242,26.36,90.57,2.49,22.74,6.8419
2022-08-01,2.3832,25.82,93.02,4.35,85.93,6.8587
2022-08-02,2.2586,25.46,91.4,4.21,28.83,6.569
2022-08-03,2.3362,25.73,91.55,4.15,20.69,6.6972
2022-08-04,1.8996,25.53,91.8,5.02,50.57,6.9125
2022-08-05,2.9251,25.86,89.66,3.84,6.55,6.6962
2022-08-06,4.4364,25.89,89.41,3.12,13.67,6.787
2022-08-07,4.4647,25.53,90.28,3.15,13.34,6.8923
2022-08-08,4.3759,25.81,92.48,2.99,15.24,6.8146
2022-08-09,5.0407,25.74,91.69,3.15,7.31,7.1486
2022-08-10,5.2769,25.89,90.5,2.82,1.82,7.0999
2022-08-11,5.8702,26.0,90.67,2.47,3.92,7.0994
2022-08-12,6.4392,26.24,86.99,2.09,2.51,7.0584
2022-08-13,5.2375,26.25,89.75,1.69,0.18,6.9881
2022-08-14,5.4461,26.07,89.03,2.24,0.25,6.8995
2022-08-15,6.5378,26.31,87.87,2.77,0.04,7.0699
2022-08-16,6.5834,26.46,88.55,2.88,0.06,6.8791
2022-08-17,6.665,26.39,89.9,2.73,0.15,6.9662
2022-08-18,5.7014,26.44,91.36,2.83,1.23,6.822
2022-08-19,5.2514,26.05,89.57,2.74,4.34,6.7632
2022-08-20,4.7095,25.77,89.74,2.87,1.65,6.3631
2022-08-21,4.2072,25.89,90.72,2.25,12.24,6.7339
2022-08-22,2.7835,25.82,91.92,2.59,28.05,6.9792
2022-08-23,3.3552,25.11,90.2,2.79,11.14,6.9307
2022-08-24,3.1709,24.58,90.67,2.97,15.39,6.9305
2022-08-25,5.1228,25.11,89.75,3.79,6.74,6.8194
2022-08-26,3.6708,25.07,90.87,2.84,13.0,6.6324
2022-08-27,1.7736,24.53,89.24,2.83,23.2,6.7183
2022-08-28,6.3818,24.91,87.27,3.19,8.86,6.9737
2022-08-29,3.8129,25.11,89.29,3.62,32.42,6.9782
2022-08-30,4.859,25.05,91.6,3.12,52.27,6.7303
2022-08-31,3.743,25.8,88.76,1.73,57.09,6.5777
2022-09-01,2.9395,25.62,88.28,2.66,19.76,6.5239
2022-09-02,5.2807,25.64,90.97,3.75,2.37,6.9715
2022-09-03,5.8514,25.98,91.39,2.55,8.77,6.8726
2022-09-04,6.066,25.95,91.49,1.81,13.04,7.0262
2022-09-05,4.5785,26.56,91.08,2.11,17.43,6.8518
2022-09-06,4.4981,25.4,89.73,2.59,26.35,6.9478
2022-09-07,3.5777,25.14,90.02,4.24,21.62,6.9852
2022-09-08,4.9399,25.28,87.55,2.89,7.68,7.0313
2022-09-09,5.1065,25.46,90.32,2.58,12.49,7.0087
2022-09-10,4.9399,25.63,91.39,2.09,14.28,6.8748
2022-09-11,5.2054,25.87,91.38,2.38,11.74,6.8515
2022-09-12,5.0803,25.97,89.95,2.52,5.25,7.0262
2022-09-13,5.8764,25.93,87.67,1.89,6.53,7.0339
2022-09-14,5.9006,25.93,88.29,1.74,1.19,7.0363
2022-09-15,6.7152,26.44,84.57,1.8,0.33,7.085
2022-09-16,6.4169,26.08,87.15,2.4,0.44,7.0469
2022-09-17,5.7926,26.41,87.64,2.33,3.22,6.9341
2022-09-18,6.2306,26.34,87.6,2.32,2.43,6.9094
2022-09-19,4.6428,26.51,87.8,2.67,1.34,6.9727
2022-09-20,6.1466,26.29,87.43,2.52,0.7,6.9504
2022-09-21,6.8256,26.35,86.1,2.39,0.17,7.0253
2022-09-22,7.025,26.19,84.05,2.52,0.21,7.2278
2022-09-23,6.6516,26.13,84.58,2.37,0.12,7.1347
2022-09-24,6.7063,26.04,86.11,2.59,0.1,7.0778
2022-09-25,6.9636,26.24,86.5,2.9,0.45,7.1141
2022-09-26,4.0121,26.4,87.16,3.55,0.65,6.9077
2022-09-27,6.9677,26.47,85.48,3.5,0.02,7.0466
2022-09-28,5.9309,26.39,85.7,2.99,0.57,6.8969
2022-09-29,5.9501,25.93,88.2,2.24,1.16,6.7546
2022-09-30,5.4722,25.76,88.77,2.33,4.92,6.8395
2022-10-01,4.1002,25.64,86.03,2.34,3.54,6.7949
2022-10-02,5.1612,25.8,86.52,2.86,24.23,6.5981
2022-10-03,4.7501,25.86,86.9,3.36,10.79,6.4798
2022-10-04,5.2862,26.15,89.07,3.38,2.42,6.2998
2022-10-05,4.435,25.56,88.86,2.4,1.6,6.3002
2022-10-06,4.5917,25.87,89.19,2.34,0.57,6.6653
2022-10-07,4.1585,26.05,84.88,1.96,1.7,6.7001
2022-10-08,6.539,26.1,83.59,2.27,0.84,6.7711
2022-10-09,4.5257,26.46,86.87,2.49,4.33,6.5741
2022-10-10,5.2034,25.66,82.36,2.08,4.06,6.4008
2022-10-11,6.0197,27.06,75.34,1.29,4.0,6.5369
2022-10-12,5.7691,26.54,83.74,2.03,5.2,6.6329
2022-10-13,5.4619,26.56,86.34,2.16,9.98,6.4908
2022-10-14,6.1159,26.03,85.9,1.45,10.97,6.75
2022-10-15,5.9318,26.24,86.36,1.57,8.11,6.5417
2022-10-16,5.8582,26.54,85.84,2.08,11.7,6.6017
2022-10-17,4.7849,26.47,88.17,2.74,6.98,6.6864
2022-10-18,3.6674,25.4,92.07,2.47,15.2,6.5482
2022-10-19,4.757,25.69,87.61,2.06,3.96,6.4723
2022-10-20,4.3049,26.26,85.42,2.05,11.93,6.2873
2022-10-21,4.3766,26.33,86.59,1.51,9.68,6.0977
2022-10-22,6.0271,26.81,83.76,1.16,1.76,6.456
2022-10-23,5.3832,26.56,84.46,1.57,7.34,6.0245
2022-10-24,4.6224,26.5,86.46,1.98,7.56,6.1694
2022-10-25,5.8404,26.67,82.31,1.31,0.77,6.3055
2022-10-26,6.0922,27.02,79.28,1.62,0.0,6.2563
2022-10-27,5.6222,27.28,76.81,1.36,0.57,5.8243
2022-10-28,6.3862,27.66,69.62,1.24,1.15,6.4464
2022-10-29,5.3638,27.37,75.37,1.27,6.96,6.0247
2022-10-30,4.2487,27.06,80.81,1.29,12.77,6.0355
2022-10-31,5.4478,27.04,83.01,1.36,23.79,5.9465
2022-11-01,4.1621,25.99,88.17,1.88,21.91,5.8152
2022-11-02,4.6162,25.97,83.82,1.46,3.66,5.8104
2022-11-03,4.7801,26.43,81.56,1.23,12.8,5.7504
2022-11-04,4.7736,26.63,82.07,1.12,16.23,6.0646
2022-11-05,4.7664,26.67,83.26,1.54,15.02,6.0427
2022-11-06,5.5421,26.62,82.09,1.75,11.33,6.0715
2022-11-07,5.916,26.89,83.17,1.43,2.96,6.139
2022-11-08,3.2122,27.85,76.49,0.97,4.3,5.9568
2022-11-09,5.0244,27.62,78.29,0.92,5.35,5.8632
2022-11-10,5.5642,27.31,79.05,1.14,1.58,5.7665
2022-11-11,2.4718,26.17,81.78,1.0,16.51,5.4295
2022-11-12,4.159,25.68,88.23,2.12,22.27,5.7173
2022-11-13,4.314,25.66,87.46,2.03,9.05,5.7612
2022-11-14,4.32,27.04,78.78,1.52,15.71,5.8157
2022-11-15,4.1486,27.09,80.1,1.41,4.43,5.9021
2022-11-16,4.6757,26.37,83.39,1.47,0.94,5.4156
2022-11-17,4.9358,26.19,83.6,1.24,1.12,5.3981
2022-11-18,2.7322,27.05,75.0,0.93,0.21,5.4494
2022-11-19,4.5732,26.12,72.45,1.78,0.02,5.3501
2022-11-20,4.7798,26.34,71.46,1.69,0.0,5.4312
2022-11-21,5.3129,26.31,78.3,1.59,0.0,5.592
2022-11-22,5.3971,26.22,76.7,2.07,0.0,5.6834
2022-11-23,5.7072,26.19,75.81,1.92,0.0,5.988
2022-11-24,5.9762,26.69,71.98,1.27,0.0,6.035
2022-11-25,5.6902,27.4,74.36,1.31,0.0,5.8274
2022-11-26,5.4871,27.51,77.82,1.21,0.31,5.7977
2022-11-27,4.7962,27.1,81.06,1.69,13.83,5.5757
2022-11-28,5.0904,26.38,85.21,1.81,25.66,5.719
2022-11-29,4.021,25.57,84.94,1.36,15.46,4.9166
2022-11-30,3.9247,26.56,79.15,0.78,17.6,4.8204
2022-12-01,5.1691,27.07,74.96,1.38,0.34,5.3705
2022-12-02,5.0969,28.02,76.62,0.95,1.49,5.7067
2022-12-03,5.0614,27.4,78.63,1.3,10.89,5.7794
2022-12-04,4.6159,27.53,78.6,0.89,12.21,5.7581
2022-12-05,4.4138,27.28,79.49,1.14,2.24,5.573
2022-12-06,4.6932,27.46,76.32,1.21,0.28,4.9159
2022-12-07,2.5034,27.12,78.56,1.06,0.25,4.5202
2022-12-08,3.2527,26.91,79.14,1.56,1.32,4.7222
2022-12-09,2.647,26.5,75.85,2.15,3.15,5.5013
2022-12-10,3.4234,26.05,80.07,3.05,13.38,5.3573
2022-12-11,2.851,26.27,86.25,4.1,43.18,5.329
2022-12-12,3.2568,26.18,83.59,1.97,12.26,5.3515
2022-12-13,5.7924,26.52,78.95,1.87,4.04,5.821
2022-12-14,4.5706,27.19,75.86,1.52,17.13,5.6573
2022-12-15,5.9575,26.88,76.89,1.34,6.13,5.981
2022-12-16,6.1106,26.67,69.04,1.07,0.0,6.1337
2022-12-17,5.9268,26.74,71.72,1.01,0.0,5.9455
2022-12-18,5.0448,26.9,74.52,1.4,0.01,5.1859
2022-12-19,4.7556,26.71,70.45,1.31,0.03,5.2939
2022-12-20,4.3891,27.09,73.0,0.81,0.15,5.2675
2022-12-21,5.3731,27.53,74.78,1.4,0.04,5.5536
2022-12-22,5.1494,27.23,70.36,1.48,0.02,5.6026
2022-12-23,5.682,27.02,64.03,1.45,0.0,5.7746
2022-12-24,5.5889,27.21,73.34,1.57,0.0,5.6741
2022-12-25,5.0938,27.58,76.15,1.46,4.16,5.3314
2022-12-26,4.4402,27.87,79.07,1.25,3.42,5.6167
2022-12-27,4.5542,27.34,81.49,2.67,1.14,5.5814
2022-12-28,4.7935,27.63,76.87,1.16,0.21,5.7494
2022-12-29,5.4252,27.56,72.36,1.3,0.03,5.9215
2022-12-30,5.9952,26.94,68.74,0.9,0.02,6.0953
2022-12-31,5.977,26.55,65.1,1.39,0.0,6.0905
2023-01-01,6.0149,26.73,66.46,0.93,0.0,6.0466
2023-01-02,5.8435,26.13,65.42,1.46,0.0,5.9314
2023-01-03,6.0094,26.16,64.69,1.37,0.0,6.048
2023-01-04,5.7674,26.74,65.54,1.16,0.0,5.8106
2023-01-05,5.9657,26.53,64.81,1.37,0.0,5.981
2023-01-06,5.4871,26.94,68.96,1.6,0.0,5.6405
2023-01-07,5.9076,26.72,67.91,1.79,0.0,5.9585
2023-01-08,5.5757,27.24,68.71,1.53,0.0,5.6278
2023-01-09,5.3388,27.58,67.46,1.32,0.0,5.3993
2023-01-10,6.0494,26.55,65.62,1.33,0.0,6.108
2023-01-11,6.241,26.09,63.11,1.47,0.0,6.2858
2023-01-12,5.5858,26.42,61.66,1.56,0.0,5.9525
2023-01-13,5.4797,27.05,59.87,1.1,0.0,6.107
2023-01-14,5.7403,26.54,65.57,1.18,0.0,5.9731
2023-01-15,6.0449,26.85,67.33,1.14,0.0,6.1349
2023-01-16,5.9378,27.54,66.11,0.93,0.0,6.0079
2023-01-17,5.635,26.91,68.16,0.99,0.0,5.7658
2023-01-18,6.3079,26.7,64.52,1.19,0.0,6.3871
2023-01-19,6.2762,26.5,60.66,1.44,0.0,6.2909
2023-01-20,6.3348,26.47,58.19,1.7,0.0,6.341
2023-01-21,5.8848,26.62,63.02,1.79,0.01,6.0593
2023-01-22,4.7587,26.91,63.2,0.94,0.04,5.8018
2023-01-23,4.9044,27.57,65.66,1.18,0.47,5.8798
2023-01-24,3.4481,26.94,76.48,1.25,13.47,5.915
2023-01-25,6.1238,26.93,75.32,1.47,1.15,6.2386
2023-01-26,6.2566,27.05,71.68,1.47,0.17,6.3245
2023-01-27,5.947,27.1,65.16,1.23,0.06,5.9923
2023-01-28,6.3864,27.34,57.12,1.16,0.0,6.4474
2023-01-29,5.7782,27.19,56.5,1.5,0.0,6.1054
2023-01-30,4.8223,27.25,68.87,1.74,0.53,5.6856
2023-01-31,4.8082,27.96,73.83,2.2,1.27,5.5277
2023-02-01,4.6498,28.06,63.81,1.68,0.22,5.6614
2023-02-02,3.2988,28.04,64.14,1.4,1.14,5.7682
2023-02-03,3.6019,27.38,70.74,1.48,2.57,5.927
2023-02-04,4.5662,28.36,70.26,1.4,2.15,6.0206
2023-02-05,6.1308,28.31,65.2,1.28,0.04,6.4063
2023-02-06,5.497,28.16,65.46,1.43,0.0,6.6091
2023-02-07,5.0254,28.27,65.44,1.43,0.0,6.4423
2023-02-08,6.3974,28.49,64.95,1.26,0.0,6.4853
2023-02-09,6.0072,27.97,69.28,1.51,0.01,6.3473
2023-02-10,5.9261,28.55,61.03,1.46,0.0,6.5438
2023-02-11,5.3138,27.95,61.29,1.3,0.0,6.527
2023-02-12,6.6862,28.69,57.43,1.16,0.0,6.7517
2023-02-13,7.0106,28.49,52.93,1.2,0.0,7.0406
2023-02-14,6.8813,27.97,59.13,1.3,0.0,6.9204
2023-02-15,6.8566,28.54,61.86,1.53,0.0,6.8743
2023-02-16,6.8909,28.77,56.56,0.94,0.0,6.9166
2023-02-17,6.9204,28.38,54.15,1.54,0.0,6.9876
2023-02-18,6.9139,28.41,59.72,1.47,0.0,6.9485
2023-02-19,7.0142,29.21,60.64,1.47,0.0,7.0519
2023-02-20,6.7193,29.23,63.76,1.75,0.0,6.8083
2023-02-21,6.9665,29.41,65.9,1.78,0.0,7.0075
2023-02-22,6.8359,29.88,55.2,1.38,0.0,6.9125
2023-02-23,6.8947,29.17,49.55,1.79,0.0,7.0646
2023-02-24,7.1335,29.18,57.51,2.23,0.0,7.1676
2023-02-25,7.0706,30.32,54.13,1.53,0.01,7.1273
2023-02-26,7.1837,30.07,46.5,1.35,0.06,7.2036
2023-02-27,7.1021,29.38,43.82,1.3,0.0,7.1371
2023-02-28,5.6518,29.6,45.47,1.21,0.04,6.5806
2023-03-01,5.7876,30.5,54.0,1.87,0.09,6.6864
2023-03-02,6.6286,30.47,51.35,1.6,0.16,6.8981
2023-03-03,7.14,29.88,43.37,1.19,0.1,7.2156
2023-03-04,6.9914,30.09,43.21,1.68,0.01,7.0714
2023-03-05,6.3576,30.43,53.43,1.5,1.09,6.6538
2023-03-06,6.9137,30.13,49.76,1.76,0.12,7.0154
2023-03-07,6.8861,30.09,53.06,1.5,0.0,6.9406
2023-03-08,7.2228,30.13,51.34,1.69,0.0,7.2475
2023-03-09,6.7882,30.32,51.11,1.48,0.0,6.8388
2023-03-10,6.5446,30.32,48.26,1.81,0.0,6.7474
2023-03-11,6.7634,30.52,52.62,1.96,0.0,6.8621
2023-03-12,7.0385,31.15,49.98,1.51,0.01,7.1064
2023-03-13,6.7637,30.69,55.87,1.72,0.06,6.8158
2023-03-14,6.6818,30.52,58.78,2.02,0.12,6.7416
2023-03-15,6.3221,29.65,66.89,2.13,1.77,6.5618
2023-03-16,6.6406,29.84,64.98,1.64,1.97,6.8489
2023-03-17,6.954,30.05,65.74,1.52,6.57,7.0622
2023-03-18,6.7022,29.55,70.4,1.87,3.24,7.0498
2023-03-19,6.4118,28.83,73.38,2.25,5.59,6.9746
2023-03-20,6.6216,28.65,72.87,2.63,1.55,6.829
2023-03-21,6.5851,29.02,64.85,2.85,0.12,6.8681
2023-03-22,6.8995,28.04,64.09,2.78,0.05,7.1664
2023-03-23,6.517,28.92,66.97,2.12,0.03,6.8962
2023-03-24,5.0794,29.29,69.7,2.11,1.39,6.6744
2023-03-25,6.726,28.95,67.35,1.43,4.32,6.9816
2023-03-26,6.498,29.42,68.75,2.12,3.28,6.9473
2023-03-27,6.9521,29.34,71.34,2.53,3.22,7.039
2023-03-28,6.595,29.88,69.24,2.43,0.22,7.0843
2023-03-29,5.8656,28.1,78.21,2.08,1.49,6.5599
2023-03-30,6.6773,29.07,72.7,2.45,2.78,6.9514
2023-03-31,7.1328,29.45,70.18,2.5,1.38,7.2017
2023-04-01,6.7099,29.24,69.12,2.68,0.67,7.1057
2023-04-02,6.2578,28.74,71.56,2.47,2.12,7.0406
2023-04-03,6.6766,28.25,74.06,2.66,2.71,6.973
2023-04-04,5.9491,27.89,77.68,1.97,5.7,6.8892
2023-04-05,6.2004,28.8,72.98,1.65,0.61,7.1294
2023-04-06,7.0692,28.98,73.23,1.59,1.31,7.3123
2023-04-07,6.8263,30.29,66.32,1.55,1.75,7.1484
2023-04-08,6.9682,31.26,58.09,1.61,1.2,7.1227
2023-04-09,5.9626,30.31,64.77,1.87,2.61,7.2756
2023-04-10,7.3342,30.68,62.84,1.82,1.57,7.4275
2023-04-11,7.069,31.18,62.15,1.7,0.83,7.229
2023-04-12,7.2818,31.05,63.6,1.76,0.0,7.3354
2023-04-13,7.0519,31.63,61.55,2.32,0.0,7.1227
2023-04-14,6.9562,30.67,65.66,1.92,0.0,7.1664
2023-04-15,6.7322,31.16,63.49,2.1,0.0,7.026
2023-04-16,6.7762,30.2,65.93,1.48,0.01,7.0308
2023-04-17,7.1126,30.46,68.07,2.15,0.02,7.1818
2023-04-18,7.2451,31.02,67.03,2.13,0.06,7.3073
2023-04-19,6.623,30.47,70.24,2.29,0.12,6.9754
2023-04-20,6.5594,30.42,69.31,2.46,0.16,6.7361
2023-04-21,6.179,30.27,69.63,2.61,0.25,6.7805
2023-04-22,6.5993,30.61,67.76,2.73,0.36,6.893
2023-04-23,6.2539,30.67,69.63,2.74,0.53,6.8426
2023-04-24,6.7344,30.87,68.49,2.02,1.48,6.9509
2023-04-25,5.0662,29.57,74.12,1.56,6.36,6.7579
2023-04-26,5.8394,27.82,84.72,1.91,25.59,6.9991
2023-04-27,6.4978,29.68,72.5,1.18,10.85,6.8698
2023-04-28,5.7132,30.03,70.87,1.5,7.71,7.2581
2023-04-29,5.6105,29.28,76.99,1.17,20.27,7.0318
2023-04-30,6.4932,29.33,75.87,1.48,3.93,7.0397
2023-05-01,5.2862,27.8,84.2,1.52,21.25,7.1158
2023-05-02,4.8809,28.14,82.09,2.04,10.15,7.1429
2023-05-03,5.7845,27.46,83.41,2.22,4.75,7.0284
2023-05-04,5.7026,28.27,79.2,1.74,0.63,6.7954
2023-05-05,4.5374,28.0,77.19,2.27,1.12,7.1239
2023-05-06,5.1811,28.42,74.71,2.24,4.1,6.9744
2023-05-07,4.3426,28.11,77.15,2.75,4.53,6.7656
2023-05-08,6.1894,28.26,74.13,2.52,7.91,6.9958
2023-05-09,4.955,28.97,76.41,2.29,10.65,6.9007
2023-05-10,6.2563,28.96,80.73,2.22,2.12,6.9991
2023-05-11,5.7346,29.69,76.35,2.64,2.15,6.8453
2023-05-12,5.2918,27.91,74.1,1.62,1.24,6.5038
2023-05-13,5.7998,29.05,76.37,2.32,0.24,6.6242
2023-05-14,5.8699,29.36,79.69,2.34,0.25,6.5681
2023-05-15,5.7708,29.29,80.84,2.25,0.12,6.7226
2023-05-16,6.173,29.58,77.91,2.53,0.1,6.7483
2023-05-17,6.1613,30.27,75.26,2.32,2.91,6.7174
2023-05-18,5.7422,29.26,80.7,1.9,1.6,6.5741
2023-05-19,5.4146,28.53,82.12,1.89,1.27,6.4202
2023-05-20,6.2227,29.24,76.95,2.17,1.68,6.7003
2023-05-21,6.0898,29.17,78.1,2.07,5.97,6.679
2023-05-22,6.1457,28.66,81.18,1.77,8.75,6.7255
2023-05-23,6.8938,29.02,77.01,1.5,0.81,7.1275
2023-05-24,6.8294,28.98,79.44,1.8,3.15,7.1731
2023-05-25,6.4445,29.07,79.3,2.34,2.65,7.1268
2023-05-26,3.5316,29.15,78.92,2.46,3.23,7.0363
2023-05-27,6.2038,28.54,81.87,2.86,1.67,6.8854
2023-05-28,5.094,29.02,80.8,3.4,1.2,6.691
2023-05-29,5.8766,28.98,81.87,2.08,0.69,6.5052
2023-05-30,5.9316,28.58,82.59,1.96,1.93,6.6427
2023-05-31,5.4943,28.86,78.05,1.5,1.93,6.7591
2023-06-01,4.9505,28.54,80.17,2.7,0.39,6.9247
2023-06-02,5.9225,28.58,80.36,2.44,4.6,6.6838
2023-06-03,5.5327,29.44,73.57,1.95,1.55,6.3936
2023-06-04,5.4482,28.62,80.34,1.47,3.38,6.4769
2023-06-05,5.1826,28.51,83.04,2.89,6.6,6.6314
2023-06-06,5.5771,28.52,82.63,2.32,4.92,6.8122
2023-06-07,4.9994,28.53,83.36,3.83,22.03,6.8088
2023-06-08,4.7371,29.02,78.27,3.51,9.37,6.978
2023-06-09,2.8327,28.4,83.93,3.06,11.18,6.9718
2023-06-10,4.4093,28.66,79.42,2.83,5.33,6.9811
2023-06-11,3.5628,28.77,79.89,2.61,4.28,6.8892
2023-06-12,2.555,28.32,85.26,2.75,13.12,6.8772
2023-06-13,3.9403,28.24,85.17,2.53,13.22,6.9175
2023-06-14,5.0429,28.09,85.18,2.72,8.93,6.9876
2023-06-15,5.3726,28.54,84.42,3.32,4.18,6.8767
2023-06-16,6.4764,28.82,78.55,4.08,0.77,7.0303
2023-06-17,3.199,28.27,82.36,3.31,16.68,6.8942
2023-06-18,2.6196,27.6,87.26,2.53,28.11,6.2054
2023-06-19,5.1538,28.04,79.2,2.59,3.29,6.6718
2023-06-20,3.7747,28.05,78.5,2.12,8.32,6.8251
2023-06-21,2.7694,27.95,82.46,2.1,13.61,6.745
2023-06-22,5.4466,28.3,79.83,2.43,9.85,6.6034
2023-06-23,5.7958,27.79,80.34,2.47,0.64,6.6955
2023-06-24,4.9728,27.23,85.65,1.91,1.97,6.7157
2023-06-25,4.2002,27.64,83.46,2.81,15.69,6.6142
2023-06-26,3.6444,26.86,82.29,1.76,4.48,6.7219
2023-06-27,2.2646,26.25,88.16,1.72,35.78,6.6883
2023-06-28,5.1142,26.73,85.38,1.95,8.96,6.8448
2023-06-29,4.6601,27.11,85.11,2.32,9.31,6.9847
2023-06-30,5.8361,27.05,84.41,1.85,8.71,6.8078
2023-07-01,4.4993,27.35,87.43,2.73,4.72,6.5928
2023-07-02,3.8798,26.56,83.58,2.87,27.88,6.4114
2023-07-03,1.3824,26.65,87.58,4.15,62.76,6.4118
2023-07-04,1.8398,27.13,84.07,4.51,37.95,6.5206
2023-07-05,2.723,26.58,87.48,4.65,63.87,6.6475
2023-07-06,3.3905,26.64,87.36,3.87,24.3,6.6288
2023-07-07,2.922,26.57,87.3,2.67,25.85,6.78
2023-07-08,3.5554,26.6,85.1,2.55,9.71,6.8904
2023-07-09,6.149,26.53,86.33,1.97,5.07,6.995
2023-07-10,4.392,26.86,89.31,1.94,6.48,6.7603
2023-07-11,3.3446,26.72,88.4,1.54,5.54,6.4445
2023-07-12,5.7667,27.09,87.69,2.22,3.8,6.6446
2023-07-13,4.3195,26.74,88.38,2.36,7.82,6.8705
2023-07-14,5.8577,26.22,88.49,2.59,1.16,6.9586
2023-07-15,5.6081,26.67,87.08,2.17,1.91,6.8966
2023-07-16,5.2375,26.84,89.98,2.16,5.4,6.7421
2023-07-17,4.7417,26.65,90.76,2.53,3.09,6.6924
2023-07-18,5.3093,26.86,89.96,3.36,8.25,6.8734
2023-07-19,4.6056,26.97,89.44,3.34,7.75,6.7706
2023-07-20,5.9318,26.78,92.51,2.61,6.97,6.9574
2023-07-21,5.4514,26.75,90.64,3.11,4.26,6.8738
2023-07-22,5.166,26.64,89.79,3.11,12.9,6.7162
2023-07-23,2.79,25.7,90.08,2.97,37.78,6.5261
2023-07-24,2.4648,25.91,90.89,2.24,23.85,6.3377
2023-07-25,3.647,25.71,90.56,2.24,10.8,6.6113
2023-07-26,3.4831,25.78,89.32,2.82,12.06,6.6401
2023-07-27,4.9106,26.3,88.37,2.71,1.92,6.9053
2023-07-28,6.0989,26.26,87.8,2.51,0.96,6.9094
2023-07-29,6.186,26.38,89.8,3.21,0.42,6.9312
2023-07-30,5.9333,26.4,88.35,3.31,0.12,6.7039
2023-07-31,5.8202,26.69,88.12,3.14,0.35,6.7865
2023-08-01,5.9316,26.6,87.76,3.01,0.18,6.8534
2023-08-02,5.8769,26.4,87.75,2.28,1.03,6.9444
2023-08-03,6.3362,26.54,87.53,2.92,1.88,7.0586
2023-08-04,6.2254,27.04,87.93,2.87,3.96,6.984
2023-08-05,6.2551,27.24,85.04,3.33,0.54,7.0255
2023-08-06,6.354,26.94,87.72,3.18,1.03,6.9242
2023-08-07,6.0012,27.01,87.66,2.93,0.73,6.8892
2023-08-08,5.2145,26.75,88.66,2.46,7.93,6.7769
2023-08-09,6.0079,26.62,87.93,2.1,2.72,6.6019
2023-08-10,4.9464,26.66,89.41,2.37,2.9,6.7099
2023-08-11,5.765,26.9,89.22,2.8,4.68,6.636
2023-08-12,4.1489,26.95,85.82,3.11,9.63,6.8302
2023-08-13,5.7403,26.83,85.59,2.88,4.49,6.6218
2023-08-14,5.5409,26.38,85.9,2.26,0.06,6.6492
2023-08-15,6.305,26.45,83.89,2.04,0.05,6.6725
2023-08-16,6.9929,26.95,80.85,1.71,0.03,7.1878
2023-08-17,6.2333,26.71,85.64,2.15,0.19,7.1448
2023-08-18,5.7415,26.72,85.94,2.57,2.0,7.1441
2023-08-19,5.754,26.88,84.11,2.72,1.32,6.9883
2023-08-20,6.1174,27.11,86.21,2.88,1.22,6.8767
2023-08-21,6.7166,27.16,86.36,3.03,0.74,7.0051
2023-08-22,6.5417,27.13,86.41,3.07,1.18,6.9701
2023-08-23,6.7805,27.03,86.2,2.48,2.45,7.0183
2023-08-24,7.1129,27.04,84.58,2.25,0.7,7.3066
2023-08-25,6.7152,27.1,81.6,1.93,0.0,7.1837
2023-08-26,6.7999,27.51,81.21,1.91,0.01,7.1527
2023-08-27,6.6425,27.69,83.25,2.35,0.07,7.201
2023-08-28,6.2978,27.6,83.17,1.93,2.62,7.1623
2023-08-29,4.8367,26.98,86.64,2.79,14.22,6.7579
2023-08-30,4.6524,26.52,87.23,3.14,19.07,6.8078
2023-08-31,5.9242,27.15,84.0,2.37,4.08,6.9036
2023-09-01,6.1001,27.51,85.15,2.25,16.98,6.7994
2023-09-02,2.9086,27.2,83.02,2.58,18.31,6.9566
2023-09-03,4.1287,26.44,83.13,3.05,35.73,6.9005
2023-09-04,3.2134,25.66,88.35,3.07,8.31,6.8861
2023-09-05,4.0673,25.91,87.09,2.76,9.92,6.8405
2023-09-06,3.9739,26.72,84.37,1.61,15.84,6.8098
2023-09-07,3.0478,26.72,84.01,2.13,11.29,6.8522
2023-09-08,4.4923,26.87,82.95,1.94,5.84,6.9504
2023-09-09,4.3685,26.63,87.84,2.45,10.7,7.0164
2023-09-10,4.6752,26.75,78.94,3.12,17.93,6.9631
2023-09-11,5.2596,26.73,80.29,2.64,9.78,6.87
2023-09-12,6.1966,26.78,85.02,2.73,1.73,6.9348
2023-09-13,5.5922,27.06,87.28,2.39,3.64,6.966
2023-09-14,4.609,26.62,88.56,1.95,17.47,6.9216
2023-09-15,3.5407,26.26,86.38,2.13,10.01,6.8575
2023-09-16,4.0932,26.35,87.9,2.01,15.19,6.8597
2023-09-17,4.3154,26.47,88.92,1.82,16.55,6.9163
2023-09-18,3.8059,26.73,88.07,2.07,22.68,6.7582
2023-09-19,5.118,26.79,88.31,2.53,13.6,6.8246
2023-09-20,5.4202,26.83,86.74,2.24,7.91,6.9228
2023-09-21,4.9776,26.59,85.63,1.73,18.42,6.719
2023-09-22,3.7106,26.25,89.12,2.18,17.07,6.8215
2023-09-23,4.4746,26.18,88.5,2.43,13.04,6.9804
2023-09-24,5.0386,26.55,88.4,2.4,7.67,6.8705
2023-09-25,5.088,26.62,87.97,2.56,3.63,6.835
2023-09-26,4.7302,27.04,85.51,2.13,3.96,6.6845
2023-09-27,4.8799,26.98,80.08,2.36,7.82,6.6924
2023-09-28,2.9892,27.11,82.68,2.18,32.7,6.8306
2023-09-29,1.9817,26.23,88.57,2.87,40.13,6.9259
2023-09-30,2.4115,26.72,87.32,3.38,58.8,7.021
2023-10-01,2.4403,26.91,89.85,3.03,26.31,6.8966
2023-10-02,4.2634,27.21,88.08,3.18,16.68,6.7346
2023-10-03,5.5296,27.13,87.0,2.13,2.58,6.8011
2023-10-04,5.8111,27.16,85.1,1.54,2.88,6.7831
2023-10-05,6.3977,26.93,85.85,2.36,0.97,6.7625
2023-10-06,6.3907,26.95,82.12,2.12,0.47,6.8462
2023-10-07,6.7231,27.11,81.11,1.95,0.0,6.8424
2023-10-08,6.0014,27.4,79.54,1.57,3.55,6.6758
2023-10-09,6.3041,27.39,81.16,1.69,2.64,6.7114
2023-10-10,6.1634,27.66,82.14,1.83,1.05,6.6029
2023-10-11,4.7894,27.27,85.18,2.32,22.6,6.5078
2023-10-12,3.5424,26.04,89.71,2.22,4.98,6.2237
2023-10-13,5.0791,26.45,88.53,1.96,29.26,6.299
2023-10-14,4.6406,26.43,85.91,1.84,52.44,6.312
2023-10-15,2.971,26.13,85.96,1.68,45.39,6.4956
2023-10-16,5.6093,27.27,81.17,1.51,2.29,6.6098
2023-10-17,5.6441,27.07,82.7,2.1,10.74,6.365
2023-10-18,4.4904,27.75,80.31,1.78,4.97,5.9465
2023-10-19,5.1353,27.3,84.42,1.49,5.27,5.5188
2023-10-20,5.369,27.45,83.15,1.32,9.08,5.6623
2023-10-21,5.1185,27.91,81.12,1.3,4.9,5.6671
2023-10-22,5.2306,27.57,81.98,1.35,3.96,5.9179
2023-10-23,4.5982,26.89,84.37,1.71,11.23,5.7862
2023-10-24,5.6453,27.48,79.68,1.29,11.58,6.0286
2023-10-25,5.0894,27.2,84.09,1.4,30.03,6.0271
2023-10-26,4.9339,26.89,87.24,1.52,13.51,5.8464
2023-10-27,4.7575,27.45,84.38,1.25,6.37,5.561
2023-10-28,5.3604,27.65,83.51,1.02,6.07,6.0958
2023-10-29,4.7011,27.97,79.71,0.64,11.86,6.1591
2023-10-30,4.8516,27.36,80.77,1.24,13.96,6.354
2023-10-31,5.2205,27.32,81.67,1.42,9.51,6.0317
2023-11-01,4.302,27.1,84.95,1.75,11.59,6.0362
2023-11-02,4.9138,27.31,85.45,1.7,4.83,6.259
2023-11-03,4.8732,27.82,83.67,1.32,10.97,5.9383
2023-11-04,2.7754,26.15,93.29,2.06,63.22,6.0881
2023-11-05,4.4688,25.94,85.53,1.97,8.6,6.2518
2023-11-06,5.5265,27.47,77.99,1.11,6.5,6.2282
2023-11-07,5.3484,26.5,85.94,1.25,10.03,6.1411
2023-11-08,4.369,26.78,84.19,1.04,20.45,6.1303
2023-11-09,4.693,27.08,82.01,1.1,17.79,6.162
2023-11-10,5.0633,27.88,77.87,0.89,7.17,6.1666
2023-11-11,5.7218,28.01,79.71,0.98,3.36,5.9498
2023-11-12,4.9296,27.8,76.05,1.37,0.63,5.6803
2023-11-13,5.4955,27.7,71.9,1.48,0.27,5.747
2023-11-14,3.0739,27.05,79.24,1.86,5.19,5.784
2023-11-15,4.7834,27.03,74.75,1.88,3.29,5.8322
2023-11-16,5.2666,27.11,83.58,1.21,5.34,5.6194
2023-11-17,5.2505,27.85,83.7,1.27,6.21,5.6791
2023-11-18,5.2229,28.09,83.65,1.24,9.31,5.7605
2023-11-19,4.0356,28.05,80.51,1.61,4.09,5.8238
2023-11-20,5.1542,28.01,76.91,1.54,0.09,5.9141
2023-11-21,5.3522,27.68,81.66,1.39,10.7,5.6702
2023-11-22,4.2514,27.28,84.02,1.47,24.05,5.7118
2023-11-23,4.5684,26.58,90.37,1.71,11.16,5.9527
2023-11-24,5.0182,28.05,80.4,2.15,8.89,5.9227
2023-11-25,5.5814,28.16,79.26,1.17,6.5,5.9335
2023-11-26,5.7305,28.27,79.95,1.47,2.66,6.0125
2023-11-27,5.7209,28.32,78.73,1.43,1.94,6.0845
2023-11-28,5.3122,28.08,79.83,1.73,1.08,5.8109
2023-11-29,4.3267,28.08,80.0,1.25,2.14,5.7917
2023-11-30,5.3453,28.04,76.19,1.26,2.46,5.7958
2023-12-01,5.3767,27.91,79.03,1.03,8.38,5.7048
2023-12-02,5.2634,27.36,85.1,1.55,6.23,5.6016
2023-12-03,4.632,27.68,86.44,2.15,11.24,5.6105
2023-12-04,4.6102,28.04,84.53,2.22,1.45,5.5546
2023-12-05,4.7748,27.96,83.91,1.68,0.04,5.6563
2023-12-06,5.634,28.15,80.98,1.19,0.01,5.8512
2023-12-07,5.5351,27.63,82.71,0.94,3.55,5.855
2023-12-08,5.0383,27.1,85.29,1.08,22.34,5.73
2023-12-09,4.4465,27.16,88.74,1.01,13.1,5.7542
2023-12-10,5.0856,28.19,80.07,1.41,5.75,5.5241
2023-12-11,4.2396,27.79,78.95,1.23,2.05,5.6448
2023-12-12,4.7069,27.43,79.37,1.61,8.07,5.1643
2023-12-13,4.9078,27.63,78.2,1.52,0.2,5.304
2023-12-14,5.7314,27.01,73.9,2.05,0.05,5.7648
2023-12-15,4.559,27.03,78.15,1.75,0.02,5.4806
2023-12-16,3.6475,27.47,81.03,0.9,0.89,5.5896
2023-12-17,1.2845,26.84,85.05,1.39,26.65,5.6674
2023-12-18,3.7637,25.87,86.27,3.13,7.75,5.6664
2023-12-19,5.2318,25.71,81.15,2.79,0.61,5.6402
2023-12-20,5.6062,27.24,76.78,1.74,0.85,5.7259
2023-12-21,4.2319,28.0,77.33,1.53,1.47,5.6734
2023-12-22,5.2956,28.18,76.42,1.26,1.06,5.5894
2023-12-23,4.9685,27.03,75.46,1.19,0.0,5.4257
2023-12-24,5.5188,26.53,75.39,1.7,0.06,5.639
2023-12-25,5.5682,28.13,77.62,1.73,0.39,5.8603
2023-12-26,6.2136,27.12,73.72,1.94,0.02,6.2304
2023-12-27,5.9186,26.86,75.2,2.12,0.0,5.9671
2023-12-28,5.1168,27.64,76.14,1.7,0.01,5.7098
2023-12-29,5.2925,28.04,76.53,2.05,0.09,5.6635
2023-12-30,4.9759,27.86,75.79,1.88,0.04,5.6971
2023-12-31,6.006,27.44,72.65,2.02,0.02,6.0221
