date,ALLSKY_SFC_SW_DWN,T2M,RH2M,WS2M,PRECTOTCORR,CLRSKY_SFC_SW_DWN
2018-01-01,3.4073,-16.45,77.57,1.16,0.0,3.883
2018-01-02,3.5278,-19.56,76.45,1.31,0.0,3.9823
2018-01-03,3.3456,-17.88,67.61,1.4,0.0,3.9456
2018-01-04,2.845,-15.9,78.21,2.04,0.0,3.9372
2018-01-05,2.4785,-17.17,81.22,2.17,0.0,3.9888
2018-01-06,3.4961,-21.46,77.83,1.79,0.0,4.093
2018-01-07,3.6924,-20.53,72.11,1.71,0.0,4.0915
2018-01-08,3.6708,-19.51,67.36,2.13,0.0,4.1338
2018-01-09,3.7903,-17.72,58.44,2.2,0.0,4.0968
2018-01-10,3.1889,-15.61,43.28,2.4,0.0,4.0795
2018-01-11,2.2102,-11.01,38.49,2.79,0.0,4.0622
2018-01-12,3.6677,-11.32,42.16,2.23,0.0,4.1705
2018-01-13,3.5057,-16.41,62.1,2.04,0.0,4.1491
2018-01-14,3.6732,-15.09,58.92,3.49,0.0,4.1806
2018-01-15,3.7685,-16.11,61.34,2.01,0.0,4.2941
2018-01-16,3.6518,-16.39,44.54,2.65,0.0,4.3042
2018-01-17,3.4951,-17.39,53.83,3.87,0.02,4.1568
2018-01-18,2.641,-14.94,62.78,2.06,0.02,4.2576
2018-01-19,3.163,-15.54,64.85,2.55,0.0,4.1412
2018-01-20,4.1155,-14.4,47.6,1.21,0.0,4.4765
2018-01-21,4.219,-13.82,44.21,1.82,0.0,4.505
2018-01-22,4.1626,-13.42,45.53,2.38,0.0,4.4698
2018-01-23,2.6021,-14.09,63.9,2.04,2.73,4.1998
2018-01-24,4.1405,-15.0,72.96,1.71,0.22,4.6092
2018-01-25,3.5734,-16.46,72.17,2.33,0.0,4.4779
2018-01-26,3.4982,-15.6,65.28,2.93,0.0,4.6265
2018-01-27,3.2141,-18.09,70.6,3.36,0.0,4.7093
2018-01-28,3.4949,-16.59,68.78,3.09,0.0,4.6618
2018-01-29,3.449,-13.81,72.09,2.99,0.0,4.6596
2018-01-30,3.1678,-11.63,69.5,3.48,0.02,4.6332
2018-01-31,2.3378,-10.51,56.99,3.35,0.05,4.6452
2018-02-01,4.177,-11.66,62.02,3.66,0.03,4.8019
2018-02-02,4.6032,-15.38,63.68,2.72,0.0,4.9903
2018-02-03,4.189,-16.22,62.42,3.3,0.0,4.992
2018-02-04,4.8053,-17.02,56.32,2.52,0.0,5.1722
2018-02-05,4.4486,-15.39,40.99,3.36,0.09,5.0304
2018-02-06,3.1082,-16.77,48.73,3.27,0.0,5.0834
2018-02-07,3.1313,-15.53,57.08,3.17,0.0,5.0664
2018-02-08,3.0698,-14.62,53.66,2.23,0.0,5.1065
2018-02-09,4.488,-14.88,52.51,1.65,0.0,5.2546
2018-02-10,3.6384,-15.2,56.12,2.01,0.0,5.1706
2018-02-11,4.0315,-13.77,57.05,1.83,1.42,5.3191
2018-02-12,1.6642,-12.47,68.49,2.56,13.35,5.0364
2018-02-13,2.993,-15.89,69.01,2.05,1.01,5.4029
2018-02-14,4.3274,-18.18,81.83,1.67,0.01,5.478
2018-02-15,2.6119,-12.12,81.35,2.4,0.0,5.3563
2018-02-16,2.2534,-13.56,80.02,3.23,0.0,5.4888
2018-02-17,4.6891,-15.06,64.8,2.62,0.0,5.7492
2018-02-18,4.7369,-15.76,73.41,2.46,0.0,5.7511
2018-02-19,5.0897,-15.16,66.37,1.68,0.0,5.8068
2018-02-20,5.0496,-12.19,63.81,1.41,0.17,5.6731
2018-02-21,3.7222,-12.51,79.13,1.96,1.13,5.5589
2018-02-22,4.7606,-12.74,74.3,1.59,0.07,5.7953
2018-02-23,4.8055,-11.0,64.46,1.48,0.08,5.9237
2018-02-24,3.1697,-10.36,71.3,1.95,11.73,5.8915
2018-02-25,4.6315,-10.89,75.39,1.49,0.68,6.0007
2018-02-26,4.6608,-12.34,73.45,1.49,0.0,5.9914
2018-02-27,2.9786,-10.56,81.75,2.38,0.0,5.969
2018-02-28,3.7524,-9.11,77.53,2.07,0.0,6.1087
2018-03-01,3.3888,-10.55,78.87,2.04,0.72,6.0814
2018-03-02,3.1529,-10.74,76.44,3.35,1.95,6.222
2018-03-03,2.7458,-10.25,75.69,2.45,7.47,6.3029
2018-03-04,3.7951,-11.34,70.32,1.98,3.08,6.409
2018-03-05,3.6809,-12.81,74.0,1.93,0.5,6.487
2018-03-06,6.0662,-12.16,67.24,1.16,0.0,6.5798
2018-03-07,6.2798,-12.7,61.79,1.92,0.0,6.6314
2018-03-08,6.1742,-11.97,63.18,2.01,0.0,6.689
2018-03-09,4.7429,-10.97,66.12,1.79,0.0,6.6324
2018-03-10,5.5442,-10.08,64.95,1.4,0.0,6.7126
2018-03-11,6.2038,-10.34,62.78,1.72,0.0,6.6442
2018-03-12,4.8622,-7.19,65.7,1.84,0.0,6.576
2018-03-13,4.8893,-8.98,65.59,3.29,0.0,6.7565
2018-03-14,4.2458,-10.1,71.3,3.1,0.51,6.8813
2018-03-15,2.8603,-10.98,74.9,3.09,1.59,6.8904
2018-03-16,5.1571,-13.46,62.23,2.27,0.08,7.1338
2018-03-17,6.5777,-11.2,55.27,1.3,0.0,7.2247
2018-03-18,6.4961,-9.51,43.59,1.52,0.0,7.2955
2018-03-19,6.7198,-8.65,49.93,1.98,0.0,7.0968
2018-03-20,6.0502,-8.36,54.99,1.86,0.3,7.206
2018-03-21,5.0717,-7.48,64.17,1.92,3.32,6.9557
2018-03-22,3.7613,-7.33,62.18,1.77,3.76,7.2002
2018-03-23,5.647,-7.85,66.47,1.89,0.09,7.1398
2018-03-24,4.5619,-7.76,59.6,2.03,0.0,7.2926
2018-03-25,6.5474,-5.46,34.92,2.09,0.0,7.6207
2018-03-26,7.4662,-5.37,29.7,1.31,0.0,7.7422
2018-03-27,5.8406,-4.44,45.63,2.61,0.0,7.4369
2018-03-28,4.6589,-5.15,55.06,3.24,0.0,7.4582
2018-03-29,5.4998,-5.56,52.59,2.48,0.0,7.603
2018-03-30,7.5446,-4.6,28.72,2.87,0.0,7.9481
2018-03-31,7.6819,-1.32,19.44,1.37,0.0,8.0234
2018-04-01,7.5814,-0.54,26.25,1.53,0.0,7.7983
2018-04-02,7.1837,0.03,44.93,2.1,0.0,7.6231
2018-04-03,4.4825,-1.0,61.87,2.4,2.15,7.067
2018-04-04,6.5254,-1.46,56.77,1.95,0.25,7.4678
2018-04-05,6.8455,-1.51,51.18,0.81,0.8,7.9094
2018-04-06,5.9765,-0.75,51.62,1.55,2.22,7.6332
2018-04-07,7.0615,-0.92,51.61,1.66,0.64,7.8487
2018-04-08,6.625,-0.64,61.42,1.86,1.83,7.8233
2018-04-09,4.9927,-0.92,64.88,2.51,0.74,7.6783
2018-04-10,4.0692,-2.25,65.37,2.76,6.47,7.9056
2018-04-11,3.923,-4.31,66.29,3.9,5.15,8.0815
2018-04-12,5.5966,-5.09,60.89,3.39,0.32,8.291
2018-04-13,7.6735,-4.65,48.07,2.5,0.0,8.4175
2018-04-14,7.9241,-3.7,44.04,1.53,0.0,8.5303
2018-04-15,7.7611,-1.98,52.96,2.26,0.0,8.2061
2018-04-16,6.0403,-1.38,59.78,2.32,1.08,8.003
2018-04-17,5.694,-3.42,58.97,2.92,2.25,8.3323
2018-04-18,6.7188,-2.73,54.65,3.04,0.06,8.3957
2018-04-19,5.4386,-3.08,52.63,3.95,3.93,8.3237
2018-04-20,3.9514,-3.58,60.27,4.85,5.82,8.4631
2018-04-21,6.3953,-5.59,51.65,2.78,0.22,8.651
2018-04-22,7.4669,-4.08,47.14,1.91,0.0,8.6513
2018-04-23,8.2128,-1.52,35.26,1.65,0.0,8.6131
2018-04-24,8.5445,0.36,26.33,1.53,0.0,8.779
2018-04-25,7.9932,1.03,31.83,1.89,0.0,8.7386
2018-04-26,7.6771,1.03,53.0,2.02,0.0,8.7149
2018-04-27,7.2845,0.62,52.36,2.74,0.31,8.7967
2018-04-28,6.8153,-0.88,54.75,2.32,0.53,8.8574
2018-04-29,8.8822,-0.82,25.89,1.79,0.01,9.1294
2018-04-30,8.8841,1.72,20.05,1.19,0.0,9.125
2018-05-01,8.7713,2.27,33.28,2.09,0.0,8.94
2018-05-02,7.237,0.43,62.69,2.17,5.62,8.6234
2018-05-03,5.6052,-1.81,64.31,2.84,0.87,8.5829
2018-05-04,7.6274,-1.48,53.43,2.63,0.38,8.9585
2018-05-05,7.5144,-0.41,53.56,2.17,0.03,8.9746
2018-05-06,5.375,-0.91,62.97,4.23,0.88,8.6945
2018-05-07,4.2218,-1.18,59.51,4.16,4.39,9.0218
2018-05-08,5.4403,-3.46,69.97,1.83,8.64,8.9352
2018-05-09,6.3924,-3.32,58.62,1.9,0.08,8.9854
2018-05-10,9.0053,0.3,34.98,1.91,0.0,9.1987
2018-05-11,8.989,3.99,29.49,1.42,0.0,9.2162
2018-05-12,8.507,3.18,51.29,2.63,2.49,9.0194
2018-05-13,4.8538,0.62,62.91,2.59,2.62,8.959
2018-05-14,5.9522,0.44,64.04,2.61,0.0,8.893
2018-05-15,7.7762,1.17,57.09,2.44,0.0,9.0079
2018-05-16,7.2533,1.03,53.8,3.12,0.0,9.0103
2018-05-17,7.5713,0.88,51.38,2.6,0.01,9.2942
2018-05-18,5.299,0.51,54.79,2.95,0.63,8.6666
2018-05-19,6.3439,-0.03,51.81,2.82,0.11,9.0864
2018-05-20,8.4372,0.1,38.28,2.93,0.02,9.4354
2018-05-21,8.8454,1.43,37.44,3.05,1.67,9.4793
2018-05-22,8.0818,0.61,40.96,3.74,0.02,9.3509
2018-05-23,8.3419,0.16,42.45,3.98,0.0,9.5671
2018-05-24,7.2996,0.64,40.71,3.84,0.0,9.2906
2018-05-25,7.8485,1.22,46.07,2.07,0.0,9.3727
2018-05-26,7.104,0.86,53.15,1.79,0.0,9.2981
2018-05-27,6.8957,0.98,61.3,2.04,0.0,8.9222
2018-05-28,5.8766,1.56,56.33,1.92,0.08,8.603
2018-05-29,6.845,1.49,55.77,2.47,0.09,9.205
2018-05-30,8.783,3.08,46.45,2.1,0.01,9.4236
2018-05-31,8.7701,4.87,38.22,2.63,0.12,9.4999
2018-06-01,6.6823,3.53,46.35,2.48,0.61,9.228
2018-06-02,8.7662,4.47,38.4,2.11,0.0,9.2126
2018-06-03,8.9657,7.16,20.76,1.66,0.0,9.3456
2018-06-04,8.5188,8.71,25.29,2.07,0.0,8.987
2018-06-05,7.325,7.82,44.95,2.43,0.99,8.6383
2018-06-06,8.6088,7.15,41.39,2.07,1.84,9.0403
2018-06-07,9.2028,7.86,24.64,1.78,0.0,9.5023
2018-06-08,9.1234,8.57,33.33,2.0,0.06,9.4421
2018-06-09,6.3641,7.62,49.06,2.27,1.55,9.1723
2018-06-10,5.5771,6.61,50.38,2.28,0.28,8.3818
2018-06-11,7.0817,6.81,50.83,2.27,0.06,9.0869
2018-06-12,6.9646,6.22,52.83,2.78,1.0,9.2378
2018-06-13,7.9476,7.09,35.67,2.14,0.14,9.3648
2018-06-14,8.1115,7.75,37.45,2.35,0.55,9.3485
2018-06-15,7.1388,5.93,51.0,2.92,2.4,8.9172
2018-06-16,6.3317,4.82,58.18,3.06,2.55,8.8754
2018-06-17,6.5969,3.67,62.02,2.49,1.04,9.2441
2018-06-18,7.1306,4.21,64.51,2.12,0.05,9.2184
2018-06-19,6.2153,5.73,56.61,2.17,0.08,9.2616
2018-06-20,7.2506,6.37,55.96,2.64,0.11,9.2981
2018-06-21,7.272,5.91,54.55,2.42,0.0,9.1891
2018-06-22,7.3762,6.02,52.91,2.63,0.07,8.9954
2018-06-23,7.1741,6.2,51.59,2.6,0.25,9.2851
2018-06-24,6.9761,6.51,51.03,2.84,0.06,9.4884
2018-06-25,7.1038,6.5,50.39,2.48,0.0,9.3014
2018-06-26,7.2108,6.87,49.86,2.68,0.32,8.981
2018-06-27,4.2264,6.65,58.24,2.09,5.37,8.9472
2018-06-28,3.756,6.93,69.87,2.16,8.71,8.9974
2018-06-29,6.0019,9.71,66.03,2.24,4.06,9.2249
2018-06-30,4.9654,11.12,61.43,2.43,0.8,9.102
2018-07-01,7.0171,11.06,59.47,2.71,0.77,9.0794
2018-07-02,6.1313,9.08,61.22,2.89,2.0,9.2909
2018-07-03,5.2978,7.57,62.48,3.18,2.12,8.8654
2018-07-04,4.4822,5.73,56.49,3.45,2.68,8.7497
2018-07-05,6.8083,5.95,49.76,2.46,0.09,9.0264
2018-07-06,6.7596,8.73,50.33,2.09,0.06,9.1469
2018-07-07,8.4494,10.47,47.15,2.31,0.0,9.2258
2018-07-08,8.9671,11.25,44.27,2.18,0.09,9.2669
2018-07-09,7.248,12.04,46.67,2.01,0.48,9.149
2018-07-10,7.5811,11.56,52.62,1.74,0.43,9.179
2018-07-11,7.6634,12.02,48.9,1.65,0.83,9.1493
2018-07-12,7.5583,12.38,44.41,2.09,1.12,8.857
2018-07-13,6.3098,10.21,61.51,2.35,4.61,8.9983
2018-07-14,8.6674,11.94,43.5,1.86,2.17,9.1596
2018-07-15,8.3467,13.12,39.48,2.11,0.45,9.0245
2018-07-16,7.2175,10.89,56.35,1.43,4.32,8.7482
2018-07-17,5.3506,9.28,66.84,2.11,1.79,8.4535
2018-07-18,6.3427,10.12,64.26,1.9,1.71,8.6395
2018-07-19,5.2951,11.18,57.74,1.23,2.96,8.8685
2018-07-20,6.169,11.73,56.42,2.29,0.9,8.8966
2018-07-21,5.9822,11.66,60.31,1.57,2.92,8.8363
2018-07-22,7.1244,12.26,53.92,1.54,2.34,8.7972
2018-07-23,5.4211,10.92,60.0,0.77,1.96,8.681
2018-07-24,5.0837,12.12,61.66,2.15,0.94,8.6338
2018-07-25,5.7622,10.56,62.7,1.2,2.82,8.701
2018-07-26,4.9541,9.22,64.98,2.39,5.03,8.5692
2018-07-27,3.1058,10.02,55.43,2.72,0.3,8.2572
2018-07-28,5.8668,9.47,55.04,2.25,4.06,8.5154
2018-07-29,6.5338,9.13,52.94,2.47,0.3,8.8284
2018-07-30,7.4998,8.89,48.09,2.24,0.29,8.8375
2018-07-31,7.8859,8.56,50.46,2.17,1.37,8.8687
2018-08-01,5.6021,9.13,51.59,2.15,0.85,8.705
2018-08-02,6.7301,9.66,52.49,2.21,0.55,8.7221
2018-08-03,8.1727,10.88,46.89,1.7,0.08,8.6918
2018-08-04,8.1271,12.85,40.63,1.66,2.26,8.8241
2018-08-05,7.8055,14.19,45.14,1.69,2.81,8.7439
2018-08-06,7.596,13.95,46.63,1.79,3.56,8.5721
2018-08-07,4.0387,11.02,57.11,1.35,6.71,8.285
2018-08-08,4.4525,10.29,61.95,1.62,2.86,8.1782
2018-08-09,6.1517,10.8,59.29,2.01,1.42,8.2334
2018-08-10,6.7056,11.74,55.58,1.47,0.29,8.3131
2018-08-11,6.9074,12.83,47.32,1.54,0.56,8.3998
2018-08-12,6.5942,13.28,41.99,1.9,4.39,8.167
2018-08-13,3.6281,11.98,54.69,2.76,1.77,7.4016
2018-08-14,5.5363,9.91,57.87,1.93,2.08,8.2205
2018-08-15,4.9577,9.25,57.85,1.55,0.41,8.2226
2018-08-16,5.3995,10.77,57.93,1.44,0.16,8.207
2018-08-17,5.2162,11.36,59.9,1.94,0.75,7.8216
2018-08-18,4.8874,11.12,60.73,2.35,2.12,8.0448
2018-08-19,6.9146,11.02,55.24,1.93,2.07,8.159
2018-08-20,7.1465,11.74,50.86,1.82,0.75,8.2582
2018-08-21,6.1601,12.25,51.72,1.64,0.47,8.1077
2018-08-22,6.8201,12.19,56.5,2.17,1.73,8.1142
2018-08-23,6.3547,11.11,53.53,2.23,1.49,7.987
2018-08-24,5.6935,9.68,51.44,2.45,0.96,7.9562
2018-08-25,4.9022,8.53,52.94,2.21,0.94,8.065
2018-08-26,4.1671,7.38,50.14,2.52,0.95,8.0498
2018-08-27,7.3939,7.24,44.05,2.33,0.01,7.9135
2018-08-28,7.8979,7.42,37.18,2.33,0.06,8.1
2018-08-29,7.8132,8.47,41.05,2.12,0.25,8.0726
2018-08-30,7.7664,8.65,50.83,2.28,0.04,7.9495
2018-08-31,7.656,8.25,53.81,2.12,0.59,7.956
2018-09-01,7.4479,8.25,51.66,2.17,0.08,7.8086
2018-09-02,7.4784,8.17,55.7,2.22,1.27,7.579
2018-09-03,4.0663,8.04,57.24,2.05,1.82,7.5571
2018-09-04,5.2296,8.62,54.47,1.96,1.05,7.5221
2018-09-05,6.0266,9.2,56.47,1.86,0.98,7.5026
2018-09-06,6.0427,8.88,60.05,2.27,1.53,7.3243
2018-09-07,4.2382,7.97,62.93,2.39,1.66,7.2247
2018-09-08,4.7573,7.78,64.89,2.18,1.15,7.2962
2018-09-09,3.5424,7.17,68.07,2.27,1.05,7.1304
2018-09-10,5.1463,7.26,63.12,2.12,1.04,7.3116
2018-09-11,4.439,6.92,61.58,2.24,1.07,7.2041
2018-09-12,6.6972,5.82,49.08,1.79,0.17,7.3764
2018-09-13,6.4966,4.77,53.35,2.7,5.51,7.0675
2018-09-14,4.7681,1.88,62.57,2.67,2.67,7.0829
2018-09-15,4.0426,1.0,56.78,2.88,1.34,7.0135
2018-09-16,6.0137,0.42,50.87,2.35,0.39,7.2523
2018-09-17,5.778,0.87,45.04,1.55,0.0,7.277
2018-09-18,7.0661,2.67,29.66,1.53,0.0,7.3202
2018-09-19,6.7987,3.92,21.33,1.45,0.0,7.1928
2018-09-20,6.0535,4.03,33.21,1.54,0.0,7.0466
2018-09-21,6.3552,3.96,53.04,1.42,2.01,6.9718
2018-09-22,3.1231,2.72,64.45,1.32,5.52,6.7178
2018-09-23,2.1206,1.85,83.06,2.0,18.75,6.8033
2018-09-24,4.2341,2.21,64.79,1.82,4.55,6.9799
2018-09-25,5.532,1.63,60.54,2.07,3.25,6.8011
2018-09-26,5.357,2.2,50.69,2.15,0.04,6.7181
2018-09-27,6.0828,2.31,40.17,2.13,0.0,6.7471
2018-09-28,5.551,1.96,45.5,1.85,2.36,6.5023
2018-09-29,4.2142,2.3,50.46,1.61,2.29,6.5297
2018-09-30,4.5348,1.85,50.07,1.89,0.44,6.4934
2018-10-01,4.583,0.77,58.76,1.35,0.25,6.3514
2018-10-02,4.7926,1.79,54.19,0.98,0.0,6.5222
2018-10-03,4.7105,-0.3,62.32,1.35,0.0,6.2606
2018-10-04,3.4241,-0.25,57.79,1.54,0.01,5.8874
2018-10-05,3.5844,-0.87,55.04,1.69,0.0,5.8922
2018-10-06,3.265,-1.62,47.91,1.6,0.0,6.1349
2018-10-07,3.8846,-2.2,52.66,1.39,0.0,6.2806
2018-10-08,3.8304,-1.08,48.45,1.24,0.92,6.2074
2018-10-09,3.4853,-2.19,55.37,2.2,0.16,5.8018
2018-10-10,4.6514,-3.29,49.76,2.5,2.31,5.8814
2018-10-11,3.1471,-4.21,51.99,2.41,1.56,5.7206
2018-10-12,3.9012,-4.42,52.11,2.72,0.27,5.809
2018-10-13,4.0992,-4.69,50.74,2.11,0.0,5.808
2018-10-14,3.3358,-4.55,55.63,2.14,0.0,5.927
2018-10-15,4.519,-4.24,55.17,2.55,0.0,5.8531
2018-10-16,3.1678,-4.62,52.01,4.07,0.0,5.6837
2018-10-17,2.4259,-4.71,52.07,4.33,0.09,5.6438
2018-10-18,3.8998,-5.23,52.13,2.68,0.02,5.6827
2018-10-19,3.4181,-5.66,51.1,2.69,0.0,5.58
2018-10-20,4.4054,-5.01,50.29,1.36,0.0,5.4905
2018-10-21,4.0757,-4.6,55.13,1.75,0.0,5.4516
2018-10-22,4.411,-5.11,55.81,1.13,0.0,5.4852
2018-10-23,3.6924,-5.32,48.39,1.88,0.0,5.3806
2018-10-24,4.0807,-4.95,46.97,1.52,0.0,5.4415
2018-10-25,4.2185,-4.54,50.52,1.34,0.0,5.3494
2018-10-26,4.0051,-4.89,54.74,1.44,0.0,5.1919
2018-10-27,4.663,-4.37,48.68,1.22,0.0,5.2711
2018-10-28,4.9356,-2.6,32.32,1.21,0.0,5.3561
2018-10-29,4.8636,-0.62,29.0,0.91,0.0,5.2886
2018-10-30,4.7057,-0.23,31.31,1.59,0.0,5.1444
2018-10-31,3.7646,-1.34,44.78,2.14,0.0,4.9085
2018-11-01,4.3346,-3.02,54.87,3.72,0.82,4.9985
2018-11-02,1.9567,-6.1,70.11,3.77,16.51,4.6999
2018-11-03,1.4878,-10.68,77.15,2.94,10.32,4.7376
2018-11-04,2.3779,-12.91,82.21,2.0,2.78,4.5298
2018-11-05,4.1287,-16.97,89.31,1.95,0.0,5.0266
2018-11-06,4.8199,-18.74,88.8,1.18,0.0,5.1194
2018-11-07,4.6843,-14.7,67.09,1.29,0.0,4.9399
2018-11-08,3.6226,-13.16,82.95,1.95,0.0,4.7628
2018-11-09,3.3137,-11.03,82.14,1.64,0.0,4.6654
2018-11-10,2.7713,-10.21,82.27,2.09,0.0,4.5636
2018-11-11,2.7372,-10.51,82.12,1.9,0.0,4.5266
2018-11-12,2.3714,-9.92,84.06,2.33,0.99,4.4549
2018-11-13,2.3383,-10.71,82.06,2.32,3.78,4.4561
2018-11-14,1.7239,-12.4,84.64,2.13,14.79,4.4885
2018-11-15,3.6379,-15.67,84.85,2.0,1.96,4.5439
2018-11-16,3.9665,-18.61,86.85,1.66,0.01,4.5286
2018-11-17,4.3039,-18.81,78.38,1.09,0.0,4.6128
2018-11-18,2.8188,-16.13,88.2,1.48,0.0,4.4218
2018-11-19,2.7348,-14.52,88.66,1.75,0.03,4.3337
2018-11-20,3.5645,-16.91,83.13,1.41,0.01,4.2442
2018-11-21,3.9144,-17.06,75.62,1.32,0.0,4.3198
2018-11-22,3.3478,-17.91,83.76,2.08,0.0,4.2398
2018-11-23,3.8923,-17.5,81.68,1.43,0.0,4.1563
2018-11-24,3.847,-14.08,69.91,1.25,0.0,4.229
2018-11-25,2.1223,-11.7,76.35,1.77,0.0,4.0589
2018-11-26,3.8474,-13.33,79.03,1.28,0.0,4.1767
2018-11-27,3.3454,-14.13,72.7,1.9,0.0,3.9862
2018-11-28,2.6285,-11.54,65.5,2.17,0.0,3.804
2018-11-29,2.8882,-14.31,72.31,1.64,0.0,4.0313
2018-11-30,3.7925,-15.77,76.43,1.26,0.0,4.0008
2018-12-01,3.6823,-15.7,75.2,1.64,0.0,4.013
2018-12-02,3.3696,-16.02,84.41,1.66,0.0,4.0529
2018-12-03,3.7939,-18.69,75.65,1.5,0.0,4.1194
2018-12-04,3.7145,-15.67,77.83,1.31,0.0,4.0188
2018-12-05,2.7751,-14.92,75.73,1.45,0.0,3.9634
2018-12-06,1.7623,-16.16,80.34,1.8,0.0,3.6614
2018-12-07,3.6168,-16.88,75.71,1.29,0.0,3.9756
2018-12-08,2.2162,-13.98,75.84,1.54,0.0,3.8813
2018-12-09,2.5872,-15.25,82.05,1.79,0.0,3.9048
2018-12-10,1.6678,-16.17,80.58,1.85,1.82,3.8321
2018-12-11,2.0993,-16.59,77.21,1.59,4.26,3.8887
2018-12-12,2.4046,-15.52,80.8,1.17,3.0,3.8863
2018-12-13,1.95,-16.55,85.16,0.95,3.96,3.8849
2018-12-14,3.2326,-20.28,82.01,0.95,0.42,3.9365
2018-12-15,3.5717,-24.08,81.5,1.39,0.0,4.0188
2018-12-16,3.5952,-22.84,77.77,1.32,0.0,3.9749
2018-12-17,3.594,-21.17,78.76,1.21,0.0,3.9566
2018-12-18,3.5741,-18.45,70.65,1.05,0.0,3.888
2018-12-19,2.2805,-15.23,67.36,2.5,0.0,3.7598
2018-12-20,3.3588,-19.23,63.38,2.27,0.0,3.8436
2018-12-21,3.5755,-20.19,73.17,1.5,0.0,3.942
2018-12-22,3.0012,-18.96,55.77,1.66,0.0,3.8556
2018-12-23,3.4382,-19.88,60.7,2.48,0.0,3.805
2018-12-24,3.3643,-20.93,70.8,1.88,0.0,3.8196
2018-12-25,3.6336,-22.54,76.85,1.48,0.0,3.918
2018-12-26,2.929,-22.41,73.6,1.65,0.16,3.9336
2018-12-27,2.4996,-20.08,73.31,1.34,0.6,3.8878
2018-12-28,3.5465,-22.91,64.96,0.95,0.01,3.9725
2018-12-29,3.4709,-20.67,68.69,1.12,0.0,3.9041
2018-12-30,2.3196,-15.07,71.96,1.7,0.0,3.8726
2018-12-31,3.2628,-17.7,81.97,1.4,0.0,3.935
2019-01-01,3.1231,-19.66,80.13,1.54,0.46,3.8712
2019-01-02,1.8838,-16.37,84.96,2.15,1.25,3.8614
2019-01-03,3.4274,-19.92,78.86,1.68,0.1,4.0344
2019-01-04,2.3026,-18.51,86.53,1.67,2.56,3.9737
2019-01-05,1.3308,-14.7,86.14,2.0,4.59,3.9528
2019-01-06,1.7215,-18.94,90.01,1.12,4.08,3.943
2019-01-07,3.3463,-23.74,87.6,1.26,0.25,4.0786
2019-01-08,2.1274,-17.55,88.4,1.75,0.0,4.05
2019-01-09,3.2429,-18.8,85.04,1.67,0.0,4.1242
2019-01-10,3.1229,-19.21,85.13,1.64,0.41,4.1263
2019-01-11,2.5694,-17.74,87.87,2.21,0.06,4.1347
2019-01-12,2.065,-21.56,91.41,1.99,3.34,4.0546
2019-01-13,1.5487,-19.77,75.83,2.13,5.29,4.1585
2019-01-14,3.696,-25.52,77.79,1.21,0.04,4.3207
2019-01-15,2.8848,-20.23,77.71,1.5,0.06,4.2223
2019-01-16,0.8462,-15.25,91.65,2.05,0.35,4.1784
2019-01-17,3.7512,-17.87,70.16,1.6,0.05,4.3349
2019-01-18,3.4622,-20.98,80.86,1.25,0.04,4.3224
2019-01-19,2.6364,-13.62,90.8,1.26,0.3,4.1969
2019-01-20,2.172,-14.31,87.69,2.36,4.21,4.2365
2019-01-21,1.3699,-13.21,77.05,2.21,7.92,4.3721
2019-01-22,1.4806,-15.01,80.86,1.99,8.52,4.3409
2019-01-23,1.661,-18.04,69.37,2.01,1.88,4.3495
2019-01-24,2.5608,-22.79,81.16,1.8,2.16,4.6166
2019-01-25,2.5298,-20.88,80.76,1.31,2.41,4.6104
2019-01-26,3.5899,-24.04,76.85,1.82,0.26,4.7186
2019-01-27,4.1268,-27.8,88.58,1.66,0.08,4.776
2019-01-28,4.2185,-26.73,83.06,1.37,0.0,4.8046
2019-01-29,4.0044,-24.33,87.9,1.64,0.0,4.8002
2019-01-30,2.2219,-15.47,90.36,1.38,2.65,4.7023
2019-01-31,2.5949,-14.09,85.7,1.95,6.56,4.7669
2019-02-01,2.2558,-17.26,83.23,1.52,2.48,4.7599
2019-02-02,3.1154,-23.44,89.88,1.89,0.04,4.8802
2019-02-03,2.9714,-22.92,87.08,1.92,0.0,4.9462
2019-02-04,2.1466,-20.59,83.2,1.94,0.0,4.9138
2019-02-05,2.851,-14.98,74.74,2.41,0.34,4.9889
2019-02-06,1.5953,-13.95,80.58,2.81,4.47,4.8382
2019-02-07,1.045,-13.53,83.41,2.18,24.31,4.8722
2019-02-08,3.0979,-16.28,77.27,1.89,5.78,5.1778
2019-02-09,4.8761,-22.35,83.16,1.26,0.01,5.2798
2019-02-10,3.2974,-16.69,83.09,1.38,0.0,5.2207
2019-02-11,3.1452,-15.18,89.58,1.92,0.0,5.268
2019-02-12,2.4734,-15.12,89.08,1.7,0.12,5.3122
2019-02-13,2.0014,-11.34,92.7,1.79,0.4,5.3117
2019-02-14,2.863,-12.41,86.23,2.04,7.69,5.3683
2019-02-15,1.2314,-13.79,83.44,2.57,4.38,5.346
2019-02-16,5.0614,-20.31,85.03,1.88,0.03,5.6431
2019-02-17,3.8609,-20.95,89.25,2.31,1.02,5.6873
2019-02-18,2.3069,-15.04,83.95,3.24,1.95,5.6681
2019-02-19,2.9282,-17.83,85.91,2.52,2.42,5.7691
2019-02-20,4.1254,-16.71,88.21,2.14,3.69,5.767
2019-02-21,0.7193,-9.05,78.53,5.33,14.13,5.6278
2019-02-22,4.493,-14.63,72.89,3.08,0.69,5.8476
2019-02-23,4.7014,-21.49,77.39,1.94,0.23,6.0655
2019-02-24,2.1886,-16.63,86.31,1.96,0.0,5.981
2019-02-25,3.3799,-18.82,85.47,1.81,0.4,6.179
2019-02-26,3.5491,-19.38,85.33,1.89,1.01,6.1426
2019-02-27,4.1674,-18.68,85.53,1.38,0.64,6.1891
2019-02-28,5.4922,-21.11,85.41,1.45,0.04,6.311
2019-03-01,3.001,-18.18,79.9,2.17,0.26,6.2578
2019-03-02,3.3228,-12.7,83.74,2.66,7.83,6.2786
2019-03-03,3.9569,-11.36,81.15,2.18,3.86,6.3679
2019-03-04,4.4808,-14.66,85.01,1.68,0.89,6.4373
2019-03-05,4.9313,-13.89,83.52,1.61,0.08,6.5165
2019-03-06,5.4182,-16.75,81.41,1.84,0.06,6.5858
2019-03-07,4.9831,-16.72,83.02,2.14,0.16,6.6638
2019-03-08,4.6517,-17.34,80.32,1.87,0.0,6.6742
2019-03-09,4.5146,-14.6,79.38,1.69,0.0,6.702
2019-03-10,6.6014,-18.63,72.02,1.98,0.04,6.8808
2019-03-11,4.1628,-16.56,76.71,2.59,4.24,6.7747
2019-03-12,6.4241,-14.8,65.32,2.03,0.55,6.943
2019-03-13,6.1838,-15.68,75.81,1.91,2.82,6.8892
2019-03-14,2.6566,-12.55,84.59,1.44,3.86,6.8645
2019-03-15,4.3946,-14.93,79.14,1.49,0.53,6.8143
2019-03-16,6.8203,-14.76,72.19,1.2,0.0,7.1182
2019-03-17,5.3328,-11.98,78.86,1.28,0.48,7.0493
2019-03-18,5.7254,-12.45,81.37,1.77,0.1,7.02
2019-03-19,5.2994,-12.44,85.47,1.88,1.46,7.1844
2019-03-20,4.1544,-14.17,87.56,2.12,9.07,7.2437
2019-03-21,5.2625,-12.17,82.2,1.94,1.83,7.2754
2019-03-22,6.5206,-14.2,77.68,1.8,0.0,7.452
2019-03-23,4.909,-14.01,84.45,1.68,0.01,7.3891
2019-03-24,4.0061,-11.5,79.54,2.25,0.9,7.3608
2019-03-25,4.8036,-11.65,76.92,1.72,1.28,7.3886
2019-03-26,7.4714,-12.85,75.04,1.05,0.29,7.6457
2019-03-27,6.3079,-10.91,74.81,1.22,0.0,7.493
2019-03-28,5.9729,-6.35,81.33,1.76,0.0,7.5242
2019-03-29,4.7489,-8.27,78.1,1.68,0.01,7.5115
2019-03-30,4.9349,-9.99,76.61,2.67,0.09,7.7297
2019-03-31,7.2262,-9.98,64.49,2.03,0.0,7.8946
2019-04-01,7.6454,-8.97,69.08,1.77,0.0,7.9846
2019-04-02,7.5706,-9.33,67.42,2.02,0.0,7.9092
2019-04-03,7.7064,-8.22,85.19,1.25,0.0,7.9618
2019-04-04,7.5607,-6.62,86.98,1.11,0.0,7.7362
2019-04-05,7.0682,-6.24,84.87,1.42,0.0,7.7724
2019-04-06,6.1301,-4.58,77.64,1.71,0.07,7.9008
2019-04-07,7.8682,-4.59,65.28,1.78,0.01,8.2594
2019-04-08,6.4066,-4.59,68.75,1.75,0.13,7.9212
2019-04-09,8.0477,-3.02,65.75,1.12,0.02,8.197
2019-04-10,6.929,-3.64,69.98,2.49,0.02,7.9586
2019-04-11,6.9986,-3.34,64.97,2.12,0.0,8.1662
2019-04-12,4.9805,-3.25,73.24,2.43,0.04,7.9807
2019-04-13,5.5334,-3.09,74.89,2.21,0.3,8.1605
2019-04-14,5.3405,-2.97,75.72,1.89,0.03,8.1994
2019-04-15,6.2974,-2.2,70.57,1.77,0.0,8.2896
2019-04-16,5.8488,-2.38,72.48,2.39,2.45,8.1192
2019-04-17,5.2968,-3.1,79.52,1.75,4.3,8.2694
2019-04-18,4.6829,-3.51,78.67,1.86,0.9,8.4518
2019-04-19,8.1497,-1.29,58.83,1.38,0.0,8.587
2019-04-20,7.8386,0.07,46.69,1.35,0.0,8.5286
2019-04-21,7.26,-0.02,57.43,1.76,0.0,8.3762
2019-04-22,7.5917,-0.22,58.18,1.81,0.0,8.4816
2019-04-23,8.1715,0.94,54.85,1.91,0.01,8.5994
2019-04-24,5.537,-0.52,69.84,2.22,2.81,8.4722
2019-04-25,5.0954,-1.11,67.43,2.5,1.56,8.5171
2019-04-26,7.4791,-1.53,59.14,2.8,0.08,8.7197
2019-04-27,7.7933,-1.3,49.95,3.14,0.04,8.8723
2019-04-28,8.5068,-1.05,46.9,2.97,0.0,8.9777
2019-04-29,7.9114,-0.01,48.78,2.71,0.0,9.0338
2019-04-30,3.8285,-1.39,67.29,3.15,0.57,8.6218
2019-05-01,5.291,-2.4,72.53,2.79,1.06,8.5783
2019-05-02,5.6638,-2.86,66.64,2.69,1.33,8.839
2019-05-03,6.0317,-3.27,63.58,2.73,0.15,8.6796
2019-05-04,7.7455,-3.08,54.07,2.46,0.01,9.1092
2019-05-05,6.5189,-3.78,59.83,3.11,0.01,9.1426
2019-05-06,8.8442,-2.73,47.87,2.41,0.0,9.3672
2019-05-07,8.4144,-1.75,52.84,2.87,0.04,9.2614
2019-05-08,8.4084,-1.0,57.04,1.88,0.0,9.2779
2019-05-09,8.8097,0.53,53.77,1.38,0.0,9.0929
2019-05-10,6.557,0.49,61.13,1.54,0.82,8.8169
2019-05-11,6.7702,-0.8,73.03,1.5,0.58,8.6947
2019-05-12,5.639,-0.86,69.21,1.76,0.76,8.633
2019-05-13,7.7875,-0.21,66.23,1.75,0.24,9.0245
2019-05-14,5.6779,-0.44,68.85,2.0,2.87,8.6681
2019-05-15,7.0874,-0.2,71.68,2.14,2.36,8.9585
2019-05-16,5.2186,0.21,67.12,1.97,0.52,8.9868
2019-05-17,6.8021,0.4,72.95,1.87,6.38,9.2458
2019-05-18,6.049,-0.26,68.02,2.02,1.36,9.1632
2019-05-19,8.1134,0.84,54.07,1.81,0.16,9.4025
2019-05-20,6.7452,1.03,56.39,2.25,0.09,9.205
2019-05-21,8.3431,1.29,57.56,1.37,0.0,9.3802
2019-05-22,8.0114,2.47,56.33,1.71,0.0,9.3302
2019-05-23,5.8188,1.18,68.22,1.52,3.37,9.1224
2019-05-24,4.8422,0.25,65.81,2.46,2.9,9.0864
2019-05-25,5.6815,0.83,54.41,1.73,0.1,9.3782
2019-05-26,7.1479,0.65,59.1,2.77,1.66,9.5357
2019-05-27,7.381,-0.26,62.36,2.21,0.14,9.4598
2019-05-28,8.4197,0.52,56.44,1.97,0.0,9.5258
2019-05-29,9.0382,1.09,49.44,1.75,0.0,9.5861
2019-05-30,9.4694,2.84,33.58,1.26,0.0,9.6907
2019-05-31,9.2004,4.16,43.91,1.68,0.0,9.5741
2019-06-01,7.6291,3.6,60.75,2.11,0.0,9.1493
2019-06-02,7.4098,3.15,61.87,2.27,1.3,9.1932
2019-06-03,5.8997,2.31,64.58,2.67,0.8,9.0936
2019-06-04,5.1353,1.92,62.67,2.59,1.71,9.0816
2019-06-05,6.2762,1.54,56.93,2.58,0.43,9.3614
2019-06-06,6.4056,1.16,60.49,2.07,0.61,8.9986
2019-06-07,6.1488,2.34,61.04,2.14,0.09,9.1229
2019-06-08,6.8746,2.25,57.44,2.26,0.02,9.2294
2019-06-09,6.8573,3.36,53.47,2.59,0.0,9.4313
2019-06-10,8.4624,3.71,49.97,2.67,0.08,9.4601
2019-06-11,3.6442,2.91,60.48,3.04,4.3,8.677
2019-06-12,3.714,2.36,63.43,4.12,2.38,8.8733
2019-06-13,6.7418,1.78,54.85,2.96,0.4,9.3641
2019-06-14,8.8078,3.72,50.21,1.86,0.0,9.5122
2019-06-15,7.3985,2.47,58.25,2.46,0.22,9.449
2019-06-16,6.1166,2.91,58.63,2.42,0.03,9.1212
2019-06-17,5.6736,2.48,58.13,2.01,0.93,9.245
2019-06-18,4.7345,1.74,64.45,2.3,3.25,9.1382
2019-06-19,5.7703,3.15,53.79,1.95,0.08,9.1272
2019-06-20,5.7871,2.7,62.19,1.67,0.14,9.325
2019-06-21,4.7496,3.6,61.73,1.8,0.1,9.2652
2019-06-22,6.8722,4.85,60.43,2.24,0.04,9.4874
2019-06-23,6.835,4.35,61.49,2.31,0.58,9.271
2019-06-24,5.2001,5.05,65.36,2.01,0.64,8.874
2019-06-25,5.5716,4.97,61.42,3.24,0.7,9.1094
2019-06-26,5.8078,3.3,53.26,2.17,0.35,9.3502
2019-06-27,6.9809,3.79,56.4,2.08,0.11,9.462
2019-06-28,6.8518,4.01,56.5,2.36,0.03,9.1939
2019-06-29,8.3266,5.64,50.16,1.75,0.05,9.1898
2019-06-30,6.2532,6.06,50.89,2.18,0.21,9.2407
2019-07-01,7.8898,5.98,50.08,1.88,0.13,9.3857
2019-07-02,7.5557,6.9,52.48,1.66,0.01,9.4085
2019-07-03,8.7199,9.96,40.04,1.61,0.11,9.3842
2019-07-04,7.7942,9.3,53.99,2.11,0.73,9.2964
2019-07-05,6.0744,8.42,59.69,2.16,0.87,9.2942
2019-07-06,6.6266,8.85,54.68,1.82,0.07,9.247
2019-07-07,6.8585,9.9,55.52,1.66,2.37,8.6887
2019-07-08,7.9538,10.73,48.9,1.85,1.82,9.0175
2019-07-09,7.6147,10.83,48.16,1.85,1.24,8.7902
2019-07-10,6.7822,10.14,65.65,1.92,0.85,9.173
2019-07-11,6.8064,10.08,56.33,2.16,0.25,9.0689
2019-07-12,6.5436,10.16,45.78,2.07,0.7,9.3888
2019-07-13,7.1208,9.32,43.91,2.09,1.31,9.2974
2019-07-14,6.3523,8.52,54.97,1.84,2.53,9.3002
2019-07-15,6.6562,8.1,49.69,1.77,2.87,9.1543
2019-07-16,7.9159,7.03,38.61,1.49,0.91,9.0199
2019-07-17,8.6618,9.01,34.59,1.54,1.56,9.2899
2019-07-18,8.0107,9.4,39.21,1.17,0.89,9.1982
2019-07-19,5.0227,6.52,62.12,1.59,1.29,8.9484
2019-07-20,8.0412,9.28,40.65,1.58,0.06,9.1769
2019-07-21,8.1605,10.04,33.91,1.41,0.62,8.9962
2019-07-22,7.5804,10.84,35.18,1.71,0.42,9.1459
2019-07-23,8.3136,11.59,34.57,1.63,0.2,9.0725
2019-07-24,7.9366,13.24,34.52,1.33,1.66,8.9959
2019-07-25,7.3668,10.36,59.07,0.91,3.48,8.7341
2019-07-26,5.2241,8.96,69.1,1.75,4.24,8.6594
2019-07-27,4.6277,8.35,70.68,1.94,2.1,8.6573
2019-07-28,5.5819,10.21,66.09,2.2,3.54,8.639
2019-07-29,6.0302,11.02,66.6,1.56,1.19,8.5613
2019-07-30,7.5895,13.12,61.29,1.66,0.13,8.4919
2019-07-31,7.3466,13.08,55.78,1.75,2.68,8.5754
2019-08-01,6.115,12.17,50.56,1.59,1.55,8.5034
2019-08-02,4.7777,7.31,65.66,0.86,1.7,8.587
2019-08-03,5.5802,9.72,60.77,1.53,0.11,8.4192
2019-08-04,6.667,10.58,56.44,1.49,0.77,8.4254
2019-08-05,6.4294,11.46,49.07,1.41,0.76,8.6534
2019-08-06,7.2367,11.33,44.09,1.87,3.21,8.6477
2019-08-07,6.7399,10.58,48.04,1.52,2.85,8.4828
2019-08-08,7.5293,12.53,45.59,1.44,0.33,8.5658
2019-08-09,6.0826,12.68,47.79,1.65,0.9,8.551
2019-08-10,4.7892,10.18,64.38,2.25,2.1,7.9272
2019-08-11,5.2394,11.03,63.88,1.98,1.22,7.8751
2019-08-12,6.7829,11.82,58.94,1.66,1.81,8.2474
2019-08-13,6.1567,12.11,52.62,1.42,1.21,8.2123
2019-08-14,3.7644,9.85,66.27,1.98,0.86,7.9622
2019-08-15,5.664,10.68,60.53,2.22,0.44,7.9457
2019-08-16,6.0005,10.06,53.29,2.05,1.46,8.2766
2019-08-17,3.539,7.07,66.18,2.13,9.16,8.1379
2019-08-18,6.3701,4.85,66.24,1.68,3.92,8.2826
2019-08-19,3.7306,5.03,58.32,2.24,1.2,8.2414
2019-08-20,6.0384,4.8,46.66,2.2,0.1,8.2385
2019-08-21,6.6026,5.51,40.33,1.71,0.2,8.2982
2019-08-22,7.1875,6.81,36.48,1.65,0.03,8.3009
2019-08-23,6.6007,8.01,44.3,1.68,0.0,8.0971
2019-08-24,7.2209,9.09,55.3,1.89,0.29,8.0551
2019-08-25,6.6065,9.27,49.64,1.79,1.05,8.1053
2019-08-26,5.8433,9.23,47.44,1.55,1.29,7.8134
2019-08-27,6.469,9.84,61.33,1.75,0.1,7.8497
2019-08-28,5.3426,9.58,62.85,1.53,0.14,7.8396
2019-08-29,6.1502,10.14,55.6,1.64,0.34,7.625
2019-08-30,4.9258,10.36,58.26,1.61,1.03,7.7851
2019-08-31,4.7352,9.8,60.57,2.11,0.12,7.7174
2019-09-01,5.1446,8.92,54.03,2.18,0.13,7.4681
2019-09-02,5.532,8.74,55.73,1.75,0.0,7.5499
2019-09-03,7.2425,9.26,48.81,1.61,0.02,7.651
2019-09-04,7.2943,8.61,48.26,1.75,0.12,7.6733
2019-09-05,7.2382,8.35,52.62,1.97,2.32,7.6802
2019-09-06,7.1558,7.52,51.06,2.24,0.0,7.5674
2019-09-07,6.006,5.98,47.45,2.33,0.03,7.6658
2019-09-08,7.1191,5.8,44.65,1.96,0.81,7.5641
2019-09-09,7.301,6.52,38.34,1.75,0.0,7.6118
2019-09-10,7.3056,6.4,28.21,2.36,0.0,7.6646
2019-09-11,7.3402,5.57,32.51,2.22,0.4,7.6128
2019-09-12,7.1911,5.88,36.09,2.42,0.0,7.5787
2019-09-13,6.7918,5.3,48.25,2.12,0.41,7.3392
2019-09-14,6.8114,5.34,50.29,2.14,0.11,7.2374
2019-09-15,6.6149,4.36,54.07,2.34,0.78,7.249
2019-09-16,6.7162,2.78,63.8,2.55,2.11,7.229
2019-09-17,4.5686,1.67,53.35,2.34,0.12,6.8731
2019-09-18,6.7651,2.68,26.08,1.45,0.0,7.3966
2019-09-19,6.8069,4.62,20.28,1.37,0.03,7.2202
2019-09-20,5.6321,4.08,45.86,1.2,1.84,6.8258
2019-09-21,4.554,3.25,58.77,1.55,0.11,6.9823
2019-09-22,6.1032,4.18,36.45,1.4,0.39,7.1088
2019-09-23,6.6588,5.23,19.95,1.52,0.8,7.1681
2019-09-24,6.4109,6.6,17.11,1.42,0.0,7.0248
2019-09-25,6.4008,6.92,22.43,1.44,0.0,6.8069
2019-09-26,5.9834,6.18,48.3,1.63,1.15,6.7039
2019-09-27,5.6438,5.86,44.48,1.58,4.38,6.6898
2019-09-28,4.9054,4.99,39.94,1.51,0.15,6.4704
2019-09-29,4.1378,3.28,63.8,1.44,1.85,6.5777
2019-09-30,4.363,2.38,64.43,1.95,2.67,6.3578
2019-10-01,3.9698,1.52,54.6,2.26,1.53,6.2306
2019-10-02,4.8598,0.71,55.6,1.84,0.19,6.3353
2019-10-03,4.4453,-0.31,56.08,1.6,3.36,6.3689
2019-10-04,3.5976,-2.1,70.28,1.68,1.04,6.1591
2019-10-05,4.0385,-1.08,58.04,1.6,0.05,6.2628
2019-10-06,4.4976,0.37,48.03,1.83,0.68,6.2198
2019-10-07,2.8229,-0.44,59.62,2.14,0.83,6.0708
2019-10-08,3.7445,-0.7,51.44,1.87,0.0,6.0766
2019-10-09,3.1138,-1.73,56.61,2.27,0.54,6.0792
2019-10-10,4.6949,-1.34,40.14,1.49,0.0,6.0946
2019-10-11,5.2706,-0.38,38.28,1.77,0.0,6.168
2019-10-12,4.7611,-0.87,46.69,1.18,0.0,6.103
2019-10-13,5.1667,0.17,35.0,1.28,0.0,6.1121
2019-10-14,5.369,-0.35,30.62,1.35,0.08,6.1613
2019-10-15,4.7472,0.02,33.42,1.23,0.48,6.0506
2019-10-16,5.1214,0.29,25.54,1.15,0.04,5.8793
2019-10-17,4.1393,-0.77,53.19,1.5,2.6,5.6383
2019-10-18,3.3557,-3.08,53.66,1.75,3.19,5.2723
2019-10-19,2.9772,-4.15,52.61,1.81,0.12,5.441
2019-10-20,3.1106,-4.49,53.85,1.7,0.0,5.4242
2019-10-21,3.3797,-4.07,48.03,2.25,0.0,5.4686
2019-10-22,4.001,-4.1,48.65,2.35,0.0,5.5457
2019-10-23,2.9707,-4.39,51.96,2.27,0.0,5.3275
2019-10-24,3.4726,-4.49,51.27,2.03,0.0,5.3359
2019-10-25,3.312,-4.63,49.68,2.15,0.0,5.3508
2019-10-26,3.4277,-4.26,49.18,1.83,0.0,5.3554
2019-10-27,4.3032,-3.03,42.28,1.51,0.0,5.3117
2019-10-28,4.1275,-2.08,42.69,1.88,0.0,5.2001
2019-10-29,4.4767,-1.9,45.87,1.54,0.0,5.0662
2019-10-30,4.2137,-2.48,52.78,1.52,0.0,5.1288
2019-10-31,3.2388,-3.35,54.94,1.36,0.0,4.8984
2019-11-01,3.6151,-3.12,47.1,1.58,0.0,5.0119
2019-11-02,3.7462,-3.63,60.22,1.8,0.0,4.9034
2019-11-03,3.1519,-3.7,64.93,1.89,4.02,4.9162
2019-11-04,3.6454,-4.87,58.34,2.33,0.56,4.879
2019-11-05,3.8654,-6.39,54.96,2.39,0.0,4.884
2019-11-06,2.1698,-7.08,49.28,3.45,5.48,4.8386
2019-11-07,3.5054,-9.34,71.72,2.07,25.37,4.7486
2019-11-08,2.2363,-12.82,80.79,1.63,8.42,4.7503
2019-11-09,4.3618,-18.24,84.66,1.51,1.61,4.7563
2019-11-10,4.5199,-19.46,76.68,1.49,0.0,4.733
2019-11-11,2.9004,-17.17,82.15,1.52,0.0,4.6462
2019-11-12,1.7966,-11.0,83.29,1.41,0.0,4.4926
2019-11-13,2.9179,-11.77,78.5,1.65,0.01,4.4215
2019-11-14,2.4566,-10.09,88.12,1.42,0.93,4.4057
2019-11-15,1.8187,-10.44,90.17,1.84,1.28,4.4158
2019-11-16,1.6284,-9.52,86.63,2.04,4.74,4.2605
2019-11-17,3.425,-12.97,85.15,1.25,0.24,4.3085
2019-11-18,3.8393,-16.89,79.46,1.49,0.0,4.5163
2019-11-19,4.0644,-16.52,72.57,1.41,0.0,4.4486
2019-11-20,2.3863,-12.46,69.28,1.24,0.0,4.2523
2019-11-21,2.0244,-11.87,87.12,1.83,0.15,4.2595
2019-11-22,1.5542,-8.76,91.8,1.93,9.79,4.2103
2019-11-23,2.5534,-9.49,86.48,2.0,4.74,4.183
2019-11-24,2.9904,-19.09,79.26,2.13,0.02,4.3044
2019-11-25,2.6448,-20.65,85.2,2.06,0.0,4.1873
2019-11-26,2.1554,-18.94,81.21,1.84,0.95,4.1184
2019-11-27,2.0933,-14.17,75.27,2.08,6.5,3.9557
2019-11-28,1.8571,-15.64,78.65,2.11,13.91,3.9898
2019-11-29,1.5816,-18.41,88.4,1.62,3.41,4.0027
2019-11-30,3.5174,-23.5,83.35,1.44,0.04,4.1981
2019-12-01,3.648,-21.37,84.6,1.48,0.0,4.0289
2019-12-02,3.5098,-21.64,90.41,1.17,0.0,4.0661
2019-12-03,3.8957,-23.06,79.52,1.47,0.0,4.1484
2019-12-04,3.7258,-20.57,79.28,1.5,0.0,4.0325
2019-12-05,3.6792,-21.13,82.06,1.66,0.0,3.9418
2019-12-06,3.5227,-20.9,85.19,1.39,0.0,3.985
2019-12-07,3.6504,-20.82,79.7,1.32,0.0,3.9691
2019-12-08,3.7865,-20.25,71.31,1.33,0.0,4.0279
2019-12-09,2.7362,-17.24,75.83,1.34,0.0,3.7594
2019-12-10,1.5314,-16.15,94.45,1.38,0.0,3.8196
2019-12-11,1.4434,-14.95,83.81,2.03,0.68,3.8045
2019-12-12,1.6963,-14.94,91.16,1.33,19.21,3.8501
2019-12-13,0.9842,-13.75,88.71,1.24,23.95,3.7166
2019-12-14,1.9037,-19.87,86.72,1.86,1.89,3.8016
2019-12-15,2.8778,-28.05,93.67,1.7,0.0,3.8909
2019-12-16,3.4128,-28.57,87.43,1.5,0.0,3.8822
2019-12-17,3.4579,-28.35,90.51,1.38,0.0,3.9346
2019-12-18,1.9459,-20.11,89.37,1.49,0.0,3.81
2019-12-19,1.6961,-14.29,89.77,2.68,0.0,3.7157
2019-12-20,1.4004,-17.1,89.24,1.64,3.81,3.7733
2019-12-21,2.3966,-22.67,94.21,1.47,0.31,3.8316
2019-12-22,3.3859,-25.56,91.5,1.51,0.02,3.9012
2019-12-23,3.1358,-24.8,86.1,1.43,0.0,3.8611
2019-12-24,2.6731,-25.56,88.81,1.44,0.0,3.8018
2019-12-25,3.2371,-27.03,82.51,1.34,0.0,3.7954
2019-12-26,3.5414,-28.1,88.56,1.43,0.0,3.9638
2019-12-27,3.517,-26.39,87.55,1.29,0.0,3.9055
2019-12-28,3.6094,-22.47,81.68,1.34,0.0,3.9134
2019-12-29,3.4308,-20.96,71.54,1.27,0.0,3.9034
2019-12-30,3.2419,-22.58,80.61,1.62,0.0,3.8006
2019-12-31,1.3176,-24.66,81.97,2.14,0.0,3.7714
2020-01-01,1.6116,-24.13,90.37,1.51,0.0,3.8964
2020-01-02,3.2206,-25.42,85.22,1.35,0.0,3.8486
2020-01-03,2.8236,-23.48,88.97,1.44,0.4,3.917
2020-01-04,1.6562,-20.4,90.36,1.84,0.35,3.9768
2020-01-05,2.5476,-20.24,78.26,1.4,0.02,4.0159
2020-01-06,1.2552,-13.89,86.17,2.08,3.39,3.9391
2020-01-07,2.0062,-14.62,80.47,2.54,3.38,4.0291
2020-01-08,1.3495,-18.88,76.04,2.19,6.34,4.0222
2020-01-09,3.342,-25.9,85.05,1.35,0.38,4.1676
2020-01-10,3.6466,-26.32,76.89,1.5,0.0,4.1434
2020-01-11,2.641,-21.99,78.21,1.53,0.6,4.0699
2020-01-12,1.3759,-13.25,88.64,2.55,2.59,4.0284
2020-01-13,0.6878,-11.29,82.24,4.51,26.66,4.0267
2020-01-14,1.613,-19.71,69.94,2.37,2.16,4.2024
2020-01-15,2.6424,-19.1,79.6,1.79,1.31,4.2166
2020-01-16,2.4953,-18.18,81.19,1.21,0.93,4.1962
2020-01-17,2.3916,-23.03,88.86,1.31,0.36,4.2504
2020-01-18,3.0389,-24.52,89.44,1.33,0.18,4.3037
2020-01-19,3.6686,-25.73,90.76,1.52,0.01,4.4455
2020-01-20,1.7266,-20.48,83.89,1.94,1.71,4.3514
2020-01-21,1.5506,-16.81,86.62,1.99,3.17,4.3493
2020-01-22,2.646,-19.46,78.77,2.32,0.18,4.4582
2020-01-23,3.9396,-27.08,80.06,1.39,0.0,4.584
2020-01-24,3.6929,-21.46,70.87,1.41,0.0,4.547
2020-01-25,1.8043,-16.23,82.29,2.42,0.13,4.4947
2020-01-26,3.655,-19.31,79.93,2.12,0.09,4.5871
2020-01-27,4.1688,-22.7,78.82,1.7,0.34,4.6495
2020-01-28,2.1617,-18.61,88.33,1.48,11.68,4.6438
2020-01-29,1.8622,-17.96,86.55,0.9,1.29,4.6577
2020-01-30,3.9326,-25.1,87.39,1.38,0.02,4.8326
2020-01-31,4.0253,-23.97,77.29,1.6,0.12,4.8197
2020-02-01,4.1506,-20.57,81.33,1.12,0.09,4.9162
2020-02-02,4.4333,-25.38,83.79,1.48,0.0,4.9075
2020-02-03,4.7081,-24.17,80.96,1.79,0.0,4.9553
2020-02-04,2.4826,-23.95,88.28,2.08,0.0,4.9754
2020-02-05,4.0488,-20.96,83.08,1.41,0.0,5.0789
2020-02-06,3.9334,-20.23,80.43,1.32,0.0,5.1427
2020-02-07,4.4335,-20.85,83.45,1.17,0.0,5.1802
2020-02-08,4.9037,-23.59,82.34,1.33,0.0,5.2987
2020-02-09,4.8461,-20.7,77.31,1.75,0.0,5.208
2020-02-10,4.9385,-20.56,78.9,1.62,0.0,5.2536
2020-02-11,3.941,-17.99,87.25,2.01,0.11,5.2306
2020-02-12,2.3196,-12.2,89.44,2.12,0.04,5.1938
2020-02-13,2.8373,-9.46,82.86,3.23,0.09,5.268
2020-02-14,4.7078,-15.07,69.86,1.99,0.0,5.5584
2020-02-15,4.9822,-19.69,78.27,2.33,0.0,5.5457
2020-02-16,4.932,-16.5,66.7,2.03,0.0,5.6234
2020-02-17,5.3892,-21.39,88.29,1.59,0.0,5.7086
2020-02-18,3.8143,-17.67,79.24,2.15,0.0,5.6326
2020-02-19,3.173,-14.56,79.88,1.84,0.38,5.5193
2020-02-20,4.6118,-13.71,80.33,1.17,0.89,5.6172
2020-02-21,5.2354,-14.89,79.11,1.17,0.13,5.5843
2020-02-22,5.3424,-17.02,84.16,1.3,0.0,5.7127
2020-02-23,5.489,-17.18,87.34,1.21,0.0,5.8354
2020-02-24,5.496,-18.03,80.69,1.43,0.02,6.0005
2020-02-25,5.1571,-15.83,86.07,1.33,0.04,5.9642
2020-02-26,5.8248,-16.46,82.88,1.29,0.0,6.1435
2020-02-27,3.6912,-14.48,88.95,1.5,0.0,5.9083
2020-02-28,4.6447,-13.1,88.85,1.52,1.32,5.6693
2020-02-29,3.834,-12.64,79.89,1.03,2.26,5.9806
2020-03-01,4.7393,-12.08,82.94,1.19,0.81,6.0269
2020-03-02,5.8534,-14.56,81.2,1.22,0.0,6.2482
2020-03-03,5.819,-13.81,82.4,1.2,0.0,6.3785
2020-03-04,5.5399,-13.01,74.19,1.6,0.72,6.3799
2020-03-05,4.4568,-14.58,77.91,1.77,3.51,6.4526
2020-03-06,3.5201,-11.78,78.06,1.65,3.17,6.4565
2020-03-07,3.0161,-14.02,84.86,2.44,7.51,6.5496
2020-03-08,4.5602,-14.77,79.54,2.31,1.39,6.6242
2020-03-09,3.8102,-15.27,75.26,1.86,0.13,6.6662
2020-03-10,4.0272,-17.2,68.43,2.13,0.02,6.7147
2020-03-11,5.7432,-15.44,71.52,1.4,4.76,6.7639
2020-03-12,4.3373,-12.37,73.77,3.33,11.38,6.7512
2020-03-13,2.8536,-12.44,84.38,1.41,10.79,6.7812
2020-03-14,4.1914,-13.46,79.03,0.96,1.13,6.9442
2020-03-15,5.9426,-13.92,84.82,1.27,0.35,6.8976
2020-03-16,7.0433,-16.99,78.99,1.34,0.0,7.2084
2020-03-17,6.701,-11.88,70.22,1.28,0.0,6.978
2020-03-18,6.2347,-12.12,80.58,1.29,0.2,7.0884
2020-03-19,6.4538,-10.84,75.75,1.07,0.17,7.1136
2020-03-20,6.4781,-11.42,78.88,1.4,0.23,7.2372
2020-03-21,6.3298,-10.76,84.17,1.47,1.94,7.2888
2020-03-22,6.2386,-8.85,84.25,1.34,1.31,7.3375
2020-03-23,7.091,-12.2,73.38,1.39,0.0,7.4153
2020-03-24,3.5988,-8.76,82.24,2.16,4.74,7.2557
2020-03-25,4.6891,-10.38,82.64,1.94,2.85,7.3582
2020-03-26,5.7305,-10.25,74.04,1.74,0.53,7.5029
2020-03-27,3.6773,-7.81,84.18,2.16,24.34,7.5115
2020-03-28,2.9918,-10.19,76.73,2.96,8.86,7.6634
2020-03-29,5.3551,-14.56,80.87,1.87,0.03,7.7309
2020-03-30,5.783,-14.42,82.41,1.93,0.0,7.7935
2020-03-31,4.429,-8.7,82.18,1.74,5.51,7.709
2020-04-01,5.2303,-8.92,80.97,2.46,3.25,7.8821
2020-04-02,4.6642,-11.96,79.89,1.29,0.78,8.0107
2020-04-03,7.4918,-12.87,79.79,1.27,0.04,8.0914
2020-04-04,7.501,-12.47,75.01,1.34,0.0,7.9824
2020-04-05,7.6925,-11.76,73.5,1.46,0.81,8.1262
2020-04-06,4.6666,-10.03,78.05,1.74,0.72,8.0767
2020-04-07,6.3672,-11.53,82.65,1.61,3.33,8.0467
2020-04-08,6.9979,-9.84,81.97,1.33,0.62,8.0398
2020-04-09,6.3185,-10.03,81.77,1.57,0.04,8.2056
2020-04-10,6.7265,-6.5,86.77,1.87,0.09,8.1096
2020-04-11,8.1574,-7.27,77.86,1.01,0.0,8.3606
2020-04-12,7.7383,-6.8,71.34,1.15,0.0,8.2884
2020-04-13,6.4178,-5.77,72.38,1.13,0.0,8.1466
2020-04-14,5.6755,-4.93,85.96,1.25,0.75,8.2339
2020-04-15,4.213,-5.1,82.46,2.37,1.97,8.2817
2020-04-16,6.8105,-7.59,73.8,1.58,0.02,8.497
2020-04-17,4.157,-5.03,78.01,1.44,15.26,8.4458
2020-04-18,4.9543,-6.07,81.93,2.12,2.0,8.5505
2020-04-19,5.767,-7.89,78.3,1.93,0.89,8.6275
2020-04-20,6.4822,-6.32,74.01,1.61,0.17,8.555
2020-04-21,6.4522,-5.1,70.69,0.98,1.36,8.6462
2020-04-22,7.4638,-5.23,70.17,1.29,0.08,8.7
2020-04-23,8.173,-4.1,58.54,1.3,0.16,8.7682
2020-04-24,8.6484,-3.72,54.73,0.97,0.01,8.7468
2020-04-25,8.43,-2.22,53.45,1.06,0.13,8.712
2020-04-26,6.7658,-0.49,60.68,0.9,0.55,8.1734
2020-04-27,5.1252,-1.55,77.64,1.03,1.24,8.0114
2020-04-28,6.3713,-0.88,73.5,1.09,0.09,8.5577
2020-04-29,7.4381,-0.89,69.17,1.27,0.0,8.5382
2020-04-30,5.6498,-1.04,71.41,1.75,0.7,8.7245
2020-05-01,7.309,-0.93,67.05,1.65,0.0,8.7329
2020-05-02,6.7642,-1.19,78.34,1.81,1.25,8.6959
2020-05-03,5.6158,-1.99,78.28,2.6,0.82,8.9364
2020-05-04,6.4474,-3.33,76.59,2.21,1.85,8.8673
2020-05-05,5.6098,-2.97,76.24,2.3,0.11,8.9858
2020-05-06,6.1234,-4.24,69.21,2.32,0.99,9.0283
2020-05-07,6.1094,-3.54,68.43,2.39,0.3,9.0578
2020-05-08,8.5872,-0.28,55.37,1.62,0.0,9.0031
2020-05-09,6.277,-1.2,73.86,2.83,0.51,8.9431
2020-05-10,5.3902,-1.29,69.9,2.18,0.61,8.9318
2020-05-11,6.8069,-1.24,66.5,1.66,0.01,9.1874
2020-05-12,6.4608,0.46,62.51,2.35,0.35,8.6678
2020-05-13,7.9601,1.49,62.46,2.3,0.01,8.9287
2020-05-14,6.4642,0.62,66.97,1.96,1.81,9.1104
2020-05-15,7.2324,0.48,59.79,2.16,0.08,9.0878
2020-05-16,7.6078,0.18,53.81,2.67,0.0,9.2316
2020-05-17,7.4798,-0.54,48.93,2.54,0.0,9.4397
2020-05-18,5.9122,-1.5,52.77,2.41,0.0,9.2539
2020-05-19,6.8854,-1.71,58.95,2.09,0.0,9.3163
2020-05-20,8.754,0.65,53.09,1.71,0.0,9.4982
2020-05-21,8.2176,2.76,40.72,1.97,0.0,9.5122
2020-05-22,8.412,3.55,46.91,2.17,0.0,9.377
2020-05-23,6.935,2.87,61.16,1.82,0.76,9.1015
2020-05-24,5.1838,1.97,70.71,1.5,1.36,9.0211
2020-05-25,7.1669,2.38,60.13,1.77,0.53,9.307
2020-05-26,7.3951,2.19,50.3,1.54,0.17,9.4246
2020-05-27,8.759,2.96,46.27,1.34,0.04,9.5388
2020-05-28,6.1387,1.48,70.47,1.31,0.53,9.0545
2020-05-29,4.5542,1.26,77.61,1.8,1.25,8.7715
2020-05-30,5.5562,2.44,65.56,1.9,1.74,8.5138
2020-05-31,5.2742,0.95,78.56,1.68,9.27,8.9921
2020-06-01,5.5339,1.35,74.68,1.76,1.58,9.085
2020-06-02,5.2843,2.16,71.79,1.78,0.41,8.9503
2020-06-03,5.3606,1.62,70.84,1.88,1.13,9.1687
2020-06-04,5.7134,2.34,71.05,1.6,0.74,9.1975
2020-06-05,5.9314,3.64,64.47,1.45,1.63,9.2203
2020-06-06,6.0518,3.44,66.6,1.47,1.79,9.0734
2020-06-07,6.287,4.28,59.3,1.58,0.45,9.2062
2020-06-08,7.6663,5.21,51.63,1.58,0.15,9.4985
2020-06-09,7.5926,4.35,62.33,1.9,0.11,9.2453
2020-06-10,7.4585,3.63,69.6,2.9,0.25,9.0982
2020-06-11,7.3294,3.07,64.09,2.62,0.18,9.1322
2020-06-12,7.6169,2.85,61.68,2.55,0.17,9.3271
2020-06-13,6.0566,2.82,56.78,2.72,0.72,9.2333
2020-06-14,7.7959,3.17,55.59,2.04,0.04,9.3271
2020-06-15,7.1957,3.64,59.99,1.92,0.07,9.3154
2020-06-16,7.8576,5.15,57.58,1.7,0.14,9.5671
2020-06-17,7.4402,5.54,61.26,2.17,0.14,9.1939
2020-06-18,7.4376,4.32,63.11,2.5,0.69,9.414
2020-06-19,7.9262,4.03,59.56,2.08,0.68,9.4644
2020-06-20,7.1714,3.53,71.31,2.05,0.58,9.341
2020-06-21,8.0875,4.75,67.41,1.83,0.5,9.5806
2020-06-22,9.2962,6.52,47.27,1.37,0.0,9.6526
2020-06-23,8.9587,8.25,43.38,1.67,0.27,9.3214
2020-06-24,6.1786,6.26,70.91,2.16,8.76,8.8771
2020-06-25,6.9206,5.35,69.93,2.63,0.92,9.3043
2020-06-26,7.8766,6.2,55.54,1.99,0.0,9.5563
2020-06-27,8.0695,6.52,61.66,2.63,0.02,9.3818
2020-06-28,8.4005,5.86,62.59,2.91,0.11,9.4546
2020-06-29,8.1384,5.58,56.63,2.24,1.56,9.4682
2020-06-30,8.6918,6.46,50.16,1.94,0.0,9.2422
2020-07-01,8.0009,6.84,59.87,2.18,0.48,9.0535
2020-07-02,8.7178,7.92,56.93,1.88,0.57,9.2333
2020-07-03,7.5408,7.37,65.12,1.71,0.63,9.3386
2020-07-04,7.2365,7.15,62.75,2.32,2.4,9.1034
2020-07-05,6.887,5.8,61.61,2.82,1.53,8.8502
2020-07-06,7.8118,5.7,56.89,2.3,0.03,9.269
2020-07-07,8.4902,7.65,57.46,1.5,0.06,9.1562
2020-07-08,4.9222,8.47,66.09,2.01,2.41,9.0955
2020-07-09,6.7025,8.96,61.05,2.61,0.06,9.181
2020-07-10,7.8497,7.06,60.57,2.46,1.89,9.2678
2020-07-11,8.5066,7.04,60.01,2.04,2.34,9.085
2020-07-12,6.6038,6.18,62.36,1.96,1.09,8.9489
2020-07-13,8.6302,6.6,55.29,2.49,0.06,9.107
2020-07-14,8.1391,7.29,53.31,1.96,0.07,9.1862
2020-07-15,8.6798,8.45,54.93,1.7,0.27,9.1176
2020-07-16,5.969,9.3,58.97,1.99,0.66,8.8243
2020-07-17,5.904,9.54,63.46,2.06,0.06,8.712
2020-07-18,6.288,9.76,60.93,2.25,0.6,8.7065
2020-07-19,6.7814,8.37,66.58,2.48,3.5,9.0686
2020-07-20,6.0499,7.49,62.89,2.39,2.12,9.0214
2020-07-21,2.7499,5.26,67.67,2.82,4.44,8.7694
2020-07-22,5.7127,4.75,63.45,2.12,1.13,8.9124
2020-07-23,8.8481,7.84,40.17,1.76,0.05,9.2774
2020-07-24,8.9021,10.36,30.12,1.39,0.09,9.1584
2020-07-25,7.0622,8.68,57.32,1.12,1.27,8.9527
2020-07-26,7.0774,10.04,60.63,1.81,0.07,8.7254
2020-07-27,7.0639,10.19,60.71,2.07,0.43,8.8238
2020-07-28,7.308,9.71,60.65,1.92,1.35,8.8906
2020-07-29,8.0609,9.69,64.17,1.86,5.54,9.0641
2020-07-30,7.8358,10.74,57.01,1.76,1.98,9.0391
2020-07-31,6.5758,9.94,60.96,1.85,1.57,8.861
2020-08-01,5.449,9.47,58.03,1.8,0.89,8.6842
2020-08-02,7.3097,9.58,57.41,1.86,0.23,8.7166
2020-08-03,7.8895,9.81,54.93,1.87,0.09,8.8066
2020-08-04,6.3775,9.96,57.1,1.78,0.9,8.7362
2020-08-05,6.1594,10.24,56.38,1.98,1.9,8.6462
2020-08-06,6.1392,10.57,60.24,1.58,5.6,8.4696
2020-08-07,7.7714,11.58,58.76,1.6,2.05,8.5399
2020-08-08,7.926,11.23,65.23,1.9,0.36,8.5776
2020-08-09,4.938,11.24,66.19,2.32,2.69,8.3938
2020-08-10,4.807,10.53,62.55,2.71,0.81,8.1432
2020-08-11,7.044,10.76,61.83,2.01,0.25,8.3551
2020-08-12,8.3078,11.51,55.88,2.18,0.32,8.7
2020-08-13,8.1497,10.46,54.42,1.93,1.61,8.6582
2020-08-14,8.1161,10.28,55.92,2.06,3.5,8.4744
2020-08-15,7.6054,10.46,54.11,1.69,4.54,8.4994
2020-08-16,8.3436,11.87,36.87,1.73,0.03,8.657
2020-08-17,8.2212,12.05,30.26,1.62,0.93,8.4862
2020-08-18,6.5134,11.24,52.08,1.89,3.19,8.4672
2020-08-19,6.6929,10.08,59.61,2.21,4.13,8.2267
2020-08-20,4.1604,8.64,64.79,2.14,2.82,8.0983
2020-08-21,2.8946,7.87,68.53,2.22,12.05,8.0592
2020-08-22,7.0469,8.43,52.8,1.54,0.09,8.2961
2020-08-23,7.8062,10.6,33.22,1.15,0.0,8.4329
2020-08-24,7.7914,11.88,31.36,1.17,0.64,8.2486
2020-08-25,6.8676,10.52,57.17,1.6,1.94,8.045
2020-08-26,3.7214,8.98,64.2,1.89,5.4,7.5778
2020-08-27,3.1841,8.37,70.45,2.73,7.8,7.7273
2020-08-28,3.8371,7.73,68.4,2.37,2.49,7.8809
2020-08-29,6.7073,7.59,58.87,1.83,0.09,7.9349
2020-08-30,6.8448,7.67,56.48,2.09,0.26,7.8787
2020-08-31,6.1109,9.03,57.11,1.61,2.63,7.4666
2020-09-01,7.271,9.36,49.26,2.07,0.38,7.7719
2020-09-02,7.1287,9.54,52.49,1.92,0.0,7.6174
2020-09-03,6.0408,7.6,71.1,1.74,0.6,7.4834
2020-09-04,3.8148,7.49,69.3,2.07,1.27,7.1263
2020-09-05,5.3213,7.59,65.74,2.03,0.23,7.3781
2020-09-06,5.1782,7.09,63.99,2.09,1.87,7.4806
2020-09-07,5.5399,5.68,57.05,2.5,0.54,7.4899
2020-09-08,6.475,5.39,46.48,2.07,0.0,7.5384
2020-09-09,7.117,4.94,41.54,2.14,0.0,7.5842
2020-09-10,6.9149,4.73,40.88,1.92,0.0,7.5667
2020-09-11,6.8196,5.01,43.28,1.92,0.17,7.495
2020-09-12,6.5926,5.26,55.06,1.99,0.67,7.4021
2020-09-13,6.8789,6.17,55.85,2.17,0.0,7.3354
2020-09-14,7.0284,5.32,53.98,2.51,0.0,7.4059
2020-09-15,6.1027,4.61,56.39,2.56,0.0,7.1698
2020-09-16,6.7286,4.48,53.2,2.44,0.0,7.2684
2020-09-17,5.8632,4.45,53.99,2.48,0.0,7.2007
2020-09-18,6.8261,3.65,51.54,2.48,0.0,7.253
2020-09-19,6.7824,3.76,53.52,2.28,0.0,7.2847
2020-09-20,6.8738,3.68,41.9,1.62,0.0,7.3118
2020-09-21,6.8897,5.4,24.94,1.3,0.0,7.241
2020-09-22,6.6634,5.42,40.73,1.49,0.02,7.0966
2020-09-23,6.6977,3.98,52.82,2.2,0.11,6.9691
2020-09-24,6.2323,3.55,47.44,1.76,0.0,6.937
2020-09-25,5.5435,3.43,49.74,1.77,0.77,6.7632
2020-09-26,4.5751,0.64,55.66,2.22,1.61,6.511
2020-09-27,3.7661,-0.39,56.66,2.33,0.0,6.0262
2020-09-28,5.5414,0.1,43.43,2.22,0.0,6.6497
2020-09-29,5.7353,0.02,38.33,2.31,0.0,6.6218
2020-09-30,6.0986,0.3,35.83,2.11,0.0,6.7214
2020-10-01,5.5834,0.07,39.68,2.3,0.0,6.4798
2020-10-02,6.295,0.4,38.74,2.57,0.0,6.7322
2020-10-03,6.0029,0.44,41.82,2.34,0.0,6.6396
2020-10-04,6.2074,-0.23,41.29,2.21,0.0,6.5767
2020-10-05,6.2474,-0.02,37.54,2.23,0.0,6.5388
2020-10-06,6.1092,0.45,33.2,2.56,0.0,6.4663
2020-10-07,6.0386,-0.29,38.01,2.21,0.0,6.3658
2020-10-08,5.7118,-0.42,41.06,2.14,0.0,6.277
2020-10-09,5.8913,-0.52,42.32,2.38,0.0,6.277
2020-10-10,5.8248,-0.29,37.04,2.19,0.0,6.1802
2020-10-11,5.8111,-0.06,32.74,2.68,0.0,6.1807
2020-10-12,5.6537,-0.83,39.6,2.9,0.0,6.137
2020-10-13,5.657,-1.42,50.24,2.65,0.0,6.0247
2020-10-14,5.6249,-0.97,50.32,2.42,0.0,6.0278
2020-10-15,5.5975,-0.69,44.19,2.53,0.0,6.0108
2020-10-16,5.7403,-0.54,34.76,2.1,0.0,6.035
2020-10-17,5.4912,-0.21,35.0,2.37,0.0,5.9364
2020-10-18,5.5654,-0.82,35.37,2.52,0.0,5.8867
2020-10-19,5.3998,-0.71,27.7,1.18,0.0,5.8582
2020-10-20,5.4317,-0.86,30.92,1.6,0.0,5.7036
2020-10-21,5.3462,-1.26,44.83,1.74,0.0,5.6489
2020-10-22,4.3226,-3.11,54.9,1.56,0.0,5.4137
2020-10-23,4.4542,-3.03,47.89,2.27,0.0,5.4581
2020-10-24,4.4179,-3.54,47.55,2.38,0.0,5.3323
2020-10-25,3.2282,-4.56,48.77,2.77,0.13,5.2526
2020-10-26,3.1829,-5.31,44.14,1.97,0.09,5.0364
2020-10-27,4.6625,-3.85,31.43,1.5,0.0,5.3969
2020-10-28,4.5427,-3.69,38.6,2.49,0.0,5.2416
2020-10-29,3.6737,-5.48,48.09,2.83,0.02,5.0093
2020-10-30,4.0094,-6.48,51.56,2.52,0.05,4.9649
2020-10-31,3.6857,-6.04,48.98,1.99,0.09,5.3045
2020-11-01,4.1222,-5.51,51.13,1.77,1.1,5.1326
2020-11-02,3.978,-5.29,46.03,0.97,0.42,5.021
2020-11-03,3.4771,-5.57,47.18,1.61,1.9,4.9442
2020-11-04,3.389,-5.44,52.96,1.85,0.0,4.879
2020-11-05,3.2047,-6.43,50.35,1.06,0.0,4.9411
2020-11-06,3.63,-5.8,53.47,1.85,0.0,4.9606
2020-11-07,4.5768,-5.58,39.4,0.91,0.0,4.9858
2020-11-08,4.6051,-4.53,28.54,1.21,0.0,4.9769
2020-11-09,4.2862,-3.82,32.9,1.52,0.0,4.8346
2020-11-10,3.8467,-4.93,44.52,1.51,0.0,4.5698
2020-11-11,3.6648,-4.77,46.6,1.54,0.04,4.4705
2020-11-12,3.9454,-5.61,45.29,1.68,0.0,4.4618
2020-11-13,3.6881,-5.33,38.44,1.91,0.0,4.4969
2020-11-14,2.3155,-5.86,48.23,2.97,0.08,4.4981
2020-11-15,1.9142,-7.85,54.08,4.63,4.17,4.4172
2020-11-16,2.3165,-12.82,68.82,2.92,17.37,4.3961
2020-11-17,2.808,-19.69,75.23,1.89,2.44,4.4393
2020-11-18,3.0821,-21.13,83.7,2.3,0.0,4.3786
2020-11-19,1.6594,-19.38,83.96,2.8,0.0,4.3889
2020-11-20,2.7463,-18.75,79.67,2.29,0.0,4.4378
2020-11-21,2.1607,-19.84,75.04,2.39,0.03,4.4148
2020-11-22,2.1806,-16.78,79.88,2.38,0.17,4.2617
2020-11-23,1.5254,-11.92,85.22,2.57,7.1,4.2089
2020-11-24,1.5881,-13.23,89.0,1.7,4.0,4.2043
2020-11-25,1.5103,-12.92,93.15,1.3,18.37,4.1695
2020-11-26,2.2219,-16.15,88.03,1.21,5.45,4.1345
2020-11-27,3.2364,-23.45,85.82,1.3,0.01,4.207
2020-11-28,1.9675,-18.06,91.56,1.46,0.0,4.0008
2020-11-29,1.985,-11.31,90.45,1.46,0.0,4.0625
2020-11-30,2.9191,-13.0,92.76,1.44,0.0,4.0735
2020-12-01,2.3254,-12.26,93.96,1.26,0.0,3.9667
2020-12-02,3.3703,-16.09,92.83,1.26,0.0,4.0433
2020-12-03,3.6072,-19.75,90.71,1.39,0.0,4.0344
2020-12-04,2.2812,-17.89,91.84,1.85,0.0,3.9074
2020-12-05,2.2027,-13.77,84.54,2.28,0.0,3.8755
2020-12-06,1.8835,-14.5,86.15,2.21,0.0,3.8069
2020-12-07,1.7674,-16.4,89.72,2.15,0.13,3.8897
2020-12-08,1.0886,-12.16,89.27,2.53,3.57,3.823
2020-12-09,1.2878,-13.82,85.85,2.45,2.69,3.7495
2020-12-10,1.9874,-13.87,83.82,2.19,1.11,3.8124
2020-12-11,1.7947,-17.58,88.88,1.76,1.56,3.7908
2020-12-12,1.5437,-14.74,85.97,2.4,12.28,3.839
2020-12-13,2.6719,-22.9,85.33,1.99,0.03,3.9245
2020-12-14,2.7053,-24.24,78.99,2.46,0.0,3.9722
2020-12-15,1.4026,-22.04,76.42,2.46,0.01,3.9341
2020-12-16,2.6042,-22.78,84.47,2.71,0.05,3.8839
2020-12-17,3.2743,-26.14,74.69,1.9,0.0,3.9826
2020-12-18,3.469,-23.48,56.98,1.19,0.0,3.9929
2020-12-19,3.4054,-24.08,76.58,1.32,0.0,3.9329
2020-12-20,2.8716,-17.09,78.7,1.48,0.0,3.7908
2020-12-21,2.7578,-13.82,86.44,2.23,0.0,3.7306
2020-12-22,3.3794,-22.45,87.23,1.61,0.0,3.8426
2020-12-23,3.2383,-24.4,85.25,1.69,0.0,3.9286
2020-12-24,2.5418,-23.33,82.98,1.6,0.0,3.8609
2020-12-25,3.1709,-22.53,79.94,1.47,0.0,3.8417
2020-12-26,2.9928,-21.4,79.09,2.11,0.0,3.7978
2020-12-27,3.0353,-20.66,58.39,1.97,1.03,3.8808
2020-12-28,1.7194,-17.88,79.68,1.61,2.88,3.8374
2020-12-29,2.5217,-21.84,83.97,1.42,0.18,3.9341
2020-12-30,3.5165,-27.27,86.39,1.4,0.01,3.9984
2020-12-31,3.4274,-25.77,82.25,1.49,0.0,4.0262
2021-01-01,2.8054,-20.59,69.93,1.43,0.0,3.8933
2021-01-02,3.3446,-20.91,81.53,1.33,1.21,3.827
2021-01-03,2.5402,-13.06,89.15,1.22,9.25,3.653
2021-01-04,3.2342,-15.81,88.57,1.58,0.86,3.635
2021-01-05,2.5464,-15.24,92.19,1.51,16.03,3.7594
2021-01-06,1.8744,-15.74,83.18,2.15,11.69,3.648
2021-01-07,3.0893,-23.68,76.58,2.25,0.01,4.0114
2021-01-08,1.6337,-18.19,65.19,3.13,0.04,3.8827
2021-01-09,3.7502,-19.36,87.92,2.08,0.54,4.0457
2021-01-10,3.8364,-22.14,76.83,1.44,0.01,4.205
2021-01-11,3.9362,-20.68,50.72,1.54,0.0,4.2576
2021-01-12,3.9442,-22.79,65.33,1.33,0.0,4.2866
2021-01-13,4.0166,-22.76,77.17,1.33,0.0,4.303
2021-01-14,3.7584,-19.81,71.29,1.26,0.0,4.2523
2021-01-15,3.6358,-13.65,50.42,1.0,0.0,4.1885
2021-01-16,4.0027,-18.66,74.38,1.66,0.0,4.3378
2021-01-17,3.4354,-18.18,72.37,1.53,0.0,4.2727
2021-01-18,3.3324,-18.57,83.51,1.67,0.0,4.1369
2021-01-19,3.7642,-22.95,90.67,1.54,0.0,4.3922
2021-01-20,4.0771,-23.25,87.0,1.47,0.0,4.4441
2021-01-21,3.3653,-22.53,76.82,1.78,0.0,4.4515
2021-01-22,2.6683,-17.13,64.25,3.16,0.08,4.3702
2021-01-23,1.3236,-14.93,83.44,3.66,5.82,4.3128
2021-01-24,3.7692,-15.82,75.68,0.87,0.61,4.6248
2021-01-25,4.2026,-23.69,85.01,1.69,0.0,4.6937
2021-01-26,4.0747,-24.48,83.19,1.81,0.0,4.68
2021-01-27,4.403,-25.12,78.69,1.63,0.0,4.753
2021-01-28,3.7337,-22.84,78.8,1.52,0.0,4.7455
2021-01-29,2.8094,-20.5,75.17,1.32,0.0,4.799
2021-01-30,4.2617,-21.09,71.47,1.15,0.0,4.865
2021-01-31,4.3104,-19.55,77.31,1.45,0.0,4.7933
2021-02-01,3.8563,-17.54,83.18,1.72,0.0,4.8689
2021-02-02,4.0147,-21.58,75.46,1.7,0.0,4.8617
2021-02-03,3.9547,-18.68,75.3,1.36,3.62,4.9524
2021-02-04,3.39,-17.98,84.04,1.24,2.28,4.8454
2021-02-05,4.3373,-18.06,84.57,1.0,0.6,5.0782
2021-02-06,4.6944,-22.17,91.44,1.27,0.0,5.143
2021-02-07,4.8154,-17.87,75.74,1.31,0.0,5.1305
2021-02-08,4.2166,-16.25,81.6,1.51,0.0,5.0513
2021-02-09,2.9357,-12.16,74.16,1.86,0.0,5.0602
2021-02-10,4.3872,-13.14,84.62,1.04,0.0,5.281
2021-02-11,4.7705,-17.73,82.85,1.87,0.0,5.2836
2021-02-12,4.8475,-17.56,80.25,1.4,0.0,5.4523
2021-02-13,3.8758,-15.56,78.67,1.68,0.0,5.208
2021-02-14,4.3932,-15.98,81.2,1.4,0.0,5.419
2021-02-15,5.2274,-19.0,85.31,1.45,0.0,5.4622
2021-02-16,5.0316,-18.51,79.91,1.2,0.0,5.5598
2021-02-17,5.4115,-18.34,71.08,1.1,0.0,5.7456
2021-02-18,5.4518,-18.37,74.42,1.17,0.0,5.7713
2021-02-19,5.5582,-16.75,77.24,1.1,0.0,5.8589
2021-02-20,3.137,-11.8,80.45,1.69,0.0,5.5747
2021-02-21,3.7999,-12.5,86.74,2.07,0.0,5.6885
2021-02-22,2.6278,-10.75,86.57,2.66,0.06,5.7569
2021-02-23,2.6789,-11.59,85.33,3.0,1.63,5.8238
2021-02-24,3.4142,-13.52,84.61,2.53,0.11,6.0403
2021-02-25,2.5934,-11.95,81.12,3.14,0.17,6.0036
2021-02-26,2.2836,-11.53,82.87,4.02,0.61,5.9741
2021-02-27,2.3866,-10.44,79.72,4.44,5.15,6.0175
2021-02-28,5.5126,-13.0,71.34,1.45,0.16,6.3055
2021-03-01,5.3458,-17.51,79.17,1.71,0.01,6.3451
2021-03-02,5.3249,-15.5,77.45,1.5,0.0,6.3518
2021-03-03,5.1094,-13.26,85.42,2.05,0.0,6.39
2021-03-04,5.1326,-15.4,86.26,2.05,0.0,6.4313
2021-03-05,5.1962,-14.53,84.37,1.75,0.0,6.4814
2021-03-06,4.9243,-11.91,84.79,1.3,0.01,6.4894
2021-03-07,3.1692,-10.54,79.61,2.76,0.92,6.2957
2021-03-08,4.3082,-12.32,85.33,2.15,2.04,6.5419
2021-03-09,4.5422,-15.21,86.83,2.15,0.07,6.6175
2021-03-10,3.9329,-14.66,85.19,2.21,1.93,6.582
2021-03-11,3.3902,-12.56,83.94,2.35,2.81,6.6091
2021-03-12,4.0414,-14.01,87.55,2.01,1.47,6.7138
2021-03-13,4.8816,-12.75,77.53,1.46,0.04,6.7733
2021-03-14,3.8736,-12.31,78.7,1.97,0.0,6.7116
2021-03-15,5.9539,-12.85,81.04,2.03,0.0,6.8748
2021-03-16,4.3538,-11.66,84.97,2.22,0.0,6.901
2021-03-17,4.5002,-10.31,85.16,2.39,0.14,6.9965
2021-03-18,5.6578,-11.64,76.43,2.03,0.03,7.223
2021-03-19,6.2158,-13.0,85.29,1.58,0.0,7.2626
2021-03-20,6.4598,-11.51,79.94,1.27,0.0,7.2319
2021-03-21,4.9217,-10.22,79.08,2.17,0.97,7.2571
2021-03-22,3.6679,-8.34,81.03,1.98,13.49,7.1966
2021-03-23,3.6523,-9.98,77.25,2.78,9.35,7.2521
2021-03-24,5.2877,-14.29,82.11,2.38,0.41,7.4678
2021-03-25,6.7726,-11.6,74.68,1.44,0.02,7.4736
2021-03-26,6.7997,-11.0,70.89,1.07,0.0,7.3997
2021-03-27,6.5431,-8.83,79.85,1.75,0.0,7.4906
2021-03-28,3.6269,-5.93,88.1,2.35,0.97,7.5072
2021-03-29,2.4269,-7.02,80.82,4.81,3.22,7.4136
2021-03-30,3.2616,-9.47,83.5,3.25,1.14,7.6822
2021-03-31,6.8414,-9.96,80.04,2.98,0.0,8.0794
2021-04-01,7.2456,-10.72,77.57,3.21,0.01,8.1826
2021-04-02,4.139,-13.32,73.36,3.08,0.09,8.1665
2021-04-03,7.4105,-11.62,57.1,1.78,0.0,8.2142
2021-04-04,5.9105,-9.73,74.28,1.5,0.25,7.9279
2021-04-05,3.6658,-6.97,84.63,2.59,1.47,7.5194
2021-04-06,3.3026,-7.08,70.9,2.58,10.73,7.7592
2021-04-07,5.49,-8.45,71.52,3.47,6.02,7.9354
2021-04-08,4.6745,-11.76,78.34,2.78,0.04,8.2574
2021-04-09,5.3736,-10.5,71.49,2.24,0.0,8.2764
2021-04-10,6.451,-9.71,71.83,1.81,0.0,8.2591
2021-04-11,5.9647,-7.54,76.25,2.57,0.2,8.2327
2021-04-12,5.2795,-5.76,75.98,2.0,0.08,8.2553
2021-04-13,5.8709,-4.94,67.24,1.51,0.0,8.2421
2021-04-14,5.4535,-5.01,69.25,1.74,0.32,8.3009
2021-04-15,5.203,-5.42,71.37,1.79,0.58,8.3304
2021-04-16,5.0854,-5.53,72.21,1.76,3.58,8.3143
2021-04-17,4.5866,-4.72,82.4,1.51,15.48,8.3786
2021-04-18,4.2101,-7.16,76.48,2.66,0.96,8.3359
2021-04-19,7.4081,-7.14,68.43,2.24,0.26,8.6206
2021-04-20,5.2814,-7.04,64.58,1.52,4.31,8.7019
2021-04-21,2.6626,-5.68,81.82,2.42,21.57,8.5526
2021-04-22,4.6152,-7.91,86.69,2.49,15.35,8.6743
2021-04-23,3.3689,-9.67,77.8,1.18,6.75,8.7204
2021-04-24,8.8416,-10.74,64.75,1.28,0.09,9.1164
2021-04-25,8.4259,-8.8,55.85,1.32,0.0,8.9558
2021-04-26,8.0918,-5.88,53.13,1.27,0.24,8.9098
2021-04-27,8.3422,-3.66,45.89,1.13,0.14,8.909
2021-04-28,7.715,-2.31,42.18,0.99,0.0,8.641
2021-04-29,7.0831,-3.41,65.09,1.12,0.0,8.6347
2021-04-30,7.9438,-2.98,67.67,1.39,0.0,8.893
2021-05-01,8.0441,-1.97,60.01,0.93,0.0,8.7859
2021-05-02,7.8077,-1.28,58.79,0.94,0.01,8.6587
2021-05-03,7.9858,-0.1,60.48,0.98,0.16,8.7415
2021-05-04,6.2114,0.2,64.72,1.44,3.72,8.6141
2021-05-05,5.2882,-1.33,77.54,1.64,2.12,8.6318
2021-05-06,6.7248,-1.37,69.9,1.72,0.5,8.8207
2021-05-07,4.8509,-0.69,76.38,1.5,1.37,8.7197
2021-05-08,5.5234,-0.51,74.04,1.98,0.24,8.375
2021-05-09,4.8974,-0.57,66.78,1.21,0.51,7.9193
2021-05-10,6.7649,1.86,51.47,1.06,0.89,8.958
2021-05-11,5.8291,0.73,69.28,1.44,1.4,8.7571
2021-05-12,6.6094,-0.76,76.51,2.47,7.31,9.0053
2021-05-13,4.1378,-2.58,72.89,2.64,3.83,8.9566
2021-05-14,4.9949,-2.96,69.99,2.48,0.8,9.2714
2021-05-15,6.3732,-3.44,63.96,3.23,0.13,9.3494
2021-05-16,6.3516,-2.25,71.71,2.51,0.13,9.1229
2021-05-17,5.5286,-0.28,65.99,2.44,0.02,8.9662
2021-05-18,6.3526,1.1,61.64,1.95,0.14,9.0497
2021-05-19,5.7758,1.48,63.96,2.27,1.14,8.9633
2021-05-20,6.5779,1.16,67.64,2.12,2.09,9.0864
2021-05-21,5.651,-0.52,67.16,2.46,2.6,8.9544
2021-05-22,5.9045,-0.2,62.42,2.16,0.07,9.3358
2021-05-23,5.7216,1.27,51.32,1.97,0.27,9.3406
2021-05-24,5.7298,-0.56,62.83,2.34,3.64,9.0161
2021-05-25,5.5733,0.05,55.83,2.03,0.0,9.3972
2021-05-26,5.9054,0.54,59.19,2.16,0.0,9.4358
2021-05-27,8.069,2.81,46.93,2.06,0.0,9.3648
2021-05-28,8.327,4.5,50.39,1.44,0.0,9.2424
2021-05-29,8.0088,3.78,58.13,2.01,0.58,9.1548
2021-05-30,6.3298,3.35,65.06,1.8,7.32,8.9719
2021-05-31,6.5371,2.48,66.68,2.26,1.4,9.2827
2021-06-01,3.6574,1.89,72.92,2.13,1.99,9.0569
2021-06-02,5.9868,2.59,64.48,1.69,0.39,8.9863
2021-06-03,5.8786,3.31,62.56,2.0,1.32,8.7233
2021-06-04,3.9101,3.15,65.1,2.18,0.45,9.3521
2021-06-05,6.6418,3.39,50.3,1.8,0.68,9.397
2021-06-06,9.1932,4.67,40.6,1.44,0.44,9.5686
2021-06-07,8.699,6.03,34.04,1.9,0.59,9.4728
2021-06-08,8.9141,7.98,35.53,1.4,0.0,9.3216
2021-06-09,8.9472,8.36,51.56,1.83,0.0,9.4164
2021-06-10,8.7077,7.16,60.24,2.23,0.31,9.2796
2021-06-11,7.4234,5.89,59.93,2.42,4.28,9.3379
2021-06-12,7.6822,5.46,59.48,2.26,1.22,9.3022
2021-06-13,6.9746,3.56,63.29,2.23,3.97,9.4286
2021-06-14,6.6211,3.11,66.77,2.28,2.91,9.2371
2021-06-15,6.9775,3.52,60.37,2.07,2.14,9.3067
2021-06-16,5.1149,2.81,69.94,2.21,5.13,9.09
2021-06-17,6.4159,4.06,65.11,2.86,0.48,9.1471
2021-06-18,5.0122,3.55,65.46,2.42,2.98,9.246
2021-06-19,6.1409,4.71,58.59,2.14,0.27,8.6866
2021-06-20,6.4202,4.86,63.8,2.29,0.11,9.2078
2021-06-21,5.8426,4.96,61.55,2.6,0.0,9.0763
2021-06-22,5.9525,4.29,55.43,2.5,0.0,9.3485
2021-06-23,6.533,3.48,64.4,2.33,0.15,9.4874
2021-06-24,6.497,3.36,60.21,2.05,0.49,9.4373
2021-06-25,6.3024,4.07,58.91,1.91,0.07,9.5174
2021-06-26,6.2345,4.54,61.73,2.1,0.31,9.5705
2021-06-27,7.3428,6.41,48.49,2.19,0.0,9.5201
2021-06-28,7.3128,7.28,49.76,1.95,0.0,9.4188
2021-06-29,8.55,8.07,52.85,1.64,0.0,9.4104
2021-06-30,8.7929,8.57,57.84,2.16,0.01,9.2244
2021-07-01,6.7114,7.34,61.39,2.21,0.1,9.2527
2021-07-02,4.4287,6.22,65.32,2.45,0.43,8.61
2021-07-03,4.5521,6.01,61.54,2.35,0.48,8.9976
2021-07-04,6.9173,6.61,62.04,2.24,1.93,9.3132
2021-07-05,6.7572,7.37,63.3,1.61,1.28,9.3667
2021-07-06,7.1326,8.23,60.43,1.82,0.0,9.1574
2021-07-07,6.7745,8.34,55.73,2.17,0.01,8.9882
2021-07-08,7.1093,9.24,51.59,2.05,0.0,9.2743
2021-07-09,8.9066,9.88,38.7,1.96,0.4,9.5292
2021-07-10,8.7689,11.83,35.71,1.74,1.13,9.3758
2021-07-11,8.6131,11.62,43.9,1.82,0.75,9.1366
2021-07-12,3.7224,9.35,64.86,2.08,13.19,8.3674
2021-07-13,5.7101,7.74,62.38,2.26,2.76,8.8469
2021-07-14,5.1038,7.94,61.36,2.83,1.23,9.1082
2021-07-15,7.4496,9.63,53.29,1.74,0.04,9.0305
2021-07-16,8.2517,10.77,51.04,1.62,0.0,8.916
2021-07-17,8.6503,12.54,42.96,1.73,0.01,9.0077
2021-07-18,8.7571,13.1,41.67,1.73,0.26,9.1332
2021-07-19,3.378,12.26,56.96,2.24,3.54,8.7475
2021-07-20,4.3037,9.12,65.21,2.5,5.6,8.8385
2021-07-21,4.7244,9.48,61.8,2.39,1.72,8.8399
2021-07-22,6.0228,9.23,61.31,2.27,0.23,8.8457
2021-07-23,5.6669,10.21,62.73,1.96,0.89,8.6729
2021-07-24,8.1593,13.43,54.29,1.95,0.85,8.8061
2021-07-25,8.0309,13.61,59.46,1.44,3.65,8.8438
2021-07-26,7.8622,15.26,50.24,1.95,1.88,8.7826
2021-07-27,7.0663,14.04,49.42,1.78,3.94,8.8085
2021-07-28,5.8601,12.95,52.75,1.42,1.45,8.7746
2021-07-29,5.1814,10.44,65.16,1.42,4.36,8.6378
2021-07-30,5.3844,9.91,65.13,1.89,2.56,8.6556
2021-07-31,6.2789,10.99,62.89,1.75,0.58,8.3767
2021-08-01,4.4465,11.01,60.76,1.93,0.08,8.4775
2021-08-02,6.1226,10.25,56.28,2.14,0.07,8.526
2021-08-03,5.243,9.6,62.77,1.63,0.79,8.6714
2021-08-04,5.3491,9.18,65.87,1.9,1.31,8.3966
2021-08-05,5.1499,9.41,60.62,2.07,1.95,8.6064
2021-08-06,4.2576,8.74,56.78,1.98,0.35,8.5459
2021-08-07,6.4591,9.68,53.82,2.01,0.08,8.6467
2021-08-08,5.4468,9.51,58.1,2.05,1.38,8.2771
2021-08-09,5.1494,8.99,55.66,2.29,1.63,8.2426
2021-08-10,5.6393,8.59,60.78,1.65,3.94,8.6172
2021-08-11,6.0677,9.57,52.2,1.56,1.28,8.6578
2021-08-12,6.4505,10.07,51.07,1.85,0.29,8.735
2021-08-13,6.4008,9.31,60.95,2.2,0.25,8.5006
2021-08-14,4.951,7.7,60.23,2.74,0.82,8.3657
2021-08-15,5.6081,5.2,57.49,2.63,1.57,8.293
2021-08-16,7.6498,5.57,46.0,2.15,0.09,8.5037
2021-08-17,7.6906,7.24,42.69,1.58,0.0,8.6645
2021-08-18,7.8355,8.78,41.94,1.66,0.0,8.5757
2021-08-19,6.8786,8.55,55.95,2.0,0.3,8.2505
2021-08-20,4.4383,8.69,59.23,2.1,1.2,7.9697
2021-08-21,3.9197,8.72,64.54,1.94,2.06,7.9447
2021-08-22,4.1122,10.0,62.92,1.8,0.68,8.0287
2021-08-23,5.2106,10.78,55.08,1.77,1.07,7.9466
2021-08-24,7.5907,10.77,54.18,2.04,0.16,8.0705
2021-08-25,7.8847,10.47,54.78,2.04,0.72,8.2169
2021-08-26,7.9301,10.11,53.51,2.07,0.4,8.2442
2021-08-27,7.607,9.48,56.5,2.71,0.24,8.0405
2021-08-28,4.4045,7.35,60.4,2.79,0.88,7.8096
2021-08-29,5.2202,5.88,57.35,2.63,0.48,7.7767
2021-08-30,5.9527,5.48,54.11,1.84,0.5,7.7719
2021-08-31,4.5269,6.25,56.42,2.29,0.45,7.5984
2021-09-01,5.028,5.6,57.2,2.52,0.18,7.5763
2021-09-02,5.9155,6.41,51.08,1.87,0.14,7.6298
2021-09-03,6.7375,6.54,56.67,2.04,1.1,7.6776
2021-09-04,5.9198,7.98,50.44,1.61,0.04,7.7333
2021-09-05,7.3471,8.74,38.9,1.55,0.73,7.7669
2021-09-06,7.5144,10.09,43.24,1.55,0.13,7.7122
2021-09-07,6.8462,10.07,47.37,1.58,0.14,7.6397
2021-09-08,6.2254,9.78,44.29,1.24,3.0,7.5912
2021-09-09,3.5038,9.11,49.75,1.38,3.16,7.2653
2021-09-10,4.1645,7.04,67.33,1.68,2.22,7.1467
2021-09-11,3.6706,6.86,66.46,2.46,3.86,7.1177
2021-09-12,3.4759,5.57,67.71,2.06,7.52,7.0906
2021-09-13,5.905,4.94,57.3,1.74,2.49,7.266
2021-09-14,6.4054,6.3,48.42,1.48,0.33,7.3829
2021-09-15,5.915,7.0,42.08,1.39,0.07,7.5072
2021-09-16,7.0589,7.41,33.33,1.56,1.07,7.387
2021-09-17,7.0903,7.92,23.3,1.26,1.6,7.4076
2021-09-18,6.919,8.93,25.68,1.4,0.0,7.2919
2021-09-19,6.9108,9.05,44.26,1.65,0.02,7.1794
2021-09-20,5.8128,7.15,58.78,1.81,3.26,6.929
2021-09-21,4.8101,6.01,58.28,1.98,1.29,6.45
2021-09-22,4.9754,4.6,60.53,2.13,0.81,6.7637
2021-09-23,3.6487,4.16,60.94,1.99,1.56,6.6178
2021-09-24,4.7887,4.19,52.35,1.71,1.49,6.7673
2021-09-25,5.1343,5.0,44.4,1.13,0.0,6.9545
2021-09-26,6.659,5.72,31.22,1.44,0.05,7.0022
2021-09-27,6.4392,6.22,28.97,1.45,0.37,6.8702
2021-09-28,5.8795,6.28,48.07,1.57,0.47,6.7726
2021-09-29,6.4224,7.03,41.14,1.19,0.02,6.744
2021-09-30,6.3132,7.1,53.32,1.41,0.63,6.5551
2021-10-01,4.8794,5.83,62.57,1.82,1.11,6.275
2021-10-02,4.445,3.69,65.6,2.52,3.24,6.1433
2021-10-03,5.1348,2.55,62.85,2.19,1.03,6.3065
2021-10-04,4.5552,1.14,63.65,2.3,0.99,6.3454
2021-10-05,5.0486,0.82,55.72,2.12,0.03,6.3286
2021-10-06,5.441,1.81,41.14,1.57,0.0,6.361
2021-10-07,5.675,2.32,31.6,2.52,0.0,6.3626
2021-10-08,5.5526,1.15,36.79,2.31,0.0,6.2882
2021-10-09,5.2817,0.07,42.58,1.47,0.0,6.1949
2021-10-10,5.1818,-0.75,44.76,2.79,0.38,6.0878
2021-10-11,3.9936,-2.14,52.08,3.0,1.82,5.7494
2021-10-12,4.7465,-1.5,44.58,2.0,0.18,5.9006
2021-10-13,4.5857,-0.9,40.31,1.78,0.0,5.933
2021-10-14,5.2099,-0.38,40.33,1.9,0.0,6.0391
2021-10-15,5.2277,0.6,31.17,1.85,0.0,6.1054
2021-10-16,5.0273,0.6,32.47,2.15,0.0,5.7761
2021-10-17,3.8081,0.0,58.06,1.34,4.7,5.443
2021-10-18,1.1909,-2.55,79.5,1.53,11.69,5.3647
2021-10-19,4.2626,-4.56,60.73,1.73,0.02,5.6539
2021-10-20,4.4971,-3.98,56.55,2.23,0.33,5.7185
2021-10-21,4.4633,-3.34,54.17,2.1,0.0,5.6201
2021-10-22,3.618,-4.22,55.34,3.5,1.86,5.3323
2021-10-23,1.1239,-5.0,61.6,4.22,10.79,5.2049
2021-10-24,1.7966,-7.08,64.64,1.8,11.5,5.1994
2021-10-25,2.5406,-10.72,76.35,1.56,1.29,5.2274
2021-10-26,3.7207,-12.86,70.19,1.47,0.24,5.2615
2021-10-27,3.162,-10.36,71.34,1.07,2.28,5.1629
2021-10-28,4.0397,-11.97,68.88,1.56,0.0,5.2644
2021-10-29,3.757,-10.88,71.4,1.96,0.0,5.161
2021-10-30,3.6914,-10.14,67.37,1.58,0.0,5.1466
2021-10-31,3.6259,-8.24,53.59,0.93,0.0,5.2829
2021-11-01,3.5527,-8.65,57.58,2.07,0.31,4.8854
2021-11-02,3.187,-8.88,68.22,1.86,0.24,4.5986
2021-11-03,3.5945,-8.87,65.02,2.02,0.11,4.8847
2021-11-04,3.8239,-10.55,70.13,2.36,0.0,4.979
2021-11-05,2.1869,-9.65,76.54,2.74,0.1,4.7117
2021-11-06,4.3212,-9.8,58.63,1.59,0.01,4.9502
2021-11-07,4.6102,-8.9,50.93,1.65,0.0,4.9378
2021-11-08,4.4674,-7.82,50.09,1.14,0.0,4.7911
2021-11-09,4.3238,-6.94,39.77,1.61,0.0,4.8019
2021-11-10,4.3538,-7.81,40.48,2.22,0.0,4.6826
2021-11-11,4.4698,-8.0,37.02,2.06,0.0,4.7474
2021-11-12,4.2374,-7.93,38.09,2.12,0.0,4.7534
2021-11-13,4.459,-7.47,36.39,1.76,0.0,4.7316
2021-11-14,3.485,-8.72,43.04,3.04,0.0,4.6068
2021-11-15,4.0661,-9.85,47.16,1.65,0.0,4.3942
2021-11-16,4.205,-8.01,34.6,1.33,0.0,4.663
2021-11-17,3.9211,-7.98,39.71,2.93,0.0,4.4671
2021-11-18,2.1847,-7.46,42.51,3.08,0.0,4.307
2021-11-19,3.9298,-7.64,38.6,2.09,0.0,4.315
2021-11-20,4.0008,-7.85,44.58,1.98,0.0,4.2919
2021-11-21,3.8551,-8.56,52.89,1.53,0.0,4.3438
2021-11-22,4.0865,-8.63,43.82,1.19,0.0,4.3831
2021-11-23,3.9998,-8.42,36.31,1.35,0.0,4.4134
2021-11-24,3.0098,-7.47,45.3,2.25,0.0,4.1311
2021-11-25,3.1102,-8.62,58.46,1.27,0.0,3.972
2021-11-26,3.7387,-8.48,44.92,1.0,0.0,4.2065
2021-11-27,2.3189,-8.63,45.04,2.33,0.0,4.073
2021-11-28,3.3646,-9.69,53.71,1.75,0.0,3.972
2021-11-29,3.6888,-10.22,50.24,2.15,0.0,4.0541
2021-11-30,3.45,-8.24,41.17,1.83,0.0,4.1076
2021-12-01,3.5122,-8.63,40.22,2.25,0.0,3.983
2021-12-02,2.335,-7.87,61.14,1.19,2.1,3.8316
2021-12-03,2.7835,-7.84,65.75,0.9,1.5,3.8813
2021-12-04,3.4286,-7.98,61.49,1.52,0.04,3.9031
2021-12-05,2.2987,-9.6,72.82,1.86,6.53,3.8537
2021-12-06,2.531,-12.45,67.77,1.55,7.48,3.8618
2021-12-07,3.2042,-15.45,57.83,1.22,0.01,3.9979
2021-12-08,2.0556,-13.13,67.64,1.84,0.0,3.8254
2021-12-09,2.1986,-15.6,78.31,2.15,0.0,3.9218
2021-12-10,3.3943,-15.71,65.46,0.96,0.0,4.0327
2021-12-11,3.4356,-16.98,55.83,1.46,0.0,4.0142
2021-12-12,2.9395,-15.66,61.36,1.92,0.0,3.9307
2021-12-13,2.5793,-16.42,70.5,2.14,0.0,3.8047
2021-12-14,1.4798,-16.56,67.36,2.28,0.0,3.7246
2021-12-15,2.7941,-19.59,65.03,1.9,0.0,3.8131
2021-12-16,2.4826,-19.46,62.2,1.73,0.0,3.8038
2021-12-17,2.3436,-17.32,55.53,0.77,0.2,3.9362
2021-12-18,3.2429,-18.32,46.83,1.58,0.05,3.985
2021-12-19,3.3866,-18.15,48.59,1.2,0.0,3.9636
2021-12-20,3.1243,-14.76,51.39,1.45,0.0,3.8318
2021-12-21,2.6129,-13.64,69.3,1.74,0.0,3.8558
2021-12-22,3.0895,-14.14,66.15,1.11,0.0,3.7999
2021-12-23,2.3033,-13.96,76.01,1.54,0.11,3.7222
2021-12-24,2.6453,-13.14,66.1,1.23,0.03,3.8227
2021-12-25,2.2601,-14.87,66.67,1.65,0.0,3.8942
2021-12-26,1.8588,-14.19,70.21,2.24,1.3,3.8054
2021-12-27,2.1965,-15.99,57.47,2.02,0.48,3.8738
2021-12-28,3.1982,-18.22,63.43,1.87,0.0,3.9355
2021-12-29,2.9364,-18.28,60.55,1.07,0.0,3.9502
2021-12-30,3.1025,-18.83,52.42,0.93,0.0,4.0226
2021-12-31,3.0026,-16.79,61.0,1.32,0.0,3.9108
2022-01-01,2.737,-15.96,77.2,1.71,0.0,3.9038
2022-01-02,1.5144,-14.1,77.56,2.28,0.01,3.8957
2022-01-03,2.4466,-14.28,76.49,1.42,1.08,3.9317
2022-01-04,1.1326,-12.45,83.86,2.13,10.43,3.9151
2022-01-05,1.0114,-11.7,88.3,1.33,19.12,3.9336
2022-01-06,1.8439,-13.67,82.44,1.22,0.83,3.9389
2022-01-07,2.3338,-20.15,84.41,2.69,3.84,3.9912
2022-01-08,1.4779,-16.0,76.89,2.85,11.14,3.9494
2022-01-09,1.53,-15.99,71.35,2.13,12.39,3.9175
2022-01-10,0.8669,-16.37,77.29,1.67,1.44,4.0313
2022-01-11,3.4843,-23.36,74.84,1.27,0.02,4.1561
2022-01-12,3.6187,-26.2,86.4,1.27,0.0,4.1585
2022-01-13,2.7737,-23.04,91.61,1.36,0.0,4.1695
2022-01-14,2.929,-25.24,92.11,1.58,0.0,4.2732
2022-01-15,3.5376,-26.89,91.45,1.38,0.0,4.2854
2022-01-16,2.9333,-19.14,87.68,1.32,0.0,4.2295
2022-01-17,2.1398,-17.17,91.8,1.14,0.0,4.2252
2022-01-18,3.3516,-15.92,90.13,1.52,0.0,4.2854
2022-01-19,2.7247,-17.85,88.25,1.63,1.17,4.3255
2022-01-20,3.1392,-16.73,81.51,1.35,0.75,4.4119
2022-01-21,3.8822,-21.12,88.85,1.76,2.24,4.5274
2022-01-22,3.545,-17.55,77.85,1.41,4.57,4.507
2022-01-23,1.387,-15.47,84.91,1.11,7.55,4.4664
2022-01-24,2.3839,-16.0,84.5,1.33,2.63,4.5401
2022-01-25,3.3852,-21.41,83.81,1.35,0.44,4.6471
2022-01-26,2.7216,-20.96,85.08,1.76,0.69,4.7023
2022-01-27,4.1366,-23.47,77.91,1.23,0.02,4.8007
2022-01-28,4.2535,-21.08,80.65,1.57,0.0,4.7323
2022-01-29,2.9758,-17.05,85.55,2.45,0.0,4.699
2022-01-30,2.2505,-20.49,82.62,2.01,0.0,4.8106
2022-01-31,2.334,-15.9,82.36,2.23,0.0,4.7933
2022-02-01,4.0219,-18.37,78.04,1.75,0.0,4.8816
2022-02-02,2.0527,-15.93,79.12,1.94,3.77,4.8804
2022-02-03,1.7417,-14.32,89.17,1.36,6.41,4.969
2022-02-04,2.7929,-17.27,86.66,1.71,3.41,5.0117
2022-02-05,4.6428,-20.77,73.55,1.26,0.05,5.155
2022-02-06,1.7736,-14.95,77.41,2.51,0.02,5.0498
2022-02-07,2.665,-14.5,78.1,2.19,0.02,5.1204
2022-02-08,4.5365,-19.56,81.7,2.03,0.06,5.2505
2022-02-09,2.6088,-17.82,75.68,2.2,0.05,5.2483
2022-02-10,3.2784,-22.75,88.65,2.08,0.0,5.3558
2022-02-11,4.825,-21.87,79.13,1.44,0.0,5.4749
2022-02-12,4.6118,-19.61,79.06,1.84,0.0,5.4053
2022-02-13,2.867,-17.65,80.48,2.1,0.0,5.3938
2022-02-14,3.5676,-15.85,84.81,1.74,0.0,5.3431
2022-02-15,3.2318,-16.67,86.42,2.07,0.0,5.501
2022-02-16,3.9845,-18.57,85.9,2.19,0.0,5.617
2022-02-17,4.5809,-19.25,82.59,2.11,0.0,5.6443
2022-02-18,3.7409,-19.7,81.29,1.62,0.0,5.6035
2022-02-19,4.3673,-18.51,83.1,1.47,0.14,5.6556
2022-02-20,4.9776,-16.5,71.93,1.46,0.16,5.8978
2022-02-21,5.7156,-19.7,66.94,1.39,0.0,5.989
2022-02-22,2.6899,-12.66,79.74,2.1,4.87,5.8183
2022-02-23,2.6412,-10.54,80.69,2.0,10.78,5.7506
2022-02-24,2.7312,-12.29,84.77,1.45,3.92,5.9664
2022-02-25,3.6048,-15.09,78.61,1.69,3.03,6.0581
2022-02-26,2.4991,-16.3,85.01,2.39,4.38,6.0718
2022-02-27,5.3047,-18.01,82.2,1.25,0.19,6.2179
2022-02-28,4.8962,-18.5,73.65,1.48,0.0,6.2784
2022-03-01,4.1138,-13.33,80.2,2.1,0.13,6.0833
2022-03-02,4.3332,-16.26,84.48,1.59,0.01,6.3372
2022-03-03,2.6887,-13.08,87.99,1.71,4.09,6.1831
2022-03-04,4.5974,-14.08,86.08,2.06,1.78,6.3413
2022-03-05,5.7864,-15.8,80.33,1.4,0.0,6.4524
2022-03-06,3.0778,-12.37,83.83,2.35,0.0,6.3031
2022-03-07,2.5742,-11.54,77.78,2.65,0.04,6.4927
2022-03-08,6.017,-14.38,81.81,1.44,0.01,6.6173
2022-03-09,5.4624,-14.76,73.31,1.93,0.0,6.6475
2022-03-10,6.2047,-13.17,67.16,1.37,0.0,6.677
2022-03-11,6.5119,-12.22,76.18,1.19,0.0,6.7714
2022-03-12,4.8432,-10.72,77.27,1.31,0.0,6.5863
2022-03-13,6.5196,-8.02,76.1,0.97,0.0,6.8638
2022-03-14,5.9746,-9.04,77.98,1.25,0.0,6.8138
2022-03-15,5.5728,-7.72,85.5,1.43,0.0,6.9384
2022-03-16,6.8532,-8.28,72.91,1.1,0.0,7.0025
2022-03-17,6.8558,-7.31,53.55,0.82,0.0,7.0721
2022-03-18,6.7018,-7.33,68.91,1.6,0.0,6.9802
2022-03-19,5.7228,-7.62,73.11,2.31,0.06,6.978
2022-03-20,5.2226,-7.56,78.76,2.7,0.07,6.9672
2022-03-21,5.8831,-6.72,68.32,1.7,0.0,7.3097
2022-03-22,7.2048,-6.38,54.88,1.8,0.0,7.4436
2022-03-23,6.7678,-7.22,61.22,2.6,0.01,7.2571
2022-03-24,4.3054,-7.08,75.58,2.36,0.04,7.057
2022-03-25,5.8968,-7.11,70.55,2.04,0.0,7.5324
2022-03-26,7.5312,-6.66,57.0,1.29,0.0,7.7326
2022-03-27,7.409,-5.93,65.17,2.61,0.0,7.6538
2022-03-28,6.8114,-4.39,69.19,3.0,0.0,7.625
2022-03-29,7.267,-3.95,54.53,3.55,0.0,7.7798
2022-03-30,7.1782,-4.14,53.54,2.75,0.08,7.627
2022-03-31,7.487,-3.72,55.44,2.46,0.0,7.7712
2022-04-01,7.8641,-1.19,47.98,1.74,0.0,7.9577
2022-04-02,7.609,-1.98,54.72,3.45,0.0,7.8305
2022-04-03,6.5018,-3.8,56.57,2.54,0.0,7.727
2022-04-04,7.621,-1.97,55.39,2.1,0.0,7.9848
2022-04-05,7.883,-0.64,51.31,1.9,0.0,8.0515
2022-04-06,7.7306,-0.27,49.34,1.95,0.0,7.8806
2022-04-07,7.7866,-0.58,52.81,1.33,0.0,7.9066
2022-04-08,7.8574,-0.03,50.39,1.49,0.0,7.9846
2022-04-09,6.6828,-1.23,61.31,2.28,0.0,7.9474
2022-04-10,7.621,0.05,53.55,1.36,0.0,8.1014
2022-04-11,7.7813,1.3,48.63,1.65,0.0,8.1228
2022-04-12,5.8663,0.59,54.27,2.35,0.16,7.5545
2022-04-13,6.612,-0.69,65.63,2.21,3.8,7.9116
2022-04-14,6.1663,-2.55,68.3,2.31,1.61,8.1739
2022-04-15,6.066,-3.11,72.71,1.26,0.03,8.1557
2022-04-16,7.2005,-2.08,46.22,1.74,0.01,8.3666
2022-04-17,8.1974,-0.67,33.35,1.4,0.0,8.6328
2022-04-18,7.9248,1.11,38.56,1.29,0.0,8.2966
2022-04-19,7.7491,-0.09,59.88,1.28,0.13,8.1792
2022-04-20,7.1741,-0.2,57.1,2.15,0.16,8.233
2022-04-21,6.5609,-1.75,54.95,2.41,2.04,8.3434
2022-04-22,6.6998,-1.59,59.3,2.1,1.08,8.3218
2022-04-23,6.1414,-2.49,55.33,2.36,0.02,8.647
2022-04-24,8.1108,-0.76,49.2,1.62,0.0,8.7266
2022-04-25,6.7728,-1.02,58.9,2.22,0.11,8.4187
2022-04-26,7.6896,-0.35,53.62,2.3,0.1,8.6909
2022-04-27,8.298,1.88,47.44,2.26,0.0,8.7175
2022-04-28,7.3814,0.49,61.33,2.6,1.16,8.5493
2022-04-29,6.9158,0.16,68.85,1.42,0.69,8.6724
2022-04-30,7.3927,1.13,67.09,1.58,0.02,8.7214
2022-05-01,6.9787,2.1,56.82,2.38,0.01,8.7029
2022-05-02,8.2303,3.79,37.29,1.51,0.0,8.6717
2022-05-03,7.0354,3.24,53.22,2.08,2.9,8.5778
2022-05-04,7.7462,1.18,56.4,1.85,2.12,8.6246
2022-05-05,7.6884,0.91,51.56,2.07,0.84,8.8238
2022-05-06,7.6188,0.93,60.97,1.52,0.11,8.9657
2022-05-07,6.5035,2.02,62.47,2.31,0.14,8.8776
2022-05-08,7.4887,2.85,53.78,1.9,0.08,8.7264
2022-05-09,7.1798,2.89,47.91,2.0,0.66,8.8543
2022-05-10,7.2391,3.29,46.48,1.66,0.0,8.9438
2022-05-11,7.7251,4.0,54.0,1.97,0.01,8.8663
2022-05-12,7.5869,4.1,57.58,2.66,0.24,8.9899
2022-05-13,7.5252,2.95,54.85,2.64,0.3,9.1872
2022-05-14,8.8102,3.73,40.92,1.87,0.0,9.2808
2022-05-15,7.5994,3.56,45.17,2.4,0.01,9.0518
2022-05-16,4.4712,1.68,62.3,2.11,0.68,8.7043
2022-05-17,5.3834,1.2,66.58,1.96,0.28,9.0358
2022-05-18,6.5498,2.13,54.25,2.14,0.0,8.803
2022-05-19,6.5666,2.76,50.43,1.82,0.63,9.1018
2022-05-20,6.8417,1.98,55.57,2.43,2.61,8.9131
2022-05-21,6.5983,0.32,56.11,2.05,0.39,8.7456
2022-05-22,5.2903,1.15,56.31,2.33,0.57,8.6551
2022-05-23,5.2728,0.71,52.02,1.79,2.59,9.0394
2022-05-24,5.4787,-0.01,60.99,1.35,3.72,8.6798
2022-05-25,6.0043,2.13,58.42,1.73,0.49,8.7703
2022-05-26,6.2054,4.97,44.39,1.6,0.21,8.9242
2022-05-27,7.3838,5.42,43.65,1.98,0.55,9.0533
2022-05-28,7.4563,5.06,47.64,2.21,0.89,8.8742
2022-05-29,7.429,4.2,49.08,2.45,0.31,9.0163
2022-05-30,6.7202,2.93,59.94,2.51,1.53,8.9959
2022-05-31,7.1578,3.11,52.36,2.58,0.3,9.2318
2022-06-01,6.3077,2.67,57.72,2.87,0.05,9.1512
2022-06-02,6.9384,2.48,54.94,2.57,0.0,9.3307
2022-06-03,7.3543,3.3,54.41,2.16,0.0,9.3326
2022-06-04,7.1875,3.82,60.26,2.49,0.0,9.3487
2022-06-05,7.4537,4.43,56.27,2.4,0.0,9.1937
2022-06-06,8.1036,5.36,55.59,2.38,0.0,9.2928
2022-06-07,7.3462,5.5,52.37,2.2,0.0,9.3454
2022-06-08,6.7284,4.9,56.75,2.05,0.0,9.0386
2022-06-09,4.8756,3.67,64.73,2.6,0.25,9.084
2022-06-10,6.1764,4.59,52.22,2.39,0.25,9.2681
2022-06-11,6.7973,4.43,49.6,2.15,0.21,9.4742
2022-06-12,6.649,4.85,52.53,2.39,0.01,9.313
2022-06-13,7.4309,5.13,49.34,1.92,0.01,9.2477
2022-06-14,7.9519,6.4,44.58,2.07,0.0,9.4186
2022-06-15,7.211,7.37,39.67,2.01,0.22,9.5287
2022-06-16,6.6763,5.35,56.94,2.51,2.28,9.3924
2022-06-17,5.2951,4.82,64.94,2.34,3.06,9.2806
2022-06-18,6.1231,4.04,60.9,2.59,4.02,8.9916
2022-06-19,5.113,1.75,71.91,2.39,3.95,8.9983
2022-06-20,5.4816,2.22,63.83,2.16,0.42,8.987
2022-06-21,5.5411,3.81,52.87,2.51,10.91,9.3667
2022-06-22,5.9501,4.06,52.0,2.07,1.67,9.3312
2022-06-23,6.5772,4.98,44.47,2.05,0.04,9.4606
2022-06-24,6.9852,6.36,38.23,1.79,0.0,9.6038
2022-06-25,7.7376,8.89,32.02,1.59,0.0,9.4663
2022-06-26,8.6311,9.85,43.82,1.86,0.0,9.3518
2022-06-27,8.6028,10.82,49.62,1.93,0.0,9.2904
2022-06-28,8.8522,12.08,45.57,1.88,0.09,9.2993
2022-06-29,8.5272,11.93,37.95,1.76,2.02,9.103
2022-06-30,8.6093,12.79,40.13,1.78,3.14,9.0818
2022-07-01,8.7211,13.83,33.7,2.05,0.43,9.1027
2022-07-02,8.6518,13.84,32.17,1.96,0.27,8.9894
2022-07-03,8.4511,13.63,38.44,1.79,3.06,8.8186
2022-07-04,7.7892,13.94,45.23,1.32,0.7,8.7252
2022-07-05,5.1211,10.25,66.75,2.03,6.61,8.7367
2022-07-06,4.9555,10.92,66.27,1.57,0.51,8.449
2022-07-07,5.328,11.59,63.49,2.19,0.74,8.4362
2022-07-08,7.003,11.53,63.44,2.38,0.19,8.8157
2022-07-09,4.2871,10.55,63.99,2.49,2.47,8.8022
2022-07-10,5.4125,11.22,62.42,2.41,5.2,8.8968
2022-07-11,5.616,10.98,55.34,2.74,2.26,8.8298
2022-07-12,8.1612,11.2,55.37,2.7,0.18,8.9642
2022-07-13,5.5378,9.9,55.77,2.71,3.58,9.0674
2022-07-14,5.4742,9.89,59.0,2.54,5.82,8.831
2022-07-15,5.0174,8.85,64.15,2.16,4.1,8.8339
2022-07-16,4.3075,8.55,64.34,2.37,3.42,9.0101
2022-07-17,5.5126,9.52,60.59,1.59,0.41,8.9726
2022-07-18,8.7989,10.14,58.04,1.09,0.0,9.1457
2022-07-19,8.8627,12.21,52.27,1.74,2.84,9.1627
2022-07-20,8.0952,11.28,38.29,2.11,1.07,8.9474
2022-07-21,8.2229,9.53,35.99,1.57,0.06,9.1308
2022-07-22,7.9044,12.61,37.7,1.28,1.34,8.8366
2022-07-23,7.9246,12.14,44.6,1.54,2.84,8.742
2022-07-24,7.9603,10.6,65.78,1.38,1.35,8.5788
2022-07-25,5.5865,11.96,60.55,2.06,1.55,8.4816
2022-07-26,4.7681,12.66,56.31,1.34,4.61,8.3532
2022-07-27,6.0065,12.54,52.63,1.27,3.9,8.1302
2022-07-28,3.9905,9.99,64.76,1.4,5.6,7.6848
2022-07-29,4.5614,7.73,75.21,1.44,9.17,7.0999
2022-07-30,6.763,8.02,73.28,1.59,5.95,8.2519
2022-07-31,4.9382,7.49,70.28,2.16,5.17,8.4847
2022-08-01,3.1639,7.44,62.34,2.09,0.6,8.5522
2022-08-02,7.8132,8.63,52.98,2.04,0.0,8.7511
2022-08-03,8.3172,9.82,51.43,2.07,0.0,8.6398
2022-08-04,5.8003,10.28,55.35,1.73,4.72,8.5159
2022-08-05,3.1001,10.34,61.67,1.72,3.03,8.141
2022-08-06,4.038,10.58,63.89,1.72,4.25,8.1482
2022-08-07,5.6119,11.36,61.33,1.76,1.71,8.3983
2022-08-08,4.0421,9.88,69.66,1.84,2.08,8.3414
2022-08-09,5.1794,10.95,64.65,1.88,0.6,8.232
2022-08-10,5.7778,11.93,60.43,1.61,2.91,8.3419
2022-08-11,6.852,10.41,66.0,2.29,2.06,8.2498
2022-08-12,3.9931,10.14,69.63,2.01,0.58,8.1571
2022-08-13,6.397,11.23,64.56,1.51,0.01,8.2946
2022-08-14,7.1976,10.84,63.13,1.39,3.75,8.2531
2022-08-15,4.7201,10.32,63.48,1.93,4.81,7.8814
2022-08-16,4.3423,9.64,67.22,2.34,1.97,8.0028
2022-08-17,4.975,10.24,60.83,1.99,1.24,8.1238
2022-08-18,6.4987,10.35,60.12,1.57,4.27,8.0561
2022-08-19,7.6303,10.81,52.15,1.66,7.47,8.117
2022-08-20,6.6245,9.6,58.14,1.83,5.31,8.1403
2022-08-21,7.0922,9.0,61.58,2.06,1.52,8.0254
2022-08-22,7.2996,9.42,55.09,1.95,0.01,7.9469
2022-08-23,6.3101,9.1,60.94,1.81,4.56,7.901
2022-08-24,5.2411,7.21,72.31,1.34,1.25,7.7412
2022-08-25,4.9922,8.96,67.01,2.18,2.18,7.6416
2022-08-26,5.5826,9.61,60.98,2.27,0.17,7.5775
2022-08-27,5.4305,9.32,56.72,2.14,0.49,7.7719
2022-08-28,5.6242,9.06,57.15,2.35,0.14,7.7983
2022-08-29,6.4915,8.1,58.03,2.21,1.42,7.7035
2022-08-30,7.2031,7.95,58.67,2.05,0.13,7.8682
2022-08-31,7.457,8.04,56.68,2.02,0.08,7.7942
2022-09-01,7.3601,7.72,57.49,2.22,2.12,7.7549
2022-09-02,5.9513,8.09,60.5,1.74,1.32,7.7587
2022-09-03,6.4987,8.36,49.41,1.57,1.14,7.6963
2022-09-04,6.0686,6.96,47.68,1.66,3.5,7.5703
2022-09-05,5.9237,7.33,49.59,1.4,1.1,7.5228
2022-09-06,5.8927,7.7,42.45,1.76,0.0,7.4868
2022-09-07,4.8986,8.13,42.61,1.14,0.0,7.5295
2022-09-08,5.2574,8.05,56.3,1.19,0.0,7.1851
2022-09-09,5.6957,8.9,53.85,1.62,0.02,7.2242
2022-09-10,4.9529,8.25,56.93,1.53,0.99,7.2662
2022-09-11,5.1854,6.83,60.99,2.16,0.99,7.1429
2022-09-12,5.7216,5.82,54.2,1.89,0.01,7.1292
2022-09-13,6.5309,6.17,49.43,1.73,0.0,7.1287
2022-09-14,5.0285,6.46,50.52,2.06,0.06,7.027
2022-09-15,6.4963,6.12,50.61,1.6,0.78,7.1868
2022-09-16,6.307,6.41,50.36,1.77,0.19,7.2502
2022-09-17,4.517,5.61,55.88,2.26,1.11,6.8359
2022-09-18,6.7706,5.23,46.16,1.51,0.16,7.1671
2022-09-19,6.8731,6.04,37.14,1.54,0.0,7.1532
2022-09-20,5.2644,5.39,54.57,1.38,2.94,6.9026
2022-09-21,3.0732,5.13,67.43,2.0,6.32,6.7061
2022-09-22,5.0875,5.11,61.26,1.75,0.6,6.8412
2022-09-23,6.0912,5.18,54.92,1.75,1.24,6.7961
2022-09-24,3.4613,5.12,63.69,1.69,4.05,6.552
2022-09-25,1.2818,3.3,78.69,2.58,11.61,6.4973
2022-09-26,4.2082,3.49,61.34,1.46,0.24,6.679
2022-09-27,5.4115,4.26,39.19,1.48,0.0,6.7874
2022-09-28,4.2487,3.81,54.9,1.73,1.58,6.4867
2022-09-29,3.0086,3.08,56.2,1.7,0.13,6.4166
2022-09-30,4.8348,3.68,46.09,1.45,0.0,6.4306
2022-10-01,4.368,2.97,55.3,2.21,0.21,6.2558
2022-10-02,4.7998,1.57,52.53,2.01,0.02,6.42
2022-10-03,4.4484,1.28,47.58,1.99,0.0,6.4838
2022-10-04,4.6358,0.75,47.16,2.31,0.0,6.419
2022-10-05,5.2363,1.04,46.17,2.13,0.0,6.4294
2022-10-06,5.4506,0.29,47.91,2.36,0.0,6.3962
2022-10-07,5.6767,-0.12,43.33,2.32,0.0,6.3912
2022-10-08,5.6287,0.49,40.07,1.85,0.0,6.3084
2022-10-09,5.2109,1.44,38.88,1.59,0.34,6.2198
2022-10-10,3.2856,-0.41,61.54,1.99,12.51,6.0286
2022-10-11,3.6221,-3.67,63.69,1.64,4.17,5.688
2022-10-12,3.545,-3.49,62.48,1.49,5.4,5.9002
2022-10-13,3.0149,-3.61,68.47,1.59,0.2,5.8702
2022-10-14,3.6206,-2.83,55.32,0.77,0.0,5.9328
2022-10-15,4.1441,-1.41,34.18,0.96,0.0,5.88
2022-10-16,3.5546,-1.25,31.38,1.36,0.0,5.7864
2022-10-17,4.1506,-1.47,41.01,1.6,0.0,5.7718
2022-10-18,2.2406,-3.15,62.66,2.06,0.04,5.7403
2022-10-19,2.7862,-3.45,58.2,2.14,0.57,5.424
2022-10-20,2.7278,-5.65,62.15,2.08,2.85,5.5673
2022-10-21,2.2094,-7.03,62.41,1.58,3.15,5.5282
2022-10-22,4.4551,-5.23,48.95,1.03,0.0,5.6429
2022-10-23,5.0081,-4.04,35.98,1.14,0.0,5.4566
2022-10-24,4.7134,-3.42,39.22,1.22,0.0,5.2632
2022-10-25,3.7582,-3.63,49.31,1.86,0.0,5.2925
2022-10-26,4.387,-3.97,52.99,1.99,0.0,5.2279
2022-10-27,3.7243,-4.45,51.55,2.64,0.0,5.281
2022-10-28,4.8274,-3.78,36.87,1.48,0.0,5.3698
2022-10-29,4.6805,-3.21,40.44,0.98,0.0,5.1742
2022-10-30,4.4906,-2.56,36.02,1.28,0.0,5.0971
2022-10-31,3.283,-3.44,55.67,2.23,0.02,4.8394
2022-11-01,1.9529,-4.46,59.14,1.92,0.1,4.8509
2022-11-02,3.6749,-3.62,56.25,1.09,0.0,4.8814
2022-11-03,4.3001,-2.88,47.74,1.6,0.0,4.6961
2022-11-04,4.283,-2.48,49.23,1.51,0.0,4.8574
2022-11-05,3.3595,-4.66,60.99,1.95,0.93,4.4986
2022-11-06,2.5418,-5.78,65.4,2.34,5.36,4.7189
2022-11-07,2.4079,-6.68,66.27,2.47,3.25,4.619
2022-11-08,4.3934,-8.41,65.68,1.84,0.06,4.6862
2022-11-09,1.9099,-8.84,71.2,2.52,5.47,4.7386
2022-11-10,3.0482,-10.51,66.97,1.88,1.23,4.6894
2022-11-11,4.3034,-11.56,66.84,1.71,0.0,4.6826
2022-11-12,4.2487,-11.2,65.95,2.14,0.0,4.6562
2022-11-13,2.887,-10.51,71.01,1.78,1.77,4.6574
2022-11-14,0.9833,-10.73,78.15,2.44,13.37,4.5245
2022-11-15,4.2425,-18.29,89.7,1.43,0.87,4.5934
2022-11-16,4.1496,-17.49,91.19,1.84,0.0,4.4503
2022-11-17,4.2859,-16.97,79.62,1.22,0.0,4.5677
2022-11-18,3.649,-14.96,74.99,1.4,0.0,4.4621
2022-11-19,1.968,-11.58,80.13,1.91,0.0,4.367
2022-11-20,3.4903,-13.03,80.44,1.68,0.0,4.44
2022-11-21,4.1693,-15.94,73.07,1.45,0.0,4.4369
2022-11-22,4.193,-15.53,69.28,1.15,0.0,4.3932
2022-11-23,4.2214,-15.74,61.3,1.17,0.0,4.3838
2022-11-24,4.2043,-13.24,58.27,1.24,0.0,4.326
2022-11-25,4.1174,-11.44,60.54,1.5,0.0,4.2602
2022-11-26,3.8102,-10.56,58.76,1.65,0.0,4.0836
2022-11-27,3.9926,-12.3,68.32,1.57,0.0,4.1412
2022-11-28,4.0289,-12.37,67.31,1.29,0.0,4.1722
2022-11-29,3.6938,-12.03,57.12,1.69,0.0,4.1911
2022-11-30,3.7817,-11.42,55.95,1.86,0.0,4.1357
2022-12-01,3.8726,-10.7,56.51,1.54,0.0,4.109
2022-12-02,3.2594,-9.19,55.67,2.28,0.0,3.9425
2022-12-03,3.4224,-11.82,63.1,2.22,0.0,3.9562
2022-12-04,3.8779,-13.27,59.88,1.85,0.0,4.0313
2022-12-05,3.755,-13.59,62.78,2.15,0.0,3.9293
2022-12-06,2.3606,-11.77,62.99,2.38,0.0,3.9487
2022-12-07,3.5508,-13.14,62.16,1.95,0.0,4.019
2022-12-08,2.2656,-11.32,61.87,2.28,0.02,3.9163
2022-12-09,2.6628,-10.54,69.82,3.11,0.38,3.9007
2022-12-10,2.1115,-12.16,71.57,2.62,0.59,3.8131
2022-12-11,3.1099,-13.33,66.45,2.1,0.02,3.9074
2022-12-12,3.084,-12.15,57.36,2.55,0.0,3.8294
2022-12-13,3.5568,-12.86,62.55,2.07,0.0,3.7939
2022-12-14,3.5614,-12.86,49.94,1.7,0.0,3.9336
2022-12-15,3.6667,-11.21,46.25,1.39,0.0,3.8887
2022-12-16,3.4236,-10.32,48.26,1.3,0.0,3.8923
2022-12-17,3.5381,-10.79,51.76,1.21,0.0,3.8839
2022-12-18,3.5647,-11.97,56.27,1.68,0.0,3.7877
2022-12-19,3.6566,-13.94,56.74,2.08,0.0,3.8141
2022-12-20,3.6072,-13.75,48.09,2.46,0.0,3.7344
2022-12-21,3.6247,-14.21,44.59,1.6,0.0,3.7771
2022-12-22,3.7102,-14.98,47.98,1.45,0.0,3.8926
2022-12-23,3.3888,-15.14,47.24,1.96,0.0,3.769
2022-12-24,3.4661,-15.5,56.79,1.32,0.0,3.7339
2022-12-25,3.5938,-15.25,60.45,1.61,0.0,3.7848
2022-12-26,3.2815,-13.89,72.96,1.68,0.0,3.8801
2022-12-27,3.4992,-15.2,66.02,1.6,0.0,3.775
2022-12-28,3.6617,-14.5,59.6,1.67,0.0,3.8923
2022-12-29,2.6028,-10.95,73.71,2.53,4.64,3.8551
2022-12-30,2.0765,-11.94,69.81,2.33,2.16,3.8902
2022-12-31,3.7526,-17.0,72.61,2.29,0.04,3.9679
2023-01-01,3.8554,-17.03,57.23,1.71,0.0,4.0553
2023-01-02,3.7831,-17.27,64.35,1.76,0.0,4.0426
2023-01-03,3.5383,-17.83,67.24,1.38,0.0,4.0094
2023-01-04,3.7553,-18.05,62.4,1.03,0.0,4.062
2023-01-05,3.941,-16.06,46.37,1.22,0.0,4.1258
2023-01-06,3.5635,-14.18,44.2,1.24,0.0,4.0246
2023-01-07,2.9318,-10.83,61.27,1.51,0.0,3.9737
2023-01-08,2.9153,-10.67,77.08,2.27,0.05,4.0022
2023-01-09,2.6232,-10.81,72.1,3.08,0.01,4.0222
2023-01-10,2.9203,-12.57,63.49,2.42,0.0,4.0944
2023-01-11,1.1676,-12.34,73.54,3.66,5.15,4.0577
2023-01-12,3.1726,-16.11,67.96,4.15,1.0,4.0867
2023-01-13,1.6829,-15.65,75.77,3.76,11.11,3.9823
2023-01-14,3.7265,-19.1,71.29,2.88,1.05,4.1184
2023-01-15,3.9751,-22.07,58.83,2.82,0.0,4.3555
2023-01-16,4.1453,-22.64,75.81,2.15,0.0,4.3826
2023-01-17,4.1568,-25.05,76.09,1.77,0.0,4.4136
2023-01-18,4.092,-23.39,73.1,1.46,0.0,4.4359
2023-01-19,3.6871,-16.82,79.69,1.69,0.99,4.3406
2023-01-20,2.5102,-16.12,89.25,1.5,9.6,4.3778
2023-01-21,3.9185,-17.74,77.83,1.71,1.58,4.4602
2023-01-22,4.302,-20.81,80.24,2.18,0.1,4.4827
2023-01-23,3.7382,-22.43,81.1,2.28,0.0,4.5442
2023-01-24,3.3547,-17.03,82.8,2.95,3.75,4.3457
2023-01-25,1.351,-12.81,80.46,3.3,11.52,4.2516
2023-01-26,3.6869,-17.36,72.33,2.56,1.4,4.5866
2023-01-27,4.4114,-21.22,78.3,2.36,0.1,4.7318
2023-01-28,3.2918,-20.56,84.03,2.08,0.0,4.7042
2023-01-29,2.8289,-14.18,79.0,2.17,2.31,4.764
2023-01-30,1.9222,-13.38,79.99,2.4,14.08,4.7069
2023-01-31,2.9429,-18.16,78.74,1.93,1.06,4.9678
2023-02-01,4.512,-20.16,73.38,1.26,0.02,5.0134
2023-02-02,4.5439,-18.26,86.58,1.32,0.0,5.0201
2023-02-03,4.17,-15.04,88.05,1.61,0.0,4.9834
2023-02-04,4.457,-14.27,85.83,1.88,0.0,5.027
2023-02-05,4.4549,-19.71,75.38,1.91,0.07,5.207
2023-02-06,3.4358,-15.64,76.52,2.56,3.42,5.0789
2023-02-07,4.9416,-20.0,82.49,1.71,0.34,5.213
2023-02-08,4.6985,-20.84,88.38,1.77,0.0,5.2193
2023-02-09,3.4056,-12.55,84.37,3.3,6.18,5.1782
2023-02-10,1.7935,-11.96,75.03,6.66,7.65,5.2099
2023-02-11,2.4766,-15.72,78.46,4.58,3.3,5.3342
2023-02-12,4.6423,-19.64,73.77,1.14,0.56,5.5282
2023-02-13,4.7494,-18.02,81.99,2.16,0.0,5.4413
2023-02-14,4.5929,-12.4,85.29,2.07,0.0,5.4348
2023-02-15,4.6819,-13.04,83.67,1.51,0.0,5.4055
2023-02-16,4.0159,-12.07,87.19,1.8,0.0,5.465
2023-02-17,3.6254,-11.29,78.2,1.69,0.0,5.4598
2023-02-18,3.905,-12.27,68.7,2.36,0.0,5.5658
2023-02-19,4.0358,-11.89,82.42,2.76,0.0,5.5488
2023-02-20,3.9343,-11.86,83.98,3.17,0.23,5.5932
2023-02-21,5.0959,-12.47,71.31,1.34,2.51,5.711
2023-02-22,5.6074,-16.09,77.7,1.69,1.09,5.8822
2023-02-23,5.8111,-17.14,78.12,1.09,0.08,5.9172
2023-02-24,5.621,-16.98,76.33,1.47,0.0,5.8505
2023-02-25,5.7787,-16.06,77.54,1.33,0.0,5.8678
2023-02-26,5.112,-15.3,83.9,2.07,0.2,5.9983
2023-02-27,5.0938,-13.19,87.23,1.81,0.2,6.1618
2023-02-28,3.5777,-13.04,87.84,1.79,1.07,6.2066
2023-03-01,4.4981,-11.31,89.39,2.16,0.58,6.1814
2023-03-02,4.0735,-10.72,85.28,1.95,3.8,6.2314
2023-03-03,5.6909,-10.46,75.86,1.38,0.17,6.2585
2023-03-04,4.5002,-10.43,88.28,1.83,0.1,6.2945
2023-03-05,4.998,-12.91,89.13,1.49,0.03,6.4274
2023-03-06,5.9858,-14.41,80.18,1.32,0.0,6.4668
2023-03-07,6.0,-13.12,78.5,1.34,0.02,6.4906
2023-03-08,6.2189,-12.4,75.52,1.18,0.24,6.4025
2023-03-09,6.5239,-13.89,78.4,1.34,0.08,6.5918
2023-03-10,6.5597,-12.66,75.04,1.2,0.0,6.6192
2023-03-11,6.599,-11.56,76.34,1.23,0.01,6.6761
2023-03-12,6.57,-11.36,80.14,1.36,0.49,6.6403
2023-03-13,6.1051,-10.74,84.58,1.4,0.11,6.756
2023-03-14,6.6497,-10.61,82.74,1.31,0.01,6.8597
2023-03-15,6.7082,-11.62,76.75,1.37,0.45,6.9317
2023-03-16,6.2472,-8.81,85.48,1.85,4.02,6.8861
2023-03-17,4.5348,-8.67,79.66,1.81,3.08,6.8954
2023-03-18,5.3083,-9.54,89.36,1.48,3.84,7.0373
2023-03-19,6.0588,-8.53,81.83,1.24,2.07,7.1215
2023-03-20,5.3393,-9.07,83.07,1.98,3.01,7.0049
2023-03-21,6.3161,-9.18,70.18,1.18,1.26,7.2209
2023-03-22,6.7553,-9.49,69.85,1.67,0.83,7.3042
2023-03-23,5.9568,-9.82,73.57,1.64,0.02,7.4477
2023-03-24,5.9878,-8.43,75.42,1.58,0.57,7.4014
2023-03-25,4.8612,-7.76,77.63,1.96,13.4,7.4422
2023-03-26,6.246,-9.81,78.1,1.48,2.62,7.6224
2023-03-27,6.923,-10.8,72.71,1.51,0.08,7.5636
2023-03-28,7.0483,-9.22,70.86,1.54,0.0,7.4448
2023-03-29,7.0034,-8.14,71.91,1.8,0.04,7.5235
2023-03-30,6.7606,-6.66,70.64,1.38,0.7,7.5996
2023-03-31,6.2354,-5.96,73.31,1.34,7.11,7.7858
2023-04-01,4.2074,-5.57,78.0,2.16,7.4,7.8055
2023-04-02,5.0935,-7.72,78.3,2.23,2.02,7.6649
2023-04-03,5.4838,-9.1,80.34,2.1,6.14,7.7642
2023-04-04,4.6603,-9.29,78.69,2.28,8.83,8.0234
2023-04-05,5.7744,-10.39,75.62,2.1,0.2,7.9013
2023-04-06,4.325,-12.12,75.87,2.54,0.3,8.0018
2023-04-07,7.0075,-11.2,69.06,1.84,0.0,8.1578
2023-04-08,7.4443,-9.0,58.09,1.5,0.0,7.9181
2023-04-09,7.3913,-7.51,63.49,1.27,0.0,7.6771
2023-04-10,6.9931,-5.88,59.54,1.96,0.0,7.7628
2023-04-11,6.6194,-5.66,66.86,2.55,0.0,8.0076
2023-04-12,7.5715,-4.32,63.22,1.51,0.0,8.3386
2023-04-13,7.4028,-3.54,56.42,1.09,0.0,8.0806
2023-04-14,8.0172,-2.36,48.69,1.17,0.0,8.2908
2023-04-15,7.5518,-1.7,57.62,1.74,0.01,8.2224
2023-04-16,6.3778,-2.94,76.82,1.89,0.06,8.1283
2023-04-17,6.7106,-2.52,68.24,1.78,0.74,8.1415
2023-04-18,5.3191,-2.49,75.1,2.73,7.82,8.3695
2023-04-19,5.309,-2.9,79.34,2.66,18.56,8.4422
2023-04-20,4.0656,-5.51,88.53,1.99,16.37,8.5985
2023-04-21,4.9481,-10.25,87.02,2.6,2.95,8.6674
2023-04-22,5.0419,-10.99,76.02,1.5,0.15,8.7358
2023-04-23,7.3193,-8.97,62.71,2.06,0.0,8.9813
2023-04-24,8.0417,-5.75,42.57,1.39,0.0,8.808
2023-04-25,8.0266,-4.26,47.98,1.31,0.04,8.2872
2023-04-26,6.8393,-4.54,71.86,1.9,0.26,8.2622
2023-04-27,5.3155,-4.65,70.87,1.82,6.74,8.507
2023-04-28,5.6746,-5.64,67.26,1.96,0.6,8.617
2023-04-29,6.1908,-4.15,59.2,1.85,0.15,8.8841
2023-04-30,7.7222,-2.1,45.85,1.06,0.0,8.5802
2023-05-01,6.1087,-1.66,55.6,1.25,6.1,8.1922
2023-05-02,5.3741,-2.49,79.76,1.89,2.2,8.3899
2023-05-03,5.7173,-3.79,83.17,2.02,6.58,8.4737
2023-05-04,6.5688,-5.2,78.42,2.62,0.15,8.9242
2023-05-05,6.031,-5.91,80.66,3.27,0.0,8.6422
2023-05-06,6.5784,-5.48,74.25,2.81,2.62,8.6923
2023-05-07,6.4483,-6.85,76.04,3.57,5.27,9.0677
2023-05-08,4.735,-7.51,75.1,2.75,4.58,9.1106
2023-05-09,4.7674,-6.84,70.11,2.17,1.93,9.1219
2023-05-10,7.668,-6.82,50.18,1.51,0.16,9.3194
2023-05-11,9.1366,-4.57,39.77,1.53,0.01,9.5278
2023-05-12,8.1581,-2.37,43.42,1.74,0.0,9.1627
2023-05-13,7.4297,-2.02,65.94,1.81,0.4,8.9851
2023-05-14,6.4493,-2.54,74.97,1.78,0.05,9.0545
2023-05-15,6.4274,-2.14,69.09,2.0,0.04,9.0127
2023-05-16,7.188,-0.6,66.17,1.35,0.0,8.7461
2023-05-17,7.1652,0.69,58.7,1.53,0.17,8.4072
2023-05-18,6.4627,0.62,59.56,2.27,0.12,8.8553
2023-05-19,6.8592,0.49,64.34,2.42,0.13,8.9393
2023-05-20,5.9417,0.73,54.43,2.34,0.16,8.9849
2023-05-21,9.013,2.38,49.9,2.33,0.0,9.3245
2023-05-22,8.6026,2.82,55.51,1.54,0.0,9.2429
2023-05-23,7.5545,2.26,72.24,2.14,4.09,8.8978
2023-05-24,4.8355,0.79,75.79,2.6,5.65,9.168
2023-05-25,6.7562,-0.8,74.02,2.8,3.14,9.1478
2023-05-26,6.6238,-1.7,68.42,2.87,1.36,9.209
2023-05-27,6.6058,-2.13,60.94,3.51,1.59,9.0703
2023-05-28,7.1897,-0.65,56.93,1.93,0.17,9.3564
2023-05-29,7.2662,2.15,57.72,1.67,3.1,8.9479
2023-05-30,5.4684,1.12,68.09,1.32,9.92,9.1106
2023-05-31,5.7422,0.27,75.45,1.19,12.42,9.4394
2023-06-01,6.1214,-0.32,81.91,2.08,3.16,9.3941
2023-06-02,5.2258,-0.63,77.74,1.9,0.7,9.3696
2023-06-03,5.251,-0.26,70.28,2.44,0.75,9.3216
2023-06-04,6.8964,1.22,57.2,2.14,0.05,9.3842
2023-06-05,6.9389,1.64,57.89,1.47,0.88,9.5611
2023-06-06,4.843,0.69,72.21,1.87,1.73,9.421
2023-06-07,5.6998,1.79,66.04,1.4,0.21,9.3859
2023-06-08,6.4694,3.3,58.24,1.62,0.01,9.3494
2023-06-09,8.5922,4.27,50.83,1.8,0.0,9.4834
2023-06-10,6.8098,4.13,55.66,1.56,0.19,9.3343
2023-06-11,5.8195,5.45,56.92,1.48,0.5,9.245
2023-06-12,5.8205,5.79,59.0,1.58,1.0,9.0497
2023-06-13,7.2168,3.68,74.92,1.83,0.28,8.9122
2023-06-14,5.9304,3.46,74.42,1.91,0.76,9.1505
2023-06-15,7.2091,3.43,75.88,2.15,0.21,9.1968
2023-06-16,7.321,5.15,63.06,1.37,0.1,9.3886
2023-06-17,8.0657,5.65,58.74,1.55,0.01,9.3379
2023-06-18,8.213,6.23,59.6,1.53,2.25,9.4116
2023-06-19,8.9506,7.04,44.68,1.67,0.02,9.4385
2023-06-20,9.1608,7.68,35.83,1.57,0.0,9.3578
2023-06-21,9.2532,9.37,34.7,1.4,0.0,9.4073
2023-06-22,9.2369,10.87,35.09,1.62,0.01,9.4392
2023-06-23,8.8872,11.45,35.11,1.51,0.29,9.2873
2023-06-24,8.9405,10.87,56.76,1.99,0.02,9.1145
2023-06-25,8.027,8.66,70.68,1.78,8.89,9.1397
2023-06-26,4.5348,7.69,72.81,1.89,4.64,8.8015
2023-06-27,7.0171,7.6,70.35,2.32,2.16,8.8769
2023-06-28,7.1714,8.16,67.04,1.61,0.75,9.156
2023-06-29,5.5394,7.47,71.23,2.59,0.76,9.1303
2023-06-30,6.5539,7.49,64.0,2.28,0.0,9.4313
2023-07-01,6.8105,7.02,62.27,2.5,0.0,9.3065
2023-07-02,6.9898,8.33,50.94,1.51,0.0,9.4903
2023-07-03,8.2363,9.59,41.11,1.59,0.0,9.3982
2023-07-04,5.989,8.26,62.07,2.46,0.13,9.1562
2023-07-05,2.8668,6.06,71.24,2.29,1.72,8.8447
2023-07-06,5.7598,6.71,58.41,2.73,0.53,9.1337
2023-07-07,5.6815,6.26,64.53,2.43,9.48,8.9431
2023-07-08,3.2165,6.35,75.0,2.55,9.52,9.1831
2023-07-09,2.5202,5.25,80.6,2.45,8.54,9.205
2023-07-10,3.3329,6.06,74.02,2.08,2.01,9.0067
2023-07-11,6.353,7.16,62.59,2.13,0.29,9.1915
2023-07-12,6.485,7.77,50.43,1.48,0.26,9.2299
2023-07-13,7.5809,9.13,47.13,1.54,0.2,9.325
2023-07-14,8.1,9.45,53.85,1.17,1.85,9.2359
2023-07-15,6.6778,11.34,61.59,1.55,2.39,8.9786
2023-07-16,4.1076,8.73,73.71,1.18,2.8,8.8783
2023-07-17,6.5801,9.88,65.87,1.37,1.14,8.7499
2023-07-18,7.6721,12.74,51.59,1.52,0.46,8.9448
2023-07-19,6.2246,12.03,52.43,1.59,3.66,8.7058
2023-07-20,5.953,11.1,63.59,1.45,4.12,8.67
2023-07-21,5.1384,9.15,78.13,1.63,6.16,8.6842
2023-07-22,5.4766,6.55,81.92,1.51,2.71,8.4101
2023-07-23,5.5682,8.5,72.87,1.69,0.97,8.735
2023-07-24,5.7881,10.01,70.19,1.78,2.58,8.6789
2023-07-25,5.2721,8.76,69.05,1.35,2.45,8.5848
2023-07-26,6.0019,9.51,67.9,1.55,1.62,8.5778
2023-07-27,5.7991,10.34,64.45,1.36,4.0,8.5073
2023-07-28,5.7545,7.72,71.9,1.07,1.64,8.5682
2023-07-29,3.6002,7.81,68.91,2.21,2.02,7.7827
2023-07-30,6.5314,8.61,63.38,1.79,0.1,8.6966
2023-07-31,6.4908,9.68,58.27,1.45,0.0,8.4622
2023-08-01,7.4357,10.91,52.46,1.43,0.0,8.7269
2023-08-02,6.7459,11.23,54.51,1.48,0.44,8.5781
2023-08-03,6.1207,10.53,66.39,1.73,0.68,8.6179
2023-08-04,7.099,10.77,64.29,1.71,0.4,8.442
2023-08-05,6.0746,10.45,64.68,1.85,0.28,8.3969
2023-08-06,6.1776,10.97,64.28,2.31,0.33,8.3539
2023-08-07,4.3306,10.09,63.49,2.48,0.43,8.4662
2023-08-08,7.7458,9.76,54.87,1.75,0.08,8.6256
2023-08-09,6.9739,10.63,52.9,1.66,0.0,8.58
2023-08-10,5.898,11.54,55.22,1.7,0.7,8.4125
2023-08-11,7.0553,11.27,59.59,1.73,2.2,8.2536
2023-08-12,8.0038,11.71,56.2,2.13,0.09,8.435
2023-08-13,8.0602,11.9,57.49,2.05,2.4,8.4624
2023-08-14,7.1959,10.11,60.02,2.67,8.14,8.4154
2023-08-15,6.4822,9.14,57.77,1.85,1.33,8.3971
2023-08-16,6.3984,9.92,59.39,1.53,0.1,8.3206
2023-08-17,6.8218,9.82,61.83,1.61,0.21,8.2301
2023-08-18,7.4647,9.69,51.7,1.87,0.44,8.2627
2023-08-19,7.5408,9.76,57.14,1.48,0.04,8.1569
2023-08-20,6.2429,11.36,52.41,1.48,0.0,8.0244
2023-08-21,7.5055,12.51,51.35,1.44,0.0,7.9651
2023-08-22,7.3106,12.34,57.09,1.94,0.04,7.9231
2023-08-23,7.4868,11.13,57.43,2.3,0.15,8.04
2023-08-24,4.5593,8.75,65.24,2.42,0.84,7.8941
2023-08-25,4.7302,8.03,61.35,2.28,0.32,7.7894
2023-08-26,3.3727,7.24,58.8,2.26,1.0,7.6752
2023-08-27,5.0033,6.87,56.56,2.25,0.18,7.693
2023-08-28,4.9889,5.05,55.86,2.14,0.3,7.8521
2023-08-29,7.3913,5.6,44.94,2.11,0.11,8.1694
2023-08-30,7.8302,7.53,26.37,1.27,0.0,8.2793
2023-08-31,7.8278,9.34,26.78,1.61,0.02,8.0995
2023-09-01,7.1825,9.06,42.5,1.94,2.73,7.9042
2023-09-02,7.2866,8.22,50.03,1.94,1.24,7.8446
2023-09-03,6.5158,6.57,54.0,2.48,0.66,7.6925
2023-09-04,6.7008,5.97,52.92,1.86,0.31,7.8089
2023-09-05,6.2731,5.41,53.81,2.11,0.82,7.7213
2023-09-06,5.2114,5.69,46.37,1.88,0.0,7.6382
2023-09-07,6.4555,6.43,46.84,1.49,0.0,7.6958
2023-09-08,6.8405,7.12,49.87,1.6,0.33,7.531
2023-09-09,6.1778,7.04,51.21,1.47,0.27,7.4789
2023-09-10,6.781,8.32,34.68,1.45,0.0,7.5797
2023-09-11,6.9058,9.02,21.27,1.51,0.0,7.6718
2023-09-12,7.0939,9.82,26.48,1.77,0.45,7.4909
2023-09-13,7.1035,10.45,44.94,1.54,0.0,7.3913
2023-09-14,6.8371,9.47,56.87,2.0,2.39,7.1729
2023-09-15,5.9117,8.53,60.9,1.78,1.81,7.0574
2023-09-16,5.3964,7.86,61.86,1.69,3.79,6.989
2023-09-17,4.9522,7.42,65.02,1.96,4.09,7.0039
2023-09-18,5.3837,6.22,65.37,2.3,6.13,6.942
2023-09-19,5.2229,5.65,62.69,1.8,0.97,7.1131
2023-09-20,6.1464,5.43,59.64,2.0,0.08,7.1172
2023-09-21,6.1171,4.02,60.69,2.32,2.02,7.0214
2023-09-22,5.0357,2.87,63.35,2.73,1.01,7.0411
2023-09-23,5.6095,2.19,60.92,2.63,0.2,6.895
2023-09-24,4.7462,1.55,54.46,2.66,0.95,6.7181
2023-09-25,3.3744,0.29,58.51,2.52,0.68,6.5674
2023-09-26,5.299,0.79,51.29,2.34,0.01,6.858
2023-09-27,5.6609,1.16,40.25,2.06,0.0,6.8969
2023-09-28,6.0888,1.4,39.55,2.3,0.0,6.8141
2023-09-29,5.7878,0.37,46.56,2.64,0.02,6.5911
2023-09-30,5.3148,0.18,53.59,2.52,2.57,6.5285
2023-10-01,3.7596,0.8,58.47,2.03,0.04,6.5287
2023-10-02,3.7421,0.71,58.96,2.53,2.82,6.3982
2023-10-03,4.5792,0.4,50.41,2.03,0.02,6.5789
2023-10-04,4.9802,0.16,45.58,2.0,0.0,6.4462
2023-10-05,5.9868,2.15,39.3,1.58,0.0,6.5126
2023-10-06,5.8051,2.73,39.07,2.45,0.0,6.4219
2023-10-07,3.803,0.7,53.43,2.1,0.0,6.2018
2023-10-08,5.0585,0.83,52.43,2.14,0.0,6.1445
2023-10-09,5.0743,-0.16,52.14,2.61,1.73,6.2088
2023-10-10,2.2999,-2.59,58.9,2.04,3.65,5.9513
2023-10-11,5.2109,-1.44,39.0,1.31,0.0,6.1548
2023-10-12,5.2267,0.13,25.53,1.22,0.0,6.1579
2023-10-13,4.7623,-0.17,42.06,1.63,0.16,6.035
2023-10-14,3.3,-1.91,64.51,2.25,1.66,5.7456
2023-10-15,2.365,-2.54,62.21,2.58,0.53,5.7914
2023-10-16,1.9661,-4.16,64.86,1.45,6.73,5.8039
2023-10-17,3.3869,-6.58,64.65,1.78,8.65,5.7929
2023-10-18,2.6998,-6.91,66.54,1.17,0.67,5.6906
2023-10-19,3.457,-5.39,56.79,1.15,0.0,5.7396
2023-10-20,4.0606,-4.63,55.15,1.36,0.0,5.6791
2023-10-21,4.2881,-3.5,57.7,1.42,0.0,5.5956
2023-10-22,3.1507,-3.58,57.61,1.6,0.03,5.4425
2023-10-23,3.2621,-3.75,57.83,0.93,0.03,5.3671
2023-10-24,3.5273,-3.83,56.76,1.21,0.0,5.4048
2023-10-25,3.8909,-2.66,50.31,1.57,0.0,5.4298
2023-10-26,4.5216,-2.73,40.97,1.17,0.0,5.4446
2023-10-27,3.7747,-2.23,38.9,1.32,0.0,5.2874
2023-10-28,4.159,-2.41,47.12,1.07,0.0,5.2582
2023-10-29,4.1054,-1.87,35.98,0.88,0.0,5.3114
2023-10-30,4.7635,-1.21,31.05,0.9,0.0,5.1667
2023-10-31,4.7568,-1.55,46.24,1.27,0.0,5.1062
2023-11-01,3.9602,-2.04,59.37,1.99,0.0,4.8401
2023-11-02,2.9424,-3.45,56.57,2.18,0.1,4.5986
2023-11-03,3.1841,-5.06,59.17,1.83,0.21,4.8665
2023-11-04,4.5391,-4.36,38.47,0.77,0.0,5.1209
2023-11-05,4.5,-3.22,29.83,1.27,0.0,5.0388
2023-11-06,4.0406,-3.77,44.2,1.3,0.0,4.8288
2023-11-07,4.1765,-3.42,43.76,1.01,0.0,4.717
2023-11-08,3.6022,-4.01,52.8,1.07,0.0,4.518
2023-11-09,3.2088,-4.37,59.18,1.76,3.51,4.4203
2023-11-10,2.425,-6.69,64.57,1.86,13.38,4.5389
2023-11-11,4.26,-10.11,60.96,1.04,0.08,4.8221
2023-11-12,4.0793,-9.55,50.33,1.61,0.06,4.6505
2023-11-13,3.3125,-9.03,60.62,1.81,0.0,4.6166
2023-11-14,3.4378,-9.56,63.32,1.57,0.0,4.4858
2023-11-15,4.0925,-8.63,53.21,1.06,0.0,4.6037
2023-11-16,4.0267,-7.31,41.31,1.07,0.0,4.5725
2023-11-17,4.0692,-6.61,38.57,1.04,0.0,4.4657
2023-11-18,3.8165,-6.33,41.65,1.07,0.0,4.337
2023-11-19,2.9978,-5.87,45.02,1.63,0.0,3.8306
2023-11-20,3.1104,-7.23,50.93,1.0,0.0,4.1386
2023-11-21,4.1179,-6.69,41.04,0.84,0.0,4.3382
2023-11-22,3.9254,-5.68,34.65,1.19,0.0,4.3481
2023-11-23,3.2947,-6.59,44.65,2.36,0.0,4.2516
2023-11-24,3.6809,-8.66,51.29,1.3,0.0,4.1621
2023-11-25,3.5669,-7.8,37.54,0.92,0.0,4.1866
2023-11-26,3.2551,-6.23,45.97,0.94,0.0,3.8966
2023-11-27,1.4825,-6.05,71.91,1.1,0.05,3.7334
2023-11-28,2.5529,-6.48,71.15,1.26,0.09,3.7394
2023-11-29,2.8903,-7.16,61.85,0.81,0.01,3.9394
2023-11-30,2.5438,-6.51,61.99,1.24,3.15,4.015
2023-12-01,3.0283,-8.52,62.9,1.75,3.21,4.0176
2023-12-02,3.569,-9.72,56.83,1.13,0.07,4.001
2023-12-03,3.2023,-10.52,56.89,1.23,0.0,4.0445
2023-12-04,3.659,-10.47,55.34,1.23,0.01,3.8858
2023-12-05,3.8294,-11.24,35.79,1.52,0.0,4.092
2023-12-06,3.8045,-10.58,30.79,1.03,0.0,4.0939
2023-12-07,3.9108,-10.01,29.6,0.9,0.0,4.0606
2023-12-08,3.7008,-11.22,44.61,2.04,0.0,3.9132
2023-12-09,3.6626,-12.98,65.02,1.95,0.0,3.9055
2023-12-10,3.7334,-13.05,57.19,1.66,0.0,3.9833
2023-12-11,3.415,-12.91,47.37,1.77,0.01,3.9703
2023-12-12,2.5752,-14.34,68.04,1.95,0.37,3.8297
2023-12-13,3.5575,-15.09,72.11,2.94,0.0,3.883
2023-12-14,3.0389,-11.29,61.41,1.7,0.0,3.8117
2023-12-15,3.5465,-10.55,47.58,2.6,0.0,3.7315
2023-12-16,3.593,-11.62,42.05,2.54,0.0,3.7826
2023-12-17,2.7398,-12.92,58.91,1.88,0.0,3.8398
2023-12-18,3.6175,-13.87,60.4,1.01,0.0,3.9031
2023-12-19,3.743,-12.64,41.76,1.42,0.0,3.9274
2023-12-20,3.5186,-9.15,35.06,1.54,0.0,3.7992
2023-12-21,3.6338,-7.4,34.97,1.38,0.0,3.7999
2023-12-22,3.6442,-7.77,34.62,0.89,0.0,3.8074
2023-12-23,2.6268,-7.89,55.66,1.36,0.0,3.7332
2023-12-24,2.8207,-8.94,70.58,1.38,0.0,3.7296
2023-12-25,3.5902,-9.2,63.13,1.19,0.0,3.859
2023-12-26,3.6336,-10.69,49.62,2.11,0.0,3.8455
2023-12-27,3.7037,-11.27,57.39,2.16,0.0,3.8698
2023-12-28,3.7874,-9.64,43.14,0.92,0.0,3.9341
2023-12-29,3.8333,-9.65,35.13,1.69,0.0,3.954
2023-12-30,2.8718,-11.07,52.7,1.85,0.0,3.7922
2023-12-31,3.0559,-10.21,53.84,1.34,0.0,3.7529
