date,ALLSKY_SFC_SW_DWN,T2M,RH2M,WS2M,PRECTOTCORR,CLRSKY_SFC_SW_DWN
2018-01-01,1.6147,14.5,46.53,1.43,0.0,3.4594
2018-01-02,1.7758,12.37,47.75,1.59,0.0,2.9093
2018-01-03,1.729,12.17,45.81,1.78,0.0,2.945
2018-01-04,2.3448,13.33,39.29,1.14,0.0,3.2923
2018-01-05,1.6963,13.38,35.71,1.51,0.0,3.643
2018-01-06,3.1272,12.08,44.17,1.96,0.0,3.4862
2018-01-07,2.94,12.46,45.75,2.26,0.0,3.4375
2018-01-08,3.5206,12.27,42.89,1.71,0.0,3.535
2018-01-09,2.5536,12.32,42.64,1.63,0.0,3.6228
2018-01-10,3.3547,12.15,43.15,1.89,0.0,3.5177
2018-01-11,2.8613,13.16,38.32,1.69,0.0,3.7219
2018-01-12,2.922,14.93,34.68,0.98,0.0,3.701
2018-01-13,2.7259,15.04,38.91,1.61,0.0,3.4152
2018-01-14,3.6746,15.3,37.63,1.23,0.0,3.7418
2018-01-15,3.9161,14.36,38.79,1.93,0.0,3.9199
2018-01-16,3.8904,13.71,35.43,1.04,0.0,3.9036
2018-01-17,3.0691,14.82,32.54,1.12,0.0,3.7562
2018-01-18,3.373,15.21,38.06,1.91,0.0,3.8604
2018-01-19,3.9221,16.08,42.13,1.86,0.0,3.9307
2018-01-20,4.0994,15.43,39.35,2.28,0.0,4.1054
2018-01-21,3.9125,15.03,34.1,1.2,0.0,3.9146
2018-01-22,4.037,15.83,31.24,1.19,0.0,4.0867
2018-01-23,3.6154,15.89,35.19,1.29,1.03,3.6869
2018-01-24,3.6442,16.22,54.21,1.62,2.53,3.6511
2018-01-25,2.4545,14.37,54.48,2.05,0.0,3.7606
2018-01-26,3.5741,14.41,43.17,2.15,0.0,3.8964
2018-01-27,3.5899,13.59,41.19,2.04,0.0,4.1537
2018-01-28,3.9326,13.91,37.74,1.97,0.0,4.1882
2018-01-29,4.2814,14.47,35.45,1.97,0.0,4.3049
2018-01-30,4.6759,17.6,32.2,3.51,0.0,4.6836
2018-01-31,4.5545,18.44,35.61,2.67,0.0,4.5742
2018-02-01,4.571,17.56,39.65,1.68,0.0,4.5737
2018-02-02,4.5653,19.99,38.88,2.13,0.0,4.5653
2018-02-03,4.2658,19.53,41.84,1.26,0.0,4.2672
2018-02-04,4.2475,17.73,34.35,2.43,0.0,4.2871
2018-02-05,3.1128,17.39,29.56,1.7,0.0,4.433
2018-02-06,3.0202,19.15,25.69,2.66,0.0,4.3901
2018-02-07,2.4989,18.77,24.54,3.03,0.0,4.027
2018-02-08,4.5931,18.53,27.89,2.16,0.0,4.6318
2018-02-09,4.4011,17.81,24.52,2.48,0.0,4.6162
2018-02-10,4.9514,18.13,26.22,2.42,0.0,5.0906
2018-02-11,1.8583,20.04,28.22,1.13,0.23,4.7566
2018-02-12,2.19,18.78,57.02,2.46,5.79,4.2624
2018-02-13,3.1188,19.74,63.23,0.99,0.62,3.5532
2018-02-14,5.1014,18.09,42.2,3.04,0.0,5.1295
2018-02-15,5.3635,17.69,41.38,2.19,0.0,5.3681
2018-02-16,5.0316,19.66,44.62,1.97,0.0,5.0345
2018-02-17,4.6253,20.51,40.84,2.38,0.0,4.8173
2018-02-18,4.8055,20.68,35.08,1.76,0.0,4.9219
2018-02-19,4.817,20.99,27.35,1.51,0.0,4.9942
2018-02-20,5.2766,21.59,23.63,1.09,0.0,5.281
2018-02-21,5.1101,23.65,28.09,1.26,0.0,5.1598
2018-02-22,4.9224,24.38,33.08,1.43,0.0,5.0952
2018-02-23,5.1055,25.42,32.47,0.98,0.0,5.1415
2018-02-24,4.6058,24.82,35.21,1.68,0.0,4.8348
2018-02-25,4.2319,24.14,36.85,1.5,0.0,4.5199
2018-02-26,5.7238,22.89,32.0,2.98,0.0,5.7444
2018-02-27,5.5651,23.4,32.34,1.39,0.0,5.6614
2018-02-28,5.359,24.81,32.96,1.37,0.0,5.4072
2018-03-01,5.2488,24.99,30.9,2.42,0.0,5.4077
2018-03-02,5.3707,25.83,28.46,2.66,0.0,5.376
2018-03-03,5.737,26.87,26.6,3.35,0.0,5.7708
2018-03-04,5.3599,27.42,26.1,2.05,0.0,5.5296
2018-03-05,4.8456,26.3,29.38,1.95,0.0,5.0976
2018-03-06,6.2362,23.71,24.17,3.49,0.0,6.27
2018-03-07,6.2381,24.34,21.58,2.43,0.0,6.2554
2018-03-08,5.6136,25.0,17.2,1.7,0.0,5.7
2018-03-09,6.1666,24.8,18.14,2.18,0.0,6.1694
2018-03-10,5.9868,25.88,20.55,2.96,0.0,5.989
2018-03-11,6.001,25.87,22.53,2.25,0.0,6.0341
2018-03-12,6.1015,26.32,22.17,2.43,0.0,6.1092
2018-03-13,6.1526,27.49,17.75,2.27,0.0,6.1656
2018-03-14,5.4943,30.06,15.0,0.83,0.0,5.6789
2018-03-15,4.2055,28.6,20.74,1.96,0.0,5.0186
2018-03-16,5.9354,27.18,20.28,2.43,0.0,6.0082
2018-03-17,6.2357,26.0,19.86,2.91,0.14,6.2614
2018-03-18,6.7392,25.58,13.79,2.66,0.0,6.7764
2018-03-19,6.3278,26.89,12.53,2.13,0.0,6.4025
2018-03-20,6.0334,28.43,19.09,2.81,0.0,6.0434
2018-03-21,4.9217,27.51,37.56,1.56,0.11,5.5015
2018-03-22,6.0367,27.88,27.73,1.4,0.0,6.2371
2018-03-23,6.0677,28.02,25.41,2.19,0.01,6.1848
2018-03-24,6.3691,27.5,23.83,2.0,0.0,6.3965
2018-03-25,6.6142,27.93,20.24,2.04,0.0,6.6238
2018-03-26,6.5602,28.18,16.69,2.58,0.0,6.5717
2018-03-27,6.4733,29.17,11.71,2.11,0.0,6.6372
2018-03-28,6.426,30.59,9.74,1.71,0.0,6.5657
2018-03-29,6.7099,29.52,11.32,1.67,0.0,6.7207
2018-03-30,6.6998,30.18,12.17,1.32,0.0,6.7762
2018-03-31,6.4517,29.65,21.11,3.48,0.86,6.5438
2018-04-01,5.5783,28.97,32.8,3.26,0.0,5.8997
2018-04-02,6.0286,29.76,30.12,1.52,0.0,6.0497
2018-04-03,6.211,30.69,25.69,1.51,0.0,6.2246
2018-04-04,5.9621,31.95,22.07,1.69,0.0,6.0962
2018-04-05,6.2395,32.18,24.15,1.9,0.0,6.3588
2018-04-06,4.9723,31.62,28.25,2.63,0.61,5.7967
2018-04-07,5.3585,28.2,53.02,2.96,22.35,5.5423
2018-04-08,5.369,28.93,49.24,2.04,0.51,5.7002
2018-04-09,5.1934,29.47,45.45,1.59,2.52,6.2242
2018-04-10,6.3857,30.73,41.37,1.51,0.36,6.3965
2018-04-11,4.5816,31.16,36.02,2.4,0.11,6.3984
2018-04-12,4.854,29.46,40.98,2.09,1.58,6.3593
2018-04-13,6.941,29.63,33.79,2.11,0.0,6.9974
2018-04-14,6.9326,29.52,24.05,2.53,0.0,7.0718
2018-04-15,6.7589,31.05,27.46,1.98,0.0,6.7716
2018-04-16,6.1814,33.1,26.73,1.64,0.0,6.6233
2018-04-17,5.9875,33.38,29.92,1.62,0.03,6.4505
2018-04-18,7.1755,33.69,25.05,2.93,0.02,7.182
2018-04-19,6.9768,33.32,23.04,3.19,0.0,7.1218
2018-04-20,6.6043,33.49,24.93,2.53,0.01,6.9838
2018-04-21,6.8947,32.76,20.14,3.19,0.0,7.1119
2018-04-22,7.2655,30.46,14.96,3.3,0.01,7.3188
2018-04-23,7.4854,30.3,14.5,2.68,0.0,7.6219
2018-04-24,7.4134,32.2,13.66,1.73,0.0,7.5274
2018-04-25,7.2065,33.97,12.21,1.67,0.0,7.3997
2018-04-26,6.7087,33.25,14.68,2.66,0.0,7.1563
2018-04-27,6.2275,32.92,33.56,3.89,0.0,6.4778
2018-04-28,6.2326,33.8,33.31,3.03,0.0,6.4464
2018-04-29,6.2662,34.51,34.37,2.45,2.84,6.5186
2018-04-30,6.2544,33.88,35.02,3.67,0.38,6.8786
2018-05-01,6.3888,33.08,33.42,3.39,0.01,6.8203
2018-05-02,6.7034,32.63,41.69,3.39,4.31,6.7915
2018-05-03,5.9863,31.09,49.43,4.36,2.89,6.4709
2018-05-04,6.4358,32.1,43.64,2.21,0.07,6.7793
2018-05-05,6.5854,34.43,33.94,1.81,0.0,6.8167
2018-05-06,6.2086,36.42,25.56,1.48,0.03,6.6127
2018-05-07,6.8832,36.78,21.35,2.62,0.11,7.0414
2018-05-08,7.1498,35.76,18.73,3.03,0.0,7.3337
2018-05-09,7.2778,33.28,28.56,3.04,0.0,7.3642
2018-05-10,7.0723,33.88,21.93,2.66,0.31,7.2434
2018-05-11,7.1981,36.3,17.53,1.6,0.0,7.3063
2018-05-12,6.6494,35.37,22.58,2.7,0.0,6.7798
2018-05-13,6.2798,35.63,29.63,2.95,0.77,6.5141
2018-05-14,6.222,33.13,43.34,2.86,5.39,6.7099
2018-05-15,5.8603,32.86,37.8,2.09,0.61,6.4728
2018-05-16,6.1826,35.48,29.49,2.21,0.25,6.4051
2018-05-17,6.1903,35.99,27.27,2.36,0.08,6.5618
2018-05-18,5.5025,37.03,16.5,1.44,0.23,6.5083
2018-05-19,6.2923,36.12,22.16,1.34,0.0,6.5326
2018-05-20,6.5741,36.45,24.07,2.16,2.79,6.7126
2018-05-21,6.7454,36.48,19.53,2.06,0.0,7.0361
2018-05-22,6.9103,37.09,18.19,2.15,0.0,7.129
2018-05-23,6.2842,37.24,25.97,2.28,0.0,6.4464
2018-05-24,5.8022,37.34,24.53,2.01,1.36,6.0454
2018-05-25,6.9101,37.3,21.24,1.98,0.09,6.9139
2018-05-26,7.2559,38.16,12.82,1.61,0.18,7.2854
2018-05-27,7.0654,36.96,21.28,2.61,0.21,7.1486
2018-05-28,6.1584,37.93,22.39,2.45,0.0,6.9756
2018-05-29,6.4272,36.44,25.03,3.35,0.45,6.7234
2018-05-30,3.9286,36.23,32.06,3.36,1.99,6.4015
2018-05-31,5.6738,36.34,33.35,3.14,1.21,6.139
2018-06-01,6.0238,33.74,48.09,4.11,7.35,6.5081
2018-06-02,6.0077,34.02,48.09,2.51,0.5,6.4099
2018-06-03,6.4308,35.13,39.57,3.57,0.0,6.6499
2018-06-04,5.7353,35.83,39.43,4.1,0.0,6.2534
2018-06-05,5.7062,36.43,39.68,4.78,0.0,5.9227
2018-06-06,5.569,36.94,39.23,2.9,0.13,5.8882
2018-06-07,4.897,38.36,34.09,1.52,1.16,6.0931
2018-06-08,4.0925,34.93,52.92,3.12,22.41,5.6801
2018-06-09,5.6347,35.07,51.75,2.12,3.35,5.9599
2018-06-10,5.6422,36.08,44.06,1.63,0.01,6.3142
2018-06-11,6.2491,37.1,38.2,3.12,0.0,6.5162
2018-06-12,6.3614,38.48,30.28,3.38,0.16,6.587
2018-06-13,5.2721,37.32,35.49,2.76,6.77,5.9719
2018-06-14,5.6316,36.53,33.61,4.82,0.8,6.4483
2018-06-15,6.1058,36.08,32.6,4.03,0.24,6.6686
2018-06-16,6.1236,37.1,33.31,4.24,0.0,6.7063
2018-06-17,6.0468,37.49,33.37,3.13,0.0,6.9655
2018-06-18,5.7348,37.82,34.33,2.13,0.4,6.809
2018-06-19,6.6982,35.23,36.76,2.44,4.94,6.8112
2018-06-20,6.7858,37.05,33.41,1.83,0.0,7.0474
2018-06-21,6.4682,38.55,30.88,1.4,0.0,6.9679
2018-06-22,5.767,39.61,32.08,1.97,0.52,6.8369
2018-06-23,6.6259,37.66,39.37,2.61,1.4,6.8347
2018-06-24,6.2789,39.05,29.83,3.05,1.07,6.8174
2018-06-25,6.1051,38.75,26.62,2.81,0.1,6.575
2018-06-26,5.7406,36.88,41.62,1.78,4.57,6.2585
2018-06-27,5.2764,31.36,70.34,3.09,19.68,5.9645
2018-06-28,5.7074,32.46,59.96,5.86,4.89,7.1664
2018-06-29,5.4312,33.95,49.91,4.52,0.4,7.1902
2018-06-30,6.1015,33.65,56.91,1.66,8.04,7.0594
2018-07-01,2.7646,30.0,75.24,3.23,40.06,7.199
2018-07-02,3.0202,29.17,78.76,3.58,28.78,7.0896
2018-07-03,5.0508,32.09,64.88,3.56,8.74,6.894
2018-07-04,5.7478,32.47,63.87,3.35,3.4,6.8266
2018-07-05,6.0502,33.49,58.56,2.57,0.72,6.6533
2018-07-06,6.0593,34.99,50.58,1.84,0.08,6.6228
2018-07-07,5.6995,34.96,48.86,1.03,0.0,6.0854
2018-07-08,5.1094,33.67,59.56,3.0,0.0,6.0192
2018-07-09,5.4034,33.8,60.59,3.62,0.0,6.479
2018-07-10,5.5795,31.85,67.8,3.8,0.0,6.613
2018-07-11,3.0775,30.73,75.48,2.64,25.08,6.7339
2018-07-12,2.3945,30.18,82.35,2.17,67.11,6.3187
2018-07-13,3.509,30.43,80.92,2.54,34.25,6.6386
2018-07-14,2.9846,30.81,78.36,2.55,5.5,6.5038
2018-07-15,5.663,31.37,76.6,2.9,19.4,6.8347
2018-07-16,6.678,31.08,74.07,3.29,0.46,7.0234
2018-07-17,6.5088,30.92,75.17,3.75,0.0,6.9934
2018-07-18,5.3786,30.01,78.84,3.7,0.12,6.8018
2018-07-19,4.3337,31.14,75.72,2.55,3.45,6.8614
2018-07-20,4.8408,32.36,73.76,1.53,12.03,6.923
2018-07-21,2.9026,30.32,82.61,1.62,9.16,6.8057
2018-07-22,6.3103,30.26,79.93,2.32,6.6,7.0642
2018-07-23,3.8945,29.74,78.21,4.11,3.88,6.6552
2018-07-24,3.0907,28.8,84.77,4.22,6.69,6.7913
2018-07-25,3.474,28.91,87.0,3.14,18.59,6.6612
2018-07-26,2.0726,29.23,85.88,2.98,20.75,6.5592
2018-07-27,3.0454,28.27,86.11,1.68,17.93,6.2263
2018-07-28,3.3199,28.11,87.85,2.1,23.45,6.1421
2018-07-29,2.3494,28.0,90.52,1.48,11.84,5.52
2018-07-30,1.3068,27.47,91.73,1.89,79.19,5.9059
2018-07-31,1.661,28.1,88.64,3.37,47.58,5.731
2018-08-01,1.9368,28.08,88.72,2.13,61.72,6.1586
2018-08-02,2.1684,27.19,92.83,1.8,56.93,6.1157
2018-08-03,1.4582,27.05,92.28,2.61,63.17,6.0096
2018-08-04,3.7836,27.31,91.13,1.79,8.62,5.9856
2018-08-05,2.082,27.54,90.23,2.04,22.98,5.6786
2018-08-06,4.0709,28.35,86.44,1.36,9.04,5.5421
2018-08-07,4.2202,28.13,90.68,1.47,20.05,6.2352
2018-08-08,5.2193,28.6,88.57,2.95,0.6,6.7632
2018-08-09,5.1283,28.46,87.09,2.41,0.0,6.4462
2018-08-10,5.4845,28.31,84.24,1.34,10.76,6.6482
2018-08-11,2.359,27.13,90.69,1.71,74.96,6.276
2018-08-12,1.7165,28.4,91.04,1.93,30.05,5.8385
2018-08-13,3.5328,27.36,91.09,1.16,17.44,6.102
2018-08-14,4.8502,28.71,84.12,0.74,10.21,6.2098
2018-08-15,2.4053,28.74,88.01,1.47,4.16,6.4687
2018-08-16,5.1461,28.86,91.01,2.38,19.24,6.5186
2018-08-17,5.2315,29.06,88.83,2.26,0.04,6.523
2018-08-18,5.7005,29.27,86.27,1.3,0.0,6.4284
2018-08-19,3.931,30.11,80.7,0.63,6.63,6.3763
2018-08-20,4.3176,29.1,88.74,1.83,16.11,6.6415
2018-08-21,4.9798,28.61,90.27,3.16,7.83,6.545
2018-08-22,4.0721,29.01,88.85,2.04,13.32,6.1049
2018-08-23,3.3185,28.92,88.29,1.19,21.49,6.366
2018-08-24,2.6126,28.7,90.07,1.27,32.86,5.7996
2018-08-25,2.4372,27.31,94.11,0.79,48.97,5.7986
2018-08-26,2.8435,27.91,89.86,1.84,11.94,6.0014
2018-08-27,4.3313,28.7,88.68,1.99,0.95,5.9959
2018-08-28,4.285,27.54,92.05,2.56,0.03,6.1819
2018-08-29,3.4111,28.35,88.09,1.82,3.18,6.3391
2018-08-30,3.7704,28.78,89.04,1.26,9.84,6.1486
2018-08-31,1.999,28.09,91.47,2.16,21.71,6.1975
2018-09-01,4.0553,28.24,89.55,1.88,15.08,6.1262
2018-09-02,3.7454,27.56,91.68,1.73,22.22,6.1958
2018-09-03,2.2958,28.13,85.13,0.85,22.24,5.717
2018-09-04,2.5219,27.37,90.06,1.73,31.65,5.8903
2018-09-05,2.3038,28.1,87.14,1.16,15.27,5.8058
2018-09-06,3.6233,28.4,86.64,1.12,4.17,6.1702
2018-09-07,4.769,27.08,91.08,3.23,0.46,6.2806
2018-09-08,3.5162,27.48,89.42,3.29,0.4,6.2254
2018-09-09,5.9842,27.33,87.41,1.51,0.0,6.3226
2018-09-10,4.5965,27.25,88.64,2.14,0.0,6.198
2018-09-11,3.8354,27.48,89.66,2.49,0.36,6.024
2018-09-12,3.9787,28.02,88.92,2.62,3.83,5.6573
2018-09-13,4.8898,27.65,88.56,2.65,2.2,5.8949
2018-09-14,5.8195,27.21,86.95,2.39,0.22,5.9935
2018-09-15,5.7089,27.18,86.63,2.27,0.0,6.006
2018-09-16,5.9138,26.64,84.92,2.15,0.0,6.1037
2018-09-17,5.9525,26.96,84.0,1.57,0.0,6.0372
2018-09-18,5.8226,26.64,86.28,1.7,0.0,5.8529
2018-09-19,5.9969,26.67,81.44,1.48,0.0,6.0262
2018-09-20,5.5142,27.46,83.7,1.43,0.86,5.6148
2018-09-21,3.1879,26.54,92.43,3.84,3.52,6.0408
2018-09-22,2.4694,26.23,91.0,5.04,3.3,5.94
2018-09-23,4.3634,26.93,85.11,2.09,0.42,5.6297
2018-09-24,4.8374,27.16,84.18,1.69,0.38,5.7307
2018-09-25,5.0803,26.07,88.12,2.14,0.16,5.7127
2018-09-26,4.6392,26.1,86.19,1.38,0.11,5.6352
2018-09-27,5.4554,26.75,85.25,1.24,0.12,5.6633
2018-09-28,5.6208,26.69,81.74,1.23,0.0,5.717
2018-09-29,5.5706,25.68,82.74,1.69,0.0,5.8094
2018-09-30,5.609,25.0,82.45,1.91,0.0,5.8534
2018-10-01,5.8786,25.47,82.68,1.55,0.0,5.8915
2018-10-02,5.8538,25.56,83.06,1.33,0.0,5.8577
2018-10-03,5.7305,26.21,80.7,1.06,0.0,5.7458
2018-10-04,5.357,27.14,76.17,0.84,0.0,5.533
2018-10-05,5.5358,26.9,75.02,0.86,0.0,5.5476
2018-10-06,5.5118,25.97,81.31,1.16,0.0,5.526
2018-10-07,5.358,25.66,75.76,0.92,0.0,5.4024
2018-10-08,5.5483,26.02,70.97,0.86,0.0,5.5546
2018-10-09,5.3755,26.11,71.82,0.89,0.0,5.3762
2018-10-10,4.8708,24.94,77.85,1.79,0.0,4.9022
2018-10-11,4.9486,24.6,78.47,1.75,0.0,4.9956
2018-10-12,5.1334,24.97,79.86,1.45,0.0,5.2373
2018-10-13,4.9543,24.93,76.8,1.13,0.0,5.2265
2018-10-14,5.3131,22.57,77.29,1.87,0.0,5.3297
2018-10-15,5.3417,22.51,71.61,1.5,0.0,5.3426
2018-10-16,5.0734,24.81,64.7,0.93,0.0,5.0786
2018-10-17,5.0105,25.22,70.17,0.95,0.0,5.0316
2018-10-18,5.0818,25.71,63.71,1.0,0.0,5.0875
2018-10-19,5.1598,24.45,71.36,1.15,0.0,5.1679
2018-10-20,4.9025,24.88,65.08,1.13,0.0,4.9094
2018-10-21,4.5648,24.09,63.4,1.21,0.0,4.5758
2018-10-22,4.5444,23.06,65.18,1.56,0.0,4.554
2018-10-23,4.7693,21.95,61.57,1.37,0.0,4.7885
2018-10-24,4.9819,22.49,59.92,1.3,0.0,4.9848
2018-10-25,4.6392,23.52,54.43,0.63,0.0,4.6946
2018-10-26,4.6073,23.94,53.59,0.78,0.0,4.6128
2018-10-27,4.535,23.23,57.11,0.96,0.0,4.5398
2018-10-28,4.5168,23.01,60.04,0.88,0.0,4.5173
2018-10-29,4.6824,22.7,59.5,1.01,0.0,4.6848
2018-10-30,4.6313,22.78,63.26,1.08,0.0,4.6406
2018-10-31,4.735,22.39,66.24,1.16,0.0,4.7446
2018-11-01,4.5662,22.93,66.11,1.17,0.0,4.5778
2018-11-02,4.2953,23.0,62.56,1.07,0.0,4.3006
2018-11-03,4.1796,23.9,61.1,0.95,0.0,4.188
2018-11-04,3.8306,24.05,67.76,0.99,0.0,4.0066
2018-11-05,4.0634,22.3,69.24,1.81,0.0,4.0747
2018-11-06,3.8095,18.75,71.66,1.9,0.0,3.8306
2018-11-07,3.6564,18.93,62.29,1.13,0.0,4.1304
2018-11-08,3.521,18.88,59.09,0.99,0.0,3.5234
2018-11-09,3.2016,18.93,60.92,1.22,0.0,3.2057
2018-11-10,3.3413,19.08,65.43,1.12,0.0,3.3413
2018-11-11,3.3878,19.84,66.34,1.23,0.0,3.3936
2018-11-12,3.5124,19.42,67.05,1.29,0.0,3.5134
2018-11-13,3.8225,20.96,62.66,1.01,0.0,3.8383
2018-11-14,3.5974,22.39,56.96,0.86,0.0,3.7279
2018-11-15,3.6648,21.51,65.05,1.81,0.0,3.671
2018-11-16,3.8863,19.54,65.04,2.44,0.0,3.887
2018-11-17,3.9372,18.13,60.66,2.11,0.0,3.9406
2018-11-18,3.6526,19.64,53.86,0.82,0.0,3.6547
2018-11-19,3.5806,20.44,52.33,1.12,0.0,3.5832
2018-11-20,3.6,20.46,57.78,1.5,0.0,3.6286
2018-11-21,3.7248,19.62,60.85,1.3,0.0,3.7286
2018-11-22,3.6655,19.07,56.47,1.23,0.0,3.6886
2018-11-23,3.6238,18.48,55.3,2.1,0.0,3.6257
2018-11-24,4.1606,17.7,58.24,1.95,0.0,4.1621
2018-11-25,4.0378,19.19,51.13,0.71,0.0,4.0382
2018-11-26,3.444,19.92,51.19,0.73,0.0,3.4553
2018-11-27,2.8092,20.13,53.69,1.02,0.0,3.2506
2018-11-28,2.9621,20.61,59.98,0.95,0.0,3.3343
2018-11-29,3.001,19.98,67.49,1.17,0.0,3.029
2018-11-30,2.9952,18.61,64.49,1.51,0.0,3.1243
2018-12-01,3.241,18.03,57.45,1.52,0.0,3.2539
2018-12-02,3.377,18.1,51.1,1.13,0.0,3.3787
2018-12-03,3.3665,17.71,55.89,1.14,0.0,3.379
2018-12-04,3.0984,18.08,54.4,1.27,0.0,3.1889
2018-12-05,3.0365,17.42,54.62,1.48,0.0,3.0374
2018-12-06,3.3269,16.74,55.92,1.39,0.0,3.3283
2018-12-07,3.2676,15.81,60.59,1.65,0.0,3.2681
2018-12-08,3.3888,15.78,57.69,1.25,0.0,3.3912
2018-12-09,3.281,16.51,51.6,1.15,0.0,3.2861
2018-12-10,3.0163,17.11,45.92,1.02,0.0,3.0252
2018-12-11,2.785,17.09,50.13,1.18,0.0,2.814
2018-12-12,2.1079,17.44,54.12,1.15,0.0,2.658
2018-12-13,2.5894,16.66,70.18,1.72,0.0,2.9482
2018-12-14,3.0478,16.18,67.02,1.88,0.0,3.0528
2018-12-15,3.7078,14.9,56.08,1.9,0.0,3.7085
2018-12-16,3.6898,14.97,49.07,1.22,0.0,3.6905
2018-12-17,3.3631,15.7,48.13,1.15,0.0,3.5078
2018-12-18,3.5026,15.59,50.55,1.49,0.0,3.505
2018-12-19,3.6787,13.65,49.7,1.46,0.0,3.6814
2018-12-20,3.2794,13.64,50.04,1.29,0.0,3.2945
2018-12-21,3.4051,12.15,51.02,1.73,0.0,3.4104
2018-12-22,3.3355,13.18,42.44,0.83,0.0,3.3427
2018-12-23,3.061,13.67,41.04,1.03,0.0,3.0703
2018-12-24,3.3514,12.97,49.45,1.65,0.0,3.4625
2018-12-25,3.3991,12.19,47.8,2.28,0.0,3.4013
2018-12-26,3.1944,12.02,48.17,1.75,0.0,3.2225
2018-12-27,3.4846,12.21,45.36,2.19,0.0,3.4882
2018-12-28,3.5105,10.82,51.04,2.15,0.0,3.5222
2018-12-29,3.5729,10.84,47.86,1.45,0.0,3.5789
2018-12-30,3.1195,11.89,44.55,1.15,0.0,3.121
2018-12-31,3.2383,12.36,47.64,1.47,0.0,3.2414
2019-01-01,3.7068,13.62,43.47,0.93,0.0,3.7109
2019-01-02,3.2306,14.36,41.76,0.72,0.0,3.2741
2019-01-03,3.0768,13.13,52.63,1.85,0.0,3.0799
2019-01-04,3.2803,14.49,50.22,1.51,0.0,3.2962
2019-01-05,2.5937,14.38,50.18,1.64,0.0,2.8478
2019-01-06,2.4259,14.46,50.79,2.45,0.06,2.9275
2019-01-07,2.5898,14.65,62.56,1.57,1.94,2.6532
2019-01-08,3.4553,14.0,60.55,2.33,0.04,3.4764
2019-01-09,3.6655,13.48,53.5,2.23,0.0,3.6672
2019-01-10,3.6744,14.09,53.36,1.53,0.0,3.6854
2019-01-11,3.2806,14.98,49.73,1.05,0.0,3.281
2019-01-12,3.025,15.24,50.7,0.93,0.0,3.0305
2019-01-13,2.5039,15.3,53.8,1.17,0.0,2.5051
2019-01-14,3.6415,13.76,50.63,2.85,0.0,3.642
2019-01-15,3.8342,11.87,40.64,2.28,0.0,4.4383
2019-01-16,3.7584,13.49,35.13,0.88,0.0,3.9948
2019-01-17,3.6941,14.02,38.51,1.29,0.0,3.7123
2019-01-18,3.7159,13.99,47.71,1.68,0.0,3.7193
2019-01-19,3.6806,14.88,46.15,1.5,0.0,3.684
2019-01-20,3.8453,17.35,38.88,1.47,0.0,3.9427
2019-01-21,3.8201,17.5,42.68,1.86,0.0,4.0627
2019-01-22,2.7821,17.2,49.86,2.25,1.55,3.5736
2019-01-23,2.4883,16.46,73.97,2.34,7.18,2.8738
2019-01-24,2.7245,17.39,67.86,1.05,0.05,2.8313
2019-01-25,1.6481,15.98,76.73,1.04,14.57,3.4438
2019-01-26,1.4561,15.53,70.99,0.96,1.23,3.3305
2019-01-27,3.7522,13.81,50.69,2.23,0.06,3.7694
2019-01-28,4.5686,11.87,50.91,2.23,0.0,4.5698
2019-01-29,4.8586,12.09,47.11,2.43,0.0,4.8643
2019-01-30,4.5773,14.25,37.37,1.61,0.0,4.6824
2019-01-31,3.9353,16.56,34.11,1.41,0.0,4.3416
2019-02-01,4.1743,17.79,34.15,1.13,0.0,4.1918
2019-02-02,4.1383,16.59,42.96,1.77,0.0,4.1405
2019-02-03,3.0451,15.43,50.68,2.13,0.0,3.8155
2019-02-04,3.0943,15.96,47.95,2.03,0.0,3.8928
2019-02-05,2.6407,17.84,45.61,1.51,0.23,3.2126
2019-02-06,2.3318,19.17,56.59,1.61,3.64,3.3161
2019-02-07,1.6027,19.31,69.66,2.9,11.37,3.2186
2019-02-08,3.9098,17.3,58.06,1.88,3.27,4.0922
2019-02-09,4.7746,13.72,51.49,2.27,0.02,4.8689
2019-02-10,4.6212,14.16,53.91,1.81,3.59,5.0933
2019-02-11,4.1789,16.38,40.96,1.21,0.0,4.8886
2019-02-12,4.3447,17.56,42.33,0.98,0.0,4.9447
2019-02-13,4.4386,19.01,41.02,1.18,0.0,4.7268
2019-02-14,2.226,19.36,50.86,1.74,1.44,4.2934
2019-02-15,3.5333,16.86,85.25,2.19,12.97,4.2756
2019-02-16,2.8327,17.95,72.31,1.31,0.58,4.1885
2019-02-17,4.5233,16.96,58.97,2.89,0.03,4.9541
2019-02-18,5.0028,18.81,42.47,2.25,0.0,5.1401
2019-02-19,4.5353,20.59,44.17,1.57,0.02,5.0688
2019-02-20,2.8133,20.55,49.2,1.82,0.07,5.1041
2019-02-21,4.4748,22.69,46.77,1.15,0.0,4.6975
2019-02-22,4.8547,24.39,49.85,1.54,0.01,4.9241
2019-02-23,5.2063,20.28,44.76,3.24,0.0,5.6642
2019-02-24,3.2628,17.1,46.29,2.17,0.0,5.447
2019-02-25,5.4026,20.48,40.48,1.08,0.0,5.4559
2019-02-26,3.7049,19.96,41.13,1.72,0.29,5.214
2019-02-27,3.2189,17.88,56.52,2.64,10.15,5.2193
2019-02-28,5.9753,15.86,50.46,2.6,0.0,6.0149
2019-03-01,5.867,16.29,39.27,2.0,0.09,5.8819
2019-03-02,3.5359,17.83,38.45,1.12,0.59,5.6172
2019-03-03,3.6358,18.28,67.59,1.64,3.25,4.8355
2019-03-04,4.6387,20.36,59.45,1.6,0.01,4.9354
2019-03-05,4.9529,20.13,52.02,2.39,0.13,5.077
2019-03-06,6.137,18.25,44.43,2.47,0.0,6.1498
2019-03-07,5.934,18.93,40.86,2.14,0.0,6.0245
2019-03-08,6.1157,19.96,39.41,2.33,0.0,6.1282
2019-03-09,5.3198,22.18,42.89,2.38,0.0,5.856
2019-03-10,5.9666,21.9,44.68,1.88,0.0,5.9786
2019-03-11,5.5157,23.33,37.08,1.19,0.0,5.8495
2019-03-12,5.7065,24.58,36.05,1.56,0.0,6.0794
2019-03-13,5.8831,23.7,38.97,2.36,0.0,5.892
2019-03-14,4.5926,24.23,37.86,1.82,0.0,5.5274
2019-03-15,5.1084,22.94,43.96,2.36,0.0,5.5783
2019-03-16,6.4428,21.17,35.53,2.42,0.0,6.4754
2019-03-17,4.4554,22.28,33.96,1.71,0.0,5.6743
2019-03-18,6.1166,23.23,34.59,1.56,0.0,6.1224
2019-03-19,6.4512,23.09,34.2,2.6,0.0,6.4596
2019-03-20,6.2645,25.31,32.65,1.43,0.0,6.4214
2019-03-21,5.9748,26.63,34.47,1.36,0.0,6.0775
2019-03-22,6.2743,25.53,33.4,2.87,0.0,6.2784
2019-03-23,6.8213,23.93,29.09,3.31,0.0,6.9029
2019-03-24,6.6691,25.5,34.05,3.28,0.0,6.6929
2019-03-25,5.9182,26.9,36.32,2.0,0.02,6.3432
2019-03-26,6.491,26.28,37.22,2.29,0.47,6.5076
2019-03-27,6.5681,25.55,35.77,1.74,0.14,6.8503
2019-03-28,6.3533,26.7,32.82,1.38,0.0,6.5076
2019-03-29,6.3614,29.71,29.42,1.56,0.0,6.467
2019-03-30,6.5753,31.2,29.43,1.43,0.0,6.5988
2019-03-31,6.3029,29.98,32.32,2.04,0.0,6.5671
2019-04-01,6.8594,27.57,23.26,1.94,0.0,7.0373
2019-04-02,7.2641,27.78,25.47,1.6,0.0,7.2775
2019-04-03,6.781,28.65,26.44,1.57,0.23,6.8899
2019-04-04,6.8894,29.49,27.04,1.56,0.0,6.8974
2019-04-05,6.6161,30.64,27.77,1.72,0.0,6.6298
2019-04-06,6.1082,31.15,28.46,2.03,0.02,6.372
2019-04-07,6.2237,30.22,38.5,3.04,3.59,6.4682
2019-04-08,6.1894,30.28,34.28,1.47,0.13,6.4908
2019-04-09,6.5222,31.71,25.7,2.0,0.0,6.7178
2019-04-10,6.7786,30.82,24.67,1.73,0.0,6.7906
2019-04-11,6.4824,32.11,23.62,1.79,0.0,6.605
2019-04-12,6.445,33.15,24.37,1.88,0.0,6.5974
2019-04-13,6.696,33.76,24.26,2.16,0.0,6.8309
2019-04-14,6.895,34.37,21.44,2.84,0.0,7.009
2019-04-15,6.8964,34.99,21.13,2.65,0.0,7.1513
2019-04-16,3.0497,31.07,33.09,3.83,0.75,5.8162
2019-04-17,4.2468,27.65,43.68,2.44,0.76,6.2083
2019-04-18,6.6,27.79,46.15,2.04,0.25,7.0241
2019-04-19,6.7706,29.44,33.0,2.31,0.0,7.0536
2019-04-20,6.9319,30.04,29.36,2.0,0.0,7.111
2019-04-21,6.9895,31.35,25.51,1.52,0.0,7.021
2019-04-22,6.5206,32.63,23.72,1.52,0.0,6.7685
2019-04-23,6.9454,31.84,31.55,2.54,0.83,6.9778
2019-04-24,6.5314,33.28,32.85,1.74,0.0,6.6456
2019-04-25,6.4246,35.41,27.07,1.74,0.0,6.637
2019-04-26,6.7534,36.62,20.34,2.25,0.0,6.9617
2019-04-27,7.3056,35.48,14.2,3.46,0.0,7.5396
2019-04-28,7.5324,35.31,13.28,4.11,0.0,7.6476
2019-04-29,7.3538,35.58,13.42,2.98,0.0,7.4695
2019-04-30,7.2689,36.52,14.67,1.43,0.0,7.4599
2019-05-01,7.3814,36.43,15.54,2.64,0.0,7.4741
2019-05-02,6.9912,35.95,22.56,3.18,0.0,7.2156
2019-05-03,6.5218,35.12,30.53,3.59,1.47,6.7034
2019-05-04,6.5628,33.89,29.49,2.55,1.11,6.7342
2019-05-05,7.6783,33.33,11.4,4.04,0.01,7.7614
2019-05-06,7.6805,34.39,10.88,4.19,0.0,7.9543
2019-05-07,7.6656,35.21,10.91,3.86,0.0,7.8221
2019-05-08,7.3392,36.33,11.6,3.44,0.0,7.5362
2019-05-09,7.0238,36.68,13.76,4.09,0.0,7.4508
2019-05-10,6.7699,35.51,17.66,3.44,0.0,7.4657
2019-05-11,7.2384,36.95,16.96,3.24,0.0,7.5636
2019-05-12,6.3134,35.5,20.11,2.97,0.0,7.0193
2019-05-13,6.5628,36.01,18.0,1.72,0.04,6.9689
2019-05-14,6.7625,35.18,20.72,1.86,0.0,7.3502
2019-05-15,7.1849,35.12,23.77,2.0,0.25,7.3738
2019-05-16,7.0582,36.1,22.22,2.43,0.02,7.343
2019-05-17,7.0555,36.23,23.87,3.44,0.02,7.2706
2019-05-18,7.4798,34.23,27.42,3.13,0.0,7.6183
2019-05-19,7.4765,33.8,28.94,2.69,0.0,7.5348
2019-05-20,7.5799,35.43,19.49,2.24,0.0,7.6322
2019-05-21,7.2696,36.89,18.46,2.91,0.0,7.345
2019-05-22,6.7442,37.75,17.81,2.14,0.0,7.1345
2019-05-23,6.2071,38.42,19.02,1.76,0.01,7.062
2019-05-24,6.6674,38.33,23.57,2.89,0.08,7.0997
2019-05-25,7.4669,36.73,23.67,4.71,0.07,7.7098
2019-05-26,7.7976,35.88,19.84,3.58,0.01,7.9063
2019-05-27,7.6932,37.21,14.22,3.26,0.0,7.9414
2019-05-28,7.8626,37.16,10.83,3.17,0.0,7.9142
2019-05-29,8.0724,37.52,10.71,2.0,0.0,8.0983
2019-05-30,7.6224,39.05,11.18,1.82,0.0,7.7616
2019-05-31,7.2955,39.38,11.13,1.93,0.0,7.459
2019-06-01,6.5825,38.1,17.94,2.6,0.0,7.1386
2019-06-02,6.761,38.3,28.27,3.58,2.64,7.08
2019-06-03,6.8148,36.27,36.68,4.49,0.34,7.1969
2019-06-04,6.817,37.04,30.17,2.55,0.0,7.217
2019-06-05,6.2623,38.35,26.97,2.19,0.0,7.0517
2019-06-06,6.3977,37.93,33.31,4.08,2.7,6.6797
2019-06-07,6.7577,34.74,45.95,1.71,11.74,6.8861
2019-06-08,7.0061,36.27,32.29,1.61,0.0,7.4431
2019-06-09,7.5439,37.6,24.23,1.47,0.0,7.6846
2019-06-10,7.3366,37.5,27.49,2.31,0.0,7.7318
2019-06-11,6.8218,38.84,25.07,2.06,0.0,7.2979
2019-06-12,2.9801,38.77,27.75,1.74,3.88,6.589
2019-06-13,2.3758,37.76,29.64,1.78,1.4,6.5561
2019-06-14,7.1854,38.73,24.28,3.23,0.0,7.3238
2019-06-15,7.1794,39.59,16.83,4.24,0.0,7.5396
2019-06-16,6.3434,40.29,24.88,6.12,0.04,7.2586
2019-06-17,6.283,38.22,31.07,4.8,0.04,7.3248
2019-06-18,6.2918,37.22,29.75,3.79,0.5,7.573
2019-06-19,2.0376,35.16,35.99,2.74,0.83,7.2598
2019-06-20,5.6762,33.73,42.9,1.89,2.93,6.846
2019-06-21,5.5109,36.14,38.8,1.05,0.11,6.4462
2019-06-22,5.0906,35.49,43.54,2.96,4.21,6.4246
2019-06-23,5.353,30.44,69.89,2.93,37.42,7.0637
2019-06-24,5.0786,34.71,54.11,2.76,1.41,6.7961
2019-06-25,5.5666,36.3,48.43,1.47,1.75,6.5184
2019-06-26,5.4401,36.63,47.13,2.5,5.17,6.6178
2019-06-27,6.5986,37.51,38.35,2.6,0.86,6.7207
2019-06-28,6.9814,37.48,36.37,2.37,0.0,7.0454
2019-06-29,6.6262,37.19,39.79,2.07,0.19,6.9576
2019-06-30,5.1754,36.11,45.56,1.89,4.54,6.5251
2019-07-01,5.3186,35.17,49.89,1.28,3.3,5.9119
2019-07-02,3.7987,34.6,56.03,2.12,6.86,6.605
2019-07-03,5.1614,35.24,51.45,4.01,0.91,6.7879
2019-07-04,6.3216,36.19,48.72,2.76,0.63,7.2463
2019-07-05,5.9155,34.92,58.8,2.33,19.75,6.9859
2019-07-06,2.8963,31.71,75.1,2.35,40.92,6.6854
2019-07-07,3.739,32.43,69.3,1.15,16.18,7.0318
2019-07-08,4.3558,31.34,76.75,1.27,30.21,6.6149
2019-07-09,2.2733,28.26,89.83,4.17,103.21,5.5178
2019-07-10,2.082,27.96,89.96,3.08,56.76,5.921
2019-07-11,3.3386,27.93,92.47,3.7,75.83,6.0173
2019-07-12,4.5737,29.22,87.2,3.45,28.13,5.8133
2019-07-13,4.7172,29.85,82.55,4.65,6.93,6.1918
2019-07-14,5.7823,29.83,80.08,3.68,1.71,6.4471
2019-07-15,5.6054,29.54,83.51,2.95,26.38,6.5131
2019-07-16,5.0302,30.1,79.51,1.32,2.44,6.2815
2019-07-17,6.2119,30.4,78.43,1.18,0.41,6.5083
2019-07-18,6.2306,30.09,79.62,1.19,1.38,6.324
2019-07-19,4.3284,31.19,74.58,0.64,2.56,6.2962
2019-07-20,5.7766,31.11,76.79,1.0,2.74,6.2894
2019-07-21,4.7714,30.81,80.37,1.17,0.71,6.6977
2019-07-22,5.6098,31.01,79.79,0.97,0.65,6.7178
2019-07-23,4.6757,30.19,84.7,2.24,37.74,6.727
2019-07-24,2.5099,28.87,92.13,2.7,36.84,6.5431
2019-07-25,3.313,28.06,90.06,1.74,29.41,6.1387
2019-07-26,3.7183,28.34,88.43,2.02,15.93,6.4706
2019-07-27,3.6667,27.88,90.22,1.81,14.55,6.4531
2019-07-28,3.9751,28.57,89.57,3.84,4.79,6.6466
2019-07-29,5.4257,29.09,86.95,3.87,0.19,7.1724
2019-07-30,4.8082,28.15,90.16,3.35,0.02,6.7488
2019-07-31,4.8542,28.65,86.88,2.47,0.13,6.7188
2019-08-01,5.1713,28.72,87.44,2.57,1.36,6.7056
2019-08-02,4.9368,28.97,87.77,2.96,0.87,6.4171
2019-08-03,4.8274,29.55,86.55,2.21,1.3,6.2328
2019-08-04,5.1089,30.97,80.21,1.37,12.99,6.289
2019-08-05,3.1354,29.92,85.7,1.97,4.1,6.1411
2019-08-06,4.2185,29.61,87.63,1.32,34.27,6.7373
2019-08-07,4.681,29.1,87.89,1.97,17.84,6.8076
2019-08-08,4.8029,28.67,86.68,4.91,1.5,6.8292
2019-08-09,4.0908,28.76,87.06,5.39,0.37,6.8743
2019-08-10,5.8183,28.96,82.99,1.6,2.26,6.9581
2019-08-11,4.3094,29.43,83.6,1.03,9.49,6.7404
2019-08-12,5.7204,28.95,86.89,1.92,5.48,6.4788
2019-08-13,4.0949,29.17,87.4,1.21,2.72,6.2602
2019-08-14,4.7755,28.48,89.26,3.44,2.25,6.4807
2019-08-15,4.0831,28.2,88.1,5.08,10.74,6.6384
2019-08-16,4.6728,27.51,87.26,2.95,5.33,6.7577
2019-08-17,5.5675,27.39,89.95,2.45,3.4,6.6552
2019-08-18,6.1135,28.92,84.14,1.1,0.29,6.5347
2019-08-19,3.7426,29.55,81.22,0.79,3.01,6.2904
2019-08-20,4.0162,29.52,81.49,0.71,14.58,6.3084
2019-08-21,1.2523,28.2,86.32,0.88,20.78,5.6918
2019-08-22,2.4864,27.14,91.59,1.59,31.05,5.723
2019-08-23,4.5857,29.05,83.67,0.86,2.06,5.5706
2019-08-24,3.9067,27.88,90.29,1.68,16.58,5.8634
2019-08-25,4.9822,27.17,92.37,1.91,6.94,6.4538
2019-08-26,5.424,29.14,82.09,1.92,1.39,6.3948
2019-08-27,6.0439,29.16,84.72,1.78,0.09,6.5539
2019-08-28,5.8687,29.0,85.22,1.97,0.08,6.2563
2019-08-29,5.0021,28.69,87.89,1.51,0.89,5.8925
2019-08-30,5.3498,29.93,78.63,0.82,2.41,6.445
2019-08-31,5.251,30.09,78.57,0.85,1.17,6.2942
2019-09-01,4.8322,28.96,88.11,1.31,6.98,6.0278
2019-09-02,5.3892,30.04,80.38,0.71,0.27,6.1416
2019-09-03,5.3916,29.21,81.15,1.07,0.02,6.1286
2019-09-04,5.3462,28.39,88.01,2.03,0.87,6.1142
2019-09-05,4.5178,28.81,87.25,2.27,0.34,5.665
2019-09-06,5.137,28.92,86.77,2.05,0.49,6.1356
2019-09-07,4.6901,28.02,87.46,2.09,10.16,6.2647
2019-09-08,5.3047,28.14,88.84,2.24,0.37,5.9443
2019-09-09,4.5943,28.68,87.44,2.21,0.35,5.844
2019-09-10,4.9003,29.34,83.32,1.3,0.41,5.6974
2019-09-11,4.2156,29.52,84.51,1.15,0.28,5.0808
2019-09-12,3.7049,28.68,88.47,1.88,7.03,5.7996
2019-09-13,2.4931,27.67,91.12,3.0,16.1,5.9155
2019-09-14,3.9415,27.89,89.83,2.43,9.22,5.4391
2019-09-15,3.4666,28.33,86.34,1.49,3.04,5.7406
2019-09-16,3.6847,28.75,84.82,1.07,0.72,5.8666
2019-09-17,4.2367,27.56,90.3,1.11,4.73,5.8682
2019-09-18,1.961,26.35,94.58,2.65,87.44,5.3885
2019-09-19,2.3251,25.73,90.24,2.16,10.33,5.651
2019-09-20,4.1143,25.77,84.57,0.96,1.68,5.664
2019-09-21,3.8587,27.39,81.36,0.7,5.97,5.6784
2019-09-22,2.3371,26.13,91.6,1.09,17.11,5.2855
2019-09-23,1.5785,25.36,87.37,1.14,8.91,5.1185
2019-09-24,3.5441,26.09,90.55,1.87,8.76,5.5027
2019-09-25,4.1186,26.08,91.76,3.01,7.0,5.4415
2019-09-26,1.6315,25.52,93.0,3.71,29.88,5.4254
2019-09-27,2.2997,25.39,93.73,2.92,49.39,5.6064
2019-09-28,1.7534,25.48,92.8,3.02,11.8,5.3599
2019-09-29,3.4865,24.06,92.06,3.79,3.37,5.3822
2019-09-30,3.588,24.18,90.52,2.62,0.42,5.4163
2019-10-01,4.1057,24.89,88.64,1.55,2.3,5.6578
2019-10-02,2.0182,24.68,92.08,1.98,7.1,5.3306
2019-10-03,4.3752,24.22,86.19,1.5,0.63,5.4862
2019-10-04,5.443,25.36,81.84,1.11,0.06,5.526
2019-10-05,5.2589,24.94,83.06,1.41,0.0,5.3191
2019-10-06,5.2615,24.54,82.22,1.32,0.0,5.3311
2019-10-07,5.2234,24.46,81.88,1.18,0.0,5.2507
2019-10-08,5.1694,24.73,79.49,1.07,0.0,5.2546
2019-10-09,4.919,25.45,77.19,0.88,0.0,4.9966
2019-10-10,5.0486,24.88,78.86,1.13,0.0,5.2027
2019-10-11,4.8233,23.99,79.82,1.41,0.0,5.334
2019-10-12,5.2003,24.45,78.65,1.43,0.0,5.2958
2019-10-13,5.0746,24.25,78.96,1.16,0.0,5.0849
2019-10-14,4.8259,24.88,75.39,0.86,0.0,4.8614
2019-10-15,4.6606,25.22,76.01,0.81,0.0,4.7597
2019-10-16,4.6394,25.14,78.79,0.75,0.0,4.6999
2019-10-17,4.1354,24.77,80.79,0.68,0.0,4.2922
2019-10-18,3.4157,24.74,80.36,0.7,0.0,3.8806
2019-10-19,2.3698,24.02,82.13,0.61,0.02,3.3926
2019-10-20,1.5804,23.11,88.63,1.05,0.0,3.042
2019-10-21,2.7432,22.21,82.84,1.98,0.0,4.129
2019-10-22,4.7431,21.04,79.44,1.9,0.0,4.9452
2019-10-23,3.1368,21.08,81.21,1.34,0.0,4.663
2019-10-24,4.4957,21.72,79.85,0.97,0.0,4.6042
2019-10-25,3.9113,21.63,87.45,1.44,0.0,4.1664
2019-10-26,4.2262,21.69,80.71,0.82,0.0,4.5732
2019-10-27,3.8059,21.34,85.11,1.64,0.0,4.4868
2019-10-28,2.5481,21.42,88.27,1.43,0.0,3.9653
2019-10-29,3.1632,21.9,85.26,0.9,0.0,3.3437
2019-10-30,1.933,22.08,85.36,1.12,0.0,3.1685
2019-10-31,3.0329,22.33,81.15,1.3,0.0,3.0542
2019-11-01,3.0276,21.91,85.25,1.4,0.0,3.2006
2019-11-02,3.3504,22.41,82.46,1.32,0.0,3.4894
2019-11-03,2.3465,22.18,80.67,1.71,0.0,3.5388
2019-11-04,2.791,22.05,82.63,2.12,0.0,2.9076
2019-11-05,3.036,20.25,76.06,2.09,0.0,3.3655
2019-11-06,2.3635,20.22,70.67,1.53,0.0,3.8078
2019-11-07,3.2945,21.47,67.38,0.85,0.0,3.5858
2019-11-08,3.0758,22.43,70.16,1.04,0.0,3.1454
2019-11-09,3.7174,22.41,77.57,0.86,0.0,3.7306
2019-11-10,4.0546,21.36,75.98,1.57,0.0,4.0567
2019-11-11,3.4891,19.45,71.91,1.94,0.0,3.5822
2019-11-12,3.3864,19.11,70.7,1.72,0.0,3.5158
2019-11-13,3.1805,19.95,71.67,1.14,0.0,3.4814
2019-11-14,3.0098,19.22,69.95,0.61,0.0,3.4992
2019-11-15,3.6257,18.38,77.75,1.03,0.0,3.6341
2019-11-16,3.2071,18.77,82.56,1.22,0.0,3.4817
2019-11-17,4.0529,18.9,79.72,2.05,0.0,4.0541
2019-11-18,4.0536,18.36,67.74,2.17,0.0,4.1338
2019-11-19,3.3233,18.52,66.91,1.5,0.0,3.781
2019-11-20,3.6734,18.56,67.77,0.9,0.0,3.6737
2019-11-21,3.2249,18.5,71.14,0.67,0.0,3.403
2019-11-22,2.8555,17.95,82.31,1.19,0.0,3.1886
2019-11-23,2.9666,18.03,78.66,1.62,0.0,3.3178
2019-11-24,3.335,18.81,75.43,1.56,0.0,3.5705
2019-11-25,2.1454,18.43,77.47,0.78,0.0,3.5844
2019-11-26,3.2285,19.17,78.64,0.82,0.0,3.27
2019-11-27,3.0982,19.27,82.64,1.17,0.0,3.211
2019-11-28,3.0312,19.31,83.12,1.12,0.24,3.1025
2019-11-29,1.512,18.71,80.44,1.15,0.28,3.2038
2019-11-30,3.0574,18.01,78.67,1.9,0.01,3.1162
2019-12-01,2.9292,16.98,77.6,1.81,0.0,2.9422
2019-12-02,2.4084,15.57,72.42,1.56,0.0,2.477
2019-12-03,3.6269,14.27,67.42,1.58,0.0,3.6283
2019-12-04,3.635,15.06,64.0,0.9,0.0,3.6362
2019-12-05,2.7206,15.69,65.76,0.81,0.0,3.1322
2019-12-06,2.5826,14.94,77.11,1.07,0.0,2.7698
2019-12-07,2.5894,16.83,75.72,0.8,0.0,2.7667
2019-12-08,2.701,16.2,82.54,1.12,0.0,2.7362
2019-12-09,2.4598,15.6,80.91,1.0,0.0,2.4732
2019-12-10,2.2692,15.3,77.84,1.11,0.0,2.2706
2019-12-11,2.3954,15.63,76.19,1.03,0.0,2.4636
2019-12-12,1.3142,15.34,84.41,2.95,0.02,2.2968
2019-12-13,0.5906,16.52,93.64,4.65,26.49,2.3023
2019-12-14,1.963,17.37,82.79,1.54,2.19,2.9126
2019-12-15,2.4677,16.0,81.2,1.18,0.62,2.7319
2019-12-16,3.0662,13.76,78.57,1.57,0.0,3.1894
2019-12-17,1.8893,12.52,82.43,2.18,0.0,3.2839
2019-12-18,0.9576,11.01,78.87,1.65,0.0,3.0607
2019-12-19,2.4408,10.47,73.0,1.4,0.0,3.0595
2019-12-20,2.4578,10.92,71.7,1.23,0.0,2.904
2019-12-21,2.4751,13.04,73.55,1.59,0.0,2.838
2019-12-22,2.813,14.33,73.95,2.12,0.0,2.9338
2019-12-23,2.2985,12.34,64.18,1.31,0.0,3.3648
2019-12-24,1.4405,11.82,66.73,1.13,0.0,2.3417
2019-12-25,1.5845,11.46,66.22,1.39,0.0,2.5294
2019-12-26,1.4251,10.08,62.15,1.39,0.0,2.6165
2019-12-27,2.0042,8.25,70.66,1.49,0.0,3.0146
2019-12-28,1.9884,8.59,67.72,0.98,0.0,3.3149
2019-12-29,1.2871,7.67,77.73,1.11,0.0,2.8884
2019-12-30,1.0056,7.26,77.23,1.14,0.0,2.9666
2019-12-31,1.3668,8.49,69.37,0.75,0.0,2.5339
2020-01-01,2.4127,9.81,78.75,1.79,0.0,3.4627
2020-01-02,2.9882,12.67,89.55,1.32,0.87,3.2635
2020-01-03,2.1252,14.47,88.79,1.95,5.25,2.9237
2020-01-04,1.9855,14.99,80.56,0.83,1.0,3.2165
2020-01-05,2.573,12.58,75.59,2.04,0.0,3.162
2020-01-06,3.5131,12.89,68.16,1.43,0.0,3.5866
2020-01-07,2.8567,14.96,68.87,1.03,0.14,3.3274
2020-01-08,0.8786,14.83,81.91,1.78,3.65,3.0382
2020-01-09,1.4801,12.89,86.8,1.71,1.44,2.8534
2020-01-10,2.4636,9.57,70.58,2.01,0.07,3.7433
2020-01-11,3.2345,9.28,65.92,1.55,0.0,3.7805
2020-01-12,3.2813,10.22,68.19,1.66,0.0,3.5875
2020-01-13,2.9746,11.59,71.78,1.29,0.0,3.8743
2020-01-14,2.5834,12.86,77.22,0.78,0.12,2.995
2020-01-15,1.2271,13.1,87.95,0.72,14.37,2.9534
2020-01-16,0.5222,15.16,90.16,1.81,9.45,2.7761
2020-01-17,0.8688,16.08,87.41,1.47,15.0,2.6407
2020-01-18,0.7625,14.08,82.17,1.1,0.42,2.6837
2020-01-19,2.0148,12.18,82.84,2.04,0.0,3.5561
2020-01-20,2.6846,11.3,73.68,1.66,0.0,3.8256
2020-01-21,3.0389,13.17,62.08,0.84,0.0,3.9434
2020-01-22,3.4147,12.56,66.88,1.52,0.0,3.7018
2020-01-23,4.3284,11.41,72.65,2.97,0.0,4.4472
2020-01-24,4.6027,10.68,69.31,2.69,0.0,4.8269
2020-01-25,4.3452,11.55,64.71,1.09,0.0,4.3582
2020-01-26,3.661,12.6,66.28,1.69,0.0,4.0625
2020-01-27,3.8717,14.93,68.18,1.65,0.0,3.901
2020-01-28,3.2964,15.14,74.28,2.22,0.03,3.4385
2020-01-29,2.8901,15.19,81.17,2.06,1.47,3.8258
2020-01-30,4.0622,13.07,74.29,2.41,0.07,4.2451
2020-01-31,4.3109,12.1,66.09,2.19,0.02,4.5206
2020-02-01,4.3937,11.82,67.37,1.79,0.0,4.4842
2020-02-02,4.4878,11.51,67.79,2.21,0.0,4.5204
2020-02-03,4.6675,11.83,65.69,1.68,0.0,4.6721
2020-02-04,3.8189,13.25,59.29,0.88,0.0,3.8431
2020-02-05,4.3603,12.61,65.7,1.95,0.0,4.3622
2020-02-06,4.163,13.81,59.6,1.35,0.0,4.1945
2020-02-07,3.9096,13.87,57.68,1.15,0.0,3.9432
2020-02-08,4.2792,11.95,62.64,1.68,0.0,4.2816
2020-02-09,4.4894,13.27,58.36,1.24,0.0,4.5038
2020-02-10,4.6718,12.84,61.63,1.81,0.0,4.6752
2020-02-11,4.6985,13.22,60.23,1.75,0.0,4.704
2020-02-12,4.5871,13.59,63.31,1.98,0.0,4.6027
2020-02-13,4.9063,16.13,66.34,1.95,0.0,4.9318
2020-02-14,5.1394,17.62,63.4,3.08,0.0,5.1857
2020-02-15,5.4305,16.08,55.69,2.19,0.0,5.4593
2020-02-16,5.2522,17.12,47.07,1.05,0.0,5.257
2020-02-17,4.6382,16.56,49.93,1.55,0.0,4.721
2020-02-18,5.4984,15.74,48.01,1.99,0.0,5.503
2020-02-19,4.9298,17.37,47.11,1.25,0.0,5.2186
2020-02-20,4.4959,17.81,52.67,2.04,0.0,4.8283
2020-02-21,3.2796,16.4,63.28,3.29,7.07,4.0428
2020-02-22,2.7852,19.25,66.25,1.91,0.49,3.4994
2020-02-23,2.8754,19.98,63.34,1.01,0.15,3.3794
2020-02-24,2.7835,19.9,64.26,0.77,4.58,3.0763
2020-02-25,3.5455,18.22,71.85,0.9,13.33,3.8198
2020-02-26,4.8192,17.6,75.04,1.23,1.02,4.9462
2020-02-27,4.3188,18.49,66.11,1.02,0.0,5.052
2020-02-28,4.2386,19.22,59.79,1.18,0.0,4.9061
2020-02-29,4.1906,20.56,57.78,1.1,0.04,4.9162
2020-03-01,5.028,21.4,65.27,1.5,0.02,5.0527
2020-03-02,4.8924,21.55,61.86,1.29,0.0,4.9296
2020-03-03,4.7546,22.04,56.33,1.5,0.0,4.8154
2020-03-04,3.8314,22.57,49.23,0.73,0.42,4.651
2020-03-05,3.9574,21.64,57.02,1.5,6.5,4.6241
2020-03-06,3.989,20.54,75.05,3.86,10.17,4.8338
2020-03-07,3.7937,20.89,70.71,1.93,5.9,5.3129
2020-03-08,5.461,19.78,62.78,2.05,0.0,5.9575
2020-03-09,5.9803,19.27,54.59,2.76,0.0,6.1872
2020-03-10,2.479,19.31,56.56,2.1,0.1,5.5022
2020-03-11,4.2262,19.8,72.51,2.36,0.41,5.2783
2020-03-12,5.5178,22.84,68.04,1.59,0.21,5.6249
2020-03-13,3.3962,21.42,80.14,2.44,25.47,5.3909
2020-03-14,3.6787,20.64,69.59,1.53,0.3,5.7022
2020-03-15,4.0733,20.17,70.09,1.56,0.38,5.5044
2020-03-16,4.9169,20.05,59.25,1.6,0.0,5.9772
2020-03-17,6.3866,20.88,53.13,1.72,0.0,6.3929
2020-03-18,6.3835,21.6,53.67,2.02,0.0,6.3919
2020-03-19,6.1181,23.4,51.86,1.97,0.0,6.2045
2020-03-20,5.6686,23.13,50.64,1.65,0.0,6.1486
2020-03-21,4.6423,25.14,47.22,1.07,1.33,5.8759
2020-03-22,5.8565,25.55,45.98,1.06,0.28,6.0653
2020-03-23,6.2066,24.84,47.85,1.35,0.0,6.2258
2020-03-24,5.6597,26.4,44.69,1.33,0.21,6.0989
2020-03-25,6.3,26.5,45.94,2.74,0.0,6.373
2020-03-26,5.9623,25.25,49.2,3.07,0.0,6.5892
2020-03-27,1.5238,26.44,54.17,2.19,2.08,5.73
2020-03-28,6.6691,25.02,50.53,3.08,0.01,6.7135
2020-03-29,7.1021,24.36,42.44,3.41,0.0,7.1066
2020-03-30,7.2218,24.54,41.27,3.4,0.0,7.2242
2020-03-31,7.0342,26.15,40.53,2.35,0.0,7.0882
2020-04-01,6.7618,28.32,40.65,1.96,0.0,6.799
2020-04-02,6.6492,26.92,41.57,2.56,0.0,6.8542
2020-04-03,7.0733,24.86,37.07,3.57,0.0,7.2216
2020-04-04,7.2307,24.83,35.85,2.8,0.0,7.3049
2020-04-05,6.8695,26.06,36.35,2.52,0.0,7.0843
2020-04-06,7.1748,27.85,35.1,3.29,0.0,7.1789
2020-04-07,7.0613,28.12,33.32,3.58,0.0,7.2084
2020-04-08,5.5294,28.68,36.44,2.4,0.0,6.8398
2020-04-09,7.0399,27.72,36.91,2.18,0.0,7.0546
2020-04-10,7.2372,28.16,35.37,1.87,0.0,7.2487
2020-04-11,6.924,29.78,35.52,2.59,0.0,6.9598
2020-04-12,7.1902,29.94,35.4,2.57,0.0,7.2415
2020-04-13,7.1047,31.39,32.02,1.62,0.0,7.2096
2020-04-14,5.7089,33.15,30.08,1.1,0.0,6.5611
2020-04-15,4.7909,33.14,32.03,2.14,0.0,6.3689
2020-04-16,6.8616,31.42,32.42,1.8,0.47,7.0214
2020-04-17,4.9906,31.01,34.48,2.1,0.0,6.8645
2020-04-18,6.4138,31.28,34.38,1.77,0.47,6.8484
2020-04-19,6.0686,31.83,33.42,1.47,0.07,6.8861
2020-04-20,4.8463,30.35,37.71,2.51,3.32,6.8849
2020-04-21,6.4759,28.59,45.64,2.29,1.76,6.6941
2020-04-22,6.8789,28.95,40.43,1.82,0.88,7.2319
2020-04-23,3.9185,28.87,35.15,2.29,0.01,6.9257
2020-04-24,6.9725,30.22,32.79,1.28,0.05,7.0757
2020-04-25,5.6282,30.55,32.3,1.59,0.13,6.5906
2020-04-26,6.4183,29.7,41.73,2.5,8.02,6.6766
2020-04-27,6.4111,28.6,50.6,1.69,0.49,6.7193
2020-04-28,6.3847,29.17,44.77,1.52,0.68,6.7051
2020-04-29,6.7546,29.38,44.08,1.33,0.11,6.84
2020-04-30,6.2712,30.85,42.55,1.33,0.13,6.7082
2020-05-01,6.9542,29.91,51.03,1.92,14.73,7.0054
2020-05-02,6.9634,30.86,48.3,2.02,0.04,6.9919
2020-05-03,7.0438,31.04,47.47,2.28,0.13,7.2557
2020-05-04,6.6684,30.77,52.0,1.45,5.98,7.1222
2020-05-05,6.0888,30.13,51.57,1.04,7.25,7.0066
2020-05-06,6.4937,29.92,47.3,1.86,0.49,7.1434
2020-05-07,7.4827,29.65,44.32,1.4,1.2,7.4998
2020-05-08,7.5991,31.11,42.03,2.23,1.63,7.6188
2020-05-09,7.3807,32.58,38.91,1.34,0.0,7.387
2020-05-10,6.3043,33.0,38.23,2.23,1.11,6.924
2020-05-11,7.271,31.1,47.04,1.32,5.7,7.4182
2020-05-12,6.4001,32.25,41.13,2.14,0.19,7.1364
2020-05-13,6.3641,32.58,39.84,2.11,0.04,7.3702
2020-05-14,6.9878,32.93,40.62,2.1,0.29,7.0546
2020-05-15,6.5642,34.66,35.27,2.77,0.0,6.8318
2020-05-16,7.4112,33.84,28.41,3.85,0.01,7.4707
2020-05-17,7.417,33.7,27.23,3.25,0.0,7.4256
2020-05-18,6.2081,34.78,26.01,1.68,0.0,7.1916
2020-05-19,7.3661,34.18,25.21,1.64,0.03,7.4986
2020-05-20,7.3963,33.85,20.88,2.03,0.0,7.691
2020-05-21,7.9534,34.43,20.66,2.22,0.0,8.1074
2020-05-22,7.9807,35.72,20.42,2.02,0.03,8.0971
2020-05-23,7.4784,36.55,22.61,1.89,0.0,7.6555
2020-05-24,7.0826,37.76,21.32,2.57,0.0,7.4542
2020-05-25,7.4006,38.46,16.87,2.54,0.0,7.7004
2020-05-26,6.2489,39.27,17.53,2.39,0.0,7.715
2020-05-27,6.7169,39.2,19.84,2.41,0.03,7.6937
2020-05-28,7.026,35.02,36.48,4.96,1.2,7.2912
2020-05-29,5.8632,34.39,34.73,3.32,0.12,6.8371
2020-05-30,3.6948,34.59,35.08,3.28,0.64,6.2299
2020-05-31,5.4389,30.59,52.78,2.89,27.06,6.8611
2020-06-01,6.84,31.38,48.65,1.57,0.02,7.0831
2020-06-02,4.8463,32.93,41.35,2.24,0.01,7.1645
2020-06-03,4.379,32.46,43.46,2.15,0.12,7.1566
2020-06-04,2.3083,30.06,50.13,2.46,2.52,6.9475
2020-06-05,2.238,25.54,75.89,4.39,16.77,6.5729
2020-06-06,6.48,30.0,56.43,1.52,0.15,6.9886
2020-06-07,6.3336,33.02,43.39,1.09,0.01,6.9641
2020-06-08,7.2178,34.31,42.31,2.15,0.0,7.337
2020-06-09,6.8899,35.47,39.11,0.74,0.0,7.3099
2020-06-10,6.7416,35.9,39.08,1.47,0.0,6.931
2020-06-11,5.5219,36.29,40.27,1.71,0.03,6.342
2020-06-12,6.0998,36.21,43.47,1.63,0.26,6.7541
2020-06-13,5.887,35.55,47.54,2.92,0.0,6.6511
2020-06-14,6.0636,35.1,48.08,2.69,0.43,6.8894
2020-06-15,4.5139,32.93,60.03,2.81,7.39,6.9338
2020-06-16,6.5078,33.57,56.83,2.41,7.97,6.9931
2020-06-17,5.2714,31.19,70.54,2.25,18.88,6.8002
2020-06-18,3.7908,32.4,63.17,2.34,7.71,6.5803
2020-06-19,5.6635,32.69,63.1,3.18,1.36,6.329
2020-06-20,5.3275,31.89,68.68,3.24,11.65,6.5887
2020-06-21,5.7545,30.62,70.29,1.57,42.55,7.0435
2020-06-22,4.6222,30.52,68.14,3.31,2.64,7.2278
2020-06-23,3.8047,30.13,75.6,3.54,7.23,6.9127
2020-06-24,3.8129,30.74,74.15,2.93,3.21,5.8426
2020-06-25,1.8418,30.3,79.48,1.65,26.43,7.0433
2020-06-26,4.9735,32.39,67.68,3.04,7.37,6.4262
2020-06-27,3.9643,31.78,70.0,3.04,6.39,6.5141
2020-06-28,5.6208,32.49,67.83,2.93,13.69,6.6965
2020-06-29,4.0133,29.88,78.88,2.05,12.26,5.8886
2020-06-30,5.7084,29.53,77.88,2.01,3.36,6.3139
2020-07-01,5.4346,30.63,73.09,1.2,0.22,6.3941
2020-07-02,6.0847,32.0,65.52,1.15,0.48,6.4541
2020-07-03,3.7279,32.15,69.76,2.1,1.64,6.264
2020-07-04,3.8299,29.55,86.06,2.82,9.51,4.9183
2020-07-05,3.4498,29.04,84.61,1.76,8.41,5.7967
2020-07-06,3.0847,29.29,85.54,1.27,51.47,6.3905
2020-07-07,3.3403,28.19,91.52,3.39,37.45,7.092
2020-07-08,5.1415,29.44,81.59,2.42,2.47,7.1407
2020-07-09,3.7351,28.77,86.69,2.51,9.62,6.9473
2020-07-10,2.8927,29.45,85.41,3.82,8.72,6.6929
2020-07-11,5.2826,30.56,79.79,3.8,1.19,6.2376
2020-07-12,5.4629,30.11,82.33,3.27,2.78,6.8774
2020-07-13,5.7151,30.43,82.3,2.17,12.82,6.8866
2020-07-14,3.7128,30.28,79.93,1.03,2.57,6.0895
2020-07-15,4.8314,28.75,85.2,2.28,10.56,6.545
2020-07-16,4.8547,28.92,85.22,2.78,3.45,6.6631
2020-07-17,5.7322,30.11,80.71,2.32,1.03,6.8866
2020-07-18,5.5534,29.58,83.0,2.3,7.48,6.6038
2020-07-19,2.6666,29.63,86.19,3.19,5.54,6.3526
2020-07-20,2.9138,28.78,88.51,2.94,5.49,5.9124
2020-07-21,4.5626,28.82,86.22,2.68,25.58,6.3334
2020-07-22,5.3124,29.43,84.56,2.4,8.13,6.959
2020-07-23,6.618,29.17,82.49,1.62,6.94,7.087
2020-07-24,5.2454,28.22,86.22,2.2,2.0,6.5141
2020-07-25,4.9361,28.57,83.68,1.6,0.4,6.5974
2020-07-26,6.234,29.52,79.21,0.74,0.05,6.6905
2020-07-27,5.3256,30.33,78.59,1.65,0.98,6.552
2020-07-28,4.0884,29.02,86.47,2.46,11.36,6.5566
2020-07-29,2.8697,27.64,91.63,2.33,12.38,6.2935
2020-07-30,4.7534,28.03,84.67,1.24,20.33,6.7958
2020-07-31,4.3306,29.04,84.05,1.23,11.36,6.5702
2020-08-01,4.2804,28.8,85.8,1.65,3.48,6.613
2020-08-02,5.3206,29.78,82.58,1.3,1.38,6.4615
2020-08-03,4.0735,30.27,81.82,1.91,1.7,6.4762
2020-08-04,5.0527,30.98,80.0,0.7,8.31,6.3682
2020-08-05,4.2257,29.54,86.03,2.36,9.4,6.9298
2020-08-06,3.8551,29.02,85.89,5.31,0.7,6.8158
2020-08-07,5.8706,28.96,85.07,2.19,0.16,6.9134
2020-08-08,5.7847,29.94,80.15,1.09,3.49,6.8011
2020-08-09,4.0978,29.16,87.8,1.99,11.83,6.353
2020-08-10,4.9942,28.63,88.78,2.61,0.89,6.3178
2020-08-11,4.7309,29.53,85.81,1.76,17.84,6.0406
2020-08-12,3.2798,28.79,87.46,1.83,36.07,6.4997
2020-08-13,2.2481,28.39,87.88,1.9,22.95,6.3878
2020-08-14,3.0391,29.03,87.21,1.81,17.32,6.102
2020-08-15,4.1609,28.36,89.22,2.27,3.08,6.5117
2020-08-16,5.6954,28.49,87.14,2.31,3.28,6.8422
2020-08-17,5.3777,28.85,86.3,2.01,0.44,6.5765
2020-08-18,5.435,29.19,85.97,1.52,5.09,6.4373
2020-08-19,2.6398,29.1,87.63,1.16,5.23,6.4308
2020-08-20,5.8438,28.4,87.62,3.11,1.49,6.6946
2020-08-21,3.6281,27.22,87.28,5.31,1.26,6.5011
2020-08-22,3.5057,27.44,87.38,5.12,6.19,6.725
2020-08-23,4.2293,28.11,87.26,3.12,6.74,6.7555
2020-08-24,5.3443,28.22,84.0,1.37,3.65,6.8011
2020-08-25,5.6426,28.75,83.34,1.24,0.38,6.6324
2020-08-26,5.8534,29.38,82.9,0.74,12.02,6.5582
2020-08-27,4.5595,28.7,85.24,1.8,21.45,6.7356
2020-08-28,4.9382,27.99,86.72,2.89,1.29,6.3898
2020-08-29,3.7884,28.19,86.77,5.01,0.28,6.4488
2020-08-30,5.1612,28.3,83.71,2.62,0.06,6.6835
2020-08-31,6.174,28.43,81.85,1.78,0.0,6.6679
2020-09-01,5.8826,28.62,83.48,1.97,0.49,6.6502
2020-09-02,2.892,28.36,86.7,1.4,4.65,6.1375
2020-09-03,4.5173,28.6,85.94,2.59,5.98,5.9666
2020-09-04,5.6292,29.1,83.97,1.15,0.12,5.9974
2020-09-05,4.9997,28.86,82.28,1.64,0.2,6.1613
2020-09-06,6.0242,29.45,82.75,1.13,0.84,6.3101
2020-09-07,5.2894,29.31,82.61,2.04,0.5,6.1222
2020-09-08,5.7002,29.51,79.4,1.91,0.01,6.077
2020-09-09,5.1154,29.29,81.8,1.19,3.48,5.995
2020-09-10,5.095,29.49,79.08,1.34,0.01,5.5673
2020-09-11,4.9706,29.27,80.14,1.54,0.0,5.3244
2020-09-12,4.4645,28.68,74.89,1.18,0.02,4.951
2020-09-13,4.3454,28.94,72.98,0.96,0.06,4.9183
2020-09-14,4.099,28.19,76.98,1.0,0.38,4.6337
2020-09-15,4.4119,27.39,84.77,1.6,1.74,4.639
2020-09-16,4.3092,28.84,82.71,1.65,7.28,5.0818
2020-09-17,4.4011,29.88,76.53,1.54,1.68,5.0722
2020-09-18,4.9159,30.69,71.95,1.26,1.8,5.4934
2020-09-19,3.9065,28.43,83.01,1.87,0.12,4.5979
2020-09-20,4.9452,29.13,74.32,1.12,0.0,5.142
2020-09-21,5.3071,28.98,79.86,1.86,0.41,5.5613
2020-09-22,4.5722,28.14,84.21,2.82,1.66,5.7187
2020-09-23,2.2582,26.69,90.38,2.36,32.03,5.4953
2020-09-24,2.5867,27.33,85.29,1.33,33.1,5.7175
2020-09-25,4.6404,27.81,76.56,2.35,1.14,5.3681
2020-09-26,5.2582,28.06,61.65,1.48,0.0,5.4667
2020-09-27,4.7237,27.28,72.38,1.01,0.03,5.1756
2020-09-28,5.4552,28.29,71.28,0.97,0.01,5.459
2020-09-29,5.6023,27.6,64.09,1.37,0.0,5.6057
2020-09-30,5.6246,27.03,58.82,1.46,0.0,5.6393
2020-10-01,5.6386,26.48,59.44,1.09,0.0,5.6568
2020-10-02,5.6657,26.08,70.73,1.11,0.0,5.6861
2020-10-03,5.287,27.31,69.78,0.88,0.01,5.3774
2020-10-04,4.343,27.54,73.91,0.93,0.01,4.9776
2020-10-05,5.0626,28.23,66.69,1.25,0.0,5.1509
2020-10-06,5.3414,27.33,52.34,0.92,0.0,5.3429
2020-10-07,5.2754,26.75,60.95,0.73,0.0,5.4106
2020-10-08,5.2169,27.08,62.64,0.86,0.0,5.3105
2020-10-09,5.3172,26.99,62.27,0.93,0.0,5.3198
2020-10-10,5.3254,27.13,61.4,1.4,0.0,5.3314
2020-10-11,5.0578,27.16,61.38,1.25,0.0,5.2956
2020-10-12,4.9579,27.88,65.78,1.1,0.0,4.9793
2020-10-13,4.3543,28.41,67.81,1.5,0.0,4.5082
2020-10-14,4.3162,27.72,77.84,1.35,0.0,4.5888
2020-10-15,4.4926,28.64,73.43,0.9,0.0,4.7318
2020-10-16,4.6651,29.72,59.37,0.84,0.0,4.6781
2020-10-17,4.7573,28.17,47.99,1.14,0.0,4.7717
2020-10-18,4.4134,27.85,47.29,1.42,0.0,4.4698
2020-10-19,3.8616,26.42,43.44,1.29,0.0,4.0824
2020-10-20,4.397,26.66,39.43,0.58,0.0,4.4626
2020-10-21,4.7294,26.95,42.04,0.94,0.0,4.7314
2020-10-22,4.0939,27.27,54.81,1.08,0.0,4.1172
2020-10-23,4.169,27.21,53.21,1.26,0.02,4.1736
2020-10-24,4.4182,25.53,38.47,1.88,0.0,4.4182
2020-10-25,4.3334,25.9,43.06,1.52,0.0,4.3402
2020-10-26,4.3205,24.37,39.35,1.73,0.0,4.3356
2020-10-27,4.2682,23.8,41.37,1.51,0.0,4.2823
2020-10-28,4.0608,23.22,38.83,1.39,0.0,4.081
2020-10-29,4.0822,24.08,36.88,1.02,0.0,4.1035
2020-10-30,4.283,24.07,40.9,1.57,0.0,4.3272
2020-10-31,4.3634,23.72,36.49,1.91,0.0,4.4083
2020-11-01,3.7776,22.85,37.23,1.88,0.0,3.9346
2020-11-02,4.0058,21.47,34.29,2.09,0.0,4.0426
2020-11-03,4.1431,20.88,37.68,1.96,0.0,4.2624
2020-11-04,4.495,21.08,36.61,1.95,0.0,4.4993
2020-11-05,3.5503,21.13,43.84,1.51,0.0,3.8518
2020-11-06,3.4061,20.98,42.2,1.54,0.0,3.4411
2020-11-07,3.2952,21.56,36.81,1.37,0.0,3.5136
2020-11-08,3.5501,21.35,39.16,1.33,0.0,3.5779
2020-11-09,3.1286,20.88,40.26,1.11,0.0,3.2794
2020-11-10,3.3638,22.38,40.88,1.49,0.0,3.4802
2020-11-11,4.2034,23.0,48.95,1.29,0.0,4.2038
2020-11-12,3.7212,23.21,50.47,1.37,0.0,3.8414
2020-11-13,3.306,23.04,46.99,2.02,0.0,3.4387
2020-11-14,3.2774,23.1,40.72,1.58,0.0,3.2971
2020-11-15,3.1202,24.37,41.94,0.75,0.4,3.1373
2020-11-16,2.8486,20.12,70.55,1.67,14.93,3.5076
2020-11-17,3.4978,20.95,60.58,2.2,0.01,3.5198
2020-11-18,2.8255,21.42,53.73,1.63,0.0,3.2016
2020-11-19,2.2927,22.5,53.12,1.03,0.01,3.0091
2020-11-20,3.3187,20.07,43.95,2.32,0.0,3.319
2020-11-21,4.0265,17.88,38.12,2.92,0.0,4.0596
2020-11-22,4.092,16.73,38.62,1.99,0.0,4.1482
2020-11-23,3.7046,17.85,33.79,0.98,0.0,3.7255
2020-11-24,3.5338,18.74,32.19,0.87,0.0,3.5366
2020-11-25,2.9234,20.06,33.66,0.93,0.0,3.4157
2020-11-26,2.9806,20.1,37.7,1.05,0.0,3.1303
2020-11-27,3.2729,19.4,47.39,1.87,0.0,3.3036
2020-11-28,4.1866,18.85,42.57,2.3,0.0,4.2115
2020-11-29,3.9624,17.79,43.6,1.85,0.0,3.9761
2020-11-30,3.8378,17.39,39.73,1.71,0.0,3.8705
2020-12-01,3.4534,17.28,39.64,1.25,0.0,3.4654
2020-12-02,3.2422,17.82,43.9,1.7,0.0,3.4207
2020-12-03,3.2664,18.02,47.52,1.6,0.0,3.301
2020-12-04,3.2477,18.78,43.13,1.23,0.0,3.299
2020-12-05,3.2758,19.51,41.19,1.09,0.0,3.3634
2020-12-06,3.2342,19.71,42.82,1.31,0.0,3.2371
2020-12-07,3.3281,18.88,45.41,1.67,0.0,3.3326
2020-12-08,2.8846,17.98,49.72,1.48,0.0,2.934
2020-12-09,3.0787,18.85,46.22,1.95,0.0,3.1733
2020-12-10,3.215,20.03,46.66,2.46,0.0,3.3859
2020-12-11,2.0052,20.56,45.93,2.48,0.0,3.4291
2020-12-12,2.0321,20.57,57.51,2.64,0.0,2.7926
2020-12-13,2.6004,19.15,54.6,2.94,0.0,2.8798
2020-12-14,2.8015,16.92,43.98,2.76,0.0,2.8723
2020-12-15,2.7098,15.69,46.93,2.55,0.09,3.0816
2020-12-16,2.5092,16.1,48.85,2.38,0.0,2.9244
2020-12-17,3.6098,13.99,31.04,3.17,0.0,3.6317
2020-12-18,3.6487,11.9,33.75,2.64,0.0,3.7267
2020-12-19,3.7411,12.65,33.15,2.34,0.0,3.8124
2020-12-20,3.2563,12.77,33.16,1.7,0.0,3.6127
2020-12-21,3.3168,14.59,34.05,1.37,0.0,3.5234
2020-12-22,2.7074,16.33,37.04,1.41,0.0,3.2462
2020-12-23,3.2114,16.02,38.7,1.59,0.0,3.2621
2020-12-24,3.0725,15.45,38.02,1.72,0.0,3.1577
2020-12-25,3.4529,14.76,35.79,2.72,0.0,3.461
2020-12-26,3.389,13.88,38.64,2.14,0.0,3.4289
2020-12-27,3.2455,15.39,36.81,1.39,0.0,3.253
2020-12-28,2.5589,16.27,40.64,1.43,0.0,2.7778
2020-12-29,2.6938,14.07,33.75,2.38,0.0,2.6942
2020-12-30,3.1771,12.67,35.13,2.2,0.0,3.1994
2020-12-31,2.5198,12.77,36.51,2.25,0.0,2.9712
2021-01-01,2.7055,14.59,36.21,1.61,0.0,2.9122
2021-01-02,2.4953,17.68,39.88,1.38,0.07,2.6554
2021-01-03,2.5644,19.82,64.6,1.96,0.09,2.8078
2021-01-04,1.4534,21.87,53.19,1.2,0.48,3.3413
2021-01-05,2.6779,21.61,51.51,1.51,0.13,3.5294
2021-01-06,3.0874,21.54,50.4,1.82,0.0,3.1291
2021-01-07,3.0403,19.98,62.38,2.93,0.0,3.1634
2021-01-08,1.8242,19.64,57.54,2.4,0.0,2.8886
2021-01-09,1.895,20.95,60.17,3.03,0.0,3.0862
2021-01-10,2.8001,20.27,59.96,3.58,0.0,2.869
2021-01-11,3.2724,16.18,44.82,3.05,0.0,3.3019
2021-01-12,2.8685,13.73,38.04,2.39,0.0,3.6943
2021-01-13,2.759,12.67,39.78,2.01,0.0,3.7392
2021-01-14,2.8783,12.46,38.33,1.21,0.0,3.7111
2021-01-15,2.3702,13.2,34.51,1.39,0.0,3.2112
2021-01-16,2.94,13.51,35.15,2.08,0.0,3.6151
2021-01-17,2.1595,14.31,31.75,1.23,0.0,3.3658
2021-01-18,1.4453,15.42,32.53,1.16,0.0,2.099
2021-01-19,2.4062,18.0,34.9,1.66,0.0,2.6753
2021-01-20,2.8212,16.55,39.66,3.34,0.0,3.3326
2021-01-21,4.3097,14.95,39.36,3.02,0.0,4.3123
2021-01-22,2.237,16.21,30.4,1.02,0.0,4.0222
2021-01-23,2.3642,18.05,25.04,0.93,0.0,3.6209
2021-01-24,2.7425,17.57,32.74,1.19,0.0,3.7812
2021-01-25,1.5271,16.04,44.76,1.69,0.0,3.2129
2021-01-26,2.2625,14.62,35.47,1.87,0.0,3.168
2021-01-27,2.7144,14.21,38.7,1.83,0.0,3.5386
2021-01-28,1.6634,14.52,34.05,1.3,0.0,2.897
2021-01-29,2.7914,13.36,31.5,2.09,0.0,3.7397
2021-01-30,3.8081,13.77,30.91,2.42,0.0,4.3241
2021-01-31,4.4933,14.64,27.66,1.76,0.0,4.5533
2021-02-01,4.4582,15.69,24.09,1.93,0.0,4.5377
2021-02-02,4.4827,17.92,23.27,1.66,0.0,4.4942
2021-02-03,4.5499,20.33,22.32,0.95,0.0,4.5509
2021-02-04,4.1357,20.35,25.59,1.16,0.0,4.3834
2021-02-05,2.2831,17.63,50.38,1.84,2.9,3.5597
2021-02-06,4.559,16.72,42.8,2.06,0.0,4.5643
2021-02-07,5.0599,16.37,39.45,2.29,0.0,5.0633
2021-02-08,4.8005,16.57,37.15,1.83,0.0,4.8523
2021-02-09,4.3008,18.91,35.52,1.41,0.0,4.4957
2021-02-10,4.3512,21.23,28.68,1.21,0.0,4.7059
2021-02-11,4.5259,21.33,26.52,1.41,0.0,4.6087
2021-02-12,3.702,20.1,27.43,1.27,0.0,4.4501
2021-02-13,4.2554,19.74,29.41,1.5,0.0,4.5086
2021-02-14,4.4338,19.76,26.66,1.69,0.0,4.5178
2021-02-15,4.7174,20.72,24.14,1.73,0.0,4.751
2021-02-16,2.5651,21.48,32.92,1.94,0.0,4.2161
2021-02-17,4.6466,20.81,41.82,1.1,0.0,4.6486
2021-02-18,4.7206,21.64,25.19,0.94,0.0,4.8473
2021-02-19,4.5845,22.26,23.61,0.92,0.55,4.6022
2021-02-20,4.8326,20.6,25.81,1.76,0.0,4.9375
2021-02-21,5.0683,20.62,27.98,2.11,0.0,5.0866
2021-02-22,5.1192,21.34,25.29,2.01,0.0,5.1936
2021-02-23,5.2711,23.32,22.84,1.88,0.0,5.329
2021-02-24,5.4552,24.2,20.46,2.36,0.0,5.5078
2021-02-25,5.599,24.58,21.26,2.76,0.0,5.6122
2021-02-26,5.7478,25.13,23.34,2.86,0.0,5.7948
2021-02-27,5.6179,26.29,26.28,2.6,0.0,5.6323
2021-02-28,5.5495,26.61,27.4,2.45,0.0,5.5788
2021-03-01,5.7209,25.42,21.29,2.8,0.0,5.7295
2021-03-02,6.1829,22.69,16.37,3.11,0.0,6.2095
2021-03-03,6.1037,23.13,15.64,2.52,0.0,6.187
2021-03-04,6.0226,25.02,15.73,2.22,0.0,6.0838
2021-03-05,6.0226,25.72,16.93,3.03,0.0,6.0456
2021-03-06,6.1817,25.27,14.57,3.07,0.0,6.2088
2021-03-07,5.8157,27.55,12.62,1.59,0.0,5.8534
2021-03-08,5.6186,26.49,17.8,2.48,0.0,5.6438
2021-03-09,5.4238,28.27,18.39,1.28,0.0,5.5483
2021-03-10,5.6695,28.99,18.72,1.33,0.0,5.7475
2021-03-11,5.6796,28.25,20.82,1.19,0.0,5.7403
2021-03-12,2.7862,26.94,24.36,2.0,0.0,4.5043
2021-03-13,5.531,26.15,35.47,1.55,0.53,5.6136
2021-03-14,6.0151,25.79,29.79,2.18,0.0,6.1001
2021-03-15,5.9587,26.6,22.53,2.69,0.0,6.0607
2021-03-16,5.3026,27.22,21.9,2.71,0.0,5.4857
2021-03-17,5.208,27.48,23.86,2.76,0.0,5.5589
2021-03-18,5.0119,28.45,21.89,1.95,0.0,5.1965
2021-03-19,3.6353,29.11,24.17,2.94,0.0,5.0549
2021-03-20,5.6686,28.43,25.86,2.66,0.0,5.7708
2021-03-21,6.0734,28.36,19.14,2.07,0.0,6.1663
2021-03-22,6.0005,30.36,15.45,1.45,0.0,6.0665
2021-03-23,5.6681,30.57,19.3,1.38,0.0,5.7389
2021-03-24,6.1183,28.87,23.64,2.35,0.28,6.2021
2021-03-25,6.3874,27.69,17.73,3.77,0.0,6.439
2021-03-26,6.7615,26.36,19.55,3.14,0.0,6.7982
2021-03-27,6.7109,27.81,19.1,1.84,0.0,6.7171
2021-03-28,6.3425,30.0,17.38,1.23,0.0,6.492
2021-03-29,6.3312,31.46,17.7,1.88,0.0,6.5088
2021-03-30,6.4025,32.5,13.16,2.9,0.0,6.7097
2021-03-31,7.0802,30.73,9.62,4.74,0.0,7.1093
2021-04-01,7.0678,28.0,5.96,3.94,0.0,7.206
2021-04-02,7.519,27.5,6.95,2.55,0.0,7.542
2021-04-03,7.2938,27.83,6.93,2.16,0.0,7.2996
2021-04-04,7.3301,28.32,7.45,2.62,0.0,7.3627
2021-04-05,6.6446,30.71,7.57,1.74,0.0,6.876
2021-04-06,6.3583,30.63,9.77,2.21,0.0,6.5165
2021-04-07,6.0254,32.31,12.11,1.95,0.0,6.4426
2021-04-08,6.144,31.96,15.3,1.83,0.0,6.2887
2021-04-09,5.8169,30.99,10.15,2.23,0.0,6.4054
2021-04-10,6.8945,30.46,8.82,2.27,0.0,6.965
2021-04-11,6.9917,30.48,10.44,2.47,0.0,7.105
2021-04-12,7.0879,31.24,12.87,2.69,0.0,7.2338
2021-04-13,7.0313,32.66,14.15,3.05,0.0,7.171
2021-04-14,6.9689,33.31,13.88,2.82,0.0,7.1441
2021-04-15,5.7794,33.18,15.08,2.26,0.0,6.3516
2021-04-16,6.5849,33.57,16.5,1.51,0.0,6.839
2021-04-17,5.9342,32.15,19.58,2.41,0.0,6.5256
2021-04-18,7.362,32.06,21.37,3.13,0.03,7.3726
2021-04-19,7.1549,32.29,17.12,4.08,0.06,7.3438
2021-04-20,6.3,33.4,15.36,2.18,0.0,6.8501
2021-04-21,4.9594,28.57,40.84,3.49,12.74,6.2654
2021-04-22,7.4083,27.97,39.16,1.51,1.3,7.4587
2021-04-23,7.363,30.19,29.96,1.34,0.34,7.585
2021-04-24,7.3272,30.46,25.56,2.46,0.0,7.4467
2021-04-25,7.8082,29.56,22.78,2.15,0.0,7.824
2021-04-26,7.7107,31.33,17.14,2.26,0.0,7.7513
2021-04-27,7.5346,32.47,16.34,2.0,0.0,7.6793
2021-04-28,7.0459,34.88,16.56,1.58,0.0,7.403
2021-04-29,5.1662,34.1,17.89,1.64,0.0,6.7243
2021-04-30,5.9638,34.09,19.02,1.72,0.65,6.3194
2021-05-01,6.0946,34.61,18.15,0.96,0.06,6.438
2021-05-02,2.8728,33.54,22.78,3.03,0.07,5.5901
2021-05-03,3.871,32.53,28.49,1.85,0.51,6.3103
2021-05-04,6.4838,33.5,23.81,1.48,0.3,7.019
2021-05-05,6.5818,32.86,30.1,3.81,2.01,6.8287
2021-05-06,5.7492,32.64,34.47,2.77,0.07,6.5659
2021-05-07,4.8346,32.69,29.99,1.9,1.13,6.383
2021-05-08,6.1848,32.07,32.48,1.19,2.97,6.631
2021-05-09,6.2765,32.52,30.38,1.3,0.01,6.7606
2021-05-10,5.9695,31.45,39.27,1.61,7.79,6.5225
2021-05-11,6.8189,32.91,31.75,1.61,0.09,7.0111
2021-05-12,6.8722,31.16,42.49,2.02,8.98,7.147
2021-05-13,4.2967,27.72,52.61,1.82,15.29,6.865
2021-05-14,6.9787,30.95,41.8,1.69,0.27,7.1938
2021-05-15,5.736,33.62,34.77,0.86,0.0,7.2221
2021-05-16,6.4694,34.03,32.72,1.4,0.0,6.5153
2021-05-17,1.835,35.11,28.39,1.67,0.36,6.3434
2021-05-18,2.5385,30.72,37.95,2.54,0.85,5.8848
2021-05-19,2.9959,25.4,73.4,3.18,23.66,6.6367
2021-05-20,4.3776,27.38,77.82,4.6,33.56,6.9415
2021-05-21,5.5618,29.01,60.22,2.48,1.37,6.2952
2021-05-22,7.2516,31.0,43.21,2.11,0.46,7.3982
2021-05-23,7.578,31.74,39.84,2.56,0.0,7.6702
2021-05-24,7.5168,31.12,35.29,3.78,0.0,7.5552
2021-05-25,7.3315,32.14,35.32,1.86,0.0,7.8696
2021-05-26,6.8417,33.64,40.73,1.15,0.09,7.087
2021-05-27,5.952,31.81,49.8,2.53,0.19,6.9828
2021-05-28,4.0608,26.43,77.01,6.33,24.81,7.2754
2021-05-29,5.4048,27.27,77.84,4.65,21.43,7.0282
2021-05-30,6.4301,30.67,64.27,1.37,1.37,6.7975
2021-05-31,6.6542,33.59,52.86,1.45,1.36,7.099
2021-06-01,5.8522,32.79,53.38,1.67,8.09,6.8246
2021-06-02,6.9475,31.99,54.48,0.92,1.91,7.3366
2021-06-03,6.1591,33.5,48.77,1.23,0.6,7.2144
2021-06-04,5.8301,34.4,45.9,1.04,0.1,7.1201
2021-06-05,4.8271,33.16,46.15,2.85,0.01,6.8707
2021-06-06,6.2803,34.25,46.45,2.54,0.07,7.1328
2021-06-07,6.6756,34.95,43.15,2.87,0.78,7.3306
2021-06-08,5.6674,33.59,51.18,2.55,0.15,6.8602
2021-06-09,5.1996,33.91,53.04,2.59,3.52,6.4519
2021-06-10,2.7521,31.25,64.3,2.15,15.22,6.3343
2021-06-11,5.8469,30.42,68.03,1.65,9.0,6.335
2021-06-12,4.9793,31.45,65.18,2.52,1.77,6.522
2021-06-13,5.1362,29.73,75.3,3.52,18.81,6.9521
2021-06-14,4.2746,28.77,83.5,3.45,45.85,7.0937
2021-06-15,6.053,29.18,77.02,1.45,29.65,6.6845
2021-06-16,6.2554,30.79,69.31,1.47,4.02,6.7068
2021-06-17,4.9231,29.11,77.32,1.94,9.13,6.4591
2021-06-18,1.7815,27.47,88.69,3.26,18.08,6.4714
2021-06-19,2.2913,28.4,83.18,2.51,12.03,6.4411
2021-06-20,4.8492,29.15,81.41,1.14,1.84,6.6595
2021-06-21,5.3566,30.07,78.16,1.49,0.51,6.0749
2021-06-22,6.1546,30.88,68.96,1.64,0.27,6.7464
2021-06-23,4.4405,30.66,76.58,1.29,4.4,6.27
2021-06-24,2.9738,29.42,81.07,1.47,7.57,6.252
2021-06-25,5.7974,29.49,75.51,1.18,2.88,6.5813
2021-06-26,6.265,28.93,79.6,1.65,3.09,6.6533
2021-06-27,5.4247,28.38,83.8,1.95,4.76,6.3511
2021-06-28,5.2363,30.33,75.82,0.95,3.2,6.0204
2021-06-29,6.2794,32.66,63.13,2.05,0.19,6.841
2021-06-30,5.6978,34.02,53.1,2.7,0.05,7.0097
2021-07-01,5.694,34.49,57.41,1.35,2.08,6.8597
2021-07-02,5.1574,33.14,60.48,2.2,1.2,6.612
2021-07-03,4.8506,32.6,63.38,2.36,4.41,6.685
2021-07-04,5.6028,32.09,62.89,1.54,1.23,6.6487
2021-07-05,6.0317,31.99,66.12,1.37,2.42,6.6079
2021-07-06,5.7667,33.31,60.82,1.22,0.04,6.5263
2021-07-07,5.0414,35.1,54.6,1.58,0.72,6.5155
2021-07-08,4.3582,32.8,68.74,1.44,5.55,6.7277
2021-07-09,5.1031,30.33,77.07,2.47,0.66,6.1375
2021-07-10,5.2572,31.04,75.19,2.56,1.72,6.0986
2021-07-11,3.601,29.32,82.9,4.04,3.93,6.1517
2021-07-12,5.3299,29.43,80.55,3.14,4.38,7.08
2021-07-13,6.9084,30.91,73.57,3.23,1.88,7.2871
2021-07-14,6.2736,30.82,73.08,3.22,0.03,7.0831
2021-07-15,6.0581,30.89,72.56,3.25,0.09,7.0428
2021-07-16,5.9935,31.71,69.21,2.03,12.26,6.8494
2021-07-17,2.7514,28.15,83.41,2.45,34.1,7.0922
2021-07-18,2.2397,28.79,84.11,2.1,25.14,6.8076
2021-07-19,3.3622,28.76,85.88,1.47,37.21,6.6434
2021-07-20,4.3265,29.24,84.36,1.84,38.86,6.8398
2021-07-21,3.2004,28.09,90.06,2.3,40.99,6.1937
2021-07-22,4.2322,29.12,86.47,1.91,12.79,6.5861
2021-07-23,5.1905,30.71,81.11,1.77,8.1,6.9665
2021-07-24,5.6251,30.09,84.92,3.13,3.91,6.9629
2021-07-25,5.6179,30.14,84.84,3.01,1.44,6.9614
2021-07-26,5.0446,29.17,87.86,1.7,2.12,6.8784
2021-07-27,2.7682,29.45,85.56,1.34,49.54,6.1613
2021-07-28,2.663,28.76,86.5,1.27,30.95,6.0192
2021-07-29,2.7238,28.98,89.57,1.71,5.75,6.349
2021-07-30,2.9004,28.5,88.55,1.41,4.7,6.6139
2021-07-31,5.2202,28.91,86.12,3.46,11.6,6.6974
2021-08-01,3.2194,28.83,90.22,4.55,12.28,6.6614
2021-08-02,3.4742,28.78,86.19,3.75,2.64,6.835
2021-08-03,4.8254,28.5,86.6,3.24,0.99,6.7675
2021-08-04,4.8413,28.0,86.73,3.02,0.14,6.7711
2021-08-05,5.4718,28.37,87.79,2.84,0.15,6.8616
2021-08-06,4.92,29.3,85.68,2.28,2.46,6.6638
2021-08-07,4.5523,29.15,86.03,1.55,0.49,6.4025
2021-08-08,4.3836,27.89,90.52,1.5,8.93,5.7312
2021-08-09,3.3389,29.16,87.13,1.41,4.51,6.0907
2021-08-10,3.7603,28.85,88.74,2.44,21.09,6.1678
2021-08-11,3.2851,28.82,86.49,2.59,9.42,6.0509
2021-08-12,3.8208,28.95,85.42,2.51,3.85,6.443
2021-08-13,4.2696,28.98,86.55,2.23,36.06,6.282
2021-08-14,5.6609,28.78,87.51,2.15,12.67,6.2148
2021-08-15,5.6395,29.69,85.2,1.87,2.13,6.3108
2021-08-16,4.9778,29.73,81.18,1.48,0.27,6.0754
2021-08-17,5.335,29.91,79.06,1.27,0.5,5.8747
2021-08-18,4.2362,29.59,81.01,0.85,0.98,5.4367
2021-08-19,2.9038,28.23,90.96,1.49,4.85,5.7953
2021-08-20,3.2093,28.23,93.03,2.73,24.7,6.083
2021-08-21,3.8885,29.0,87.51,1.79,4.37,6.0739
2021-08-22,5.8279,28.17,87.5,0.9,2.8,6.3907
2021-08-23,4.656,27.71,92.57,1.63,21.01,6.3672
2021-08-24,3.5479,28.02,91.98,2.54,22.56,6.223
2021-08-25,4.1743,28.68,88.08,2.56,7.24,6.0638
2021-08-26,4.2146,28.1,90.81,2.93,8.93,6.1963
2021-08-27,3.12,28.05,86.89,1.99,5.86,5.9359
2021-08-28,4.3471,28.53,81.67,1.23,9.08,5.5841
2021-08-29,4.0795,28.08,85.27,1.41,8.85,5.9813
2021-08-30,3.4589,26.57,94.8,2.96,26.1,6.1452
2021-08-31,5.2807,27.45,90.6,1.8,4.09,6.4418
2021-09-01,5.8092,28.45,84.15,0.92,1.08,6.5189
2021-09-02,5.7679,28.9,82.62,1.17,0.8,6.2815
2021-09-03,4.8286,28.76,84.76,1.18,11.13,6.3516
2021-09-04,4.5403,28.11,87.6,1.46,9.29,6.1579
2021-09-05,5.1816,29.15,81.05,0.94,0.1,5.7914
2021-09-06,4.2922,29.24,82.72,1.09,0.1,5.7125
2021-09-07,5.3422,27.83,89.24,3.35,0.65,6.3089
2021-09-08,4.4978,27.73,88.04,2.87,0.77,6.329
2021-09-09,4.6046,27.96,87.92,1.89,1.66,5.6731
2021-09-10,4.1057,27.92,90.8,2.21,4.7,5.6815
2021-09-11,3.4123,27.76,92.11,2.02,4.14,5.9678
2021-09-12,5.5954,28.68,82.4,1.33,1.81,6.2078
2021-09-13,5.3755,28.53,85.48,1.98,0.28,5.9957
2021-09-14,4.4513,27.5,88.01,4.83,0.27,5.8805
2021-09-15,2.0662,25.93,92.65,5.99,40.77,5.6573
2021-09-16,1.4971,25.84,93.91,6.36,80.09,6.0665
2021-09-17,2.8538,26.72,92.93,3.69,19.39,5.9849
2021-09-18,4.8348,27.99,87.47,1.97,0.16,6.0058
2021-09-19,5.4312,28.37,83.83,0.95,0.0,5.903
2021-09-20,5.3971,28.77,82.95,0.75,8.81,5.9057
2021-09-21,4.9234,28.02,86.45,0.68,7.21,5.67
2021-09-22,4.8346,28.19,85.14,1.07,2.31,5.9066
2021-09-23,4.451,27.1,90.08,2.14,2.17,5.4034
2021-09-24,2.9945,27.09,91.35,1.87,9.7,5.4758
2021-09-25,3.2138,27.82,86.53,0.99,2.02,5.1101
2021-09-26,4.0548,26.9,87.97,1.1,0.14,5.2349
2021-09-27,4.7105,27.22,91.24,1.4,0.1,5.7905
2021-09-28,5.5195,26.99,92.58,1.79,0.17,5.8097
2021-09-29,4.885,26.34,91.44,1.53,0.32,5.6376
2021-09-30,5.5039,27.53,86.32,1.18,0.1,5.6419
2021-10-01,4.3613,27.64,84.37,1.24,24.58,5.5651
2021-10-02,4.5838,27.47,86.95,1.47,8.43,5.0933
2021-10-03,4.7566,27.61,87.92,2.07,4.2,5.0047
2021-10-04,4.8317,28.26,84.14,1.14,24.3,5.2464
2021-10-05,4.9639,27.97,84.67,1.2,1.23,5.1593
2021-10-06,3.3665,27.24,86.0,1.25,1.21,5.3026
2021-10-07,4.9793,26.65,85.59,1.48,0.0,5.1115
2021-10-08,5.0906,24.98,86.73,1.63,0.0,5.1518
2021-10-09,5.0405,25.22,82.99,1.63,0.0,5.1533
2021-10-10,5.2246,25.89,74.74,1.29,0.0,5.2937
2021-10-11,5.1288,25.72,73.82,1.04,0.0,5.1653
2021-10-12,4.9339,26.15,74.92,1.18,0.0,4.979
2021-10-13,5.0964,25.96,73.93,1.09,0.0,5.0978
2021-10-14,5.0405,24.66,77.41,1.49,0.0,5.1058
2021-10-15,5.0902,25.19,75.57,1.31,0.0,5.1132
2021-10-16,4.5763,26.02,73.09,0.87,0.03,4.6414
2021-10-17,3.9545,26.56,87.79,1.52,17.15,4.835
2021-10-18,3.1222,25.96,93.19,3.22,24.69,4.9346
2021-10-19,2.5764,26.33,90.15,2.25,17.6,4.9289
2021-10-20,4.7522,23.39,84.49,2.14,1.13,4.8072
2021-10-21,4.7933,21.89,82.47,1.91,0.42,4.7933
2021-10-22,4.8871,21.05,81.45,1.62,0.13,4.993
2021-10-23,4.9183,23.01,77.58,1.03,0.0,4.9896
2021-10-24,4.7122,23.93,75.14,1.14,0.0,4.7388
2021-10-25,4.4258,22.39,80.83,1.75,0.0,4.4359
2021-10-26,4.6848,20.87,82.04,1.88,0.0,4.6853
2021-10-27,4.723,19.71,78.48,1.71,0.0,4.7506
2021-10-28,4.7455,19.91,79.4,1.45,0.0,4.7777
2021-10-29,4.6877,19.73,72.03,1.29,0.0,4.6882
2021-10-30,4.4849,19.29,77.3,1.75,0.0,4.4854
2021-10-31,4.5893,19.26,77.81,1.64,0.0,4.5998
2021-11-01,4.0126,20.34,71.07,0.99,0.0,4.0135
2021-11-02,4.0106,21.24,67.57,0.62,0.0,4.0121
2021-11-03,3.9214,19.77,78.75,1.33,0.0,3.9283
2021-11-04,4.1414,18.97,76.45,1.59,0.0,4.1554
2021-11-05,3.797,19.14,79.54,1.73,0.0,4.0195
2021-11-06,3.6804,18.54,79.5,1.9,0.0,3.786
2021-11-07,2.73,17.67,83.05,1.55,0.0,3.2755
2021-11-08,3.48,17.93,81.02,1.41,0.0,3.5846
2021-11-09,3.5698,17.96,77.16,1.38,0.0,3.5878
2021-11-10,3.7114,18.51,77.31,1.16,0.0,3.7661
2021-11-11,3.7303,18.82,71.96,0.93,0.0,3.815
2021-11-12,3.7195,18.06,74.1,1.33,0.0,3.8119
2021-11-13,3.69,17.23,75.34,1.51,0.0,3.7445
2021-11-14,3.5789,16.95,73.36,1.28,0.0,3.6144
2021-11-15,3.6254,16.24,71.92,1.32,0.0,3.6636
2021-11-16,3.4687,16.07,71.34,1.31,0.0,3.5184
2021-11-17,3.0295,16.27,69.72,0.9,0.0,3.3682
2021-11-18,1.9488,16.59,76.17,1.21,0.0,3.3226
2021-11-19,2.4192,16.72,76.58,1.81,0.0,3.4932
2021-11-20,1.6447,18.0,79.74,2.02,0.06,3.4841
2021-11-21,3.6355,18.46,79.16,2.47,0.0,3.6986
2021-11-22,4.0457,16.3,72.35,2.68,0.0,4.0567
2021-11-23,4.0558,14.87,68.94,1.93,0.0,4.1448
2021-11-24,3.8242,16.43,61.99,0.7,0.0,3.8911
2021-11-25,3.6492,15.93,73.53,1.08,0.0,3.6593
2021-11-26,3.5479,16.22,67.3,0.97,0.0,3.6646
2021-11-27,3.4253,17.62,62.55,0.63,0.0,3.4289
2021-11-28,3.4608,16.7,71.4,1.28,0.0,3.4615
2021-11-29,3.3408,15.72,74.68,1.48,0.0,3.4918
2021-11-30,3.0571,15.78,68.17,1.75,0.0,3.3768
2021-12-01,2.5469,15.36,74.24,1.15,0.0,3.4277
2021-12-02,2.6323,15.96,75.34,1.89,0.0,3.2645
2021-12-03,2.3066,16.33,82.3,1.26,0.09,2.9604
2021-12-04,3.2762,18.03,74.48,1.63,0.0,3.2938
2021-12-05,2.863,19.25,74.1,0.97,0.0,3.1073
2021-12-06,2.449,18.31,84.56,2.05,0.0,3.0293
2021-12-07,3.3672,16.54,73.53,2.45,0.0,3.4541
2021-12-08,3.8124,15.25,67.44,1.75,0.0,3.816
2021-12-09,2.7974,16.02,58.05,1.28,0.0,2.8548
2021-12-10,3.481,14.17,66.29,1.71,0.0,3.5172
2021-12-11,3.1714,13.94,71.39,1.64,0.0,3.343
2021-12-12,3.3115,14.28,65.54,0.79,0.0,3.4315
2021-12-13,3.095,13.93,71.04,0.79,0.0,3.101
2021-12-14,2.6604,14.28,76.53,1.38,0.0,2.6616
2021-12-15,2.3808,14.58,73.15,2.17,0.0,2.4566
2021-12-16,2.3465,14.87,72.36,1.64,0.0,2.4636
2021-12-17,1.8862,14.46,68.95,2.59,0.0,2.0537
2021-12-18,3.426,10.16,66.36,2.51,0.0,3.547
2021-12-19,3.4567,9.27,68.7,2.04,0.0,3.5026
2021-12-20,3.4224,8.97,64.01,1.75,0.0,3.7339
2021-12-21,3.2746,10.32,61.87,1.45,0.0,3.3043
2021-12-22,3.654,11.65,58.47,1.31,0.0,3.6684
2021-12-23,3.2422,13.68,51.44,1.09,0.0,3.265
2021-12-24,3.1625,15.21,54.38,0.76,0.0,3.1949
2021-12-25,3.0206,15.54,61.8,0.94,0.0,3.0211
2021-12-26,2.1876,15.2,62.56,1.1,0.0,2.8858
2021-12-27,2.6333,15.44,61.41,0.8,0.0,2.6822
2021-12-28,0.7565,13.62,75.83,1.05,4.02,2.2354
2021-12-29,1.487,12.29,94.07,1.66,9.16,2.9849
2021-12-30,2.3225,13.0,85.17,1.42,1.02,3.4517
2021-12-31,1.7006,12.69,76.84,1.43,0.0,3.1411
2022-01-01,2.8361,12.02,65.37,1.53,0.0,3.1284
2022-01-02,3.0506,11.51,64.76,1.49,0.0,3.2906
2022-01-03,3.2412,10.33,69.29,1.5,0.0,3.271
2022-01-04,3.3259,12.58,65.0,1.45,0.0,3.3408
2022-01-05,1.9075,14.88,61.81,0.92,0.22,3.4027
2022-01-06,0.6298,14.62,86.2,1.57,8.82,2.8543
2022-01-07,1.3063,14.24,92.0,0.75,1.07,2.7281
2022-01-08,1.1851,14.84,94.39,1.13,3.88,2.3918
2022-01-09,1.6414,16.03,91.07,1.45,2.25,3.0288
2022-01-10,1.9387,15.89,85.92,1.47,0.18,3.0989
2022-01-11,2.3078,13.21,78.82,1.76,0.0,3.108
2022-01-12,3.2909,11.69,72.99,1.8,0.07,3.4366
2022-01-13,3.2885,10.73,73.24,1.62,1.02,3.5818
2022-01-14,2.9153,10.18,72.78,1.51,0.44,3.1284
2022-01-15,1.6771,10.39,80.36,1.85,0.0,2.8433
2022-01-16,1.8504,10.19,80.11,1.81,0.0,3.1186
2022-01-17,1.7066,10.82,72.49,1.41,0.0,3.5746
2022-01-18,1.6805,11.16,71.28,1.76,0.0,4.0315
2022-01-19,2.3088,11.12,77.69,1.62,0.0,4.0272
2022-01-20,2.8078,12.88,72.69,1.17,0.0,3.8621
2022-01-21,3.0535,15.02,68.71,0.7,0.05,3.227
2022-01-22,1.3046,12.06,83.47,2.24,2.09,3.72
2022-01-23,1.0344,12.94,91.9,1.96,6.1,3.6802
2022-01-24,2.2853,13.83,80.22,1.24,2.19,3.3586
2022-01-25,3.9629,12.02,74.94,1.77,0.43,4.1225
2022-01-26,2.7468,10.74,75.05,1.9,0.01,4.0673
2022-01-27,2.6854,11.52,77.75,2.49,0.1,3.7368
2022-01-28,4.7436,11.07,68.5,2.79,0.0,4.7606
2022-01-29,4.6039,11.1,63.42,2.01,0.0,4.6135
2022-01-30,4.4899,13.8,58.24,2.05,0.0,4.6344
2022-01-31,3.2573,14.74,60.33,1.47,0.0,4.6039
2022-02-01,3.9034,14.42,67.29,2.32,0.0,4.5446
2022-02-02,3.2556,14.48,55.98,1.53,0.0,4.2806
2022-02-03,3.2347,14.76,65.31,4.02,8.78,3.6346
2022-02-04,2.64,13.34,82.27,1.87,8.91,3.7714
2022-02-05,3.4116,11.89,75.38,2.18,4.07,4.5382
2022-02-06,4.0675,12.6,68.07,1.75,0.2,4.7362
2022-02-07,4.7758,14.3,55.16,1.45,0.0,4.8305
2022-02-08,4.5938,16.33,54.44,1.31,1.76,4.614
2022-02-09,3.1711,15.1,75.25,1.69,39.19,3.8297
2022-02-10,4.7304,14.52,81.25,2.7,0.25,4.7472
2022-02-11,5.0244,12.8,72.04,2.95,0.01,5.1125
2022-02-12,5.3102,13.13,69.64,2.49,0.0,5.3311
2022-02-13,4.9723,14.71,59.65,1.4,0.0,5.0376
2022-02-14,5.1355,14.88,68.11,1.38,0.0,5.1437
2022-02-15,4.7621,15.42,68.9,1.68,0.0,4.7789
2022-02-16,4.771,16.07,66.79,1.94,0.0,4.8485
2022-02-17,5.196,15.8,65.61,2.03,0.0,5.196
2022-02-18,5.2586,16.31,62.24,2.09,0.0,5.2591
2022-02-19,4.92,16.75,63.87,2.4,0.0,4.9402
2022-02-20,5.023,16.03,63.22,2.93,0.0,5.1509
2022-02-21,5.4859,16.37,56.67,2.06,0.0,5.4878
2022-02-22,5.3263,17.53,53.97,1.76,0.0,5.3578
2022-02-23,4.9562,17.77,59.12,2.88,0.0,5.1202
2022-02-24,4.1318,19.28,61.64,2.03,0.0,4.5883
2022-02-25,4.6478,19.93,59.21,1.63,0.0,4.6517
2022-02-26,4.8067,19.06,56.82,1.75,0.0,4.9265
2022-02-27,4.7736,19.94,57.06,1.68,0.0,4.7774
2022-02-28,5.3513,17.63,58.26,2.15,0.0,5.4593
2022-03-01,5.6587,17.93,54.99,1.59,0.0,5.6746
2022-03-02,5.6604,18.95,51.48,1.72,0.0,5.6791
2022-03-03,5.5541,19.78,51.49,1.64,0.0,5.5603
2022-03-04,5.4509,21.45,51.75,2.18,0.0,5.4602
2022-03-05,5.8378,20.22,57.31,2.8,0.0,5.857
2022-03-06,6.043,20.78,48.49,1.45,0.0,6.0559
2022-03-07,5.0731,21.06,51.02,1.16,0.0,5.7434
2022-03-08,5.3611,21.2,51.19,1.98,0.0,5.7202
2022-03-09,5.5975,22.31,49.09,2.24,0.0,5.6448
2022-03-10,4.2194,22.68,48.83,2.42,0.0,5.5865
2022-03-11,5.8735,22.79,48.4,2.34,0.0,5.9018
2022-03-12,6.119,22.34,46.68,2.3,0.0,6.1368
2022-03-13,6.2431,23.8,44.51,1.84,0.0,6.253
2022-03-14,6.0384,26.07,43.84,1.38,0.0,6.0432
2022-03-15,5.7818,27.46,43.99,1.1,0.0,5.8099
2022-03-16,5.8992,28.25,44.19,1.55,0.0,5.9059
2022-03-17,5.2246,28.39,43.83,1.54,0.0,5.2788
2022-03-18,5.1288,29.22,41.55,1.23,0.0,5.155
2022-03-19,4.8398,29.49,44.9,1.31,0.0,4.8458
2022-03-20,5.6232,29.54,40.82,1.51,0.0,5.6254
2022-03-21,6.1675,29.13,37.37,1.6,0.0,6.1836
2022-03-22,6.3262,27.61,35.02,2.53,0.0,6.3264
2022-03-23,6.3086,26.59,37.0,1.93,0.0,6.3197
2022-03-24,5.5174,28.56,34.3,1.92,0.0,5.5807
2022-03-25,5.9786,28.26,33.31,2.5,0.0,5.989
2022-03-26,6.7198,27.09,29.6,3.63,0.0,6.7205
2022-03-27,6.738,27.4,27.44,2.48,0.0,6.7913
2022-03-28,6.6322,28.73,26.19,1.76,0.0,6.6487
2022-03-29,6.7274,29.24,26.25,1.7,0.0,6.7354
2022-03-30,6.5695,30.66,25.38,1.31,0.0,6.5818
2022-03-31,6.4766,31.24,26.81,1.38,0.0,6.4994
2022-04-01,6.5338,31.28,27.88,1.24,0.0,6.6571
2022-04-02,7.1532,30.15,25.44,1.39,0.0,7.2262
2022-04-03,6.9878,30.61,23.99,1.62,0.0,7.0735
2022-04-04,7.2082,30.88,21.09,2.31,0.06,7.2862
2022-04-05,7.0279,29.72,22.31,2.29,0.0,7.0867
2022-04-06,7.0728,30.13,22.16,2.51,0.0,7.099
2022-04-07,6.9511,31.44,20.49,1.92,0.0,7.1021
2022-04-08,7.0234,32.76,19.29,1.39,0.0,7.0754
2022-04-09,7.1846,33.14,19.64,1.58,0.0,7.1858
2022-04-10,6.733,32.92,21.28,1.36,0.0,6.9266
2022-04-11,6.7637,33.54,19.64,1.64,0.0,7.0368
2022-04-12,5.8214,33.58,20.0,1.66,0.0,6.5818
2022-04-13,5.563,33.67,22.28,1.88,0.0,6.0742
2022-04-14,6.8011,33.15,21.38,2.0,0.0,7.0505
2022-04-15,6.5707,32.45,21.17,2.28,0.43,6.9074
2022-04-16,6.6866,33.21,18.23,2.25,0.0,7.0462
2022-04-17,7.2072,33.55,15.54,2.07,0.0,7.3771
2022-04-18,7.0178,34.95,13.81,1.67,0.0,7.2173
2022-04-19,6.6696,35.7,14.04,1.78,0.0,6.9286
2022-04-20,6.9722,35.56,15.75,2.37,0.0,7.1011
2022-04-21,6.5242,32.49,30.02,2.65,0.0,6.642
2022-04-22,6.6269,33.86,23.06,2.55,0.0,6.7529
2022-04-23,7.027,33.79,16.95,3.03,0.0,7.1707
2022-04-24,7.0241,33.41,13.05,3.64,0.0,7.236
2022-04-25,7.1784,34.11,13.71,3.47,0.0,7.2444
2022-04-26,6.715,35.0,15.8,3.02,0.0,7.1179
2022-04-27,7.1472,35.25,12.3,2.76,0.0,7.4014
2022-04-28,7.14,36.81,10.65,1.66,0.0,7.2761
2022-04-29,6.8724,36.27,11.46,2.02,0.0,7.1561
2022-04-30,6.7774,36.13,14.18,1.6,0.0,7.2094
2022-05-01,6.5285,34.96,27.7,2.58,0.09,6.767
2022-05-02,5.6287,34.35,26.84,2.5,0.0,6.3818
2022-05-03,6.4488,34.26,39.04,2.97,0.0,6.6854
2022-05-04,6.2736,34.79,34.11,1.83,0.96,6.545
2022-05-05,6.5678,32.56,44.21,1.08,16.85,6.7714
2022-05-06,6.5333,32.54,40.26,1.5,0.42,6.6806
2022-05-07,6.3605,32.88,39.06,1.78,0.09,6.5719
2022-05-08,6.8998,32.03,44.82,1.9,8.31,6.9278
2022-05-09,6.3271,32.82,44.74,2.31,0.33,6.6737
2022-05-10,6.4457,33.34,40.64,2.44,0.0,6.7003
2022-05-11,5.8949,33.87,42.69,1.7,1.42,6.2765
2022-05-12,6.1954,34.81,40.07,1.39,0.38,6.4366
2022-05-13,6.4601,35.93,35.26,2.09,1.48,6.9586
2022-05-14,7.3718,35.9,28.52,1.91,0.38,7.6778
2022-05-15,7.2881,34.73,27.74,1.83,0.0,7.5718
2022-05-16,5.5157,35.87,24.55,2.08,0.0,6.6931
2022-05-17,7.289,35.84,25.19,1.96,0.0,7.5499
2022-05-18,6.3166,35.01,23.54,1.85,0.04,7.0361
2022-05-19,6.8969,36.7,21.24,1.96,0.0,7.1285
2022-05-20,6.5496,37.76,18.42,1.44,0.0,6.9667
2022-05-21,5.0441,36.53,22.36,2.76,1.93,6.8225
2022-05-22,6.0062,34.15,33.09,2.74,5.59,6.7855
2022-05-23,3.8695,33.11,29.8,2.52,0.18,6.7819
2022-05-24,5.323,28.88,48.74,1.9,14.08,6.623
2022-05-25,6.013,31.63,41.57,1.71,0.08,6.8186
2022-05-26,6.7954,32.91,39.87,1.35,0.27,7.014
2022-05-27,6.5659,34.34,35.02,2.15,0.0,6.9286
2022-05-28,6.4488,34.64,40.13,2.03,1.17,6.9115
2022-05-29,5.8291,35.22,36.53,1.94,0.92,6.6113
2022-05-30,6.1728,35.59,29.87,1.47,0.0,6.631
2022-05-31,6.2642,36.02,23.58,1.33,0.0,6.9204
2022-06-01,6.5155,36.65,21.57,1.46,0.0,6.876
2022-06-02,6.6857,36.04,24.6,1.29,5.73,7.2218
2022-06-03,5.9064,36.67,23.58,1.79,0.12,7.1383
2022-06-04,7.1112,37.0,18.17,2.32,0.0,7.5012
2022-06-05,6.6574,36.97,17.25,1.57,0.0,7.5794
2022-06-06,7.0555,38.2,19.55,1.64,0.0,7.464
2022-06-07,6.8122,37.86,24.78,1.9,0.0,7.2917
2022-06-08,6.4452,37.88,22.21,2.67,0.0,6.8599
2022-06-09,6.9586,38.8,19.44,1.92,0.69,7.5353
2022-06-10,6.6358,39.07,20.3,2.05,0.0,7.093
2022-06-11,6.5491,39.24,18.88,1.97,0.0,7.0286
2022-06-12,6.9413,38.56,22.27,2.17,0.22,7.2792
2022-06-13,6.6902,38.43,21.95,2.04,0.67,7.1407
2022-06-14,6.5448,39.57,25.41,3.88,0.0,6.8542
2022-06-15,6.2155,40.06,28.72,3.53,0.08,6.8611
2022-06-16,3.8885,38.25,34.95,4.6,0.63,6.941
2022-06-17,6.1824,37.09,38.46,3.5,0.75,6.839
2022-06-18,4.8322,35.7,38.75,3.06,0.68,6.575
2022-06-19,6.109,33.53,43.03,3.15,0.74,7.0486
2022-06-20,6.2666,34.33,41.57,1.93,1.48,7.1935
2022-06-21,5.2313,33.74,44.17,1.1,11.04,7.1302
2022-06-22,6.6792,33.86,48.29,1.5,3.37,6.9151
2022-06-23,5.7382,35.04,43.35,1.6,1.27,6.4114
2022-06-24,6.4147,35.18,41.95,2.06,1.91,6.4788
2022-06-25,5.6354,35.41,44.77,2.96,0.9,6.1999
2022-06-26,5.9306,33.9,51.71,4.8,0.37,6.5474
2022-06-27,4.9594,33.14,53.62,3.52,0.09,6.3242
2022-06-28,3.8275,35.05,49.29,1.71,2.81,6.6713
2022-06-29,2.4929,32.57,66.05,3.19,19.82,5.6851
2022-06-30,1.3049,28.22,83.02,3.14,18.14,4.5509
2022-07-01,5.489,32.09,61.09,1.35,1.46,6.6283
2022-07-02,3.4015,32.98,58.12,1.14,8.23,6.9948
2022-07-03,5.549,32.21,63.5,1.89,0.67,7.0819
2022-07-04,6.138,34.27,53.64,2.75,1.18,7.0042
2022-07-05,6.0967,34.0,56.38,3.27,0.09,6.9024
2022-07-06,6.3072,34.81,51.78,4.42,0.01,7.1354
2022-07-07,6.6662,34.33,52.59,3.93,0.0,7.1899
2022-07-08,6.103,35.27,49.87,2.7,1.33,7.2252
2022-07-09,5.1022,32.88,56.98,4.03,1.2,7.2607
2022-07-10,7.0582,34.37,51.45,3.15,0.88,7.3565
2022-07-11,5.857,35.22,45.92,3.42,0.01,7.1578
2022-07-12,6.4438,34.07,53.17,3.03,0.0,7.0481
2022-07-13,6.4272,35.13,47.89,3.75,0.0,6.9278
2022-07-14,6.2918,34.15,52.16,5.03,0.09,7.1374
2022-07-15,6.5453,33.11,54.47,5.1,0.21,7.3193
2022-07-16,5.6028,34.24,52.53,4.14,2.3,7.067
2022-07-17,5.977,35.39,48.95,4.38,1.12,6.9751
2022-07-18,6.2839,35.0,49.48,3.99,0.0,6.8566
2022-07-19,5.2939,35.74,45.34,2.69,0.01,6.9674
2022-07-20,2.2037,33.49,60.45,2.67,12.83,6.0761
2022-07-21,2.827,30.59,77.33,1.16,49.62,5.9976
2022-07-22,3.4294,29.69,78.74,2.65,11.34,6.341
2022-07-23,4.9622,30.37,73.57,3.89,3.25,6.8842
2022-07-24,5.7185,30.77,70.1,4.47,1.54,6.9454
2022-07-25,4.0452,29.78,75.23,4.58,10.91,6.6538
2022-07-26,3.973,29.91,75.33,2.8,9.8,6.5004
2022-07-27,4.2223,29.87,75.48,2.37,9.15,6.9506
2022-07-28,2.6021,29.42,76.17,1.05,4.16,6.8162
2022-07-29,4.6219,30.13,75.54,1.67,6.69,6.8654
2022-07-30,3.235,30.27,77.69,1.6,12.19,6.5575
2022-07-31,4.8487,29.09,83.24,2.23,15.72,6.5782
2022-08-01,5.3378,29.52,79.67,2.85,26.2,6.7291
2022-08-02,4.0704,29.71,79.76,2.02,1.88,6.3816
2022-08-03,3.9022,29.53,80.66,1.82,9.6,6.7001
2022-08-04,4.2062,29.45,80.47,2.3,7.03,6.1346
2022-08-05,4.7352,29.94,79.22,1.98,5.03,6.1826
2022-08-06,4.3534,29.69,80.82,1.55,7.11,6.3353
2022-08-07,3.1464,28.87,83.71,1.79,17.53,6.5784
2022-08-08,6.12,30.23,78.6,2.07,1.28,6.8047
2022-08-09,6.3413,30.27,78.37,3.19,0.48,6.9036
2022-08-10,4.8514,30.1,76.45,4.7,0.33,6.5412
2022-08-11,4.656,29.78,75.3,5.34,0.17,6.5225
2022-08-12,3.8818,29.52,76.7,4.26,0.27,6.9686
2022-08-13,4.3589,30.26,76.32,2.35,2.62,6.654
2022-08-14,3.4946,28.48,83.85,2.23,8.67,6.6403
2022-08-15,3.2278,29.08,76.24,6.33,3.55,6.3806
2022-08-16,4.6505,29.09,77.74,4.31,0.73,6.8395
2022-08-17,6.5158,29.78,73.13,2.1,0.0,7.049
2022-08-18,5.8915,30.13,73.71,3.01,0.0,6.5846
2022-08-19,5.0851,30.45,74.9,2.06,5.67,6.4042
2022-08-20,4.745,30.49,75.35,1.39,9.8,6.4723
2022-08-21,3.3403,30.09,72.07,4.38,0.38,6.3576
2022-08-22,4.4064,29.84,73.96,4.51,2.2,6.6298
2022-08-23,6.1896,30.07,72.73,2.59,3.44,6.6838
2022-08-24,3.8652,29.21,78.83,1.43,17.15,6.5851
2022-08-25,4.0776,29.9,76.66,1.42,5.71,6.5556
2022-08-26,4.4474,30.42,73.3,1.7,0.43,6.0672
2022-08-27,5.3196,30.5,73.1,2.91,4.03,5.7362
2022-08-28,3.4284,30.21,72.21,2.25,2.75,5.8466
2022-08-29,4.1976,29.46,76.05,1.07,8.15,6.1596
2022-08-30,3.9502,29.64,75.14,1.6,5.44,5.9419
2022-08-31,4.9219,29.34,79.17,2.1,10.55,6.005
2022-09-01,3.7459,28.99,84.76,1.86,11.45,5.813
2022-09-02,4.7218,28.98,81.18,1.52,5.47,5.9935
2022-09-03,5.5044,29.86,74.35,2.95,0.25,5.989
2022-09-04,5.7398,30.26,75.12,2.4,4.69,6.0235
2022-09-05,5.9018,30.37,71.18,1.76,1.8,6.1094
2022-09-06,5.7943,30.42,69.81,1.59,2.55,6.0905
2022-09-07,5.1559,30.31,68.82,0.99,0.73,5.719
2022-09-08,4.77,29.52,75.16,1.44,5.67,5.3162
2022-09-09,5.2603,28.12,81.92,1.87,0.14,5.7257
2022-09-10,5.4718,29.02,77.27,2.41,0.16,6.0113
2022-09-11,5.7605,29.14,75.74,2.25,0.38,6.2316
2022-09-12,4.1546,29.36,74.33,4.1,0.7,6.0866
2022-09-13,2.5505,28.26,78.91,5.42,4.75,5.6599
2022-09-14,2.033,27.13,86.17,4.85,35.45,6.0031
2022-09-15,2.4648,26.33,91.76,3.66,95.79,5.7715
2022-09-16,2.971,26.57,94.87,2.97,49.78,5.8586
2022-09-17,3.7025,27.46,86.17,1.37,8.12,5.3736
2022-09-18,4.4436,27.88,80.96,0.53,3.57,5.3014
2022-09-19,4.5041,27.91,83.62,1.24,0.69,5.5018
2022-09-20,4.5874,27.37,88.28,1.19,8.23,5.471
2022-09-21,1.4791,27.19,91.32,2.56,4.02,5.838
2022-09-22,3.3454,27.66,89.74,2.67,2.46,5.5831
2022-09-23,3.6775,27.59,87.48,2.22,10.72,5.2814
2022-09-24,3.1272,26.28,89.19,2.55,8.83,5.6081
2022-09-25,3.1553,25.98,90.67,1.51,9.98,5.4979
2022-09-26,3.8942,27.37,84.96,0.85,3.61,5.2908
2022-09-27,5.3314,27.09,83.14,1.53,0.63,5.4706
2022-09-28,5.1962,27.09,82.19,1.29,0.01,5.4449
2022-09-29,5.1478,27.4,78.75,1.09,0.0,5.4638
2022-09-30,5.3244,27.22,76.5,0.86,0.0,5.4122
2022-10-01,5.1264,27.21,75.1,1.07,0.0,5.281
2022-10-02,4.7242,26.97,78.86,1.5,0.0,4.8713
2022-10-03,4.56,27.7,78.63,1.17,0.0,4.6697
2022-10-04,3.6108,27.45,83.6,1.99,2.84,4.7604
2022-10-05,1.4899,25.79,92.37,2.76,78.42,5.1211
2022-10-06,1.7964,25.36,94.1,3.27,49.21,5.2733
2022-10-07,1.8262,25.67,90.66,2.41,10.12,5.2663
2022-10-08,3.4915,25.55,90.19,1.57,8.2,5.4012
2022-10-09,3.7747,25.69,90.51,1.7,32.49,5.1437
2022-10-10,1.8362,24.55,95.64,2.69,47.73,5.0009
2022-10-11,2.4746,25.08,90.36,1.64,7.97,5.281
2022-10-12,4.608,24.74,85.8,0.95,0.8,5.3321
2022-10-13,5.3052,24.17,84.01,1.16,0.0,5.4444
2022-10-14,5.251,23.35,80.81,1.24,0.0,5.3122
2022-10-15,5.041,23.49,79.72,1.22,0.0,5.2325
2022-10-16,4.8324,23.57,78.89,0.86,0.0,4.9082
2022-10-17,5.076,23.02,83.43,1.45,0.0,5.0849
2022-10-18,4.6219,22.94,82.93,1.48,0.0,4.6298
2022-10-19,4.7633,22.79,81.61,1.43,0.0,4.7676
2022-10-20,4.9344,23.48,77.57,0.98,0.0,4.9404
2022-10-21,4.9063,22.83,79.41,1.3,0.0,4.9123
2022-10-22,4.7122,23.89,73.6,0.8,0.0,4.8329
2022-10-23,4.8252,23.35,72.82,0.79,0.0,4.8605
2022-10-24,5.1118,21.92,78.21,1.78,0.0,5.1202
2022-10-25,4.9234,20.78,79.76,1.94,0.0,4.9284
2022-10-26,4.8098,21.4,71.1,0.99,0.0,4.8127
2022-10-27,4.6942,21.41,72.3,1.05,0.0,4.6985
2022-10-28,4.3675,22.07,73.43,0.76,0.0,4.3735
2022-10-29,4.3138,22.1,75.13,0.82,0.0,4.3274
2022-10-30,4.0745,22.33,74.54,0.86,0.0,4.0817
2022-10-31,4.2732,21.54,75.17,1.22,0.0,4.2773
2022-11-01,4.4376,20.74,79.12,1.23,0.0,4.4419
2022-11-02,4.2192,20.55,82.89,1.6,0.0,4.2264
2022-11-03,3.9602,21.65,84.32,1.25,0.0,4.0766
2022-11-04,3.5503,21.32,82.91,1.05,0.0,3.5606
2022-11-05,3.3814,20.97,87.57,1.38,0.0,3.3888
2022-11-06,3.6948,21.3,78.29,0.82,0.0,3.751
2022-11-07,3.9247,20.95,79.37,0.97,0.0,4.0073
2022-11-08,3.6048,20.72,82.33,1.02,0.0,3.6319
2022-11-09,3.1603,21.4,81.59,1.02,0.0,3.2947
2022-11-10,3.2532,21.56,83.83,1.19,0.0,3.3158
2022-11-11,3.3682,19.71,83.17,1.69,0.0,3.3691
2022-11-12,3.8549,18.0,80.93,2.08,0.0,3.8904
2022-11-13,4.247,18.11,74.18,1.72,0.0,4.3994
2022-11-14,3.7934,19.42,68.56,1.04,0.0,3.8609
2022-11-15,3.978,18.72,77.83,1.57,0.0,3.9802
2022-11-16,3.912,18.93,82.05,1.87,0.0,3.9192
2022-11-17,4.201,17.25,76.03,2.08,0.0,4.2022
2022-11-18,3.9996,16.75,71.66,1.21,0.0,4.0022
2022-11-19,3.6043,17.3,70.32,0.92,0.0,3.6106
2022-11-20,3.4078,17.78,75.52,1.19,0.0,3.415
2022-11-21,3.7526,17.19,76.99,1.72,0.0,3.7567
2022-11-22,4.1328,16.63,75.92,1.78,0.0,4.1426
2022-11-23,4.087,15.42,73.32,2.02,0.0,4.1695
2022-11-24,4.1947,15.2,71.05,1.89,0.0,4.3008
2022-11-25,3.7558,15.66,68.61,1.55,0.0,3.8352
2022-11-26,3.587,15.63,71.32,1.38,0.0,3.6876
2022-11-27,3.2755,17.0,67.03,0.77,0.0,3.4349
2022-11-28,3.215,17.3,71.36,0.88,0.0,3.241
2022-11-29,2.9741,17.04,73.57,1.06,0.0,3.0038
2022-11-30,2.5022,16.38,70.22,1.18,0.0,2.7929
2022-12-01,2.8757,15.39,73.13,1.52,0.0,2.8829
2022-12-02,2.9825,15.76,74.55,1.17,0.0,2.9858
2022-12-03,2.8378,15.74,78.34,1.23,0.0,2.8829
2022-12-04,2.9126,15.32,79.64,1.61,0.0,2.9239
2022-12-05,2.6794,14.94,76.38,1.38,0.0,2.7972
2022-12-06,3.1063,14.11,76.83,1.97,0.0,3.1279
2022-12-07,3.8818,13.6,74.83,1.91,0.0,3.9034
2022-12-08,3.6701,13.74,73.59,1.32,0.0,3.7507
2022-12-09,3.4246,15.14,67.62,0.95,0.0,3.4762
2022-12-10,3.0211,15.67,72.71,1.29,0.0,3.1147
2022-12-11,3.4291,15.62,76.98,1.89,0.0,3.4584
2022-12-12,3.9348,15.79,71.73,1.82,0.0,3.9386
2022-12-13,4.0262,15.28,70.51,2.22,0.15,4.045
2022-12-14,4.1366,14.17,71.99,2.14,0.0,4.1429
2022-12-15,4.1162,12.71,69.37,2.26,0.0,4.1215
2022-12-16,3.883,13.1,65.98,1.69,0.0,3.9446
2022-12-17,3.5782,13.84,64.04,1.19,0.0,3.6271
2022-12-18,3.1015,14.16,65.66,1.27,0.0,3.1373
2022-12-19,2.261,13.68,72.06,1.05,0.0,2.7941
2022-12-20,1.9949,13.58,76.09,1.6,0.0,2.9798
2022-12-21,3.468,14.24,65.66,1.26,0.0,3.4906
2022-12-22,3.5508,14.49,66.61,1.63,0.0,3.5758
2022-12-23,3.3046,17.38,57.81,0.89,0.03,3.3478
2022-12-24,2.5894,16.18,83.21,1.24,0.15,2.597
2022-12-25,2.7329,14.51,75.67,1.46,0.0,2.747
2022-12-26,2.286,12.43,65.42,1.45,0.0,2.6592
2022-12-27,2.7281,12.04,69.4,2.58,0.0,3.4502
2022-12-28,3.9175,11.77,65.92,2.61,0.0,3.929
2022-12-29,3.437,12.16,62.87,1.2,0.0,3.6482
2022-12-30,3.366,14.13,64.8,0.83,0.0,3.6384
2022-12-31,1.6918,14.06,72.05,1.58,0.0,3.0914
2023-01-01,0.701,13.82,69.86,0.94,0.0,2.3803
2023-01-02,1.1798,12.83,67.22,1.14,0.0,2.5025
2023-01-03,0.6257,11.46,63.72,1.13,0.0,2.6122
2023-01-04,1.1755,10.59,71.01,1.32,0.0,3.1488
2023-01-05,2.801,10.4,67.64,1.61,0.0,3.3902
2023-01-06,1.8989,9.47,70.34,1.7,0.0,3.6098
2023-01-07,1.9094,9.21,65.36,1.89,0.0,3.6442
2023-01-08,1.9774,10.58,60.53,1.49,0.0,3.3588
2023-01-09,1.6478,11.98,60.54,1.39,0.0,3.5208
2023-01-10,2.4466,13.21,60.58,1.81,0.0,3.6782
2023-01-11,1.9457,13.82,60.75,1.42,0.0,3.7997
2023-01-12,2.723,15.12,64.45,0.95,0.0,3.3427
2023-01-13,2.7888,16.51,66.56,1.23,0.06,3.5292
2023-01-14,2.7818,16.42,69.77,1.87,0.0,3.3065
2023-01-15,3.7296,11.19,54.29,2.4,0.0,3.9026
2023-01-16,4.2535,9.44,52.06,1.79,0.0,4.3044
2023-01-17,3.7771,10.12,55.48,1.69,0.0,3.8057
2023-01-18,3.4872,10.63,50.34,1.61,0.0,3.6317
2023-01-19,3.5225,11.96,46.62,1.21,0.0,3.5822
2023-01-20,2.5937,14.08,41.5,1.19,0.0,2.8109
2023-01-21,2.7434,16.25,51.21,1.15,0.03,2.7475
2023-01-22,1.7076,17.17,53.99,0.93,1.3,2.5044
2023-01-23,1.8233,18.62,63.33,1.0,0.15,2.9839
2023-01-24,3.3192,18.86,72.49,1.39,0.38,3.353
2023-01-25,1.2091,15.85,86.04,1.26,1.86,3.1202
2023-01-26,2.8589,17.99,81.45,1.69,4.09,3.2844
2023-01-27,2.2733,16.23,66.78,2.84,0.0,3.1212
2023-01-28,4.6699,14.29,55.42,2.17,0.0,4.6742
2023-01-29,4.3171,16.51,39.95,1.03,0.0,4.3793
2023-01-30,3.2753,17.57,48.77,1.11,0.0,3.4786
2023-01-31,3.1058,16.78,65.37,3.16,0.05,3.9161
2023-02-01,3.425,15.29,64.87,3.38,0.0,5.0273
2023-02-02,5.0078,14.31,56.53,2.14,0.0,5.022
2023-02-03,4.7719,15.27,55.97,1.9,0.0,4.825
2023-02-04,4.9298,16.27,52.93,2.47,0.0,4.9298
2023-02-05,4.9459,16.97,55.57,1.98,0.0,4.9459
2023-02-06,4.9258,18.01,52.11,1.79,0.0,4.9277
2023-02-07,4.9805,18.74,53.73,2.14,0.0,4.9838
2023-02-08,5.269,16.99,49.85,2.51,0.0,5.2723
2023-02-09,5.1905,17.93,39.72,1.38,0.0,5.1922
2023-02-10,5.1535,20.42,36.84,1.48,0.0,5.1552
2023-02-11,5.1624,19.93,48.12,1.71,0.0,5.1701
2023-02-12,5.4019,17.96,38.82,4.0,0.0,5.4024
2023-02-13,5.735,15.28,36.9,3.78,0.0,5.736
2023-02-14,5.3122,15.22,41.88,1.61,0.0,5.3155
2023-02-15,5.1408,18.12,41.53,0.79,0.0,5.1418
2023-02-16,4.8713,19.33,45.27,1.15,0.0,4.883
2023-02-17,3.6653,20.76,44.01,1.14,0.0,4.4244
2023-02-18,4.5521,21.37,44.74,0.98,0.0,4.5636
2023-02-19,4.5242,21.51,47.96,1.21,0.0,4.661
2023-02-20,5.1739,21.98,42.87,1.68,0.0,5.1941
2023-02-21,5.5682,23.05,36.71,1.4,0.0,5.5812
2023-02-22,5.3496,22.55,38.0,1.63,0.0,5.4358
2023-02-23,5.4098,21.08,38.12,2.43,0.0,5.4166
2023-02-24,4.3889,19.87,38.32,2.07,0.0,5.4677
2023-02-25,5.4859,21.12,35.8,1.2,0.0,5.4938
2023-02-26,5.4766,23.12,32.62,0.83,0.0,5.4878
2023-02-27,5.0767,23.3,35.78,1.44,0.0,5.2414
2023-02-28,5.383,23.37,39.03,1.79,0.0,5.3966
2023-03-01,5.237,23.14,39.42,1.61,0.0,5.2433
2023-03-02,5.4341,23.79,39.8,2.25,0.0,5.4389
2023-03-03,5.6777,24.89,38.51,3.45,0.0,5.6842
2023-03-04,5.7012,24.79,39.37,2.87,0.0,5.7151
2023-03-05,5.2651,24.4,40.88,2.53,0.0,5.3743
2023-03-06,5.7929,23.83,39.39,2.48,0.0,5.8529
2023-03-07,4.5528,24.24,37.1,1.96,0.0,5.4557
2023-03-08,5.1444,23.87,39.76,1.09,0.0,5.3196
2023-03-09,4.8074,23.78,40.12,1.46,0.0,5.6165
2023-03-10,5.5644,23.89,44.47,1.5,0.0,5.586
2023-03-11,5.3902,24.61,40.38,1.3,0.0,5.3954
2023-03-12,5.5642,25.34,36.74,1.09,0.0,5.5709
2023-03-13,4.2874,26.36,34.67,0.91,0.0,5.3477
2023-03-14,5.3304,26.29,36.33,1.56,0.0,5.5788
2023-03-15,5.6657,26.21,34.05,1.32,0.0,5.7739
2023-03-16,3.4274,25.32,37.78,1.52,0.08,5.0131
2023-03-17,3.433,24.64,43.14,1.64,0.64,4.3166
2023-03-18,2.1982,24.62,48.05,1.35,1.2,3.8246
2023-03-19,2.9242,23.65,58.59,0.93,6.28,4.7575
2023-03-20,3.4608,21.09,73.66,1.38,3.89,5.0659
2023-03-21,4.5893,21.38,70.51,1.56,10.82,5.6378
2023-03-22,6.3329,22.67,54.62,1.9,0.12,6.3468
2023-03-23,5.8706,24.2,46.8,2.41,0.0,5.9381
2023-03-24,5.3328,26.29,42.9,1.32,0.3,5.7168
2023-03-25,5.717,25.99,48.84,1.74,1.77,5.9856
2023-03-26,6.1975,26.21,41.24,2.39,0.0,6.2292
2023-03-27,5.5349,25.5,41.82,2.54,0.04,6.1147
2023-03-28,6.6355,25.94,36.88,2.13,0.0,6.6588
2023-03-29,5.6966,27.42,32.99,1.44,0.0,6.379
2023-03-30,5.213,27.56,35.4,1.72,2.66,6.0953
2023-03-31,5.5577,25.04,55.86,3.21,6.59,6.1524
2023-04-01,6.3103,24.24,61.24,1.88,13.61,6.5705
2023-04-02,6.6281,25.59,45.49,2.29,0.0,6.8844
2023-04-03,6.7445,27.05,42.83,2.63,0.0,6.8095
2023-04-04,5.5675,28.18,38.83,2.1,0.0,6.7476
2023-04-05,7.248,26.67,36.18,3.14,0.0,7.2482
2023-04-06,7.0615,26.93,31.11,2.87,0.0,7.1196
2023-04-07,7.0774,27.05,32.16,2.77,0.0,7.2058
2023-04-08,6.0814,26.98,30.26,1.88,0.0,6.7106
2023-04-09,6.8546,27.65,29.29,1.87,0.0,6.8854
2023-04-10,7.4506,27.95,25.43,2.36,0.0,7.4539
2023-04-11,7.4614,27.15,27.39,2.35,0.0,7.4626
2023-04-12,6.9734,29.32,30.9,3.35,0.0,7.1026
2023-04-13,6.8734,30.72,31.4,2.72,0.0,7.0478
2023-04-14,5.0234,31.0,30.28,2.11,0.0,6.8323
2023-04-15,5.1461,31.54,27.11,1.08,0.0,6.7421
2023-04-16,6.8918,32.87,25.36,1.8,0.0,6.961
2023-04-17,6.8962,33.1,25.41,2.28,0.0,7.2137
2023-04-18,7.4311,33.22,22.89,1.96,0.0,7.4515
2023-04-19,7.0145,33.3,26.12,2.51,0.0,7.2355
2023-04-20,6.3895,33.83,27.09,2.01,0.0,6.8436
2023-04-21,6.2498,30.3,33.85,1.99,0.14,7.0632
2023-04-22,6.6089,30.97,30.71,1.28,0.04,6.9566
2023-04-23,4.4532,31.85,25.6,1.39,1.49,7.0303
2023-04-24,4.7969,28.19,41.01,2.41,5.55,6.6022
2023-04-25,6.5808,27.52,48.1,1.28,9.78,6.6828
2023-04-26,6.1927,29.22,37.25,1.34,0.0,6.5976
2023-04-27,6.7562,30.46,35.84,1.09,0.03,6.8191
2023-04-28,3.2167,30.41,32.58,1.63,0.0,6.8609
2023-04-29,4.8722,29.49,41.14,3.21,0.03,7.097
2023-04-30,2.3083,26.71,52.86,1.45,2.53,6.3962
2023-05-01,4.8667,25.41,62.75,2.29,3.34,7.067
2023-05-02,6.4339,25.47,61.31,1.74,1.36,7.0414
2023-05-03,5.2126,26.97,58.6,0.97,9.17,6.6782
2023-05-04,6.6074,28.32,50.34,1.12,0.17,6.7044
2023-05-05,7.4933,29.58,39.83,1.7,0.0,7.5137
2023-05-06,7.1318,30.79,37.34,2.94,0.0,7.1414
2023-05-07,7.283,31.85,32.78,2.96,0.0,7.3092
2023-05-08,6.2875,31.59,31.82,1.85,0.01,7.1006
2023-05-09,7.9082,31.85,28.86,2.73,0.0,7.9202
2023-05-10,7.8902,30.28,24.4,3.0,0.0,7.8941
2023-05-11,7.7736,31.78,20.14,1.27,0.0,7.8727
2023-05-12,7.4203,32.3,22.47,1.24,0.0,7.5122
2023-05-13,7.1206,33.41,20.8,1.49,0.0,7.141
2023-05-14,6.7961,34.45,21.57,2.06,0.0,6.8114
2023-05-15,6.9286,33.92,25.04,2.21,0.0,7.3932
2023-05-16,7.2024,36.02,23.69,2.44,0.38,7.3733
2023-05-17,6.8815,36.38,24.81,2.39,0.0,7.1035
2023-05-18,7.074,35.67,24.96,2.32,0.0,7.1875
2023-05-19,7.4143,35.08,24.44,3.43,0.04,7.5898
2023-05-20,7.3464,35.15,19.87,2.66,0.0,7.6726
2023-05-21,7.5098,36.5,17.01,1.94,0.0,7.5938
2023-05-22,7.1933,36.59,17.49,1.22,0.04,7.3572
2023-05-23,7.2197,36.23,24.11,2.33,0.96,7.4042
2023-05-24,7.1201,33.37,34.48,3.01,2.44,7.283
2023-05-25,6.0857,31.24,50.82,1.79,17.73,7.1954
2023-05-26,5.4163,30.1,48.57,1.99,2.12,7.1035
2023-05-27,4.8422,31.72,43.0,1.55,0.07,6.8352
2023-05-28,6.0502,31.47,49.69,1.06,15.43,7.1268
2023-05-29,6.6871,33.63,40.46,1.57,0.0,7.1239
2023-05-30,7.1546,34.87,37.14,1.41,0.07,7.439
2023-05-31,7.6553,33.41,37.59,3.06,0.38,7.6745
2023-06-01,7.5362,32.6,36.23,3.08,0.0,7.7299
2023-06-02,7.5142,33.44,34.42,3.71,0.0,7.6483
2023-06-03,7.2826,33.13,36.29,2.47,0.0,7.5329
2023-06-04,6.6046,34.4,32.04,2.13,0.0,7.3937
2023-06-05,6.4152,34.09,35.94,2.1,0.08,7.2106
2023-06-06,6.5878,34.91,34.96,1.95,0.06,7.2199
2023-06-07,6.3163,35.3,28.43,2.06,0.0,7.5149
2023-06-08,7.1806,35.71,27.23,2.53,0.04,7.697
2023-06-09,7.1834,36.56,28.16,2.66,0.0,7.4501
2023-06-10,7.0642,37.48,27.93,1.69,0.0,7.2202
2023-06-11,7.5098,38.5,28.0,2.88,0.0,7.553
2023-06-12,6.8347,38.55,30.01,3.77,0.0,7.0337
2023-06-13,6.8446,39.77,26.62,4.24,0.0,7.1726
2023-06-14,7.2072,39.76,24.86,6.33,0.0,7.5084
2023-06-15,6.9082,39.15,27.68,6.62,0.0,7.4846
2023-06-16,7.254,38.25,31.74,5.38,0.0,7.6231
2023-06-17,7.0159,38.92,29.63,3.59,0.0,7.481
2023-06-18,7.1426,37.52,31.8,3.33,0.01,7.4052
2023-06-19,5.9345,38.24,34.59,3.22,1.92,7.2638
2023-06-20,3.5738,35.16,47.57,3.6,4.23,6.9029
2023-06-21,2.3551,31.82,63.46,2.99,17.73,6.6485
2023-06-22,3.4286,33.49,58.46,2.47,1.5,6.7399
2023-06-23,4.6135,35.03,52.09,2.07,0.63,5.7787
2023-06-24,4.7846,35.19,50.27,1.76,0.6,5.8025
2023-06-25,4.0932,33.47,58.72,2.06,6.69,5.8579
2023-06-26,5.6318,33.88,49.82,2.4,0.09,6.9751
2023-06-27,6.4195,34.57,48.21,3.83,0.31,6.913
2023-06-28,4.5766,33.04,54.71,4.68,4.21,7.0186
2023-06-29,4.1947,31.22,68.4,3.7,9.36,7.098
2023-06-30,2.8123,30.07,77.65,2.61,27.49,7.1683
2023-07-01,3.6622,29.3,79.85,2.22,25.07,6.8566
2023-07-02,4.3454,30.39,77.03,1.57,26.56,6.4106
2023-07-03,4.5425,31.32,72.23,1.57,7.54,6.3281
2023-07-04,3.768,31.62,70.49,2.26,8.06,6.4812
2023-07-05,4.602,30.57,75.38,3.66,6.37,6.4562
2023-07-06,4.4177,31.84,68.85,2.63,4.02,6.1255
2023-07-07,4.6874,31.25,71.53,3.41,6.77,6.5441
2023-07-08,3.4841,31.36,71.18,4.47,5.7,6.8522
2023-07-09,5.1446,31.17,74.9,2.29,22.01,6.8923
2023-07-10,4.4686,31.71,73.4,1.41,15.67,6.9257
2023-07-11,5.1238,31.38,75.18,1.32,10.08,6.6583
2023-07-12,4.026,30.92,77.64,1.17,8.47,6.8011
2023-07-13,3.1224,30.83,78.15,2.31,15.15,6.9394
2023-07-14,4.3932,31.24,75.82,1.26,11.52,6.9847
2023-07-15,4.254,30.12,83.21,1.24,35.98,6.5374
2023-07-16,5.0611,30.5,76.97,1.09,2.98,6.7061
2023-07-17,5.2291,29.82,81.33,2.71,0.55,6.457
2023-07-18,5.1895,28.47,84.32,3.11,0.88,6.6257
2023-07-19,5.9666,29.53,77.57,2.62,0.29,7.0378
2023-07-20,6.4634,31.36,75.82,1.91,0.14,6.8698
2023-07-21,5.9813,30.78,78.34,2.61,0.16,6.9367
2023-07-22,5.4775,30.55,75.51,4.02,0.63,6.7466
2023-07-23,6.0026,30.49,75.77,3.51,0.38,6.8849
2023-07-24,5.8056,29.93,79.86,2.99,6.54,6.8878
2023-07-25,4.6198,31.08,76.39,1.45,11.72,6.9475
2023-07-26,5.6825,30.78,77.22,2.14,3.16,6.6698
2023-07-27,5.5219,28.55,83.63,2.37,0.5,6.5143
2023-07-28,4.7878,31.31,74.36,1.67,3.33,6.3888
2023-07-29,4.7832,30.15,81.38,2.29,9.05,6.282
2023-07-30,4.9918,29.8,80.62,2.18,2.75,6.8246
2023-07-31,4.9183,30.89,78.69,1.59,5.13,6.6394
2023-08-01,4.2197,30.4,80.37,1.98,12.19,5.9652
2023-08-02,2.2147,30.2,80.78,1.45,13.13,6.0595
2023-08-03,4.4693,30.4,79.34,2.1,4.89,6.5222
2023-08-04,4.5571,29.57,81.5,2.95,5.58,6.534
2023-08-05,4.0531,29.81,79.97,1.32,2.93,6.0662
2023-08-06,2.6957,28.27,89.36,2.24,27.68,6.0566
2023-08-07,4.6402,27.56,90.06,3.79,7.3,6.1198
2023-08-08,4.3073,28.19,86.34,3.07,2.45,5.5277
2023-08-09,3.1654,27.66,90.97,2.53,17.32,6.0802
2023-08-10,3.8822,28.39,86.97,1.86,7.12,6.1339
2023-08-11,5.4062,28.48,85.68,2.69,1.92,6.0934
2023-08-12,5.723,28.56,83.16,3.62,7.01,6.4848
2023-08-13,2.7766,28.08,85.49,2.5,5.5,6.1241
2023-08-14,4.5362,28.54,82.03,1.16,3.16,6.2647
2023-08-15,5.202,28.68,81.03,1.34,0.0,6.431
2023-08-16,5.7216,29.76,77.95,1.89,0.12,6.3823
2023-08-17,3.9948,30.25,81.42,1.52,5.88,5.8032
2023-08-18,3.1745,30.12,81.63,1.2,4.77,5.8219
2023-08-19,5.3002,29.77,84.03,2.46,3.26,6.4435
2023-08-20,4.9092,29.7,84.67,3.06,0.74,6.3878
2023-08-21,4.176,28.47,84.17,1.49,1.86,6.3406
2023-08-22,1.2557,27.55,89.95,1.69,42.41,6.276
2023-08-23,3.1066,27.95,89.44,1.47,32.29,5.3215
2023-08-24,1.9603,28.01,88.45,2.67,26.04,5.6978
2023-08-25,4.8821,27.93,86.9,3.03,16.33,5.8877
2023-08-26,5.863,28.22,85.54,3.05,0.66,6.0564
2023-08-27,5.8258,28.32,83.16,4.05,0.56,5.8886
2023-08-28,5.5783,27.75,85.9,3.55,3.29,5.8214
2023-08-29,5.3078,28.37,84.39,2.51,4.26,6.043
2023-08-30,5.5406,28.65,82.6,1.95,0.02,5.9861
2023-08-31,5.7638,29.04,81.51,1.52,0.03,6.0653
2023-09-01,5.7617,29.14,80.22,1.9,0.25,5.9378
2023-09-02,6.222,29.2,80.25,2.01,0.01,6.283
2023-09-03,6.4178,29.21,78.4,1.47,1.19,6.4658
2023-09-04,5.6789,29.12,77.61,0.85,1.09,6.0348
2023-09-05,4.2893,27.32,88.9,2.55,0.4,5.9878
2023-09-06,3.3912,27.49,79.34,1.5,2.22,6.1164
2023-09-07,4.5312,28.41,83.43,1.99,11.25,6.0552
2023-09-08,3.647,27.26,89.52,3.45,19.98,5.9878
2023-09-09,1.7438,27.35,91.49,3.92,9.8,5.6902
2023-09-10,3.331,26.89,92.86,3.1,25.5,5.9062
2023-09-11,2.6563,27.18,94.55,1.85,64.25,6.2093
2023-09-12,3.4375,28.63,86.72,1.28,21.25,5.9729
2023-09-13,3.9319,27.71,92.5,1.13,1.22,5.4146
2023-09-14,4.3886,28.33,88.39,1.77,0.17,5.7605
2023-09-15,4.7914,28.14,90.88,2.81,0.21,5.7922
2023-09-16,4.2667,27.51,90.56,3.17,0.91,5.897
2023-09-17,5.2344,28.09,86.77,1.84,13.68,6.0922
2023-09-18,5.3904,28.42,83.82,0.97,0.98,6.019
2023-09-19,4.6925,28.71,82.76,0.96,2.88,5.6052
2023-09-20,4.2607,28.66,83.49,0.78,4.78,5.591
2023-09-21,5.2639,28.67,81.62,0.92,4.14,5.64
2023-09-22,4.1717,28.11,85.36,1.42,2.3,5.5766
2023-09-23,4.3565,26.94,87.95,1.58,1.01,5.4751
2023-09-24,5.0446,27.55,82.91,0.79,0.48,5.7478
2023-09-25,5.2226,27.67,81.44,0.69,1.62,5.5694
2023-09-26,5.2044,27.78,82.0,1.46,0.66,5.7374
2023-09-27,4.7875,28.18,82.15,0.78,0.02,5.3582
2023-09-28,5.153,27.91,80.24,1.18,0.0,5.2296
2023-09-29,4.9274,27.11,77.36,1.14,0.0,4.9603
2023-09-30,4.6032,27.32,74.43,0.88,0.0,4.6255
2023-10-01,5.3326,28.19,80.52,0.88,0.27,5.3923
2023-10-02,2.9117,28.04,82.91,0.62,5.44,5.2546
2023-10-03,4.6214,26.79,75.27,0.91,6.81,5.5714
2023-10-04,4.8893,26.01,77.43,0.79,3.46,5.7768
2023-10-05,5.2255,27.05,83.62,1.13,1.42,5.6772
2023-10-06,5.6626,26.49,71.2,1.25,0.0,5.6722
2023-10-07,5.3976,25.52,66.73,1.05,0.03,5.4005
2023-10-08,5.5584,26.02,72.48,1.23,0.0,5.5685
2023-10-09,5.3983,26.53,77.38,1.43,0.0,5.418
2023-10-10,5.5399,27.3,76.89,1.3,0.0,5.6035
2023-10-11,5.4432,26.57,69.77,1.37,0.0,5.4732
2023-10-12,5.243,25.54,62.59,1.19,0.0,5.2608
2023-10-13,5.3801,26.13,54.37,0.75,0.0,5.383
2023-10-14,5.1314,26.15,59.55,1.02,0.0,5.1391
2023-10-15,4.806,26.4,65.63,1.13,0.0,4.9387
2023-10-16,3.6864,27.1,64.55,1.02,6.62,4.2449
2023-10-17,2.7816,24.53,73.81,1.09,1.86,4.3087
2023-10-18,4.9502,23.58,71.99,1.74,0.0,4.9586
2023-10-19,5.2447,23.52,66.52,1.46,0.0,5.2476
2023-10-20,5.2018,24.03,57.89,0.92,0.0,5.2037
2023-10-21,5.0885,24.01,55.26,0.67,0.0,5.0909
2023-10-22,5.0011,24.34,55.77,0.73,0.0,5.0306
2023-10-23,4.7513,24.29,61.75,0.91,0.0,4.7758
2023-10-24,4.6274,24.18,65.26,0.78,0.0,4.7182
2023-10-25,4.5946,25.4,61.97,0.68,0.0,4.6193
2023-10-26,4.6656,24.54,58.09,1.45,0.0,4.6668
2023-10-27,4.6958,24.13,48.02,1.12,0.0,4.6992
2023-10-28,4.3594,23.63,51.36,1.15,0.0,4.6738
2023-10-29,4.2432,24.3,48.54,0.99,0.0,4.457
2023-10-30,4.301,23.57,53.7,0.76,0.0,4.313
2023-10-31,3.9511,24.11,54.18,0.81,0.0,4.0798
2023-11-01,3.9142,25.45,54.07,0.64,0.0,3.989
2023-11-02,3.7716,24.77,54.36,0.97,0.0,3.8491
2023-11-03,3.7745,24.55,51.83,0.89,0.0,3.8028
2023-11-04,3.3566,23.98,52.55,1.14,0.0,3.462
2023-11-05,3.2926,24.49,46.74,0.74,0.0,3.4198
2023-11-06,3.0502,23.52,45.64,0.63,0.0,3.2194
2023-11-07,3.5585,22.9,45.68,1.16,0.0,3.5614
2023-11-08,3.5647,22.39,48.03,1.07,0.0,3.6257
2023-11-09,3.6089,23.61,51.36,1.32,0.0,3.612
2023-11-10,3.0658,23.79,51.31,0.88,0.0,3.3014
2023-11-11,2.9386,21.63,68.06,1.54,1.54,3.2412
2023-11-12,3.6398,21.12,59.33,1.64,0.0,3.6893
2023-11-13,3.36,21.55,53.88,0.95,0.0,3.4262
2023-11-14,2.5219,20.84,56.15,1.12,0.0,3.204
2023-11-15,3.2923,21.05,54.43,1.14,0.0,3.2935
2023-11-16,3.1145,21.98,52.08,0.84,0.0,3.1166
2023-11-17,3.1258,22.26,61.97,1.17,0.0,3.2882
2023-11-18,3.1733,21.43,58.04,1.22,0.0,3.1812
2023-11-19,2.6537,21.02,56.97,1.0,0.0,2.6796
2023-11-20,2.6114,20.63,56.78,1.54,0.0,2.6136
2023-11-21,3.0238,19.73,59.95,2.16,0.0,3.0254
2023-11-22,2.6738,18.56,63.32,1.79,0.0,2.9102
2023-11-23,2.904,19.17,57.41,1.02,0.0,2.9158
2023-11-24,2.9412,19.81,54.7,0.9,0.0,2.9424
2023-11-25,3.2213,20.36,55.03,0.97,0.0,3.2234
2023-11-26,2.843,21.23,49.53,1.39,0.0,3.0881
2023-11-27,1.1729,20.01,51.17,1.05,0.0,2.8975
2023-11-28,2.485,20.36,58.21,1.36,0.0,2.7977
2023-11-29,3.1706,20.36,55.63,1.05,0.03,3.239
2023-11-30,1.8634,17.8,78.86,1.62,3.66,3.1802
2023-12-01,2.6479,20.84,76.51,1.16,0.09,2.9148
2023-12-02,2.765,21.45,66.95,1.32,0.0,2.8687
2023-12-03,3.1601,22.06,59.02,1.34,0.01,3.1966
2023-12-04,0.9667,21.51,67.35,1.34,3.09,2.9527
2023-12-05,2.6126,19.44,76.08,1.64,4.05,2.8776
2023-12-06,1.9807,20.97,57.81,0.88,0.07,2.6251
2023-12-07,2.7936,20.98,60.3,0.95,0.34,2.9357
2023-12-08,2.9201,19.46,61.87,1.98,0.01,3.0547
2023-12-09,2.9062,17.42,53.71,2.41,0.0,2.9076
2023-12-10,3.45,16.1,50.0,2.45,0.0,3.456
2023-12-11,3.4003,16.12,46.52,1.45,0.0,3.4054
2023-12-12,3.2282,16.29,47.66,1.25,0.0,3.2354
2023-12-13,3.3372,15.48,54.59,1.92,0.0,3.3458
2023-12-14,3.3089,15.27,50.68,2.1,0.0,3.5515
2023-12-15,3.6053,15.2,48.8,1.57,0.0,3.6797
2023-12-16,3.431,15.07,50.06,1.75,0.0,3.4627
2023-12-17,3.3228,14.66,51.32,1.61,0.0,3.3326
2023-12-18,3.4536,14.8,51.99,2.37,0.0,3.4697
2023-12-19,3.385,14.15,53.99,1.67,0.0,3.7958
2023-12-20,3.0948,14.05,50.96,1.21,0.0,3.5419
2023-12-21,2.7418,13.54,50.17,1.26,0.0,3.2844
2023-12-22,2.2106,14.44,49.6,0.97,0.0,2.7262
2023-12-23,2.0899,16.75,50.19,1.52,0.0,2.2562
2023-12-24,2.2166,17.0,62.95,0.99,0.0,2.2361
2023-12-25,2.4334,16.9,64.6,1.32,0.0,2.4739
2023-12-26,2.2183,16.85,52.74,1.16,0.0,2.7058
2023-12-27,1.7126,16.54,52.13,0.7,0.0,2.5735
2023-12-28,1.0867,14.76,60.57,1.0,0.0,2.9846
2023-12-29,1.3958,14.22,63.88,1.02,0.0,2.5385
2023-12-30,1.3205,14.39,59.62,0.84,0.0,2.419
2023-12-31,1.6718,14.35,49.72,0.93,0.0,2.538
