date,ALLSKY_SFC_SW_DWN,T2M,RH2M,WS2M,PRECTOTCORR,CLRSKY_SFC_SW_DWN
2018-01-01,4.5578,21.26,60.72,1.67,0.0,4.6726
2018-01-02,4.6174,21.03,58.78,1.66,0.0,4.6663
2018-01-03,4.3471,21.48,61.22,1.85,0.0,4.4767
2018-01-04,4.4962,21.93,62.05,1.17,0.0,4.5365
2018-01-05,4.2514,21.45,63.0,1.56,0.0,4.3157
2018-01-06,4.6817,20.59,56.46,1.54,0.0,4.7306
2018-01-07,4.8991,20.3,56.87,1.41,0.0,4.9558
2018-01-08,4.3812,20.64,60.41,1.45,0.0,4.439
2018-01-09,3.9883,22.1,57.8,1.74,0.0,4.019
2018-01-10,3.685,22.85,56.09,2.41,0.0,3.7692
2018-01-11,4.2497,24.17,56.19,2.01,0.0,4.3118
2018-01-12,3.337,25.31,57.19,2.13,0.0,4.1736
2018-01-13,3.6367,25.79,56.19,1.85,0.0,4.1155
2018-01-14,3.1846,26.15,54.14,1.52,0.0,4.0342
2018-01-15,4.0603,26.62,58.84,1.64,0.0,4.175
2018-01-16,4.5869,26.19,51.7,1.86,0.0,4.8353
2018-01-17,5.0102,25.75,51.89,1.69,0.0,5.0693
2018-01-18,5.2399,24.61,52.07,1.86,0.0,5.2798
2018-01-19,5.2145,23.89,52.77,1.7,0.0,5.2733
2018-01-20,5.0894,23.78,52.36,1.51,0.0,5.1538
2018-01-21,5.0424,23.7,53.66,1.53,0.05,5.1202
2018-01-22,4.973,23.06,54.91,1.59,0.57,5.0479
2018-01-23,5.1072,22.01,64.5,1.84,1.46,5.1694
2018-01-24,5.4415,21.36,58.17,1.59,0.0,5.5066
2018-01-25,5.5116,21.33,48.27,1.69,0.0,5.5872
2018-01-26,5.4535,21.81,41.48,1.73,0.0,5.515
2018-01-27,5.4895,22.0,44.69,1.67,0.0,5.5354
2018-01-28,5.1806,22.29,53.82,1.62,0.0,5.2342
2018-01-29,5.1646,23.37,50.27,1.6,0.0,5.2277
2018-01-30,5.2519,23.97,41.93,2.33,0.0,5.303
2018-01-31,5.6162,24.4,39.62,2.18,0.0,5.6688
2018-02-01,5.3335,24.35,41.02,1.57,0.0,5.4192
2018-02-02,5.4986,24.1,46.41,1.63,0.07,5.6064
2018-02-03,5.4026,24.38,45.85,1.58,0.0,5.5058
2018-02-04,5.1886,24.72,44.34,1.61,0.0,5.357
2018-02-05,4.9366,25.1,47.08,1.57,0.87,5.213
2018-02-06,3.3994,23.88,50.74,1.56,4.02,5.363
2018-02-07,4.165,25.06,49.61,1.5,0.87,5.2495
2018-02-08,5.5879,23.84,62.39,1.44,0.07,5.6167
2018-02-09,5.9004,23.75,57.71,1.59,0.0,5.9882
2018-02-10,5.7799,24.02,50.25,1.59,0.01,5.9738
2018-02-11,5.0472,23.02,62.68,1.87,0.48,5.7586
2018-02-12,5.951,22.77,63.96,1.61,0.0,6.0451
2018-02-13,5.7286,22.95,54.29,1.75,0.0,5.7989
2018-02-14,5.0844,25.56,47.56,2.64,0.0,5.1451
2018-02-15,4.9646,27.16,48.75,3.13,0.0,5.0105
2018-02-16,5.4715,26.85,44.18,2.23,0.0,5.5118
2018-02-17,5.8862,26.18,38.42,1.99,0.0,5.9542
2018-02-18,5.8697,26.33,34.26,1.96,0.0,5.9482
2018-02-19,5.8462,27.0,34.24,1.67,0.0,5.9234
2018-02-20,5.6522,26.99,40.6,1.82,0.0,5.7259
2018-02-21,5.6287,27.25,37.19,1.92,0.0,5.6935
2018-02-22,5.4739,27.74,37.27,1.98,0.0,5.5457
2018-02-23,5.3621,28.11,38.59,1.74,0.0,5.412
2018-02-24,5.1631,28.63,36.71,1.94,0.0,5.2495
2018-02-25,5.4353,29.3,35.27,2.01,0.0,5.5049
2018-02-26,5.663,29.32,34.73,1.88,0.0,5.7125
2018-02-27,5.6258,29.93,33.11,2.02,0.0,5.7062
2018-02-28,5.8358,29.88,34.21,2.18,0.0,5.8942
2018-03-01,5.5339,29.51,38.47,1.3,0.0,5.6206
2018-03-02,5.5399,29.34,39.06,1.66,0.0,5.6002
2018-03-03,5.675,29.31,34.19,1.72,0.0,5.7456
2018-03-04,5.6422,28.16,49.72,1.65,0.0,5.6969
2018-03-05,6.0022,28.12,46.84,2.28,0.0,6.0665
2018-03-06,5.6964,29.26,36.3,2.11,0.0,5.7804
2018-03-07,5.1946,29.39,37.1,1.97,0.0,5.597
2018-03-08,5.9023,28.41,52.23,1.65,0.0,5.9803
2018-03-09,5.9335,28.9,51.31,2.37,0.01,6.0168
2018-03-10,5.549,29.28,43.83,2.18,0.06,5.6671
2018-03-11,6.1049,30.39,33.45,2.64,0.08,6.1363
2018-03-12,6.443,30.89,25.33,2.56,0.0,6.5906
2018-03-13,5.9736,29.84,29.34,2.56,0.09,6.2189
2018-03-14,4.463,29.49,26.85,2.92,0.0,6.1891
2018-03-15,4.3745,28.34,38.05,1.49,0.06,6.3269
2018-03-16,6.3014,29.33,42.69,1.86,0.08,6.4675
2018-03-17,5.9777,29.82,37.46,1.86,0.0,6.5203
2018-03-18,5.6287,29.55,51.08,1.72,0.61,6.2326
2018-03-19,6.3396,28.93,46.24,1.67,0.11,6.3941
2018-03-20,6.6991,27.87,53.45,2.07,0.0,6.7886
2018-03-21,7.0577,27.36,54.19,2.51,0.0,7.2185
2018-03-22,7.0687,26.36,53.89,2.36,0.0,7.2607
2018-03-23,6.9605,25.76,52.77,1.59,0.0,7.1556
2018-03-24,6.9662,29.57,34.46,1.8,0.0,7.2247
2018-03-25,6.8837,31.98,23.17,1.84,0.02,7.0814
2018-03-26,6.6122,32.76,22.43,2.82,0.0,6.9893
2018-03-27,6.6782,31.11,39.46,1.74,0.06,6.9161
2018-03-28,7.0841,29.81,52.46,1.99,0.15,7.3034
2018-03-29,7.1323,29.28,52.78,1.91,0.06,7.2269
2018-03-30,7.0013,28.96,58.15,1.73,0.05,7.1854
2018-03-31,6.7778,28.5,61.2,1.67,0.05,7.0817
2018-04-01,7.0992,29.5,55.62,2.07,0.0,7.2562
2018-04-02,6.7495,29.57,52.29,2.01,0.0,7.0097
2018-04-03,6.7553,29.65,51.83,1.97,0.01,6.9782
2018-04-04,6.6696,30.27,49.12,2.08,0.11,6.894
2018-04-05,6.4673,30.45,55.49,1.88,0.15,6.7795
2018-04-06,6.1534,29.31,56.27,1.58,0.1,6.5626
2018-04-07,6.6211,30.09,54.1,2.15,0.08,6.8554
2018-04-08,7.2151,30.52,45.99,1.91,0.05,7.3366
2018-04-09,7.1998,30.46,41.15,2.24,0.03,7.4026
2018-04-10,7.1088,31.04,38.72,1.96,0.0,7.23
2018-04-11,6.7157,30.45,48.8,1.73,0.03,7.0186
2018-04-12,6.9,30.32,52.13,1.82,0.02,7.0176
2018-04-13,7.1702,30.49,51.44,2.08,0.01,7.3058
2018-04-14,6.9919,31.06,52.66,1.9,0.02,7.2326
2018-04-15,6.792,31.76,50.15,1.97,0.05,6.9466
2018-04-16,6.588,32.19,53.46,2.36,0.03,6.881
2018-04-17,6.3223,33.83,48.99,2.03,0.1,6.4757
2018-04-18,6.9134,33.16,48.97,2.23,0.04,7.0651
2018-04-19,7.1604,32.34,50.51,2.14,0.06,7.4513
2018-04-20,7.4371,30.89,57.0,2.48,0.05,7.5466
2018-04-21,7.1777,31.66,49.11,2.43,0.04,7.4434
2018-04-22,7.4827,31.31,47.3,2.62,0.0,7.6313
2018-04-23,7.3433,31.16,48.66,2.04,0.0,7.5509
2018-04-24,7.7304,31.44,45.07,2.0,0.0,7.841
2018-04-25,7.6145,30.6,48.96,2.12,0.0,7.7244
2018-04-26,7.4825,30.26,52.69,1.92,0.0,7.6411
2018-04-27,7.4832,30.65,53.75,2.11,0.0,7.5835
2018-04-28,7.2242,31.03,57.95,2.19,0.0,7.3855
2018-04-29,6.9336,30.71,60.49,2.2,0.02,7.3154
2018-04-30,7.3745,30.6,61.05,2.37,0.01,7.5194
2018-05-01,7.3198,30.64,60.28,2.25,0.0,7.4952
2018-05-02,7.5238,30.09,62.63,2.18,0.0,7.6368
2018-05-03,7.3519,30.96,57.49,1.91,0.01,7.6042
2018-05-04,7.2418,31.15,55.46,1.95,0.03,7.541
2018-05-05,7.1002,31.02,56.85,1.92,0.01,7.2607
2018-05-06,6.9679,31.48,56.66,2.05,0.04,7.2797
2018-05-07,7.2456,31.0,56.41,2.19,0.04,7.3378
2018-05-08,7.4256,31.12,55.36,2.46,0.01,7.5826
2018-05-09,7.5142,32.11,54.33,2.97,0.03,7.674
2018-05-10,7.313,32.16,53.47,2.2,0.09,7.4782
2018-05-11,7.1122,32.03,54.48,2.64,0.04,7.2334
2018-05-12,7.092,30.77,58.01,2.26,0.03,7.2403
2018-05-13,6.9187,31.41,57.6,2.26,0.06,7.2142
2018-05-14,7.2732,31.88,57.47,2.54,0.28,7.463
2018-05-15,6.7118,31.11,59.91,2.27,0.13,7.1338
2018-05-16,6.4709,31.73,59.11,2.54,0.14,6.8383
2018-05-17,6.7774,32.76,57.42,2.46,0.46,7.0615
2018-05-18,6.6739,32.06,57.41,2.91,0.62,7.1609
2018-05-19,7.2636,31.28,59.59,2.4,0.17,7.4561
2018-05-20,7.0322,31.56,59.54,2.31,0.08,7.4002
2018-05-21,7.0382,30.89,60.41,2.09,0.08,7.3735
2018-05-22,6.564,31.44,54.05,2.22,0.02,6.9682
2018-05-23,4.5106,31.57,53.91,2.07,0.02,6.5974
2018-05-24,6.3845,31.05,60.09,2.74,0.1,6.6374
2018-05-25,5.7334,31.11,59.37,3.14,0.07,6.9466
2018-05-26,6.9593,32.26,60.21,3.21,0.34,7.2662
2018-05-27,6.8258,31.33,70.02,2.29,0.41,7.1976
2018-05-28,6.509,31.33,67.71,3.53,0.4,7.1508
2018-05-29,6.1675,30.85,68.47,3.64,0.46,7.1194
2018-05-30,6.6564,31.12,66.76,3.41,0.77,7.0694
2018-05-31,6.4946,31.61,65.16,3.22,0.24,6.9055
2018-06-01,6.4721,31.71,64.48,1.96,1.47,6.7704
2018-06-02,6.4128,31.66,64.99,2.2,5.42,6.6518
2018-06-03,5.1209,29.64,73.14,2.52,5.45,6.6223
2018-06-04,6.4934,28.81,77.57,2.12,9.17,6.7466
2018-06-05,4.0342,29.35,74.04,1.56,4.41,6.5734
2018-06-06,5.6998,29.33,75.13,1.89,6.2,6.5899
2018-06-07,3.7291,29.33,81.2,3.06,12.19,6.498
2018-06-08,5.7473,28.73,84.09,3.96,18.26,6.4805
2018-06-09,3.857,28.2,86.15,4.25,38.23,6.5158
2018-06-10,5.2094,28.99,82.62,4.71,23.9,6.4862
2018-06-11,5.0966,29.03,82.46,4.66,5.49,6.3118
2018-06-12,4.3471,29.35,79.61,4.82,0.97,6.2078
2018-06-13,5.3009,29.5,77.47,4.48,0.97,6.2616
2018-06-14,5.406,29.3,77.51,3.78,0.92,6.2158
2018-06-15,6.0883,29.04,80.81,4.0,15.08,6.6907
2018-06-16,5.2025,28.95,79.67,4.05,17.81,7.0766
2018-06-17,4.3056,28.37,82.43,4.51,36.58,6.9718
2018-06-18,5.3729,28.1,84.71,3.39,15.6,7.0978
2018-06-19,5.1401,28.36,84.19,2.48,1.64,6.7618
2018-06-20,5.6093,28.35,83.91,2.62,2.96,6.5628
2018-06-21,5.0515,28.01,85.95,3.34,29.79,6.6869
2018-06-22,4.5302,27.97,85.2,2.75,12.73,6.6634
2018-06-23,1.3229,27.48,87.76,3.01,48.61,6.4925
2018-06-24,1.2494,26.87,88.68,3.86,76.01,6.901
2018-06-25,0.4855,26.96,90.09,3.88,65.96,6.4663
2018-06-26,3.8335,27.3,87.93,4.85,22.12,6.6139
2018-06-27,5.0138,27.51,86.39,4.33,8.56,6.222
2018-06-28,2.245,27.54,86.34,3.76,16.63,6.8599
2018-06-29,4.5173,26.96,89.02,3.42,19.59,6.589
2018-06-30,6.0744,26.95,89.07,3.63,16.2,6.965
2018-07-01,6.4387,27.37,87.57,3.73,6.51,7.0711
2018-07-02,3.767,27.11,90.08,4.28,23.62,7.0774
2018-07-03,1.2509,26.77,90.97,4.83,65.67,7.0464
2018-07-04,2.9249,26.7,91.07,4.73,61.71,6.5669
2018-07-05,4.0061,26.73,90.73,4.02,46.57,6.5743
2018-07-06,4.6435,27.01,90.09,3.35,28.37,6.349
2018-07-07,1.4702,26.46,92.88,3.51,67.82,6.0862
2018-07-08,1.247,26.46,91.8,3.34,53.89,6.4865
2018-07-09,1.0003,25.9,93.56,2.9,86.26,6.1183
2018-07-10,1.5878,25.99,92.8,3.67,68.61,6.229
2018-07-11,3.0449,26.53,91.3,4.17,23.92,6.3766
2018-07-12,2.4214,26.34,92.33,4.47,24.77,6.6197
2018-07-13,3.899,26.32,91.62,3.79,32.91,6.9792
2018-07-14,1.9382,26.45,90.83,4.64,35.23,6.8237
2018-07-15,0.7687,26.14,93.86,5.18,73.94,6.4058
2018-07-16,2.0321,26.4,93.21,5.62,83.29,6.6562
2018-07-17,3.1169,26.31,91.88,5.8,40.31,6.0977
2018-07-18,3.8815,26.21,91.46,4.82,20.65,6.8686
2018-07-19,4.8482,26.14,90.73,4.65,19.18,6.7824
2018-07-20,2.8315,26.01,92.6,4.52,27.11,6.6473
2018-07-21,2.4336,26.03,90.86,5.0,18.51,6.7306
2018-07-22,2.3213,26.12,90.22,4.59,14.53,6.7968
2018-07-23,1.8437,25.92,90.01,4.5,15.68,6.193
2018-07-24,2.2778,25.89,90.64,4.34,6.93,6.3682
2018-07-25,4.6394,25.92,90.42,4.24,7.35,6.7164
2018-07-26,2.0345,26.0,90.15,4.67,5.83,5.9143
2018-07-27,2.561,25.9,89.37,4.55,4.76,5.3302
2018-07-28,4.0894,26.11,89.69,4.07,1.59,5.5858
2018-07-29,3.9811,26.09,89.79,3.81,0.9,5.7886
2018-07-30,4.4904,25.92,89.07,3.66,1.63,6.209
2018-07-31,4.6174,26.07,89.43,3.65,2.51,6.1344
2018-08-01,4.4443,26.0,89.6,4.11,5.1,6.3274
2018-08-02,4.1897,26.0,89.12,3.93,4.24,5.718
2018-08-03,3.7678,25.94,89.05,3.94,11.82,5.838
2018-08-04,3.3199,25.58,89.96,4.31,15.32,5.3062
2018-08-05,3.7433,25.88,87.94,4.31,3.68,6.2767
2018-08-06,3.4207,25.86,87.89,4.77,3.82,6.3521
2018-08-07,3.385,26.05,87.78,4.43,5.87,6.4615
2018-08-08,3.2832,25.88,89.61,3.94,4.12,5.8526
2018-08-09,2.3146,25.97,89.23,4.36,7.65,5.8214
2018-08-10,4.6978,26.1,88.71,4.01,9.63,6.4349
2018-08-11,4.5634,26.03,89.22,4.45,14.87,6.551
2018-08-12,3.6907,25.83,88.86,5.15,20.06,6.413
2018-08-13,4.05,25.67,90.23,5.01,27.84,6.5028
2018-08-14,3.3058,26.02,90.32,4.07,7.75,4.7558
2018-08-15,2.7336,25.72,91.04,3.96,10.19,5.1218
2018-08-16,2.5034,25.61,90.95,4.78,31.76,5.6642
2018-08-17,2.5224,25.28,92.01,4.64,21.68,5.5906
2018-08-18,3.4087,25.54,90.38,4.33,11.6,6.4195
2018-08-19,5.4125,25.77,90.36,4.26,25.85,6.5566
2018-08-20,4.1009,25.52,91.04,3.81,35.14,6.0269
2018-08-21,2.1413,25.24,93.15,3.41,27.72,6.2902
2018-08-22,4.0327,25.72,91.4,4.09,24.27,6.5921
2018-08-23,4.8802,25.65,90.96,3.58,14.99,6.5443
2018-08-24,5.1595,25.69,90.07,3.57,14.05,6.6026
2018-08-25,4.6817,25.61,89.73,3.7,14.55,6.5102
2018-08-26,4.1417,25.58,90.13,3.75,16.74,6.1243
2018-08-27,3.5395,25.61,90.92,3.32,12.99,6.0874
2018-08-28,3.2599,25.52,90.23,2.7,9.39,6.1006
2018-08-29,5.4646,25.8,89.5,2.52,3.79,6.4253
2018-08-30,5.773,25.55,89.74,2.79,3.53,6.5695
2018-08-31,5.515,25.58,88.94,2.42,3.82,6.5866
2018-09-01,4.999,25.59,89.31,2.81,8.0,6.3293
2018-09-02,5.0316,25.51,88.91,3.57,15.02,6.3564
2018-09-03,5.167,25.34,89.28,3.4,7.97,6.3348
2018-09-04,5.1442,25.05,89.01,3.1,2.97,6.5405
2018-09-05,4.9735,25.33,87.73,3.09,2.17,6.3214
2018-09-06,5.7293,25.28,87.22,2.53,0.74,6.4577
2018-09-07,5.6645,25.14,87.14,2.24,2.36,6.588
2018-09-08,5.9407,25.09,86.94,2.17,1.07,6.6065
2018-09-09,6.4471,25.04,86.0,2.02,1.01,6.7814
2018-09-10,6.419,25.34,82.72,1.4,0.12,6.6943
2018-09-11,6.325,25.32,83.9,1.46,0.09,6.6341
2018-09-12,6.4718,25.16,85.41,1.5,0.79,6.7538
2018-09-13,6.4164,25.26,85.5,1.74,1.62,6.6907
2018-09-14,3.8825,25.66,86.85,1.72,3.18,6.6725
2018-09-15,5.1437,26.33,85.69,1.49,7.81,6.6463
2018-09-16,6.1934,25.56,87.24,1.84,3.1,6.4094
2018-09-17,6.2431,25.28,85.8,1.79,0.29,6.3278
2018-09-18,6.2273,25.48,83.8,1.49,1.05,6.3019
2018-09-19,3.1488,25.58,87.33,1.65,9.67,5.9906
2018-09-20,5.3364,26.2,88.19,1.98,5.31,5.8694
2018-09-21,5.7866,26.96,87.26,1.83,3.4,6.2299
2018-09-22,4.5773,26.36,89.36,2.45,0.53,5.8798
2018-09-23,4.9764,26.32,85.87,1.89,0.13,6.1186
2018-09-24,6.0082,26.19,84.93,1.32,0.09,6.2304
2018-09-25,6.2722,26.19,84.79,1.6,0.04,6.4368
2018-09-26,6.3185,27.0,84.81,1.47,0.92,6.4193
2018-09-27,5.663,27.41,80.7,1.06,4.53,6.1891
2018-09-28,5.033,27.7,79.51,1.32,11.3,6.0538
2018-09-29,4.1974,27.81,79.63,1.71,4.17,6.0811
2018-09-30,5.7821,27.84,74.61,1.91,0.28,6.1159
2018-10-01,5.8471,28.03,74.39,1.68,2.15,5.8994
2018-10-02,5.4698,28.42,75.18,1.41,3.25,5.7715
2018-10-03,5.6203,28.2,79.01,1.18,3.59,5.669
2018-10-04,5.6297,28.29,77.73,1.0,1.38,5.7874
2018-10-05,5.1694,27.95,78.88,1.72,1.24,5.7626
2018-10-06,5.4782,27.39,73.61,1.95,0.12,5.8346
2018-10-07,5.4499,27.69,71.61,2.12,0.01,5.6734
2018-10-08,5.6376,28.27,73.8,1.66,0.05,5.7166
2018-10-09,5.436,27.39,71.84,1.3,0.02,5.6568
2018-10-10,5.5207,26.96,72.98,1.18,0.05,5.6885
2018-10-11,5.3527,27.09,74.43,1.43,0.04,5.6525
2018-10-12,5.5166,27.81,72.78,1.27,0.03,5.6242
2018-10-13,5.5212,27.45,66.23,1.75,0.02,5.693
2018-10-14,5.639,27.17,65.28,1.6,0.0,5.701
2018-10-15,5.6208,26.91,64.82,1.71,0.01,5.6645
2018-10-16,5.5997,26.95,66.22,1.75,0.07,5.6398
2018-10-17,3.8998,27.28,73.2,1.02,0.86,5.3678
2018-10-18,5.0213,26.38,79.8,0.86,4.95,5.2625
2018-10-19,5.2954,27.46,74.54,0.93,2.22,5.3374
2018-10-20,5.0722,27.4,72.97,1.29,0.37,5.149
2018-10-21,4.8934,26.91,71.37,1.24,0.33,4.9918
2018-10-22,5.1564,27.22,68.63,1.3,0.19,5.1946
2018-10-23,5.8963,26.35,58.98,1.57,0.0,5.9201
2018-10-24,5.8598,25.86,58.91,1.64,0.0,5.8819
2018-10-25,4.9706,26.13,71.23,2.31,0.46,5.0102
2018-10-26,4.9442,26.55,67.27,1.78,0.23,4.9718
2018-10-27,5.2692,25.81,64.16,2.09,0.01,5.4226
2018-10-28,5.5517,25.6,59.5,2.32,0.0,5.5874
2018-10-29,5.6767,24.76,53.87,2.67,0.0,5.7151
2018-10-30,5.5668,24.2,54.79,2.48,0.0,5.5889
2018-10-31,5.341,24.5,63.71,2.41,0.0,5.3909
2018-11-01,5.2589,25.27,63.87,2.22,0.0,5.3278
2018-11-02,5.3134,25.91,67.59,1.95,0.0,5.3729
2018-11-03,5.1473,27.1,73.04,1.9,0.05,5.2008
2018-11-04,5.1226,27.92,74.79,1.14,1.36,5.2546
2018-11-05,4.559,27.41,77.77,0.99,4.93,5.2678
2018-11-06,5.0928,27.5,70.21,1.38,0.2,5.1828
2018-11-07,5.4221,26.33,60.38,1.96,0.0,5.4679
2018-11-08,5.2637,25.53,58.79,1.8,0.0,5.2891
2018-11-09,5.0602,25.96,59.58,1.48,0.0,5.0906
2018-11-10,5.0405,25.56,57.83,1.53,0.0,5.1014
2018-11-11,5.2814,25.0,55.89,1.53,0.0,5.3006
2018-11-12,5.2574,24.67,55.92,1.68,0.0,5.2862
2018-11-13,4.9882,24.85,58.1,1.23,0.0,5.0222
2018-11-14,4.9505,24.63,65.98,1.24,0.0,4.9894
2018-11-15,5.0182,24.97,56.1,1.8,0.0,5.052
2018-11-16,5.2483,24.89,50.07,2.33,0.0,5.2726
2018-11-17,5.0405,25.19,50.22,1.9,0.0,5.0796
2018-11-18,4.7666,26.02,56.7,1.41,0.0,4.9726
2018-11-19,4.1856,26.53,57.52,1.39,0.01,4.7494
2018-11-20,4.5031,26.79,61.3,1.28,0.04,4.573
2018-11-21,4.609,27.18,66.05,1.27,0.01,4.7234
2018-11-22,4.4436,27.06,61.22,1.84,0.0,4.4542
2018-11-23,4.5557,26.33,52.5,2.66,0.0,4.5979
2018-11-24,4.6706,25.83,53.01,2.31,0.0,4.7071
2018-11-25,4.6193,25.7,56.2,1.76,0.0,4.7489
2018-11-26,4.0735,25.43,55.73,1.61,0.0,4.6843
2018-11-27,4.4719,24.94,47.95,2.35,0.0,4.8091
2018-11-28,4.5499,24.85,47.26,2.08,0.0,4.9092
2018-11-29,4.6651,24.42,46.64,2.07,0.0,4.7153
2018-11-30,4.5065,24.44,47.85,2.19,0.0,4.7498
2018-12-01,3.115,24.18,47.89,2.06,0.0,4.6018
2018-12-02,3.9084,24.47,51.32,1.88,0.0,4.3318
2018-12-03,3.4008,24.83,56.48,1.75,0.0,4.2859
2018-12-04,3.6648,24.72,57.77,1.85,0.0,4.1604
2018-12-05,3.9257,25.21,54.71,1.64,0.03,3.9641
2018-12-06,4.6046,24.56,57.09,1.63,0.06,4.6291
2018-12-07,4.5463,24.4,53.05,1.57,0.0,4.5809
2018-12-08,4.7203,24.42,53.24,1.64,0.0,4.7638
2018-12-09,4.7851,23.97,52.85,1.61,0.0,4.8696
2018-12-10,4.7798,22.74,50.67,1.81,0.0,4.8761
2018-12-11,4.7707,22.14,50.94,1.99,0.0,4.8353
2018-12-12,4.6116,22.56,62.34,1.89,0.1,4.699
2018-12-13,4.7537,22.55,50.64,2.57,0.0,4.8072
2018-12-14,4.2077,22.98,45.84,3.13,0.0,4.2535
2018-12-15,3.9624,24.59,48.71,3.59,0.0,4.0502
2018-12-16,4.073,23.78,44.72,3.11,0.0,4.0956
2018-12-17,4.464,22.53,43.49,2.85,0.0,4.549
2018-12-18,4.7734,23.3,53.33,2.27,0.0,4.8269
2018-12-19,4.9858,21.98,41.29,2.44,0.0,5.0321
2018-12-20,5.0978,22.17,44.71,2.4,0.0,5.137
2018-12-21,4.9078,23.19,52.25,1.86,0.0,4.9543
2018-12-22,4.8379,23.65,46.37,1.58,0.0,4.8965
2018-12-23,4.3908,24.61,44.86,1.68,0.0,4.4366
2018-12-24,3.8678,25.46,47.33,1.91,0.0,4.4801
2018-12-25,4.525,25.23,47.11,1.58,0.0,4.5545
2018-12-26,4.7395,23.14,41.17,2.3,0.0,4.8912
2018-12-27,4.7278,20.76,29.87,2.49,0.0,4.8571
2018-12-28,5.0551,20.78,26.67,2.56,0.0,5.1446
2018-12-29,4.9481,21.29,25.43,2.69,0.0,5.0506
2018-12-30,4.8691,22.05,27.07,2.66,0.0,4.981
2018-12-31,4.8247,22.7,29.08,2.39,0.0,5.0059
2019-01-01,4.8454,22.99,28.82,2.2,0.0,5.0422
2019-01-02,4.8917,23.28,28.92,1.7,0.0,4.9661
2019-01-03,4.9478,23.45,31.22,1.63,0.0,4.9951
2019-01-04,4.8931,23.6,31.3,2.0,0.0,4.9409
2019-01-05,4.7323,23.53,35.35,1.65,0.0,4.8194
2019-01-06,4.8828,23.07,34.39,2.2,0.0,4.9452
2019-01-07,4.9978,23.0,30.35,2.43,0.0,5.0614
2019-01-08,4.9135,22.81,27.21,2.78,0.0,4.9673
2019-01-09,4.9433,22.59,29.19,1.68,0.0,5.0011
2019-01-10,4.8458,22.81,29.65,2.24,0.0,4.8955
2019-01-11,4.7702,22.83,33.32,1.63,0.0,4.8132
2019-01-12,4.8614,22.79,34.45,1.55,0.0,4.9051
2019-01-13,4.8895,22.55,37.12,1.86,0.0,4.9392
2019-01-14,4.6872,24.38,30.12,2.53,0.0,4.7345
2019-01-15,4.3951,24.99,32.28,2.86,0.0,4.4515
2019-01-16,4.6651,25.21,39.07,2.35,0.0,4.7002
2019-01-17,4.8869,25.32,30.35,1.98,0.0,4.9296
2019-01-18,5.1338,25.21,27.24,1.96,0.0,5.1876
2019-01-19,4.932,25.3,32.69,2.3,0.0,4.9735
2019-01-20,4.7765,25.79,36.05,1.73,0.0,4.8259
2019-01-21,4.8809,24.52,49.0,1.63,0.0,4.931
2019-01-22,4.7474,22.58,71.05,1.68,0.22,5.1718
2019-01-23,5.1622,22.1,67.62,2.27,0.05,5.2728
2019-01-24,5.2718,21.66,42.99,2.48,0.0,5.4113
2019-01-25,5.1415,21.1,31.03,3.22,0.0,5.2147
2019-01-26,4.5691,21.68,30.84,2.53,0.0,4.6058
2019-01-27,4.7604,23.41,37.84,3.32,0.0,4.7935
2019-01-28,5.2294,23.0,27.57,3.83,0.0,5.2831
2019-01-29,5.4478,23.02,21.57,3.3,0.0,5.5142
2019-01-30,5.5368,22.87,23.41,2.81,0.0,5.5951
2019-01-31,5.4168,23.24,30.24,1.87,0.0,5.4686
2019-02-01,5.1943,24.09,33.9,2.1,0.0,5.2481
2019-02-02,4.885,24.39,34.29,2.08,0.0,4.9838
2019-02-03,4.6658,25.73,37.16,1.87,0.0,4.7882
2019-02-04,4.6046,26.79,41.78,2.92,0.0,4.8814
2019-02-05,4.937,26.63,43.3,1.69,0.09,4.9836
2019-02-06,5.2733,24.19,50.15,2.11,0.04,5.3196
2019-02-07,5.3743,21.52,63.45,2.86,0.04,5.7166
2019-02-08,5.6846,19.61,51.86,2.82,0.0,5.9914
2019-02-09,6.0478,20.96,27.79,2.37,0.0,6.1704
2019-02-10,6.0636,23.09,19.49,3.13,0.0,6.1426
2019-02-11,5.9333,25.33,24.25,2.04,0.0,5.9825
2019-02-12,5.3436,28.03,27.98,2.26,0.0,5.3755
2019-02-13,4.8698,28.18,37.01,1.89,0.0,5.0642
2019-02-14,5.4264,26.54,42.92,2.26,0.0,5.483
2019-02-15,5.9477,24.77,51.02,2.04,0.0,5.9998
2019-02-16,6.0506,23.98,45.52,2.23,0.0,6.1058
2019-02-17,6.0238,24.18,33.34,1.97,0.0,6.0804
2019-02-18,6.0842,25.14,35.45,1.95,0.0,6.1322
2019-02-19,6.0977,26.25,37.61,2.03,0.0,6.1577
2019-02-20,5.7454,26.8,43.06,2.2,0.09,5.803
2019-02-21,5.6448,26.03,60.73,2.01,0.0,5.7182
2019-02-22,5.7677,27.51,48.11,2.46,0.0,5.8834
2019-02-23,6.0422,29.41,31.43,2.65,0.0,6.1303
2019-02-24,6.0518,28.33,24.77,2.51,0.0,6.2892
2019-02-25,6.2371,27.02,35.84,2.47,0.0,6.3305
2019-02-26,6.1495,25.56,49.45,2.48,0.0,6.2858
2019-02-27,5.9861,24.61,58.79,2.33,0.0,6.2141
2019-02-28,6.491,25.03,43.29,2.05,0.0,6.571
2019-03-01,6.4692,25.92,28.96,1.92,0.0,6.5191
2019-03-02,6.3818,26.61,47.38,2.5,0.01,6.4375
2019-03-03,6.3257,25.47,65.57,2.05,0.04,6.4385
2019-03-04,6.0384,25.13,69.31,2.25,0.15,6.3552
2019-03-05,6.3914,25.39,61.08,2.0,0.0,6.509
2019-03-06,6.6914,24.45,52.92,2.35,0.0,6.7726
2019-03-07,6.7195,25.54,50.12,2.42,0.0,6.7927
2019-03-08,6.4056,26.96,39.9,2.32,0.0,6.4685
2019-03-09,6.4795,27.64,37.07,2.32,0.04,6.5818
2019-03-10,6.6802,28.04,33.7,2.29,0.0,6.7786
2019-03-11,6.5374,26.08,53.63,2.41,0.01,6.7123
2019-03-12,6.5306,26.44,52.21,2.08,0.0,6.6665
2019-03-13,6.5038,26.16,50.69,2.65,0.0,6.6696
2019-03-14,6.5976,26.11,46.95,3.06,0.0,6.793
2019-03-15,6.738,27.92,34.74,2.45,0.0,6.9274
2019-03-16,6.7939,28.57,31.48,1.98,0.0,6.9178
2019-03-17,6.9206,27.72,40.11,1.74,0.26,7.0121
2019-03-18,6.8971,28.36,35.4,2.17,0.0,7.0416
2019-03-19,6.9322,28.73,35.51,2.04,0.0,7.0651
2019-03-20,6.7886,27.34,51.89,2.04,0.0,6.9197
2019-03-21,7.0522,27.14,53.83,2.09,0.0,7.1534
2019-03-22,6.8484,27.44,48.66,2.17,0.0,7.0603
2019-03-23,6.8323,30.19,30.39,2.39,0.02,6.9946
2019-03-24,6.8412,31.54,21.66,2.46,0.0,6.9823
2019-03-25,6.5474,32.64,21.56,2.69,0.0,6.8162
2019-03-26,7.0363,32.59,25.02,2.69,0.0,7.1688
2019-03-27,7.2182,30.82,41.37,1.66,0.04,7.3632
2019-03-28,6.9905,30.81,41.41,1.78,0.04,7.1347
2019-03-29,6.9038,30.83,51.59,1.92,0.03,7.0538
2019-03-30,6.7742,30.6,50.2,2.05,0.02,6.9396
2019-03-31,6.9974,29.91,54.86,1.84,0.01,7.0906
2019-04-01,7.3958,29.06,55.8,1.86,0.0,7.4371
2019-04-02,7.3313,29.13,55.44,1.56,0.01,7.4167
2019-04-03,7.0423,30.75,53.49,1.93,0.02,7.2442
2019-04-04,6.8621,30.82,53.19,2.16,0.03,7.0409
2019-04-05,6.8522,29.89,58.79,2.12,0.01,6.9919
2019-04-06,7.0574,30.31,53.19,2.08,0.0,7.2235
2019-04-07,7.2437,30.37,53.54,1.84,0.0,7.3582
2019-04-08,7.3445,30.88,55.1,2.37,0.0,7.4947
2019-04-09,7.3286,30.42,51.82,2.05,0.0,7.4947
2019-04-10,7.3507,30.23,53.15,2.23,0.0,7.5708
2019-04-11,7.2091,30.3,56.41,2.08,0.21,7.3966
2019-04-12,7.0654,31.02,54.4,1.84,0.25,7.2535
2019-04-13,6.804,32.32,42.86,2.48,0.12,7.0356
2019-04-14,6.5407,32.53,48.93,1.97,0.28,6.8357
2019-04-15,6.0677,30.85,49.74,1.65,1.56,6.7646
2019-04-16,6.0902,30.0,55.17,2.32,0.55,6.6821
2019-04-17,7.5629,28.94,48.4,2.69,0.0,7.6522
2019-04-18,7.2662,28.67,51.46,2.93,0.0,7.5912
2019-04-19,7.4486,30.18,50.45,2.17,0.0,7.6286
2019-04-20,7.6366,30.18,51.22,2.01,0.0,7.7974
2019-04-21,7.6541,30.48,52.21,1.97,0.0,7.7666
2019-04-22,7.6243,30.26,51.84,2.52,0.0,7.7734
2019-04-23,7.3762,30.64,53.37,2.62,0.0,7.5703
2019-04-24,7.1386,31.4,53.88,2.87,0.02,7.3769
2019-04-25,6.9398,32.09,52.88,2.91,0.02,7.2463
2019-04-26,6.9216,33.01,52.75,2.68,0.12,7.1863
2019-04-27,6.9377,34.35,49.98,2.63,0.12,7.2425
2019-04-28,6.5993,34.14,50.4,2.79,0.22,7.2307
2019-04-29,7.0159,32.1,56.2,2.73,0.1,7.2122
2019-04-30,7.0889,31.13,58.02,2.46,0.01,7.4246
2019-05-01,7.0512,29.94,60.16,2.52,0.01,7.4666
2019-05-02,7.4306,29.3,56.88,2.42,0.0,7.5859
2019-05-03,7.207,29.24,61.54,2.75,0.01,7.5506
2019-05-04,7.2197,29.57,62.02,2.92,0.05,7.457
2019-05-05,7.3721,30.05,58.07,2.48,0.01,7.524
2019-05-06,7.3411,30.98,56.28,2.47,0.01,7.5708
2019-05-07,7.1417,30.8,58.57,2.57,0.01,7.3963
2019-05-08,7.3663,30.27,60.29,3.14,0.0,7.5559
2019-05-09,7.3615,29.67,58.28,3.07,0.0,7.6531
2019-05-10,7.4477,29.76,58.69,2.75,0.0,7.7021
2019-05-11,7.6918,30.37,57.75,2.92,0.0,7.8194
2019-05-12,7.5718,30.79,59.96,2.69,0.01,7.7186
2019-05-13,7.6478,30.8,59.31,2.66,0.0,7.7479
2019-05-14,7.7875,30.43,58.6,2.31,0.0,7.8737
2019-05-15,7.7206,30.79,56.86,2.39,0.0,7.7947
2019-05-16,7.4926,30.81,54.9,2.37,0.13,7.7002
2019-05-17,7.0685,31.01,55.41,2.74,0.0,7.3565
2019-05-18,7.1748,32.22,52.53,3.04,0.0,7.4318
2019-05-19,7.5293,33.45,46.16,3.51,0.0,7.6582
2019-05-20,7.5838,32.71,55.09,2.98,0.0,7.7069
2019-05-21,7.4131,32.27,59.54,2.95,0.01,7.5598
2019-05-22,7.3973,31.78,61.87,2.55,0.01,7.6498
2019-05-23,7.3471,31.68,60.25,2.81,0.01,7.5252
2019-05-24,7.4602,31.27,62.43,2.45,0.01,7.6003
2019-05-25,7.4882,31.4,58.93,2.4,0.01,7.651
2019-05-26,7.3622,31.21,57.9,2.27,0.02,7.6574
2019-05-27,7.3754,31.7,57.02,2.58,0.03,7.5835
2019-05-28,7.6034,32.01,58.95,2.95,0.01,7.717
2019-05-29,7.4974,32.02,59.05,2.74,0.01,7.6762
2019-05-30,7.2881,31.66,62.33,2.87,0.02,7.6445
2019-05-31,7.3944,31.92,61.12,2.72,0.04,7.6135
2019-06-01,7.1594,31.95,59.96,3.11,0.05,7.4914
2019-06-02,6.9914,32.19,62.15,2.89,0.05,7.4131
2019-06-03,6.4709,31.52,62.29,3.16,0.06,7.2444
2019-06-04,6.383,31.62,62.79,3.31,0.04,7.1832
2019-06-05,6.7673,32.05,59.66,2.73,0.16,7.1609
2019-06-06,5.8908,31.53,60.32,2.76,0.27,6.9991
2019-06-07,6.2455,32.05,60.66,2.73,0.94,6.8371
2019-06-08,6.4829,32.32,62.09,1.92,1.58,6.883
2019-06-09,6.6787,31.43,65.08,2.05,2.08,6.9382
2019-06-10,3.6178,30.42,71.2,1.73,9.21,6.8098
2019-06-11,5.845,29.49,79.83,1.56,21.09,6.7212
2019-06-12,3.5532,29.16,76.37,6.16,11.63,7.1854
2019-06-13,4.5218,29.51,72.65,6.79,7.07,7.2115
2019-06-14,4.3603,29.34,73.98,5.55,13.85,7.0404
2019-06-15,5.2176,29.33,76.95,5.31,20.94,7.002
2019-06-16,5.8325,29.84,76.59,4.62,4.69,7.1208
2019-06-17,5.7334,29.6,77.02,4.47,4.22,7.0082
2019-06-18,3.0962,29.42,76.27,4.68,4.49,6.9132
2019-06-19,5.3342,29.26,77.8,3.46,5.07,6.7738
2019-06-20,6.3542,29.1,76.73,2.91,1.44,6.9012
2019-06-21,6.587,29.34,73.67,2.5,0.14,6.869
2019-06-22,6.4874,29.46,72.45,2.17,0.19,6.947
2019-06-23,5.0266,29.17,75.41,2.52,1.21,6.5537
2019-06-24,3.9802,27.92,80.86,2.15,6.26,6.6194
2019-06-25,4.8979,29.15,76.79,2.38,4.64,6.7219
2019-06-26,6.2712,29.07,78.97,2.1,10.02,7.0063
2019-06-27,4.4666,28.59,83.74,3.24,46.97,7.1237
2019-06-28,0.7766,27.24,89.52,4.29,122.07,6.5986
2019-06-29,2.3813,26.94,92.32,3.62,62.96,6.6108
2019-06-30,1.7803,27.24,89.03,3.0,73.3,6.733
2019-07-01,1.0406,26.96,91.98,3.08,94.36,6.6554
2019-07-02,1.9778,26.95,90.32,2.74,45.51,6.5458
2019-07-03,3.359,26.66,91.9,2.45,25.44,6.2873
2019-07-04,2.688,26.38,86.18,2.98,6.45,6.6216
2019-07-05,2.2282,27.23,89.74,4.39,55.39,6.0883
2019-07-06,2.2838,26.95,91.3,5.06,77.64,5.9232
2019-07-07,1.9404,26.88,91.99,4.53,48.08,6.1586
2019-07-08,2.8606,27.2,91.36,4.61,49.77,6.4133
2019-07-09,5.0246,27.28,91.63,4.47,38.03,6.5258
2019-07-10,1.6327,27.23,91.49,4.61,38.66,6.6526
2019-07-11,3.3163,27.04,91.6,4.44,34.82,6.5083
2019-07-12,5.4271,27.23,90.69,3.63,7.91,6.8273
2019-07-13,3.3091,27.21,91.05,3.68,12.81,6.7517
2019-07-14,4.2024,27.06,91.2,3.7,13.06,6.7056
2019-07-15,4.6781,27.02,89.96,3.55,8.43,6.7776
2019-07-16,4.8641,26.81,91.41,3.55,10.45,6.7555
2019-07-17,5.491,27.03,90.49,2.57,5.15,6.87
2019-07-18,6.312,27.18,88.35,1.96,6.83,6.9127
2019-07-19,6.7474,27.53,86.69,1.53,13.37,6.9274
2019-07-20,4.129,27.53,87.92,1.52,12.97,6.4006
2019-07-21,5.1394,27.04,89.49,1.61,8.63,6.6773
2019-07-22,5.3537,27.32,91.94,2.33,16.65,7.0627
2019-07-23,5.8565,27.38,89.8,2.73,17.75,7.0474
2019-07-24,1.0639,26.81,93.0,4.36,77.04,6.937
2019-07-25,2.1019,27.08,91.25,4.09,31.46,6.6257
2019-07-26,3.953,26.76,91.65,4.42,83.36,6.4841
2019-07-27,2.7907,26.38,92.45,4.65,70.16,6.0122
2019-07-28,3.7061,26.49,91.48,4.57,22.85,6.2028
2019-07-29,1.47,26.21,92.27,4.73,66.13,6.3101
2019-07-30,1.2293,25.88,93.3,4.61,52.75,6.8194
2019-07-31,1.5504,26.26,91.57,4.55,45.07,7.0651
2019-08-01,4.3231,26.55,89.73,5.01,25.59,6.9439
2019-08-02,2.1228,26.23,91.09,5.5,65.63,6.8266
2019-08-03,0.9986,26.03,94.82,5.49,112.51,6.7687
2019-08-04,1.3846,26.1,94.5,5.11,117.88,6.7411
2019-08-05,2.2757,26.37,92.98,5.24,46.96,6.5208
2019-08-06,2.5934,26.3,92.99,5.05,19.5,6.3523
2019-08-07,3.0662,26.3,93.33,4.88,20.59,6.3115
2019-08-08,1.6661,26.26,92.2,5.05,16.86,6.2335
2019-08-09,1.8079,26.04,92.88,5.47,24.67,6.0689
2019-08-10,4.157,26.15,90.93,5.97,23.5,6.3602
2019-08-11,3.2676,26.03,90.35,4.58,17.72,6.0514
2019-08-12,4.5482,26.18,90.75,3.13,7.36,5.7984
2019-08-13,3.8261,26.45,91.39,3.34,7.59,5.7924
2019-08-14,3.997,26.14,92.97,2.68,7.92,6.0194
2019-08-15,4.1138,26.47,91.09,3.38,8.07,6.1346
2019-08-16,4.999,26.5,90.4,3.61,9.14,6.5318
2019-08-17,5.6652,26.38,89.18,3.09,3.51,6.4766
2019-08-18,5.8382,26.29,89.65,2.5,3.54,6.523
2019-08-19,6.0293,26.13,90.11,2.07,2.44,6.6485
2019-08-20,6.4574,26.06,89.47,1.63,2.07,6.78
2019-08-21,5.6357,26.38,89.38,2.33,10.97,6.8083
2019-08-22,6.0017,26.27,89.11,2.06,8.04,6.7505
2019-08-23,6.2393,26.12,88.7,1.62,4.87,6.744
2019-08-24,5.3743,26.28,89.46,2.11,7.86,6.5851
2019-08-25,5.2649,25.63,89.51,1.82,5.36,6.5669
2019-08-26,5.6083,25.7,89.4,2.14,2.22,6.4973
2019-08-27,5.6018,26.09,88.65,2.39,4.08,6.6586
2019-08-28,4.968,26.56,88.49,2.28,2.2,6.6434
2019-08-29,5.9779,27.0,88.49,2.22,8.09,6.7085
2019-08-30,4.1585,26.84,89.54,2.67,24.82,6.6946
2019-08-31,4.6486,26.61,91.59,3.11,38.14,6.4968
2019-09-01,1.6346,26.03,92.5,2.51,25.22,6.4188
2019-09-02,4.8254,26.59,90.81,3.28,34.58,6.0773
2019-09-03,2.335,26.4,91.7,3.6,87.13,6.1032
2019-09-04,1.0944,25.95,93.44,3.43,103.54,6.1826
2019-09-05,3.2393,26.3,93.02,3.86,68.34,6.4414
2019-09-06,3.9082,26.23,91.95,4.03,61.91,6.2731
2019-09-07,3.0262,26.26,91.39,4.33,83.79,6.4565
2019-09-08,2.0441,26.24,91.85,3.88,34.3,6.2654
2019-09-09,2.621,26.26,92.64,3.7,32.48,5.7595
2019-09-10,2.771,26.39,92.06,3.63,25.56,6.1063
2019-09-11,3.8988,26.11,92.18,3.28,14.41,6.1075
2019-09-12,3.2383,25.76,93.32,2.8,23.64,5.9105
2019-09-13,3.3322,26.22,91.96,3.27,42.01,5.8913
2019-09-14,4.1772,26.51,92.34,3.05,46.7,6.077
2019-09-15,2.4578,26.21,91.3,1.97,18.41,6.0619
2019-09-16,5.1672,26.08,91.31,2.57,10.09,5.9818
2019-09-17,3.4234,26.3,91.82,2.44,20.21,5.8034
2019-09-18,3.4646,26.67,93.34,2.39,16.63,5.6225
2019-09-19,4.4878,26.83,90.13,1.41,41.85,6.0127
2019-09-20,3.8146,25.94,94.65,3.64,17.69,6.2278
2019-09-21,5.105,26.45,89.59,3.08,8.34,6.4668
2019-09-22,5.5522,26.69,90.48,2.6,2.53,6.4346
2019-09-23,5.8966,26.8,88.3,1.42,2.98,6.1702
2019-09-24,5.5164,27.06,88.26,1.48,32.88,5.9902
2019-09-25,2.1583,27.29,88.55,1.54,36.91,5.9854
2019-09-26,4.4047,26.32,91.94,2.1,34.47,6.0257
2019-09-27,2.6928,25.79,91.32,3.34,4.94,6.0914
2019-09-28,5.2618,26.08,89.64,2.46,1.78,6.2755
2019-09-29,4.7902,25.82,90.62,2.45,2.49,6.2842
2019-09-30,4.5869,26.11,90.09,2.2,3.88,6.1954
2019-10-01,5.0494,26.61,86.97,1.72,2.19,6.15
2019-10-02,5.8358,26.76,84.29,1.23,0.87,6.102
2019-10-03,5.705,26.78,86.04,1.35,1.63,6.031
2019-10-04,5.6426,26.15,88.49,1.16,10.62,5.9105
2019-10-05,5.7703,26.59,84.48,1.06,12.33,5.867
2019-10-06,6.0154,27.15,81.07,1.0,6.9,6.1013
2019-10-07,5.7214,26.99,83.64,1.25,3.95,5.9407
2019-10-08,5.6467,27.6,83.07,1.57,14.48,5.9592
2019-10-09,4.6872,27.24,83.21,1.54,14.02,5.7377
2019-10-10,5.5922,27.6,80.4,1.25,3.9,5.6683
2019-10-11,4.8389,27.77,79.14,0.96,1.91,5.6741
2019-10-12,5.4485,27.14,81.85,1.16,3.91,5.6794
2019-10-13,5.1302,27.3,83.18,1.37,4.44,5.4434
2019-10-14,5.3477,27.9,80.22,1.82,0.37,5.562
2019-10-15,5.8337,26.65,76.07,2.64,0.0,5.8534
2019-10-16,5.5846,25.6,77.65,2.74,0.0,5.7247
2019-10-17,5.382,26.26,78.06,2.23,0.0,5.4058
2019-10-18,3.173,25.98,83.47,1.81,2.16,5.0321
2019-10-19,1.8713,24.89,90.36,2.4,19.03,5.1996
2019-10-20,2.7406,25.11,88.93,2.17,10.96,5.437
2019-10-21,3.925,25.12,89.95,1.95,5.18,5.6609
2019-10-22,3.144,25.17,92.12,1.78,22.63,5.4569
2019-10-23,3.2083,25.46,89.44,1.42,27.84,4.9848
2019-10-24,3.6233,25.9,88.41,1.81,9.29,5.01
2019-10-25,1.9526,24.99,90.02,3.48,4.14,4.8221
2019-10-26,2.0806,25.78,87.62,3.17,3.57,5.2697
2019-10-27,4.302,25.34,81.53,2.11,1.1,5.3966
2019-10-28,4.7945,25.87,82.06,1.63,1.03,5.5997
2019-10-29,5.2726,26.63,85.88,1.4,1.16,5.3796
2019-10-30,5.0429,27.15,85.9,1.88,2.58,5.3237
2019-10-31,5.0602,26.5,84.24,2.13,0.48,5.317
2019-11-01,3.8904,25.67,89.08,2.04,17.85,5.0772
2019-11-02,4.5914,25.8,86.05,1.66,19.71,5.3729
2019-11-03,5.2759,26.17,83.21,1.15,2.17,5.4372
2019-11-04,5.25,26.36,84.16,1.44,2.49,5.3566
2019-11-05,5.165,25.92,79.5,1.46,0.44,5.2315
2019-11-06,5.0525,25.36,82.29,1.35,0.45,5.1372
2019-11-07,4.3694,25.16,88.54,1.9,2.49,5.3225
2019-11-08,4.4494,25.42,85.71,1.74,6.8,5.4775
2019-11-09,3.2162,25.4,79.92,0.89,0.76,5.4638
2019-11-10,5.2411,25.36,81.37,1.17,0.0,5.3052
2019-11-11,4.9135,25.73,77.48,1.35,0.06,4.9764
2019-11-12,4.7309,25.79,76.94,1.53,0.08,4.7482
2019-11-13,4.3901,24.7,80.34,2.22,0.02,4.6085
2019-11-14,4.759,24.21,76.25,2.17,0.0,4.7642
2019-11-15,3.8873,25.22,81.39,1.67,0.0,4.399
2019-11-16,4.0034,26.06,79.83,1.6,0.0,4.1126
2019-11-17,4.2151,25.91,80.07,2.1,0.0,4.2406
2019-11-18,4.7143,24.76,75.43,2.16,0.0,4.8094
2019-11-19,4.0514,24.48,72.89,2.12,0.0,4.6486
2019-11-20,4.4705,24.26,74.69,1.79,0.0,4.7772
2019-11-21,4.1966,25.17,77.74,1.87,0.0,4.2134
2019-11-22,4.0123,24.88,76.31,2.04,0.0,4.1722
2019-11-23,4.3085,24.77,74.79,2.05,0.0,4.3452
2019-11-24,4.1614,24.57,71.28,2.09,0.0,4.1966
2019-11-25,4.5043,24.19,69.34,1.92,0.0,4.517
2019-11-26,4.5482,24.44,72.47,1.91,0.0,4.5883
2019-11-27,4.1916,24.32,74.62,2.06,0.0,4.2082
2019-11-28,4.5192,24.42,73.75,1.92,0.0,4.5298
2019-11-29,4.2785,25.23,75.7,1.67,0.0,4.5485
2019-11-30,3.2803,25.59,75.8,2.0,0.07,4.2847
2019-12-01,3.5897,25.77,78.97,1.75,0.1,4.2178
2019-12-02,4.3716,26.23,75.4,2.17,0.01,4.4837
2019-12-03,3.9238,25.75,76.01,2.25,0.05,4.3642
2019-12-04,3.7968,25.82,79.61,1.86,0.2,4.2437
2019-12-05,2.3102,25.12,83.64,1.74,0.48,3.8542
2019-12-06,3.7454,24.04,77.18,2.39,0.04,4.2511
2019-12-07,4.278,24.25,74.6,2.39,0.0,4.3037
2019-12-08,3.9312,23.91,73.07,2.1,0.0,4.1549
2019-12-09,4.0608,24.77,77.14,2.07,0.0,4.1448
2019-12-10,3.9744,24.93,77.84,1.7,0.01,3.9893
2019-12-11,4.056,24.47,76.87,1.26,0.01,4.0798
2019-12-12,3.8153,23.4,78.71,1.34,0.01,3.8414
2019-12-13,4.3906,22.3,78.19,1.68,0.18,4.6973
2019-12-14,4.4141,22.3,77.32,1.88,0.0,4.4558
2019-12-15,3.8626,21.71,76.02,1.58,0.0,3.8952
2019-12-16,4.0094,23.4,78.84,1.59,0.0,4.164
2019-12-17,4.1832,23.87,75.75,2.61,0.0,4.2434
2019-12-18,4.2648,23.77,74.18,2.5,0.11,4.3061
2019-12-19,4.1614,23.69,72.88,2.08,0.0,4.229
2019-12-20,4.1026,23.86,72.49,1.71,0.0,4.3692
2019-12-21,3.6626,24.28,69.46,1.7,0.0,4.248
2019-12-22,3.2076,24.49,72.22,2.43,0.04,3.7457
2019-12-23,3.425,25.11,75.36,1.83,0.12,3.6787
2019-12-24,3.4265,25.06,79.88,1.6,0.19,3.7505
2019-12-25,2.0849,24.5,83.79,1.46,1.17,3.7464
2019-12-26,4.1306,23.64,77.23,1.49,0.08,4.2072
2019-12-27,4.445,22.77,74.42,1.75,0.0,4.6126
2019-12-28,4.0932,23.05,72.23,2.77,0.0,4.4117
2019-12-29,2.6414,22.8,77.95,2.58,0.0,3.6089
2019-12-30,4.1078,22.35,82.75,1.51,0.1,4.182
2019-12-31,4.2974,19.94,79.39,1.49,0.0,4.3795
2020-01-01,4.5586,19.39,77.27,1.39,0.0,4.9106
2020-01-02,4.3238,20.29,81.0,1.49,0.0,4.7186
2020-01-03,4.2492,19.84,78.36,1.83,0.03,4.5569
2020-01-04,4.093,19.41,71.24,1.58,0.0,4.1856
2020-01-05,4.6954,20.86,71.04,3.21,0.0,4.7177
2020-01-06,4.6289,22.83,68.83,3.32,0.05,4.6553
2020-01-07,3.8666,23.42,75.85,2.48,0.0,4.032
2020-01-08,4.2893,22.38,83.18,1.78,0.0,4.5377
2020-01-09,4.9447,20.25,68.66,1.8,0.0,4.9922
2020-01-10,4.5168,22.23,70.68,2.94,0.0,4.5444
2020-01-11,4.1906,23.27,66.14,2.98,0.0,4.2502
2020-01-12,4.4129,22.99,64.62,2.13,0.0,4.4417
2020-01-13,4.0822,22.67,79.11,1.43,0.04,4.3618
2020-01-14,4.4724,21.81,80.46,1.95,0.01,4.5199
2020-01-15,4.4971,19.85,75.92,2.13,0.0,4.6255
2020-01-16,5.1173,18.86,66.39,2.04,0.0,5.262
2020-01-17,5.153,17.25,60.12,1.92,0.0,5.3383
2020-01-18,5.1286,19.59,60.64,1.82,0.0,5.2286
2020-01-19,4.8185,21.51,63.04,1.6,0.0,4.8708
2020-01-20,4.8946,23.08,66.98,1.84,0.0,4.9174
2020-01-21,4.8398,23.23,63.07,1.51,0.0,4.8826
2020-01-22,4.8077,23.73,62.57,1.74,0.0,4.915
2020-01-23,4.5586,24.22,60.25,2.23,0.0,4.6087
2020-01-24,4.8962,24.57,62.58,2.24,0.0,4.9306
2020-01-25,4.7323,24.86,55.99,1.85,0.0,5.1034
2020-01-26,4.825,24.51,54.4,1.73,0.0,4.8744
2020-01-27,5.0472,23.5,59.93,1.62,0.0,5.0993
2020-01-28,4.1537,22.11,77.46,1.67,0.03,5.4348
2020-01-29,5.5471,20.4,67.05,2.34,0.0,5.6434
2020-01-30,5.645,19.28,54.28,1.85,0.0,5.7372
2020-01-31,5.4763,19.64,52.55,1.9,0.0,5.5793
2020-02-01,5.1552,21.0,53.74,1.76,0.0,5.2478
2020-02-02,5.3666,22.57,64.09,2.6,0.01,5.3918
2020-02-03,5.2337,22.95,70.32,1.52,0.0,5.31
2020-02-04,5.3148,22.61,61.68,1.92,0.0,5.3606
2020-02-05,5.3856,22.22,50.84,1.98,0.0,5.4454
2020-02-06,5.621,21.75,52.47,1.76,0.0,5.6554
2020-02-07,5.665,20.82,50.92,1.99,0.0,5.7163
2020-02-08,5.0981,21.98,59.2,2.15,0.0,5.1247
2020-02-09,5.2454,23.85,57.36,3.09,0.0,5.2706
2020-02-10,4.9666,25.4,58.81,2.77,0.0,5.0002
2020-02-11,4.5634,26.13,60.77,2.58,0.05,5.0114
2020-02-12,4.4369,26.9,57.29,2.5,0.01,5.1132
2020-02-13,4.47,26.44,53.76,2.35,0.01,5.251
2020-02-14,5.245,25.75,48.38,2.17,0.0,5.3491
2020-02-15,5.6374,25.28,45.4,1.91,0.0,5.6861
2020-02-16,5.363,25.72,49.18,1.75,0.0,5.4185
2020-02-17,5.2966,26.84,48.4,2.05,0.0,5.3633
2020-02-18,5.5063,27.1,46.14,2.28,0.0,5.5447
2020-02-19,5.6311,26.96,49.52,1.43,0.0,5.6602
2020-02-20,5.7677,26.63,51.62,1.55,0.0,5.8298
2020-02-21,5.7211,26.1,55.08,1.85,0.0,5.7881
2020-02-22,5.7953,26.87,45.39,1.72,0.0,5.8577
2020-02-23,5.9213,27.07,41.2,1.72,0.0,5.9964
2020-02-24,5.9479,26.68,39.48,2.1,0.0,6.0115
2020-02-25,5.9491,26.54,33.59,2.76,0.0,6.2909
2020-02-26,6.2846,26.5,34.25,2.82,0.0,6.3564
2020-02-27,6.3473,26.99,31.62,2.61,0.0,6.3994
2020-02-28,6.2914,27.15,35.18,2.16,0.0,6.3415
2020-02-29,5.9714,27.14,40.97,1.89,0.11,6.0166
2020-03-01,5.9974,26.82,48.66,1.91,0.02,6.0382
2020-03-02,6.4046,26.89,54.32,1.77,0.0,6.4738
2020-03-03,6.6463,25.3,62.8,1.85,0.0,6.7102
2020-03-04,6.0562,25.02,61.72,1.85,0.0,6.3684
2020-03-05,6.2513,24.73,64.01,1.88,0.0,6.4183
2020-03-06,6.1462,24.76,65.33,2.43,0.05,6.6089
2020-03-07,6.6989,24.64,55.41,2.03,0.02,6.8441
2020-03-08,6.7894,24.62,52.05,2.1,0.0,6.8957
2020-03-09,6.479,25.22,57.32,1.94,0.0,6.6434
2020-03-10,6.0454,25.52,64.39,2.44,0.0,6.684
2020-03-11,6.8206,24.68,59.97,2.29,0.03,7.0042
2020-03-12,6.7483,23.81,63.61,2.14,0.62,6.9871
2020-03-13,6.5705,23.36,51.14,2.59,0.0,7.1114
2020-03-14,7.0279,25.04,28.44,2.79,0.0,7.2101
2020-03-15,6.6535,27.42,26.19,2.63,0.0,7.0006
2020-03-16,6.5107,29.76,28.35,2.72,0.04,6.5971
2020-03-17,6.3979,30.6,28.56,1.91,0.02,6.4757
2020-03-18,6.5458,30.41,30.04,2.43,0.0,6.5856
2020-03-19,7.0836,28.37,44.08,2.25,0.01,7.1076
2020-03-20,6.9886,27.38,57.4,2.1,0.0,7.1496
2020-03-21,6.9302,27.31,56.38,1.84,0.0,7.0562
2020-03-22,6.8054,28.81,52.78,2.24,0.0,6.9079
2020-03-23,6.773,29.98,48.77,2.11,0.08,6.9036
2020-03-24,6.3758,30.81,49.14,1.95,0.12,6.6079
2020-03-25,5.6974,31.32,47.94,1.62,0.79,6.2878
2020-03-26,5.6743,30.64,53.88,2.16,0.63,6.3463
2020-03-27,5.8368,30.39,52.23,2.12,0.84,6.3506
2020-03-28,6.2784,30.63,45.11,2.83,0.32,6.498
2020-03-29,6.6144,31.31,37.03,2.55,0.33,6.7474
2020-03-30,6.7414,30.81,36.55,1.99,0.15,6.8837
2020-03-31,6.6082,29.73,45.98,2.28,0.0,6.8741
2020-04-01,7.1042,30.08,47.01,2.5,0.0,7.2773
2020-04-02,6.9108,31.18,38.2,2.74,0.1,7.1347
2020-04-03,6.7978,31.03,45.94,2.39,0.0,7.0013
2020-04-04,7.1098,30.47,48.54,2.25,0.01,7.1825
2020-04-05,7.2374,30.33,49.29,1.84,0.16,7.3121
2020-04-06,7.032,29.48,57.42,1.96,0.32,7.3027
2020-04-07,7.2451,29.33,53.74,2.24,0.0,7.4376
2020-04-08,7.2888,28.63,53.93,2.06,0.0,7.512
2020-04-09,7.0954,28.94,57.28,2.2,0.0,7.3836
2020-04-10,6.9221,30.82,52.17,2.14,0.01,7.1573
2020-04-11,6.7901,32.64,45.96,2.27,0.08,7.0723
2020-04-12,6.6684,33.06,44.12,1.91,1.07,6.9907
2020-04-13,6.947,32.68,51.5,1.95,0.39,7.188
2020-04-14,6.888,32.97,53.57,1.96,0.31,7.1112
2020-04-15,6.8808,33.34,47.87,2.41,0.09,7.0831
2020-04-16,6.6665,32.41,56.54,2.18,0.48,6.918
2020-04-17,6.8244,32.09,53.31,2.1,0.09,6.971
2020-04-18,6.8736,32.59,48.87,2.45,0.21,7.0044
2020-04-19,6.8088,33.08,47.58,2.2,0.83,6.9542
2020-04-20,7.339,33.14,41.35,2.36,0.06,7.3862
2020-04-21,7.6363,31.75,43.96,2.52,0.09,7.7122
2020-04-22,7.2732,31.95,54.52,2.33,0.01,7.3824
2020-04-23,7.3128,32.04,54.66,2.3,0.04,7.4021
2020-04-24,7.5386,31.38,57.91,2.58,0.05,7.6138
2020-04-25,7.6166,30.84,53.97,2.61,0.01,7.7009
2020-04-26,7.434,31.06,53.66,2.46,0.01,7.5634
2020-04-27,7.2036,31.34,57.95,2.46,0.04,7.4198
2020-04-28,7.134,32.92,53.44,2.9,0.11,7.3188
2020-04-29,7.1074,33.07,53.55,2.23,0.23,7.2986
2020-04-30,6.9972,32.11,56.84,2.3,0.34,7.2262
2020-05-01,7.0106,31.5,60.91,2.59,1.0,7.237
2020-05-02,7.2034,31.76,61.02,2.77,1.63,7.2977
2020-05-03,7.4616,32.24,57.59,2.93,0.49,7.5706
2020-05-04,7.7822,31.63,56.51,2.5,0.06,7.8554
2020-05-05,7.3003,32.39,60.42,3.08,0.26,7.561
2020-05-06,7.6013,33.02,55.6,2.54,0.07,7.6783
2020-05-07,7.6956,32.52,52.7,2.62,0.01,7.8293
2020-05-08,7.4724,32.0,53.47,2.24,0.0,7.6987
2020-05-09,7.649,32.31,53.36,2.45,0.01,7.7136
2020-05-10,7.2982,32.27,54.65,2.62,0.06,7.3889
2020-05-11,7.7268,32.51,49.66,2.3,0.75,7.781
2020-05-12,7.518,32.02,52.25,2.52,0.08,7.6894
2020-05-13,7.1232,31.89,58.52,2.6,0.07,7.339
2020-05-14,7.0416,33.32,55.36,2.82,0.49,7.181
2020-05-15,6.9871,32.91,51.15,2.9,0.87,7.1611
2020-05-16,6.6029,32.33,54.15,2.89,0.32,7.0862
2020-05-17,6.42,32.18,56.3,3.84,0.29,7.0495
2020-05-18,6.8462,32.13,56.93,4.11,0.12,7.164
2020-05-19,7.2214,31.71,57.97,3.51,0.04,7.4359
2020-05-20,7.3747,31.8,58.45,2.95,0.01,7.6966
2020-05-21,7.3198,32.21,59.0,2.94,0.0,7.6538
2020-05-22,7.5394,32.42,56.44,3.23,0.0,7.6975
2020-05-23,7.704,32.5,57.2,3.13,0.01,7.7762
2020-05-24,7.5199,32.72,57.55,2.75,0.03,7.626
2020-05-25,7.3752,32.74,58.56,2.76,0.01,7.5235
2020-05-26,7.3358,32.17,60.14,2.66,0.0,7.6454
2020-05-27,7.5173,31.7,60.88,3.0,0.0,7.7558
2020-05-28,7.327,31.75,62.09,3.56,0.0,7.565
2020-05-29,7.3222,31.95,61.8,3.35,0.01,7.5458
2020-05-30,7.3522,31.94,62.19,2.88,0.02,7.4566
2020-05-31,7.2314,31.52,62.9,2.96,0.71,7.3987
2020-06-01,3.9274,31.31,58.28,1.01,2.69,7.0668
2020-06-02,2.0225,29.82,62.21,2.13,22.87,6.7666
2020-06-03,2.3143,27.43,83.91,4.87,74.26,6.9
2020-06-04,4.019,27.52,86.55,3.49,39.4,6.7373
2020-06-05,6.3403,28.31,76.93,2.64,3.73,7.0531
2020-06-06,6.48,28.56,81.92,3.3,16.7,7.3063
2020-06-07,6.2014,28.16,86.05,2.25,9.27,7.2031
2020-06-08,5.3834,28.03,71.22,2.1,15.51,7.3006
2020-06-09,5.8894,27.18,77.16,2.58,5.39,7.1386
2020-06-10,6.6194,27.66,80.35,2.44,8.8,7.3018
2020-06-11,5.2534,28.43,82.36,2.45,6.8,6.8947
2020-06-12,4.3865,28.2,84.66,2.4,8.65,6.3929
2020-06-13,4.3901,27.44,86.42,2.07,24.85,6.4058
2020-06-14,5.5126,28.01,86.01,2.23,14.0,6.5388
2020-06-15,3.6038,27.91,89.08,2.64,27.55,6.5278
2020-06-16,5.0885,27.3,88.45,2.32,11.86,6.4334
2020-06-17,5.489,28.0,87.97,2.96,13.46,6.7375
2020-06-18,3.2498,27.89,89.35,4.03,32.44,6.983
2020-06-19,6.0986,28.42,86.48,2.99,12.14,6.9818
2020-06-20,6.3336,28.22,86.23,3.11,4.55,7.0351
2020-06-21,6.516,27.89,86.94,2.92,7.22,7.0934
2020-06-22,6.0446,28.34,83.01,3.27,3.34,7.032
2020-06-23,5.8829,28.27,83.62,3.56,5.21,7.0294
2020-06-24,6.4034,28.29,82.83,3.03,1.01,7.2353
2020-06-25,6.8047,28.64,84.3,2.17,1.56,7.2778
2020-06-26,4.8017,27.52,86.53,1.73,4.17,7.128
2020-06-27,6.1848,27.8,85.26,1.88,8.23,6.9881
2020-06-28,5.6765,28.14,85.23,1.66,10.85,7.0586
2020-06-29,5.7648,28.24,87.13,2.02,36.73,6.9492
2020-06-30,6.0828,27.09,89.18,2.05,29.84,6.9893
2020-07-01,5.1523,27.28,85.97,3.02,7.54,7.1676
2020-07-02,5.3378,27.92,86.44,3.45,12.21,7.0195
2020-07-03,2.7751,27.1,91.29,4.44,43.62,6.9523
2020-07-04,1.8062,27.12,91.44,4.36,103.54,6.7644
2020-07-05,2.027,26.79,91.21,5.45,60.79,7.1129
2020-07-06,3.1831,27.61,89.34,6.16,44.96,6.8693
2020-07-07,4.4558,27.3,90.92,5.78,57.28,7.0932
2020-07-08,5.2363,27.44,88.53,4.24,20.4,7.0399
2020-07-09,5.7653,27.39,88.93,3.77,23.9,6.991
2020-07-10,5.1012,27.4,89.56,3.76,11.93,6.9941
2020-07-11,5.5109,27.37,90.89,3.58,14.43,6.8011
2020-07-12,3.2054,26.69,92.15,3.29,26.51,7.0613
2020-07-13,3.9672,26.73,91.91,2.68,18.16,6.954
2020-07-14,2.7514,27.29,91.03,3.16,31.35,6.8546
2020-07-15,1.2254,26.28,94.07,3.13,67.41,6.7212
2020-07-16,3.534,26.02,92.16,4.3,36.7,6.793
2020-07-17,4.8814,26.64,90.45,4.7,27.1,7.1506
2020-07-18,5.442,27.08,90.71,4.01,10.68,6.9962
2020-07-19,6.2906,27.19,89.65,2.93,5.8,6.7495
2020-07-20,6.2767,26.64,90.92,2.01,9.12,6.6737
2020-07-21,4.5276,26.81,89.93,2.19,5.01,6.9132
2020-07-22,5.3107,27.01,89.31,1.52,6.26,6.7675
2020-07-23,3.498,27.07,89.76,1.64,10.4,6.5851
2020-07-24,3.1078,26.44,90.24,1.69,23.0,6.7531
2020-07-25,4.3531,26.11,89.64,2.18,10.67,6.8695
2020-07-26,6.1382,26.56,88.39,2.63,9.09,7.0584
2020-07-27,4.4167,26.74,90.23,2.77,20.23,7.1018
2020-07-28,4.163,26.68,91.02,2.15,26.27,7.1047
2020-07-29,3.096,26.67,92.91,2.01,14.83,6.505
2020-07-30,4.7894,27.03,86.36,1.73,12.99,6.7548
2020-07-31,4.3769,26.58,90.12,1.53,6.53,6.9134
2020-08-01,5.8066,26.9,91.65,1.98,9.09,6.9029
2020-08-02,6.0677,27.18,91.61,2.52,8.9,7.0277
2020-08-03,4.0702,27.08,92.7,3.28,46.41,6.5827
2020-08-04,0.8527,26.91,92.92,5.1,109.49,6.8014
2020-08-05,0.9605,26.78,94.1,5.86,129.26,6.6204
2020-08-06,1.0754,26.34,91.88,5.62,126.09,6.737
2020-08-07,3.0902,27.03,91.1,5.31,24.63,6.7296
2020-08-08,4.661,26.85,90.36,4.4,15.15,6.7008
2020-08-09,4.3147,26.71,90.62,3.7,10.81,6.4867
2020-08-10,4.2053,26.44,92.3,3.55,34.61,6.492
2020-08-11,2.1871,26.44,91.07,4.06,22.1,6.3893
2020-08-12,1.6498,26.13,92.01,4.41,41.8,6.5969
2020-08-13,2.5394,25.89,94.32,4.38,55.75,6.6367
2020-08-14,1.6034,26.06,93.28,5.02,60.58,6.6262
2020-08-15,3.7008,26.1,93.59,4.72,41.16,6.5417
2020-08-16,2.5973,26.02,93.98,4.58,33.79,6.5962
2020-08-17,1.4808,25.88,93.98,3.83,51.77,6.4272
2020-08-18,3.9454,26.06,92.5,3.86,32.52,6.541
2020-08-19,4.5276,26.33,91.58,3.5,19.36,6.4843
2020-08-20,2.7732,25.79,95.05,3.5,48.99,6.5755
2020-08-21,1.3997,26.08,94.06,4.19,48.7,6.6091
2020-08-22,2.9863,26.5,93.33,4.26,20.82,6.515
2020-08-23,3.8561,26.4,92.67,4.35,13.15,6.5239
2020-08-24,3.965,26.45,90.9,4.16,9.61,6.6497
2020-08-25,4.9243,26.41,89.39,3.24,6.74,6.6778
2020-08-26,5.6964,26.25,88.56,2.42,2.87,6.516
2020-08-27,4.3618,25.99,89.63,2.76,7.86,6.5062
2020-08-28,1.567,25.99,92.03,2.79,56.94,6.4615
2020-08-29,1.1846,25.61,94.38,2.87,62.18,6.5114
2020-08-30,1.2686,25.89,93.57,3.24,31.07,6.5705
2020-08-31,4.4122,26.29,92.04,3.23,21.16,6.6792
2020-09-01,5.0839,26.29,90.84,2.1,7.35,6.6257
2020-09-02,5.3376,26.33,89.25,1.83,1.81,6.1562
2020-09-03,5.123,26.68,88.46,1.39,1.03,6.1906
2020-09-04,6.1318,27.74,85.22,1.3,4.27,6.4462
2020-09-05,6.1392,28.23,87.67,1.19,14.84,6.4445
2020-09-06,4.8958,28.66,86.16,1.19,8.73,6.4709
2020-09-07,5.297,27.93,87.45,1.38,11.46,6.5436
2020-09-08,5.6438,27.1,90.82,1.76,2.94,6.2508
2020-09-09,5.3983,26.11,90.74,1.36,5.77,6.287
2020-09-10,4.9649,26.57,93.42,1.36,39.64,5.934
2020-09-11,4.2113,26.72,91.77,1.22,11.8,6.1493
2020-09-12,5.0599,27.06,90.58,2.63,19.97,6.2556
2020-09-13,3.8465,26.37,91.14,3.03,6.26,6.3564
2020-09-14,4.3169,25.41,92.4,2.11,6.33,6.1999
2020-09-15,3.4776,25.17,93.09,1.66,4.01,6.3833
2020-09-16,3.7166,25.49,92.91,1.84,7.29,6.0281
2020-09-17,3.047,25.94,92.46,1.94,9.09,5.7086
2020-09-18,3.0456,25.93,92.23,1.82,3.02,5.5776
2020-09-19,3.4385,26.38,90.0,2.12,13.15,5.4557
2020-09-20,4.507,26.7,93.46,2.52,16.17,5.6117
2020-09-21,3.3365,26.47,93.87,2.97,10.41,4.9733
2020-09-22,1.4141,26.51,94.16,2.43,78.2,5.0294
2020-09-23,2.196,25.94,95.47,2.76,57.73,5.6928
2020-09-24,3.6166,26.79,91.99,1.87,5.55,6.0482
2020-09-25,3.6506,26.22,92.7,2.04,11.68,5.862
2020-09-26,5.5642,26.05,87.45,1.69,1.5,6.3554
2020-09-27,5.7994,26.07,85.83,1.58,1.95,6.3307
2020-09-28,5.1504,26.42,83.63,1.16,0.69,6.3552
2020-09-29,5.7298,26.12,84.66,1.49,0.68,6.2534
2020-09-30,6.0924,26.14,85.5,1.71,0.74,6.2899
2020-10-01,5.8591,26.02,86.88,1.54,0.68,5.9129
2020-10-02,5.1218,26.73,87.11,1.51,2.47,5.905
2020-10-03,3.9396,27.37,87.85,1.42,10.81,5.9345
2020-10-04,2.4802,26.78,89.45,1.87,4.6,5.6858
2020-10-05,5.6484,26.83,86.64,1.52,0.68,5.929
2020-10-06,5.7734,26.18,86.77,1.27,0.28,5.9107
2020-10-07,5.4326,27.54,83.67,1.2,0.44,5.8466
2020-10-08,4.5538,27.61,81.41,1.4,1.31,5.7425
2020-10-09,4.1724,27.93,78.41,1.04,0.27,5.4326
2020-10-10,4.9534,28.3,79.14,0.82,7.77,5.2994
2020-10-11,3.7265,27.88,80.26,0.98,11.12,5.25
2020-10-12,4.0315,27.27,84.74,1.24,2.68,5.3148
2020-10-13,4.793,28.16,81.18,0.86,8.22,4.9613
2020-10-14,3.8189,27.78,86.27,1.22,11.54,4.9466
2020-10-15,3.9194,26.77,93.48,3.2,48.81,5.6506
2020-10-16,4.5838,27.29,88.21,3.52,8.68,5.7355
2020-10-17,4.242,26.7,88.53,2.59,3.26,5.6381
2020-10-18,5.0458,26.28,89.57,1.85,1.23,5.5118
2020-10-19,4.2691,25.74,89.65,1.53,5.39,5.2402
2020-10-20,4.5782,27.01,90.42,1.15,19.24,4.9363
2020-10-21,4.3466,27.55,89.21,1.18,5.03,4.7786
2020-10-22,4.5468,27.08,90.39,1.48,15.08,4.8701
2020-10-23,4.9942,26.77,83.22,1.56,5.36,5.1367
2020-10-24,5.1665,27.32,77.31,0.82,2.59,5.4002
2020-10-25,5.2716,27.27,74.29,0.9,2.74,5.4883
2020-10-26,4.6754,26.99,77.67,1.3,0.07,5.4847
2020-10-27,5.5961,26.66,77.24,1.29,0.0,5.6237
2020-10-28,5.6431,26.22,70.26,1.1,0.0,5.6686
2020-10-29,5.4826,25.85,69.46,1.33,0.0,5.5073
2020-10-30,5.5615,25.9,68.36,1.31,0.0,5.6302
2020-10-31,5.55,25.41,69.13,1.42,0.0,5.5728
2020-11-01,4.7906,25.78,74.35,1.34,0.0,4.8254
2020-11-02,4.3966,26.55,78.13,1.32,0.0,4.7628
2020-11-03,4.5929,26.45,74.55,1.87,0.0,4.7122
2020-11-04,4.6512,25.46,72.37,1.78,0.0,4.7083
2020-11-05,4.8878,24.84,72.04,1.7,0.0,4.909
2020-11-06,5.2807,23.71,69.18,2.24,0.0,5.3167
2020-11-07,5.3009,23.75,73.03,2.58,0.0,5.3275
2020-11-08,4.8818,24.75,74.98,2.55,0.0,4.919
2020-11-09,5.1238,23.71,69.01,2.2,0.01,5.1516
2020-11-10,5.0746,22.15,69.05,2.77,0.0,5.0959
2020-11-11,5.0304,21.35,68.86,2.8,0.0,5.041
2020-11-12,5.113,22.08,70.07,2.45,0.0,5.1487
2020-11-13,5.2327,25.1,80.54,1.8,0.0,5.2668
2020-11-14,5.0338,26.39,81.27,1.7,0.01,5.1026
2020-11-15,4.8559,26.36,77.47,1.24,0.03,4.9877
2020-11-16,4.8425,26.18,75.6,1.75,0.0,4.8804
2020-11-17,4.6997,26.83,79.65,1.43,0.05,4.9378
2020-11-18,3.9922,25.82,82.39,1.59,0.08,4.6291
2020-11-19,4.1712,25.95,81.33,1.26,0.04,4.6303
2020-11-20,4.3217,26.16,80.64,1.07,0.22,4.8122
2020-11-21,4.7767,25.76,78.5,1.3,0.03,4.8139
2020-11-22,4.7983,24.66,80.6,1.61,0.0,4.823
2020-11-23,4.8958,24.76,79.07,1.33,0.0,4.9157
2020-11-24,4.3164,24.77,74.64,1.06,0.0,4.3716
2020-11-25,3.3281,24.11,72.87,2.05,0.0,4.4702
2020-11-26,4.1424,23.63,71.13,1.99,0.0,4.2055
2020-11-27,4.6656,23.25,76.28,3.27,0.0,4.7018
2020-11-28,3.9917,23.77,79.88,2.67,0.01,4.7455
2020-11-29,4.716,25.18,80.16,2.0,0.0,4.8089
2020-11-30,4.5206,25.84,82.13,1.35,0.0,4.5636
2020-12-01,4.507,26.51,79.48,1.15,0.0,4.536
2020-12-02,4.4981,25.27,73.78,1.68,0.01,4.6099
2020-12-03,4.801,23.79,66.77,2.03,0.0,4.8283
2020-12-04,4.8552,23.63,65.49,1.97,0.0,4.9032
2020-12-05,4.8406,23.45,63.02,2.04,0.0,4.8926
2020-12-06,5.0383,22.73,65.03,2.61,0.0,5.0614
2020-12-07,5.0942,22.42,63.97,2.64,0.0,5.1086
2020-12-08,4.787,22.86,64.14,2.61,0.02,4.9613
2020-12-09,4.0512,23.89,69.45,1.97,0.01,4.7654
2020-12-10,3.9533,25.17,71.92,1.41,0.26,4.5811
2020-12-11,2.4396,24.8,79.62,0.94,2.09,4.0514
2020-12-12,1.4573,24.67,82.68,1.31,0.89,3.9943
2020-12-13,1.7616,24.41,82.78,1.05,1.45,4.0082
2020-12-14,3.1476,24.29,82.0,1.17,7.19,3.7138
2020-12-15,4.2115,23.81,80.13,1.42,0.06,4.4074
2020-12-16,4.2655,23.82,78.92,1.52,0.0,4.3375
2020-12-17,3.9977,23.84,75.04,1.49,0.0,4.1758
2020-12-18,4.2446,23.59,71.5,1.85,0.0,4.2737
2020-12-19,4.0082,22.68,71.57,2.48,0.0,4.0562
2020-12-20,4.613,21.55,67.85,2.82,0.25,4.7938
2020-12-21,4.9526,21.04,58.45,2.78,0.0,5.0066
2020-12-22,4.7918,20.86,54.33,2.13,0.0,4.9795
2020-12-23,4.9236,21.04,57.95,1.55,0.0,4.9661
2020-12-24,4.639,22.25,58.74,1.58,0.0,4.6666
2020-12-25,4.5096,23.26,64.45,2.32,0.0,4.5242
2020-12-26,4.375,23.4,65.28,2.13,0.0,4.5125
2020-12-27,4.3762,23.3,71.22,1.76,0.0,4.447
2020-12-28,4.8014,21.27,65.09,1.59,0.0,4.8458
2020-12-29,4.5878,20.81,64.44,1.44,0.0,4.6255
2020-12-30,4.1825,22.19,68.7,1.38,0.0,4.2329
2020-12-31,3.6763,23.74,68.4,2.31,0.0,3.7003
2021-01-01,3.0773,24.52,73.72,2.03,0.03,3.8405
2021-01-02,3.0732,23.85,76.92,1.31,0.02,3.6163
2021-01-03,3.762,23.59,71.22,1.25,0.01,3.9106
2021-01-04,3.1435,23.68,71.52,1.3,0.08,3.6715
2021-01-05,3.7006,23.33,71.57,1.33,0.08,3.8561
2021-01-06,3.942,23.69,68.91,1.66,0.0,4.2461
2021-01-07,3.8786,24.45,75.7,1.3,0.6,4.2881
2021-01-08,2.8706,25.0,81.37,1.25,3.32,4.4388
2021-01-09,3.7726,25.53,79.22,1.26,3.92,3.8734
2021-01-10,4.2965,26.17,76.34,1.65,0.19,4.5514
2021-01-11,4.3267,26.9,68.57,1.5,0.02,4.5533
2021-01-12,4.3519,27.02,60.23,2.0,0.0,4.525
2021-01-13,4.4681,26.35,60.54,1.81,0.0,4.8782
2021-01-14,4.8941,25.32,61.05,1.28,0.0,5.017
2021-01-15,4.8132,24.75,61.77,1.73,0.0,4.854
2021-01-16,4.8048,24.72,59.34,1.33,0.0,4.871
2021-01-17,4.7369,25.22,63.81,1.38,0.0,4.7858
2021-01-18,4.7561,25.17,63.03,1.51,0.0,4.7998
2021-01-19,4.8845,25.09,59.8,1.41,0.0,4.9553
2021-01-20,5.0321,24.38,55.82,1.53,0.0,5.1
2021-01-21,5.2315,22.98,53.2,1.43,0.0,5.3134
2021-01-22,5.0546,23.7,55.84,1.26,0.0,5.1192
2021-01-23,5.0508,23.92,58.23,1.32,0.0,5.0928
2021-01-24,5.2572,23.25,59.11,1.61,0.0,5.315
2021-01-25,5.3498,22.63,50.99,1.81,0.0,5.4269
2021-01-26,5.5044,22.36,47.57,1.59,0.0,5.5596
2021-01-27,5.3561,22.04,46.51,1.63,0.0,5.4079
2021-01-28,5.3609,21.96,47.9,1.61,0.0,5.4062
2021-01-29,5.2164,22.34,44.85,1.73,0.0,5.2747
2021-01-30,5.0707,23.41,43.98,1.57,0.0,5.1108
2021-01-31,4.9344,23.95,45.92,1.65,0.0,4.9817
2021-02-01,4.614,24.54,49.67,2.25,0.0,4.6786
2021-02-02,5.125,24.89,39.95,2.57,0.0,5.2565
2021-02-03,4.9733,23.91,41.43,1.91,0.0,5.0506
2021-02-04,5.1816,23.69,46.78,1.74,0.0,5.239
2021-02-05,5.2598,22.95,52.49,2.21,0.0,5.3131
2021-02-06,5.5495,23.35,42.33,2.15,0.0,5.6155
2021-02-07,5.6887,24.14,41.54,2.76,0.0,5.7396
2021-02-08,5.8798,24.25,40.12,2.26,0.0,5.9436
2021-02-09,5.9376,24.01,39.1,2.27,0.0,6.0115
2021-02-10,5.5469,24.15,40.48,1.67,0.0,5.8685
2021-02-11,5.4799,24.64,41.42,1.7,0.0,5.7161
2021-02-12,5.4696,24.72,43.49,1.72,0.0,5.579
2021-02-13,5.3645,24.96,45.39,1.71,0.0,5.419
2021-02-14,5.1007,25.01,54.19,1.64,0.0,5.1782
2021-02-15,4.9399,24.44,56.93,1.7,0.01,5.0093
2021-02-16,5.2601,24.01,64.84,1.92,0.0,5.3069
2021-02-17,5.311,24.9,62.56,1.78,0.01,5.3455
2021-02-18,5.0011,26.01,59.29,1.51,3.26,5.0647
2021-02-19,5.2577,25.78,60.75,1.98,8.1,5.2855
2021-02-20,5.687,25.37,51.27,2.35,0.0,5.7821
2021-02-21,5.525,26.75,49.5,2.86,0.0,5.5814
2021-02-22,5.6496,27.47,53.24,1.98,0.0,5.6858
2021-02-23,5.6465,27.63,50.79,1.63,0.0,5.7118
2021-02-24,5.7809,27.53,43.82,1.83,0.0,5.8378
2021-02-25,5.5949,27.34,44.9,2.05,0.0,5.6434
2021-02-26,6.2909,27.1,48.2,2.04,0.0,6.365
2021-02-27,6.4531,27.29,47.23,2.26,0.0,6.5088
2021-02-28,6.342,29.01,40.16,1.92,0.0,6.3996
2021-03-01,6.3497,29.82,35.17,2.72,0.0,6.4248
2021-03-02,6.5062,29.2,30.13,2.47,0.0,6.5496
2021-03-03,6.5146,29.44,25.65,2.14,0.0,6.6146
2021-03-04,6.45,29.38,23.08,2.31,0.0,6.5237
2021-03-05,6.6286,29.86,26.28,2.19,0.0,6.684
2021-03-06,6.5791,28.84,40.86,1.63,0.0,6.6317
2021-03-07,6.606,28.28,46.2,2.07,0.0,6.6386
2021-03-08,6.8021,28.34,43.26,2.11,0.0,6.8388
2021-03-09,6.4586,28.78,45.88,2.13,0.01,6.4963
2021-03-10,6.4265,28.69,46.96,1.96,0.01,6.4776
2021-03-11,6.067,28.55,45.42,2.09,0.0,6.2335
2021-03-12,6.2515,28.86,46.46,2.12,0.0,6.3382
2021-03-13,6.4478,30.55,33.35,2.5,0.0,6.5726
2021-03-14,6.0883,29.97,33.56,1.98,0.0,6.3259
2021-03-15,6.1577,29.89,30.65,1.99,0.0,6.3804
2021-03-16,6.0384,30.42,35.27,2.13,0.0,6.2107
2021-03-17,6.0466,30.44,32.96,2.22,0.02,6.1723
2021-03-18,5.5954,30.44,36.0,2.15,0.09,5.9066
2021-03-19,6.2076,28.84,47.33,2.37,0.07,6.2686
2021-03-20,6.1006,28.48,47.56,1.91,0.01,6.2654
2021-03-21,6.4214,29.0,44.62,1.67,0.02,6.5069
2021-03-22,6.4704,29.7,46.26,1.69,1.46,6.5057
2021-03-23,6.3454,30.59,41.87,2.09,0.37,6.3859
2021-03-24,6.6254,32.07,32.95,2.28,0.04,6.6893
2021-03-25,6.715,31.93,23.66,3.42,0.2,6.9254
2021-03-26,7.0006,31.51,23.36,2.31,0.0,7.1354
2021-03-27,6.9497,32.4,21.81,2.44,0.0,7.1546
2021-03-28,6.8453,31.83,30.15,1.94,0.01,7.069
2021-03-29,6.8604,31.31,36.77,2.02,0.01,7.0433
2021-03-30,7.0687,29.89,49.63,1.73,0.0,7.3075
2021-03-31,7.2307,29.0,53.94,1.87,0.0,7.3778
2021-04-01,7.039,29.12,61.81,1.84,0.04,7.2756
2021-04-02,7.0303,28.99,60.38,1.76,0.01,7.3018
2021-04-03,6.9278,28.9,58.85,1.9,0.0,7.1964
2021-04-04,6.9624,29.79,57.26,2.11,0.0,7.1765
2021-04-05,7.0711,30.38,53.4,2.26,0.0,7.2881
2021-04-06,7.0445,31.32,44.66,2.51,0.01,7.2499
2021-04-07,7.0325,31.36,44.59,2.32,0.0,7.3306
2021-04-08,5.9275,30.37,54.42,1.97,0.07,6.955
2021-04-09,6.7687,30.81,50.59,1.89,0.04,7.0039
2021-04-10,6.5801,31.36,46.12,1.98,0.08,6.9254
2021-04-11,6.5765,32.31,43.46,1.49,0.91,6.8124
2021-04-12,6.767,32.07,46.5,1.77,0.25,6.9463
2021-04-13,5.7415,32.59,41.6,1.49,1.78,6.4099
2021-04-14,6.3684,32.16,42.23,1.96,0.54,6.5251
2021-04-15,6.8126,31.34,44.26,2.0,0.32,7.0006
2021-04-16,7.1304,30.92,49.28,2.39,0.24,7.2929
2021-04-17,7.0874,31.08,51.25,2.7,0.0,7.283
2021-04-18,7.1842,31.9,50.25,2.49,0.01,7.3056
2021-04-19,7.1201,31.11,53.61,1.93,0.0,7.2538
2021-04-20,6.9694,30.81,55.28,2.17,0.01,7.3193
2021-04-21,6.4217,29.69,58.0,1.91,0.57,7.1899
2021-04-22,5.7149,30.91,56.25,2.21,0.09,7.321
2021-04-23,6.1332,30.81,50.32,2.21,0.01,7.2938
2021-04-24,6.487,30.95,47.07,2.1,0.03,7.4952
2021-04-25,6.8158,32.01,48.9,2.22,0.26,7.1962
2021-04-26,6.6204,31.41,59.41,1.88,0.65,7.0524
2021-04-27,6.7414,31.83,51.28,1.75,0.47,7.0656
2021-04-28,6.6228,31.64,47.91,1.86,0.47,6.9223
2021-04-29,6.3451,31.47,54.07,2.2,0.39,6.9223
2021-04-30,6.331,32.26,48.16,2.06,0.42,6.9204
2021-05-01,4.7659,32.85,45.33,2.01,0.57,6.7942
2021-05-02,6.0689,32.43,47.71,1.68,1.48,6.6286
2021-05-03,6.5909,32.52,49.4,1.91,1.39,6.6379
2021-05-04,7.2154,32.7,47.92,2.22,0.69,7.2708
2021-05-05,6.8417,32.69,48.73,2.19,1.2,7.1837
2021-05-06,6.6941,32.3,53.84,1.96,0.75,6.9005
2021-05-07,6.8822,32.49,51.87,1.93,0.8,6.9792
2021-05-08,6.7118,32.84,49.81,2.03,0.09,6.8556
2021-05-09,6.7963,32.61,53.27,2.08,0.38,6.8558
2021-05-10,7.5106,32.34,52.71,2.43,0.04,7.5523
2021-05-11,7.2461,32.04,51.96,2.49,0.01,7.5617
2021-05-12,7.5624,31.36,56.32,2.68,0.0,7.747
2021-05-13,6.767,30.99,53.38,2.12,0.12,7.5857
2021-05-14,6.9185,32.43,50.16,2.39,0.13,7.2787
2021-05-15,2.9525,34.65,46.23,2.87,3.09,6.7205
2021-05-16,3.4896,32.75,54.63,6.71,11.81,6.8914
2021-05-17,0.4262,28.09,82.99,10.87,192.72,6.7339
2021-05-18,1.4621,28.38,86.49,6.83,77.57,6.7068
2021-05-19,5.2771,28.52,83.65,3.4,12.87,7.007
2021-05-20,6.8659,28.88,77.0,1.58,0.35,7.1822
2021-05-21,7.3752,29.12,76.76,1.59,0.26,7.6219
2021-05-22,6.3526,28.74,79.58,1.88,0.48,7.1206
2021-05-23,6.7942,28.31,79.42,2.08,0.34,6.9962
2021-05-24,6.858,28.87,78.5,2.37,0.24,7.1071
2021-05-25,6.4339,29.01,79.47,2.78,0.18,7.0063
2021-05-26,6.3506,28.75,78.96,3.06,0.24,7.3882
2021-05-27,6.4908,29.23,75.87,3.04,0.21,7.1472
2021-05-28,6.57,29.44,78.37,2.81,0.23,7.1122
2021-05-29,6.1459,29.4,80.43,2.0,3.98,6.9266
2021-05-30,6.7111,28.93,83.18,1.65,5.6,7.0615
2021-05-31,6.1651,28.69,83.1,1.61,10.8,6.9826
2021-06-01,6.3624,28.6,83.43,1.77,18.38,7.0318
2021-06-02,5.7139,28.78,80.86,1.35,14.08,7.1935
2021-06-03,6.9646,29.15,77.64,1.33,4.88,7.2598
2021-06-04,6.726,29.08,77.88,0.99,3.62,7.1244
2021-06-05,5.0558,27.91,83.37,1.47,13.56,7.2401
2021-06-06,6.7226,28.29,80.94,2.05,10.04,7.1578
2021-06-07,4.4256,28.48,80.52,2.64,6.18,7.1602
2021-06-08,3.2676,28.27,84.22,2.64,31.0,7.1762
2021-06-09,1.0049,28.19,85.73,3.7,54.2,6.9998
2021-06-10,2.3376,27.56,89.85,4.01,55.91,6.8851
2021-06-11,4.7702,28.05,87.86,3.79,37.06,7.2516
2021-06-12,2.2637,28.24,90.49,3.61,32.49,7.0834
2021-06-13,6.2374,28.07,90.32,3.4,19.53,7.0805
2021-06-14,6.3802,28.55,87.04,3.42,5.61,6.857
2021-06-15,4.9694,28.13,88.22,4.23,29.75,6.9482
2021-06-16,4.6303,27.79,90.12,3.98,43.4,6.8712
2021-06-17,3.09,27.81,88.08,4.63,61.14,6.4298
2021-06-18,5.1427,27.82,87.82,5.02,54.49,6.4579
2021-06-19,5.1638,27.48,88.26,4.34,44.56,6.528
2021-06-20,5.4718,27.5,87.53,3.78,19.16,6.5786
2021-06-21,5.8766,27.28,88.0,2.97,5.09,6.2604
2021-06-22,6.0972,27.48,86.22,2.78,4.08,6.7397
2021-06-23,5.3597,27.28,86.95,2.77,5.47,6.6154
2021-06-24,4.3044,27.29,87.78,2.82,10.57,6.4178
2021-06-25,1.7856,27.02,88.61,3.02,21.47,6.7428
2021-06-26,6.1966,27.18,86.91,2.97,7.69,6.5554
2021-06-27,2.8735,26.79,86.35,2.09,6.28,6.4435
2021-06-28,4.1268,26.25,91.42,2.48,26.0,6.3137
2021-06-29,3.5738,27.3,89.09,2.21,6.74,6.6403
2021-06-30,5.1439,27.11,89.75,2.26,3.91,7.1484
2021-07-01,5.837,27.43,87.89,2.86,2.31,7.033
2021-07-02,6.3156,27.59,85.97,3.24,0.85,6.7627
2021-07-03,6.617,27.58,86.79,2.55,1.03,6.865
2021-07-04,6.7044,27.53,85.69,1.79,0.99,6.8986
2021-07-05,6.6523,27.41,85.4,1.4,3.95,6.817
2021-07-06,6.684,27.52,84.77,1.47,2.78,6.9521
2021-07-07,6.6226,27.66,85.77,1.76,4.93,7.0474
2021-07-08,4.9774,27.64,87.7,2.02,20.77,6.8916
2021-07-09,4.2026,27.24,87.92,1.47,24.21,6.7716
2021-07-10,3.0684,26.93,85.02,1.68,9.61,6.4848
2021-07-11,3.5964,26.74,91.29,3.55,15.08,6.907
2021-07-12,4.3918,26.58,93.27,5.08,93.46,7.0771
2021-07-13,2.4154,26.83,89.9,3.76,41.63,7.2214
2021-07-14,2.6489,26.64,92.04,3.52,27.06,7.1311
2021-07-15,4.8317,26.84,94.0,4.21,89.19,7.193
2021-07-16,4.561,26.99,90.86,3.59,26.92,7.3217
2021-07-17,4.9543,26.86,92.18,3.15,64.44,7.0848
2021-07-18,4.9706,26.9,92.76,4.4,69.83,7.0008
2021-07-19,2.6309,26.65,92.5,4.93,105.98,6.9778
2021-07-20,3.5342,26.52,92.2,4.36,60.3,6.8148
2021-07-21,1.0454,26.32,92.08,5.42,119.2,5.7862
2021-07-22,2.3412,26.47,90.55,5.16,44.19,6.4222
2021-07-23,2.4314,26.33,92.32,4.25,55.22,5.8778
2021-07-24,5.2795,27.16,90.69,3.57,31.3,6.3811
2021-07-25,4.0111,26.85,92.11,4.17,26.27,6.2278
2021-07-26,5.0477,26.76,90.04,5.22,18.53,6.5772
2021-07-27,4.4969,26.45,88.75,5.06,16.2,6.6876
2021-07-28,2.2615,26.37,88.95,5.22,18.34,6.5162
2021-07-29,3.1968,25.88,90.99,4.85,20.2,6.2275
2021-07-30,4.2557,25.68,91.43,4.72,30.93,6.0302
2021-07-31,4.6104,26.16,89.28,4.71,6.43,5.9119
2021-08-01,3.8105,26.09,88.05,4.28,5.98,6.4267
2021-08-02,4.7515,26.32,88.37,4.21,11.06,6.5594
2021-08-03,3.8585,26.5,89.65,4.28,15.55,6.3751
2021-08-04,3.4543,26.3,90.23,4.19,13.85,6.4435
2021-08-05,4.5077,26.33,89.26,4.04,6.41,6.3439
2021-08-06,4.2883,26.48,88.97,3.3,3.8,6.4128
2021-08-07,4.7746,26.6,88.3,2.32,2.27,6.7279
2021-08-08,4.4278,26.58,88.93,2.01,4.96,6.5568
2021-08-09,5.6885,26.84,87.98,2.04,1.55,6.5832
2021-08-10,4.445,26.44,88.85,2.02,3.37,6.4361
2021-08-11,4.6757,26.61,88.49,2.12,5.82,6.5969
2021-08-12,5.0503,26.5,88.06,2.53,10.95,6.4714
2021-08-13,4.9478,26.36,88.64,2.66,7.09,6.6408
2021-08-14,4.3469,26.1,88.96,2.8,16.19,6.7517
2021-08-15,3.8422,26.27,88.53,2.63,17.72,6.793
2021-08-16,2.7828,26.3,88.76,1.8,10.27,6.684
2021-08-17,2.6698,25.72,90.55,1.67,11.53,6.1414
2021-08-18,1.3433,25.06,92.0,1.66,28.89,5.8258
2021-08-19,0.9413,25.31,91.78,1.58,38.03,5.7703
2021-08-20,1.861,25.65,90.44,2.14,16.41,6.1469
2021-08-21,1.0966,25.69,90.67,2.01,36.37,6.0029
2021-08-22,4.2586,25.14,90.99,1.64,1.6,6.1661
2021-08-23,5.8764,25.91,85.7,1.56,0.42,6.8666
2021-08-24,5.923,26.44,86.82,1.36,1.09,6.7238
2021-08-25,6.0653,26.6,86.99,1.67,1.31,6.8102
2021-08-26,4.7076,26.72,87.91,1.74,3.53,6.7262
2021-08-27,5.7,26.88,86.81,1.81,3.63,6.5652
2021-08-28,6.4027,26.64,85.95,1.45,0.93,6.5887
2021-08-29,5.3554,26.79,84.79,1.43,0.96,6.4589
2021-08-30,3.354,25.87,89.8,2.51,15.65,5.9962
2021-08-31,1.1906,25.24,93.65,3.95,81.32,5.6801
2021-09-01,2.6371,25.89,91.89,3.12,11.59,5.8008
2021-09-02,4.8766,25.83,91.81,2.67,7.96,6.3271
2021-09-03,3.1102,26.31,89.79,2.76,18.03,6.4219
2021-09-04,4.9279,26.32,90.24,2.22,15.54,6.4942
2021-09-05,4.3838,26.32,90.33,2.06,13.12,6.2822
2021-09-06,4.1784,26.19,92.02,2.63,13.94,6.3818
2021-09-07,2.2294,26.24,94.91,3.08,50.27,5.8394
2021-09-08,3.1378,26.15,94.63,3.81,37.54,6.3422
2021-09-09,5.137,26.41,91.28,4.23,15.9,6.4682
2021-09-10,5.1713,26.61,90.56,4.3,17.93,6.4841
2021-09-11,4.2989,26.73,91.63,4.32,31.19,6.4495
2021-09-12,3.2868,26.7,93.04,3.46,46.82,6.1236
2021-09-13,0.9458,26.44,93.46,3.53,37.0,5.9546
2021-09-14,2.5658,26.37,91.42,3.6,14.56,6.2208
2021-09-15,4.4328,26.07,90.29,3.18,3.75,6.215
2021-09-16,4.5406,26.15,90.44,3.0,1.98,6.1471
2021-09-17,5.6028,25.85,90.19,2.17,0.66,6.4658
2021-09-18,5.2711,25.93,90.85,2.32,2.66,6.3209
2021-09-19,4.6387,26.47,90.84,2.4,15.01,6.4246
2021-09-20,5.1382,26.44,91.22,2.09,16.88,6.2592
2021-09-21,3.1039,26.29,91.58,2.5,34.56,6.1937
2021-09-22,2.4214,26.13,91.92,2.38,37.11,6.0629
2021-09-23,5.0462,26.41,89.67,1.93,6.56,6.0518
2021-09-24,5.3969,26.25,87.68,1.45,0.99,5.9976
2021-09-25,5.6688,26.46,86.81,1.37,1.75,6.0893
2021-09-26,4.5823,26.26,88.03,1.39,1.63,5.8291
2021-09-27,2.196,25.83,89.88,1.51,19.86,5.6359
2021-09-28,3.5122,24.93,94.04,3.58,72.57,5.9928
2021-09-29,2.8937,25.72,92.24,3.49,17.41,5.8013
2021-09-30,4.6354,26.8,90.81,2.68,7.01,6.2369
2021-10-01,5.1442,26.67,88.65,1.39,2.23,6.109
2021-10-02,4.3354,27.34,88.66,1.46,1.5,5.9515
2021-10-03,5.5934,27.53,87.51,1.55,1.48,6.06
2021-10-04,5.8406,27.51,89.44,1.9,2.69,6.0317
2021-10-05,5.4396,27.65,89.66,1.82,3.83,6.1637
2021-10-06,5.0803,28.22,84.61,0.96,21.94,5.6652
2021-10-07,5.3059,28.5,85.64,1.22,1.1,5.6191
2021-10-08,4.2144,27.01,92.55,1.47,10.44,5.3374
2021-10-09,4.2482,26.85,90.71,1.41,10.26,5.1972
2021-10-10,4.9793,27.16,85.29,0.86,2.3,5.2435
2021-10-11,4.7796,27.32,85.62,0.95,4.2,5.4046
2021-10-12,4.404,27.95,83.29,1.02,8.91,5.3429
2021-10-13,5.2625,28.03,80.65,1.27,0.99,5.4989
2021-10-14,5.2699,28.12,75.65,1.27,0.18,5.3458
2021-10-15,5.8558,27.66,78.49,1.81,0.01,5.8788
2021-10-16,5.8627,26.1,75.9,1.7,0.0,5.9177
2021-10-17,5.1022,27.1,80.61,1.25,0.14,5.3786
2021-10-18,5.735,26.5,79.02,1.73,0.02,5.7794
2021-10-19,5.7631,25.74,78.25,1.28,0.19,5.9014
2021-10-20,5.6738,24.75,80.78,1.44,0.07,5.8738
2021-10-21,5.7566,25.28,74.52,1.43,0.0,5.7713
2021-10-22,5.8826,25.06,73.98,1.33,0.0,5.905
2021-10-23,5.8922,24.3,78.43,1.42,0.0,5.9222
2021-10-24,5.8248,23.69,85.98,1.64,0.11,5.88
2021-10-25,5.671,24.32,82.03,1.67,0.01,5.8092
2021-10-26,5.5531,24.81,75.96,1.47,0.05,5.621
2021-10-27,5.484,24.81,72.12,1.94,0.0,5.5716
2021-10-28,4.9541,24.61,75.87,2.35,0.07,5.0002
2021-10-29,5.4144,24.49,74.47,2.62,0.0,5.5354
2021-10-30,5.3522,24.23,73.91,2.64,0.05,5.5217
2021-10-31,5.2378,25.19,75.29,2.12,0.0,5.261
2021-11-01,4.9687,25.25,76.44,1.91,0.0,5.1722
2021-11-02,4.7465,25.79,73.19,1.82,0.0,5.0465
2021-11-03,5.022,25.35,76.57,2.11,0.0,5.1386
2021-11-04,4.4611,26.53,78.66,1.34,0.12,4.8814
2021-11-05,4.5737,26.98,79.93,1.57,3.21,4.7398
2021-11-06,2.5198,26.09,83.01,1.12,5.42,4.71
2021-11-07,2.2697,25.35,83.65,1.22,1.34,4.499
2021-11-08,4.499,24.8,74.16,2.12,0.01,4.9373
2021-11-09,4.7606,22.97,71.0,2.62,0.0,4.7875
2021-11-10,4.6949,22.97,66.96,2.39,0.0,4.733
2021-11-11,4.4964,22.49,70.15,2.56,0.0,4.5562
2021-11-12,4.8619,23.06,68.81,2.43,0.0,4.957
2021-11-13,4.5538,25.46,79.35,2.06,0.0,4.735
2021-11-14,4.4604,26.3,81.33,2.03,0.03,4.511
2021-11-15,4.2732,26.48,85.35,1.31,0.12,4.483
2021-11-16,3.7267,27.1,83.12,1.84,2.06,4.428
2021-11-17,3.3862,26.94,84.4,1.81,3.44,4.4266
2021-11-18,3.6377,26.66,85.24,1.71,7.44,4.6577
2021-11-19,4.4316,26.74,83.43,1.2,1.71,4.6642
2021-11-20,4.2715,27.22,82.79,1.42,1.05,4.6255
2021-11-21,3.7934,27.46,83.62,1.77,11.21,4.6656
2021-11-22,3.5105,26.07,89.31,1.88,10.17,4.4928
2021-11-23,4.6745,26.91,86.58,1.17,0.03,4.8192
2021-11-24,4.2883,27.04,82.78,1.84,0.01,4.3166
2021-11-25,4.3613,26.11,77.75,1.3,0.0,4.4434
2021-11-26,4.7002,25.32,76.17,1.76,0.0,4.7294
2021-11-27,4.6884,24.75,71.67,1.6,0.0,4.7695
2021-11-28,4.4484,22.18,75.8,2.77,0.0,4.6807
2021-11-29,4.451,22.98,72.38,2.91,0.0,4.6625
2021-11-30,2.6203,23.36,83.38,2.77,2.44,4.4597
2021-12-01,0.7234,21.92,90.21,2.55,63.01,4.4892
2021-12-02,1.2943,22.43,82.78,3.06,7.07,4.2413
2021-12-03,3.8352,23.72,84.12,1.35,0.14,4.1813
2021-12-04,4.1251,24.37,80.28,1.38,0.05,4.337
2021-12-05,4.1213,23.22,80.49,1.13,0.03,4.7117
2021-12-06,3.755,23.08,80.91,1.54,0.02,3.881
2021-12-07,3.7056,23.47,75.17,2.17,0.0,3.7594
2021-12-08,3.5652,23.34,73.8,2.46,0.11,3.9199
2021-12-09,3.6746,23.67,72.09,1.76,0.0,3.9449
2021-12-10,3.9523,23.73,75.92,2.36,0.0,4.0118
2021-12-11,3.5496,24.02,76.93,2.12,0.0,3.6125
2021-12-12,4.0774,24.34,72.77,1.92,0.01,4.1251
2021-12-13,3.8064,23.38,76.54,1.32,0.01,3.9389
2021-12-14,4.0786,22.59,75.81,1.26,0.0,4.1006
2021-12-15,3.5215,22.7,78.08,1.51,0.2,4.0409
2021-12-16,3.847,22.73,79.15,1.48,0.0,4.008
2021-12-17,3.9617,22.33,78.75,1.34,0.0,4.1242
2021-12-18,4.0586,22.41,74.19,2.03,0.0,4.0973
2021-12-19,4.2686,21.9,70.03,2.4,0.0,4.2814
2021-12-20,4.1614,21.16,70.16,2.01,0.0,4.271
2021-12-21,4.4009,20.96,68.61,1.71,0.0,4.4158
2021-12-22,4.2797,20.87,70.82,1.3,0.0,4.3282
2021-12-23,4.5269,21.08,69.55,1.37,0.0,4.5442
2021-12-24,4.5046,20.35,74.84,1.34,0.0,4.5691
2021-12-25,4.4131,20.39,75.66,1.29,0.0,4.5024
2021-12-26,4.4551,21.05,73.38,1.53,0.0,4.6164
2021-12-27,4.5094,22.21,64.51,1.51,0.0,4.547
2021-12-28,4.199,22.07,68.91,1.24,0.0,4.2797
2021-12-29,4.4376,20.91,72.4,2.02,0.0,4.4724
2021-12-30,3.9727,21.48,74.9,2.8,0.0,3.9994
2021-12-31,4.0687,23.0,72.8,2.93,0.0,4.2706
2022-01-01,3.9499,23.09,74.41,2.01,0.0,4.1057
2022-01-02,4.1714,23.3,74.94,1.63,0.0,4.1897
2022-01-03,3.8503,23.4,75.51,1.78,0.0,3.9286
2022-01-04,4.2521,24.25,67.61,1.52,0.0,4.2794
2022-01-05,3.7277,23.05,70.5,1.71,0.0,3.9005
2022-01-06,3.8323,22.38,80.65,1.45,0.13,3.912
2022-01-07,3.7843,22.15,79.52,1.69,0.02,4.2624
2022-01-08,3.3929,22.41,79.95,1.47,1.44,4.5521
2022-01-09,5.0335,20.22,76.65,2.14,0.14,5.1254
2022-01-10,5.221,18.08,68.16,1.9,0.0,5.3196
2022-01-11,4.8168,17.87,71.33,1.53,0.0,4.9385
2022-01-12,4.5276,18.36,75.72,1.81,0.0,4.6121
2022-01-13,3.8746,18.95,75.56,1.72,0.0,4.1638
2022-01-14,4.1964,20.25,80.04,1.25,0.06,4.4779
2022-01-15,4.5202,21.79,74.81,1.92,0.0,4.6675
2022-01-16,4.5307,23.09,68.21,2.17,0.0,4.571
2022-01-17,4.5094,23.56,70.76,1.77,0.0,4.5487
2022-01-18,4.9486,23.45,67.99,1.66,0.0,5.0258
2022-01-19,5.148,22.88,62.79,1.88,0.0,5.1852
2022-01-20,5.2942,22.54,61.19,1.74,0.0,5.3323
2022-01-21,4.6075,22.22,75.18,1.46,0.05,4.9392
2022-01-22,4.3013,22.75,82.71,2.1,0.31,5.1209
2022-01-23,3.775,19.77,70.54,2.62,0.06,4.7057
2022-01-24,4.9546,16.59,56.47,1.98,0.0,5.0698
2022-01-25,4.9615,17.06,51.67,1.98,0.0,5.0378
2022-01-26,5.0688,18.84,53.89,1.7,0.0,5.1996
2022-01-27,5.3474,20.31,53.18,2.21,0.0,5.4266
2022-01-28,5.3542,21.28,51.74,2.69,0.0,5.4046
2022-01-29,5.6333,21.92,49.9,2.26,0.0,5.6825
2022-01-30,5.6086,21.91,54.42,1.5,0.0,5.6525
2022-01-31,5.8015,21.91,50.88,1.59,0.0,5.8493
2022-02-01,5.6688,22.19,51.89,1.78,0.0,5.7305
2022-02-02,5.7079,22.61,57.04,1.53,0.0,5.7734
2022-02-03,5.6453,21.65,75.37,1.74,0.0,5.7787
2022-02-04,5.4677,21.7,67.61,1.17,0.0,5.5505
2022-02-05,5.7626,21.12,54.14,1.67,0.0,5.8483
2022-02-06,5.6662,22.04,55.18,1.96,0.0,5.7583
2022-02-07,5.4917,21.52,70.0,1.73,0.0,5.585
2022-02-08,5.4806,21.12,76.52,1.81,0.0,5.5999
2022-02-09,5.6237,21.69,73.77,1.89,0.02,5.7722
2022-02-10,5.819,22.84,54.01,1.99,0.0,5.8678
2022-02-11,5.7571,24.06,46.98,2.66,0.0,5.8025
2022-02-12,5.6642,23.92,44.31,2.6,0.0,5.7137
2022-02-13,5.4629,24.06,47.62,1.87,0.0,5.5214
2022-02-14,5.8152,22.75,59.92,2.03,0.0,5.8634
2022-02-15,5.7768,21.81,65.51,1.71,0.0,5.8294
2022-02-16,5.825,22.0,68.18,1.46,0.0,5.8918
2022-02-17,5.8992,23.02,64.2,1.57,0.0,5.9618
2022-02-18,5.8181,23.6,60.59,1.63,0.0,5.8762
2022-02-19,5.7948,24.8,60.12,1.56,0.0,5.8426
2022-02-20,6.2074,25.09,53.08,1.78,0.22,6.2765
2022-02-21,6.3353,24.48,46.69,1.76,0.0,6.4034
2022-02-22,6.2952,25.06,49.3,1.56,0.0,6.3523
2022-02-23,6.175,25.99,50.89,1.56,0.0,6.2198
2022-02-24,6.1121,26.18,52.07,1.41,0.0,6.1519
2022-02-25,6.0581,26.16,50.76,1.55,0.0,6.1224
2022-02-26,5.9093,26.11,49.22,1.93,0.01,5.9453
2022-02-27,6.1279,25.93,46.02,1.95,0.0,6.1757
2022-02-28,6.252,26.29,37.08,1.99,0.0,6.3125
2022-03-01,5.951,27.09,36.97,2.1,0.0,6.0127
2022-03-02,5.9258,27.82,36.04,2.39,0.0,6.0077
2022-03-03,5.8898,28.44,32.24,3.25,0.0,6.0226
2022-03-04,6.1973,28.43,31.08,3.18,0.0,6.2753
2022-03-05,5.9477,28.52,31.74,2.68,0.0,6.0511
2022-03-06,5.8186,28.51,35.15,2.21,0.0,5.893
2022-03-07,5.13,28.98,37.29,2.34,0.17,5.4494
2022-03-08,4.7558,30.09,40.64,2.23,0.1,5.2145
2022-03-09,5.2541,30.59,43.33,2.02,0.1,5.4929
2022-03-10,5.4144,29.74,38.59,2.45,0.05,5.4881
2022-03-11,5.9695,29.76,39.37,1.77,0.21,6.0139
2022-03-12,6.5177,30.09,40.86,2.19,0.01,6.5486
2022-03-13,6.817,30.02,32.93,2.57,0.0,6.9271
2022-03-14,6.7291,30.49,24.32,2.72,0.0,6.8563
2022-03-15,6.6749,30.71,33.22,2.39,0.0,6.8052
2022-03-16,6.8148,31.03,34.0,2.46,0.0,6.8962
2022-03-17,6.7301,31.45,32.54,2.33,0.24,6.9019
2022-03-18,6.7865,30.82,39.2,2.3,0.42,6.8897
2022-03-19,5.9592,29.82,55.26,2.12,0.45,6.7056
2022-03-20,5.7228,29.01,56.27,1.96,0.03,6.3598
2022-03-21,5.6765,29.54,54.65,2.31,0.01,6.1738
2022-03-22,4.3526,30.49,42.13,2.22,0.44,6.3658
2022-03-23,5.7758,30.97,38.79,2.0,2.24,6.2993
2022-03-24,5.1674,30.43,42.53,2.02,1.56,5.9856
2022-03-25,5.7958,29.71,54.55,1.61,0.0,5.951
2022-03-26,5.2601,29.66,50.98,1.72,0.01,5.7979
2022-03-27,6.2554,30.29,53.99,1.63,0.0,6.4154
2022-03-28,6.4531,30.58,55.45,1.86,0.0,6.6286
2022-03-29,6.943,30.89,47.88,2.23,0.08,7.0913
2022-03-30,7.2389,30.78,48.97,2.21,0.1,7.3546
2022-03-31,7.2098,29.92,51.74,2.04,0.0,7.4141
2022-04-01,7.3111,29.76,41.07,2.15,0.0,7.4916
2022-04-02,7.1287,30.04,47.83,1.9,0.0,7.3133
2022-04-03,6.8664,30.48,51.69,2.35,0.0,7.105
2022-04-04,6.5155,31.41,47.13,1.93,0.03,6.8741
2022-04-05,6.2268,31.25,57.87,2.18,0.18,6.869
2022-04-06,6.373,31.59,58.25,2.14,0.22,6.7546
2022-04-07,6.9718,31.99,53.12,2.51,0.21,7.0882
2022-04-08,6.8177,31.91,50.55,2.08,0.4,6.9773
2022-04-09,6.6218,31.23,59.55,2.25,0.19,6.8225
2022-04-10,6.425,30.79,59.2,1.82,0.05,6.8376
2022-04-11,6.0161,31.63,50.07,1.85,0.04,6.7073
2022-04-12,5.8572,32.37,42.96,1.96,0.0,6.5513
2022-04-13,6.4946,31.9,42.52,1.73,0.01,6.6312
2022-04-14,6.6242,30.87,51.02,2.01,0.02,6.8467
2022-04-15,7.3378,30.45,56.52,2.05,0.04,7.4347
2022-04-16,7.3366,30.24,55.78,1.89,0.02,7.5098
2022-04-17,7.1736,30.45,55.98,1.94,0.02,7.3752
2022-04-18,7.117,30.9,54.88,2.05,0.02,7.2854
2022-04-19,6.2978,30.13,58.33,2.14,0.05,7.1189
2022-04-20,5.8198,30.44,57.24,2.32,0.14,6.8203
2022-04-21,5.7034,33.63,37.13,2.83,0.07,6.6288
2022-04-22,6.6938,34.12,39.62,2.49,0.78,6.8674
2022-04-23,6.6571,33.68,51.6,1.8,0.75,6.744
2022-04-24,5.5908,32.49,56.67,2.24,0.28,6.6934
2022-04-25,7.1006,33.26,47.34,2.33,0.08,7.1719
2022-04-26,7.0922,32.67,45.35,2.01,0.13,7.199
2022-04-27,7.1498,34.07,41.18,2.89,0.01,7.3243
2022-04-28,6.6756,34.34,39.55,2.7,0.02,7.1054
2022-04-29,6.9799,32.31,56.85,2.03,0.02,7.2065
2022-04-30,7.5782,31.93,53.78,2.21,0.02,7.6274
2022-05-01,7.2422,31.19,61.94,2.28,0.02,7.3548
2022-05-02,7.3106,30.74,64.58,2.1,0.02,7.5257
2022-05-03,7.3154,30.43,66.04,2.09,0.02,7.4054
2022-05-04,7.3644,31.05,59.01,2.18,0.0,7.5206
2022-05-05,7.3114,31.34,57.67,2.86,0.0,7.4878
2022-05-06,7.02,31.5,59.43,2.77,0.03,7.3378
2022-05-07,6.9626,31.72,60.29,3.05,0.01,7.2324
2022-05-08,6.9828,31.98,60.13,2.59,0.14,7.0699
2022-05-09,6.0662,32.15,59.93,3.39,0.18,6.893
2022-05-10,6.1894,31.48,62.65,3.73,0.14,6.9902
2022-05-11,6.071,31.55,64.26,3.39,0.13,6.9986
2022-05-12,6.2076,31.58,64.53,3.7,0.13,7.0596
2022-05-13,6.2827,31.42,62.99,3.77,0.09,7.0032
2022-05-14,6.6154,31.39,62.45,3.82,0.08,7.025
2022-05-15,7.0351,31.57,60.42,3.53,0.08,7.2322
2022-05-16,6.792,31.8,61.34,3.15,0.25,7.0711
2022-05-17,6.3924,31.46,61.59,3.13,0.37,6.93
2022-05-18,6.8057,31.35,61.28,3.03,0.16,7.23
2022-05-19,6.1843,31.18,59.54,2.66,0.46,6.6077
2022-05-20,5.6438,30.86,62.3,3.37,0.15,6.6691
2022-05-21,6.6907,30.49,64.67,4.42,0.07,7.1081
2022-05-22,6.6178,30.44,65.44,4.77,0.3,7.1333
2022-05-23,6.5618,30.85,66.47,4.51,2.86,6.9384
2022-05-24,6.1723,30.77,66.9,3.79,1.9,6.5424
2022-05-25,6.6698,30.5,63.9,2.93,0.33,6.9168
2022-05-26,7.0858,30.53,59.8,3.11,0.05,7.2617
2022-05-27,7.0699,31.25,57.55,3.73,0.01,7.3642
2022-05-28,6.8834,31.32,58.19,3.88,0.01,7.2526
2022-05-29,6.4325,30.86,60.54,3.91,0.01,6.9398
2022-05-30,6.5849,30.93,60.97,3.6,0.01,6.9727
2022-05-31,6.84,30.9,59.31,3.63,0.27,7.2091
2022-06-01,6.3271,30.76,61.91,3.27,0.53,7.0555
2022-06-02,5.7096,30.98,60.14,3.45,0.19,6.9574
2022-06-03,6.9365,30.87,62.25,3.58,0.25,7.2636
2022-06-04,6.8047,30.99,61.11,3.35,0.27,7.2276
2022-06-05,6.5054,31.0,60.92,2.94,0.12,6.9182
2022-06-06,6.2544,31.06,60.3,3.09,0.12,6.7723
2022-06-07,6.0811,30.48,64.42,3.23,1.52,6.6955
2022-06-08,6.6492,30.34,68.62,3.24,1.23,6.8011
2022-06-09,6.6696,30.24,70.23,2.9,3.12,7.0718
2022-06-10,5.7754,29.33,75.9,2.56,11.24,6.857
2022-06-11,3.5779,27.84,83.6,3.39,25.37,6.9295
2022-06-12,4.4074,28.33,77.7,3.6,5.52,7.021
2022-06-13,6.2664,29.16,74.91,3.78,1.57,7.3378
2022-06-14,6.4186,29.41,73.74,3.8,1.62,7.3946
2022-06-15,5.8728,29.06,77.59,3.58,4.86,7.3078
2022-06-16,5.3083,29.08,77.28,3.3,9.21,7.0992
2022-06-17,6.107,28.35,81.25,2.95,7.5,6.9797
2022-06-18,5.9105,28.68,77.67,3.68,6.8,7.2283
2022-06-19,2.3004,28.68,81.66,4.32,29.13,7.1856
2022-06-20,1.0548,28.24,82.69,4.34,20.72,6.8621
2022-06-21,4.1712,27.9,84.32,4.09,13.0,6.9062
2022-06-22,4.3015,27.52,86.91,2.02,22.48,6.6818
2022-06-23,4.7122,27.72,80.51,1.99,17.38,6.6437
2022-06-24,5.2346,26.87,87.58,2.14,16.31,6.9528
2022-06-25,6.0156,26.86,88.22,3.05,5.29,6.8035
2022-06-26,4.9423,27.11,88.07,2.81,14.31,6.8933
2022-06-27,3.8515,27.15,88.01,4.2,17.53,7.0466
2022-06-28,2.6928,27.7,85.27,3.63,14.12,7.1386
2022-06-29,4.8804,27.8,87.56,3.84,33.66,6.7862
2022-06-30,3.1058,27.27,88.66,4.09,52.41,6.7846
2022-07-01,1.837,27.13,89.84,3.68,67.86,6.8462
2022-07-02,4.3781,27.47,86.86,4.48,27.73,6.6264
2022-07-03,5.5142,27.41,86.22,4.83,20.14,6.8158
2022-07-04,3.3014,26.89,89.93,4.79,63.8,6.7757
2022-07-05,1.0644,26.48,90.69,4.5,97.61,6.653
2022-07-06,2.2697,26.8,90.02,4.61,83.32,7.0022
2022-07-07,1.3946,26.53,90.45,4.66,54.55,6.5753
2022-07-08,1.9574,26.34,91.81,4.81,71.1,6.5878
2022-07-09,2.3717,26.34,91.43,4.82,44.3,6.9509
2022-07-10,2.8051,25.82,93.19,4.57,57.38,6.1788
2022-07-11,1.5468,25.85,93.53,4.98,92.15,6.8942
2022-07-12,2.5625,25.62,93.02,5.16,78.31,7.1746
2022-07-13,1.2038,25.67,93.37,5.45,97.86,6.8676
2022-07-14,1.908,25.48,94.02,5.34,102.07,7.3142
2022-07-15,2.3851,25.9,91.81,5.4,44.43,6.8208
2022-07-16,2.947,26.4,91.31,5.54,34.07,6.8419
2022-07-17,5.4242,26.57,90.85,4.38,18.55,6.9718
2022-07-18,2.9446,25.68,92.51,3.28,22.58,7.0054
2022-07-19,4.3949,26.24,90.9,3.99,32.15,6.9893
2022-07-20,5.5966,26.26,89.77,3.89,13.99,6.7824
2022-07-21,4.3896,26.26,89.85,3.4,10.5,6.8587
2022-07-22,4.9721,26.22,89.48,2.99,6.48,6.623
2022-07-23,3.4706,26.09,91.03,3.69,25.04,7.0454
2022-07-24,3.2076,26.13,90.7,3.99,29.04,6.7913
2022-07-25,4.871,26.1,89.2,3.52,17.28,6.8455
2022-07-26,5.6962,26.25,88.74,2.72,6.35,6.6571
2022-07-27,3.6876,26.21,89.38,1.77,15.21,6.785
2022-07-28,6.1286,26.63,88.77,1.51,13.36,6.9082
2022-07-29,6.1877,26.65,89.76,1.83,1.53,6.8354
2022-07-30,6.0377,26.76,88.82,1.82,1.2,6.9048
2022-07-31,6.3629,26.8,88.01,2.18,2.31,6.9302
2022-08-01,6.115,27.03,86.25,2.46,1.84,6.8402
2022-08-02,4.8396,26.58,89.38,2.45,7.84,6.305
2022-08-03,4.9085,26.63,90.06,2.41,10.06,6.5894
2022-08-04,3.1975,26.5,90.79,1.73,16.52,6.5741
2022-08-05,3.0317,26.64,90.78,2.49,12.38,6.7399
2022-08-06,4.9301,26.63,90.06,3.55,15.64,6.8222
2022-08-07,4.6901,26.32,92.71,2.88,41.89,6.9101
2022-08-08,3.0497,26.27,93.49,4.58,67.89,6.7339
2022-08-09,1.776,25.74,93.27,6.25,63.72,6.5863
2022-08-10,3.9754,26.01,92.37,6.47,31.77,6.7421
2022-08-11,4.0164,25.82,91.06,7.09,42.45,7.1086
2022-08-12,3.9653,26.11,90.03,6.47,19.49,6.7886
2022-08-13,4.7472,26.06,89.71,5.07,18.71,6.9139
2022-08-14,4.4434,25.89,89.21,4.85,16.76,6.3624
2022-08-15,3.2688,25.24,92.04,4.22,38.81,6.7529
2022-08-16,1.578,25.29,91.8,4.83,35.62,6.985
2022-08-17,4.0294,25.86,90.81,5.01,21.5,6.5911
2022-08-18,4.6442,25.91,90.61,3.89,13.35,6.6497
2022-08-19,4.9488,25.97,90.66,3.69,12.82,6.553
2022-08-20,4.153,25.95,90.22,3.64,12.06,6.7711
2022-08-21,3.937,25.55,90.88,3.39,8.92,6.397
2022-08-22,3.5909,25.77,90.81,4.07,13.02,6.6636
2022-08-23,3.5676,26.15,90.83,4.22,19.73,6.3394
2022-08-24,4.5706,26.1,89.84,3.52,11.99,6.4361
2022-08-25,4.7974,25.9,89.34,2.76,5.61,6.6715
2022-08-26,6.0775,25.72,88.57,1.98,1.79,6.7637
2022-08-27,6.0094,25.88,86.9,1.73,0.23,6.6151
2022-08-28,6.1337,25.74,88.09,1.63,1.29,6.6922
2022-08-29,5.7434,26.2,86.31,1.58,1.41,6.6864
2022-08-30,4.6867,26.28,87.97,1.9,2.39,6.2834
2022-08-31,5.9676,26.91,90.17,2.03,10.34,6.5842
2022-09-01,5.1912,26.45,92.6,2.1,7.4,6.6962
2022-09-02,6.3492,27.25,89.86,1.33,4.56,6.7207
2022-09-03,6.156,27.71,88.27,1.69,7.92,6.6953
2022-09-04,3.4154,26.81,91.41,1.65,7.41,6.5983
2022-09-05,4.7866,26.52,89.75,1.82,9.92,6.6696
2022-09-06,4.2742,26.48,89.04,1.53,11.6,6.7063
2022-09-07,5.8219,26.59,89.75,2.14,7.64,6.4574
2022-09-08,3.9511,27.61,87.4,1.43,77.44,5.9621
2022-09-09,5.3645,28.05,87.22,1.42,10.26,6.1154
2022-09-10,4.8538,27.36,88.48,1.19,10.35,6.1104
2022-09-11,4.2523,26.92,91.65,2.66,23.75,6.0953
2022-09-12,2.689,25.74,93.33,2.71,34.64,6.0264
2022-09-13,2.0297,26.11,91.93,3.57,32.84,6.0122
2022-09-14,4.5204,26.25,91.35,4.34,29.54,6.311
2022-09-15,2.5932,26.61,91.66,4.94,44.49,6.2765
2022-09-16,0.7908,26.2,94.07,3.41,58.87,6.0718
2022-09-17,4.9586,26.35,90.95,3.25,33.52,6.3682
2022-09-18,2.7842,25.86,88.84,2.09,33.66,6.48
2022-09-19,2.4986,25.67,87.09,2.21,8.83,6.21
2022-09-20,3.0475,25.23,88.87,2.2,7.04,5.6414
2022-09-21,1.8115,25.02,89.68,2.27,3.56,5.8656
2022-09-22,2.5332,24.93,89.49,1.92,4.46,6.091
2022-09-23,5.5778,24.83,92.24,2.15,7.01,6.2839
2022-09-24,6.0938,25.36,90.48,2.02,4.36,6.4092
2022-09-25,5.1761,25.53,89.59,1.8,6.0,6.4162
2022-09-26,3.7915,25.63,87.47,1.55,3.33,6.2604
2022-09-27,3.5083,25.24,88.02,1.62,1.82,5.9174
2022-09-28,4.6558,25.37,90.34,1.97,1.3,5.838
2022-09-29,3.6622,25.74,89.79,2.08,8.77,5.7264
2022-09-30,5.3146,26.45,89.73,1.92,19.04,5.7823
2022-10-01,5.0957,26.27,89.43,1.93,6.19,5.7158
2022-10-02,5.915,25.69,88.86,1.75,2.45,6.1594
2022-10-03,6.1274,25.6,86.64,1.79,0.22,6.3746
2022-10-04,5.8471,26.0,87.88,1.96,1.27,6.102
2022-10-05,5.0388,26.39,87.09,2.24,1.03,5.9177
2022-10-06,4.2922,25.34,89.29,1.9,8.62,5.7132
2022-10-07,2.2082,25.62,92.95,3.26,43.1,5.2522
2022-10-08,2.2354,25.48,92.31,2.28,14.9,5.6424
2022-10-09,4.7335,26.17,87.78,1.92,0.57,6.013
2022-10-10,5.5538,26.45,86.88,1.39,0.99,5.8858
2022-10-11,5.4384,26.43,89.19,1.31,16.35,5.6558
2022-10-12,4.649,26.3,91.07,1.4,8.97,5.4142
2022-10-13,4.8607,25.84,86.62,2.14,7.79,5.7857
2022-10-14,4.0668,26.43,86.42,1.89,26.96,5.8783
2022-10-15,5.9659,25.98,83.23,2.34,11.55,6.0962
2022-10-16,5.809,25.71,79.8,2.5,0.31,5.8579
2022-10-17,4.9291,27.15,87.36,1.77,7.19,5.6746
2022-10-18,4.2725,26.12,89.27,1.04,14.15,5.5538
2022-10-19,4.2372,26.61,86.83,1.29,2.32,5.3827
2022-10-20,4.7539,26.62,83.33,1.42,3.2,5.4154
2022-10-21,5.1355,27.04,84.86,2.06,10.32,5.2894
2022-10-22,5.6088,25.68,80.62,2.58,0.16,5.6434
2022-10-23,5.969,23.69,73.62,2.66,0.0,6.0091
2022-10-24,5.8908,23.86,70.77,1.66,0.0,5.9263
2022-10-25,5.909,23.93,68.13,1.37,0.0,5.9558
2022-10-26,5.7737,23.73,71.45,1.72,0.0,5.8114
2022-10-27,5.3995,23.8,71.25,1.98,0.0,5.4233
2022-10-28,5.3206,23.39,71.09,2.25,0.0,5.3719
2022-10-29,5.5822,23.02,70.61,2.68,0.0,5.6251
2022-10-30,5.5094,23.43,73.53,2.64,0.0,5.5404
2022-10-31,5.3239,23.84,73.71,2.38,0.0,5.3515
2022-11-01,5.2846,23.16,73.36,2.46,0.0,5.3107
2022-11-02,5.4713,23.33,74.5,2.4,0.0,5.4934
2022-11-03,5.6707,23.42,72.35,2.74,0.0,5.6851
2022-11-04,5.6021,23.32,70.4,2.52,0.0,5.6184
2022-11-05,5.621,23.81,65.34,2.68,0.0,5.6398
2022-11-06,5.4533,24.19,64.19,2.46,0.0,5.4761
2022-11-07,5.0738,24.29,67.23,1.87,0.0,5.1902
2022-11-08,4.9183,24.52,72.17,1.58,0.0,4.9471
2022-11-09,4.8077,24.71,70.99,1.31,0.0,4.8365
2022-11-10,4.9694,23.74,74.49,2.46,0.0,4.9906
2022-11-11,4.7765,23.31,76.4,2.73,0.0,4.795
2022-11-12,4.7446,23.67,77.02,2.8,0.12,4.8067
2022-11-13,4.7273,23.47,75.02,2.59,0.61,4.7371
2022-11-14,4.7566,23.84,75.93,1.84,0.0,4.7882
2022-11-15,4.8574,23.7,74.1,1.79,0.0,4.8864
2022-11-16,5.0503,22.94,73.12,1.84,0.0,5.0806
2022-11-17,4.8917,22.3,72.28,2.49,0.0,4.9157
2022-11-18,5.3611,21.78,70.73,2.71,0.0,5.3818
2022-11-19,5.0448,21.74,70.07,2.86,0.0,5.0678
2022-11-20,5.2975,20.25,68.97,2.79,0.0,5.3179
2022-11-21,5.1482,20.47,66.35,2.35,0.0,5.167
2022-11-22,4.9138,21.81,70.34,2.1,0.01,4.9738
2022-11-23,4.8012,23.24,73.28,2.12,0.0,4.9015
2022-11-24,4.8264,23.4,72.95,2.08,0.0,4.8574
2022-11-25,4.2367,24.42,77.58,2.12,0.0,4.3682
2022-11-26,4.1345,24.65,78.95,1.72,0.0,4.1947
2022-11-27,4.3152,24.02,78.18,1.7,0.0,4.3622
2022-11-28,4.9073,23.55,72.9,1.35,0.0,4.9277
2022-11-29,4.6541,22.78,68.11,1.51,0.0,4.8595
2022-11-30,4.3097,23.2,72.18,2.04,0.0,4.3613
2022-12-01,4.385,22.89,65.19,2.22,0.0,4.5017
2022-12-02,4.6298,22.96,64.95,1.84,0.0,4.655
2022-12-03,4.3231,24.24,69.27,1.51,0.0,4.3606
2022-12-04,3.427,25.5,77.46,1.49,0.0,3.7387
2022-12-05,3.5597,25.81,77.54,1.45,0.01,3.6497
2022-12-06,4.0092,24.84,75.12,1.87,0.01,4.0846
2022-12-07,3.8131,24.1,73.83,2.05,0.0,3.8472
2022-12-08,3.948,22.06,68.79,2.66,1.71,4.417
2022-12-09,5.0153,20.37,64.82,2.79,1.44,5.1216
2022-12-10,5.0947,21.19,65.05,2.14,0.0,5.143
2022-12-11,4.6543,23.98,77.25,1.92,0.0,4.699
2022-12-12,4.0102,25.69,78.62,1.72,0.12,4.2139
2022-12-13,3.9103,26.21,77.97,1.99,0.17,4.2581
2022-12-14,3.4752,24.88,82.69,2.19,1.14,4.4275
2022-12-15,3.678,25.27,80.7,1.89,0.82,4.2602
2022-12-16,4.3334,26.2,76.92,1.94,0.04,4.3634
2022-12-17,4.2408,26.32,73.85,1.88,0.01,4.2907
2022-12-18,4.4777,25.77,71.8,2.15,0.0,4.519
2022-12-19,4.9128,24.42,63.93,2.28,0.0,4.9411
2022-12-20,4.872,23.82,60.95,2.2,0.0,4.9082
2022-12-21,4.5437,23.84,62.99,2.2,0.0,4.5845
2022-12-22,4.2084,23.93,64.21,1.72,0.0,4.2473
2022-12-23,4.5367,22.57,64.57,1.75,0.0,4.5638
2022-12-24,4.8053,21.04,57.21,1.67,0.0,4.8475
2022-12-25,4.584,20.7,59.94,1.32,0.0,4.6195
2022-12-26,4.2204,21.98,70.31,1.43,0.0,4.2434
2022-12-27,4.2866,23.67,69.43,1.73,0.0,4.3183
2022-12-28,4.5391,24.05,58.48,1.64,0.0,4.5799
2022-12-29,4.6747,23.72,57.39,1.48,0.0,4.7323
2022-12-30,4.7434,23.19,59.22,1.67,0.0,4.7789
2022-12-31,4.8415,22.37,58.99,2.01,0.0,4.8941
2023-01-01,4.8946,21.71,58.82,1.7,0.0,4.9418
2023-01-02,4.9454,22.37,61.81,2.1,0.0,4.973
2023-01-03,4.6675,22.26,59.42,2.23,0.0,4.7074
2023-01-04,4.0046,22.41,60.06,2.0,0.0,4.0229
2023-01-05,3.2556,23.5,67.65,2.75,0.0,3.2779
2023-01-06,3.4198,24.58,68.62,2.67,0.0,3.4375
2023-01-07,3.4951,24.68,65.82,2.44,0.0,3.5789
2023-01-08,4.5466,23.39,59.31,2.43,0.0,4.7875
2023-01-09,4.9829,22.02,47.87,2.47,0.0,5.0597
2023-01-10,5.0244,22.6,43.96,2.21,0.0,5.0923
2023-01-11,4.8569,22.18,49.22,1.95,0.0,4.9178
2023-01-12,5.041,21.14,50.19,1.64,0.0,5.1185
2023-01-13,4.6903,20.43,70.41,1.8,0.0,5.0988
2023-01-14,5.1432,19.58,57.29,1.88,0.0,5.219
2023-01-15,5.0921,19.92,53.69,1.65,0.0,5.1307
2023-01-16,5.1302,20.62,52.86,1.45,0.0,5.1914
2023-01-17,5.1634,20.51,52.31,1.4,0.0,5.2133
2023-01-18,5.1674,21.96,51.62,1.56,0.0,5.2224
2023-01-19,5.0935,22.82,52.91,1.85,0.0,5.1298
2023-01-20,5.053,23.03,55.57,1.37,0.0,5.0935
2023-01-21,4.9145,22.08,61.8,1.55,0.0,4.9565
2023-01-22,4.8283,20.79,59.27,1.79,0.0,4.897
2023-01-23,4.9082,20.24,55.66,2.02,0.0,5.0278
2023-01-24,4.4309,19.56,58.97,1.91,0.0,4.6126
2023-01-25,4.4254,20.0,53.08,2.32,0.0,4.482
2023-01-26,4.3092,21.83,56.78,1.95,0.0,4.3378
2023-01-27,4.4069,25.15,60.04,2.17,0.0,4.5974
2023-01-28,4.9666,24.97,58.91,2.69,0.02,5.0311
2023-01-29,3.925,23.98,79.7,1.52,0.15,4.945
2023-01-30,4.5946,23.32,73.76,1.83,0.01,4.7256
2023-01-31,4.6243,24.44,56.37,2.48,0.0,4.7002
2023-02-01,4.2247,25.45,54.2,3.07,0.18,4.321
2023-02-02,4.7095,25.3,51.16,2.91,0.01,4.7794
2023-02-03,5.3839,24.33,42.21,2.54,0.0,5.5356
2023-02-04,5.4818,24.42,41.77,1.88,0.0,5.537
2023-02-05,5.6261,24.39,40.27,1.98,0.0,5.6738
2023-02-06,5.5884,23.83,38.86,2.02,0.0,5.6398
2023-02-07,5.7382,23.56,44.8,2.17,0.0,5.8306
2023-02-08,5.839,24.91,41.16,2.14,0.0,5.9402
2023-02-09,5.8951,25.9,34.55,2.5,0.0,6.0329
2023-02-10,6.0907,25.86,36.02,2.01,0.0,6.1298
2023-02-11,6.1682,25.24,33.81,2.28,0.0,6.2045
2023-02-12,6.0564,26.34,30.28,2.85,0.0,6.1102
2023-02-13,6.1634,26.4,31.1,3.0,0.0,6.205
2023-02-14,6.2614,26.53,26.8,2.82,0.0,6.3082
2023-02-15,6.3269,26.88,26.95,2.32,0.0,6.4039
2023-02-16,6.373,27.73,26.54,2.78,0.0,6.403
2023-02-17,6.3866,28.16,26.14,2.75,0.0,6.4246
2023-02-18,6.4073,28.17,27.61,2.63,0.0,6.4457
2023-02-19,6.4601,28.19,28.08,2.48,0.0,6.4906
2023-02-20,6.3502,27.13,29.22,1.81,0.0,6.4073
2023-02-21,6.0468,26.74,30.0,2.08,0.0,6.2304
2023-02-22,6.0214,26.76,32.41,2.16,0.0,6.1882
2023-02-23,6.163,27.61,27.93,2.1,0.0,6.2083
2023-02-24,6.2136,28.38,24.65,2.39,0.0,6.2789
2023-02-25,6.0602,28.21,24.79,2.33,0.0,6.1481
2023-02-26,6.2585,28.29,21.77,2.54,0.0,6.3103
2023-02-27,6.3209,28.1,21.92,2.46,0.0,6.3686
2023-02-28,6.0955,28.02,25.94,2.07,0.0,6.1315
2023-03-01,5.8373,28.53,28.07,1.81,0.0,5.8781
2023-03-02,5.581,29.63,29.48,1.96,0.0,5.6366
2023-03-03,5.2202,30.26,31.1,1.73,0.0,5.2656
2023-03-04,4.9927,30.39,33.89,1.83,0.0,5.0825
2023-03-05,4.4407,30.13,36.74,1.81,0.12,4.6754
2023-03-06,3.7793,30.05,37.3,2.02,2.44,5.0309
2023-03-07,4.8617,29.31,34.9,2.45,0.9,5.7286
2023-03-08,5.9134,29.41,33.52,2.17,0.02,6.0646
2023-03-09,6.1274,29.78,28.94,2.89,0.0,6.2107
2023-03-10,6.1567,29.38,23.9,2.97,0.0,6.318
2023-03-11,5.9126,30.16,24.43,2.43,0.0,6.1721
2023-03-12,5.5637,31.17,30.49,1.93,0.0,5.8517
2023-03-13,5.0302,30.93,30.16,2.15,0.0,5.5862
2023-03-14,4.8751,30.79,29.83,1.76,0.0,5.3376
2023-03-15,3.7502,30.23,34.95,1.65,0.32,5.1242
2023-03-16,3.8782,28.38,47.94,1.68,0.86,5.4137
2023-03-17,5.2985,28.37,54.07,2.07,1.08,5.9129
2023-03-18,6.2146,27.81,51.64,1.96,0.87,6.2688
2023-03-19,6.5662,26.5,56.7,2.11,0.67,6.6943
2023-03-20,6.6878,26.23,59.62,2.41,1.23,6.8674
2023-03-21,6.3864,26.27,60.63,1.91,7.46,6.8568
2023-03-22,6.7982,26.16,60.69,2.11,0.01,7.0577
2023-03-23,6.4054,26.17,61.6,2.43,0.0,6.9254
2023-03-24,6.9341,26.68,60.3,2.58,0.0,7.1914
2023-03-25,7.1693,25.49,51.93,2.33,0.0,7.3073
2023-03-26,7.026,25.57,52.78,2.41,0.0,7.2806
2023-03-27,7.0058,26.34,59.53,2.17,0.0,7.1585
2023-03-28,6.9012,27.29,59.21,2.03,0.02,7.0291
2023-03-29,6.9967,27.24,58.03,2.09,0.0,7.134
2023-03-30,6.6962,27.15,58.84,1.96,0.0,7.0918
2023-03-31,6.8794,27.04,57.27,2.52,0.03,7.2463
2023-04-01,7.2247,27.44,51.68,2.52,0.0,7.3346
2023-04-02,7.207,27.5,57.81,2.33,0.0,7.3229
2023-04-03,7.0111,27.73,55.57,2.2,0.0,7.3068
2023-04-04,7.007,28.62,54.91,2.21,0.0,7.1292
2023-04-05,6.6965,29.25,50.43,2.22,0.03,7.0363
2023-04-06,6.8724,30.05,48.92,2.64,0.18,7.0822
2023-04-07,5.9198,31.86,35.04,2.26,0.28,6.6125
2023-04-08,5.5954,32.67,35.68,2.2,0.03,6.5366
2023-04-09,6.3454,32.36,38.74,2.08,0.5,6.6684
2023-04-10,6.391,33.21,38.7,2.4,0.07,6.5959
2023-04-11,6.5486,32.95,44.8,2.05,0.09,6.7282
2023-04-12,6.5657,33.5,41.25,2.58,1.31,6.7793
2023-04-13,5.238,34.17,35.01,2.55,0.12,6.5618
2023-04-14,5.2529,31.44,45.28,1.66,2.29,6.7176
2023-04-15,6.9389,31.65,44.99,1.9,0.55,6.9643
2023-04-16,7.1129,31.59,43.45,1.95,0.7,7.1858
2023-04-17,6.9091,31.14,43.44,2.13,0.14,7.0944
2023-04-18,6.3698,32.98,39.31,2.63,0.24,6.8904
2023-04-19,6.1046,33.59,35.5,2.66,0.28,6.7351
2023-04-20,6.611,31.4,47.0,2.49,0.76,6.7246
2023-04-21,7.3968,29.66,54.63,2.4,0.08,7.4498
2023-04-22,7.1614,28.93,58.87,2.42,0.0,7.4707
2023-04-23,7.1098,29.47,57.48,2.64,0.0,7.3918
2023-04-24,7.0966,30.57,49.32,2.13,0.0,7.471
2023-04-25,7.0728,31.69,35.23,2.35,0.0,7.3471
2023-04-26,6.7471,29.1,59.91,2.47,0.31,7.0867
2023-04-27,6.3754,29.79,55.27,1.96,0.16,6.7469
2023-04-28,6.7747,30.01,55.49,2.19,0.21,6.809
2023-04-29,6.511,29.62,53.03,2.12,0.26,7.4429
2023-04-30,7.2058,28.91,55.36,2.47,0.77,7.4815
2023-05-01,5.7852,29.29,49.19,2.22,0.01,7.7414
2023-05-02,7.2036,29.38,56.53,2.02,1.54,7.4515
2023-05-03,7.2941,29.62,57.88,2.47,0.28,7.4138
2023-05-04,7.1218,29.91,54.34,2.19,0.16,7.1983
2023-05-05,7.1789,30.04,55.04,2.31,0.05,7.3958
2023-05-06,6.9238,30.51,56.88,2.67,0.09,7.1626
2023-05-07,6.2249,30.57,58.97,2.55,0.25,6.8472
2023-05-08,6.2419,31.35,58.26,2.58,0.83,6.8652
2023-05-09,6.3389,32.44,54.97,2.43,0.66,7.0267
2023-05-10,6.7735,33.14,53.35,2.36,0.17,7.2156
2023-05-11,7.1575,33.0,55.3,2.0,0.06,7.4777
2023-05-12,7.3013,32.45,60.04,2.26,0.01,7.393
2023-05-13,7.4004,32.42,60.07,2.54,0.0,7.4722
2023-05-14,7.6135,31.72,57.72,2.62,0.0,7.669
2023-05-15,7.4093,31.18,61.62,2.69,0.01,7.5994
2023-05-16,7.3186,31.02,65.04,2.84,0.03,7.5386
2023-05-17,7.5953,31.6,60.33,2.86,0.02,7.6577
2023-05-18,7.5804,31.76,58.1,2.65,0.01,7.6462
2023-05-19,7.5024,31.92,57.49,2.53,0.01,7.6303
2023-05-20,7.4258,31.27,62.41,2.41,0.03,7.5886
2023-05-21,7.3778,31.34,60.68,2.55,0.16,7.5826
2023-05-22,7.2595,31.53,56.71,2.56,0.27,7.4827
2023-05-23,7.2386,31.64,54.86,2.51,0.03,7.3865
2023-05-24,7.3488,31.24,56.89,2.79,0.12,7.4832
2023-05-25,7.5034,30.8,59.97,3.19,0.34,7.584
2023-05-26,7.1002,30.95,60.81,3.38,2.23,7.3567
2023-05-27,6.9794,30.62,59.99,3.32,0.77,7.1731
2023-05-28,7.117,31.19,61.24,3.07,0.57,7.2734
2023-05-29,7.3327,31.68,61.37,2.76,0.86,7.4318
2023-05-30,7.2413,32.15,57.32,2.55,1.41,7.3433
2023-05-31,7.379,32.29,57.47,2.19,0.46,7.4597
2023-06-01,7.5912,31.81,58.43,2.62,0.45,7.6987
2023-06-02,7.2552,30.79,63.41,2.93,0.99,7.4729
2023-06-03,6.8738,30.26,68.69,2.56,1.59,7.0284
2023-06-04,6.4961,30.3,70.22,2.32,3.67,7.1998
2023-06-05,6.9403,29.85,71.39,2.2,2.68,7.2192
2023-06-06,7.0406,30.8,67.22,2.37,0.2,7.319
2023-06-07,7.2847,30.67,67.33,2.4,0.18,7.4813
2023-06-08,6.931,31.32,66.31,2.17,0.13,7.3325
2023-06-09,7.099,30.84,70.11,3.08,2.95,7.2864
2023-06-10,7.1854,30.89,70.06,4.54,3.67,7.3675
2023-06-11,5.8279,31.08,65.9,5.84,0.67,7.3937
2023-06-12,5.5226,31.06,65.33,6.66,6.14,7.1822
2023-06-13,5.531,30.41,68.85,6.0,2.62,6.9367
2023-06-14,5.9731,30.44,69.54,6.02,10.22,6.8633
2023-06-15,6.0278,30.3,71.44,6.1,3.32,6.8402
2023-06-16,4.2389,30.27,73.47,6.65,2.52,6.6382
2023-06-17,5.4046,29.98,74.15,5.52,1.75,6.5818
2023-06-18,5.471,29.82,74.36,4.35,0.6,6.4099
2023-06-19,5.4197,29.93,73.52,3.66,0.3,6.396
2023-06-20,5.9825,30.1,73.31,3.57,0.37,6.6266
2023-06-21,5.9016,29.99,72.87,3.22,0.38,6.7058
2023-06-22,6.2304,29.93,73.01,3.14,1.49,6.7286
2023-06-23,6.5333,29.89,72.31,3.13,2.76,6.7793
2023-06-24,4.4722,28.09,84.46,2.91,55.03,6.6684
2023-06-25,2.6822,27.97,84.09,2.38,48.76,6.7099
2023-06-26,1.6526,27.25,84.99,2.78,60.95,7.0003
2023-06-27,2.5222,26.25,87.71,2.44,64.05,7.0949
2023-06-28,0.9487,27.11,87.84,4.65,55.61,6.9146
2023-06-29,2.4706,26.83,84.97,4.41,20.18,6.9458
2023-06-30,1.1882,26.79,90.88,4.57,98.85,6.8177
2023-07-01,1.4683,27.0,89.98,4.56,37.16,6.7349
2023-07-02,3.0977,27.56,88.65,4.26,26.88,6.7188
2023-07-03,5.2339,27.63,89.9,3.67,40.78,6.8818
2023-07-04,2.581,27.26,91.89,3.1,33.35,6.937
2023-07-05,2.5968,27.05,90.24,3.16,18.17,7.0961
2023-07-06,3.1171,26.59,91.41,3.2,41.31,7.225
2023-07-07,4.3145,27.11,93.43,5.05,58.42,6.9869
2023-07-08,4.8626,27.09,89.74,5.24,24.86,6.6358
2023-07-09,3.503,26.84,89.38,4.74,13.56,6.4663
2023-07-10,5.2447,26.98,88.89,3.84,6.49,6.3058
2023-07-11,4.1304,26.95,88.96,3.35,5.06,6.4061
2023-07-12,2.8644,27.05,89.6,2.71,8.38,6.7025
2023-07-13,4.4095,27.02,89.12,2.72,23.03,6.7212
2023-07-14,2.4456,27.05,90.31,3.24,30.68,6.8254
2023-07-15,4.1815,27.03,89.76,3.57,14.66,6.6583
2023-07-16,3.3175,26.84,91.59,3.47,25.31,6.511
2023-07-17,2.3395,26.91,90.12,4.04,52.73,6.5009
2023-07-18,1.8374,26.62,92.45,4.93,129.54,6.6187
2023-07-19,1.0018,26.36,92.73,5.12,136.7,6.7685
2023-07-20,2.6976,26.23,92.97,5.14,63.91,7.0152
2023-07-21,2.7026,25.9,93.01,4.13,78.36,6.4457
2023-07-22,1.8326,25.89,93.97,4.33,60.22,6.936
2023-07-23,3.1332,26.51,92.77,5.0,48.71,7.2427
2023-07-24,3.5729,26.58,92.2,4.78,61.74,6.833
2023-07-25,3.1829,26.07,93.85,3.85,60.93,6.5767
2023-07-26,1.9342,26.16,93.55,4.15,112.09,6.6706
2023-07-27,1.4894,26.18,93.2,4.55,80.52,6.522
2023-07-28,2.4101,26.27,92.03,4.47,52.54,6.5506
2023-07-29,3.7253,26.31,90.8,4.34,25.27,6.4855
2023-07-30,4.9572,26.2,91.69,4.23,18.35,6.5546
2023-07-31,4.2034,26.45,91.64,4.5,15.75,6.1512
2023-08-01,2.9172,26.35,91.56,4.71,16.14,5.3494
2023-08-02,2.7101,26.03,91.66,4.44,7.61,5.6916
2023-08-03,3.2702,26.02,90.48,4.27,5.84,5.6969
2023-08-04,3.0662,26.36,90.24,4.51,13.43,6.1704
2023-08-05,4.1035,26.13,90.23,4.05,8.19,6.091
2023-08-06,3.5479,26.06,89.87,4.22,5.59,6.3329
2023-08-07,3.7476,25.96,89.58,4.09,3.39,6.4608
2023-08-08,3.9326,26.17,89.06,3.98,4.73,6.3538
2023-08-09,4.4302,26.12,90.39,3.16,5.86,6.2448
2023-08-10,5.2265,26.0,90.12,2.91,9.57,6.1534
2023-08-11,5.2046,26.32,87.94,2.83,4.05,6.4675
2023-08-12,5.0035,26.13,87.7,3.1,4.83,6.503
2023-08-13,5.4043,25.74,89.2,3.28,5.99,6.4346
2023-08-14,4.8168,25.92,88.41,3.33,2.91,6.2042
2023-08-15,4.7635,26.09,87.29,3.09,2.44,6.139
2023-08-16,5.1703,26.13,87.73,2.77,3.93,6.1968
2023-08-17,5.1787,26.2,87.82,2.83,2.77,5.8392
2023-08-18,4.6387,26.09,88.29,3.02,2.64,5.641
2023-08-19,3.3274,26.44,88.07,3.34,6.83,5.9138
2023-08-20,3.1872,26.32,88.64,3.28,8.01,6.2688
2023-08-21,5.8435,26.13,87.58,2.65,4.27,6.6739
2023-08-22,3.0722,26.19,88.66,2.67,9.25,6.6787
2023-08-23,4.2367,26.32,89.56,2.79,6.84,6.7526
2023-08-24,5.1161,26.7,89.74,3.17,12.16,6.7118
2023-08-25,4.9978,26.95,89.63,3.3,17.75,6.4774
2023-08-26,5.124,26.81,89.06,3.4,19.21,6.581
2023-08-27,4.9025,26.79,88.54,3.14,18.6,6.5071
2023-08-28,5.8654,26.22,90.29,2.52,10.12,6.4166
2023-08-29,6.0612,26.37,87.35,1.97,1.43,6.5292
2023-08-30,6.4999,26.58,85.33,1.52,0.25,6.7459
2023-08-31,6.5986,26.63,86.41,1.56,0.28,6.8316
2023-09-01,6.2606,26.94,87.1,1.72,10.61,6.6864
2023-09-02,2.8027,25.86,90.45,2.04,23.17,6.1889
2023-09-03,1.7134,26.19,87.68,2.02,3.75,6.041
2023-09-04,6.1188,26.06,87.53,2.26,1.19,6.5393
2023-09-05,6.0948,26.16,86.33,2.06,0.67,6.5971
2023-09-06,5.7226,26.25,88.92,2.57,3.23,6.4114
2023-09-07,2.0042,25.75,92.71,3.45,69.38,6.1745
2023-09-08,1.091,26.26,92.93,3.88,66.91,5.9981
2023-09-09,3.2986,26.76,91.55,3.31,14.62,6.2767
2023-09-10,5.1163,27.02,90.72,2.85,5.8,6.4298
2023-09-11,5.9366,26.87,89.74,3.02,3.58,6.5438
2023-09-12,5.6254,26.54,88.44,2.43,1.38,6.5458
2023-09-13,5.8644,26.31,88.64,2.43,4.79,6.5426
2023-09-14,5.2826,26.48,87.4,1.78,6.99,6.4483
2023-09-15,4.8182,26.66,88.49,1.89,2.06,6.073
2023-09-16,2.4002,26.63,91.14,2.81,7.68,6.0372
2023-09-17,3.6274,27.13,89.42,3.51,9.28,6.1188
2023-09-18,4.2146,27.14,89.08,3.83,16.68,6.1822
2023-09-19,5.4893,27.13,88.69,3.61,12.85,6.2515
2023-09-20,4.645,27.19,90.8,3.28,18.3,6.2582
2023-09-21,3.4606,26.93,92.2,2.04,31.49,6.1721
2023-09-22,3.5798,26.7,91.06,1.62,17.51,6.0598
2023-09-23,2.8394,26.13,93.22,1.75,32.05,6.0607
2023-09-24,2.8217,25.92,91.28,1.81,13.16,5.8603
2023-09-25,3.7678,26.02,91.69,1.92,14.84,5.868
2023-09-26,5.4751,26.09,91.69,1.61,19.45,5.8613
2023-09-27,3.9962,26.76,91.89,2.14,20.73,5.7324
2023-09-28,3.3838,27.18,90.49,1.92,17.43,5.7994
2023-09-29,3.8328,27.71,86.97,1.93,16.05,5.6998
2023-09-30,4.3078,27.24,90.18,2.11,18.01,5.592
2023-10-01,4.1239,26.72,92.56,2.23,13.51,5.9095
2023-10-02,4.6171,26.33,88.89,1.79,10.45,5.9369
2023-10-03,5.61,26.24,85.85,1.32,0.01,6.0022
2023-10-04,5.9194,26.26,86.57,1.39,0.0,6.1526
2023-10-05,5.8812,25.82,87.03,1.56,0.01,6.1982
2023-10-06,5.7329,26.09,85.84,1.39,0.04,6.047
2023-10-07,5.7221,26.49,86.21,1.51,0.0,6.0722
2023-10-08,5.357,27.15,83.12,1.47,0.0,5.4
2023-10-09,5.6599,26.84,82.8,1.64,0.0,5.7113
2023-10-10,5.7516,25.99,83.43,1.95,0.0,5.8111
2023-10-11,5.6904,26.17,81.64,1.58,0.0,5.8222
2023-10-12,5.34,27.44,77.74,1.43,0.0,5.5649
2023-10-13,5.2212,27.74,76.37,1.69,0.05,5.3074
2023-10-14,5.2123,27.78,72.26,1.29,0.08,5.3117
2023-10-15,5.1062,27.44,77.19,1.4,0.21,5.1295
2023-10-16,4.344,27.76,76.57,1.38,0.4,4.9956
2023-10-17,4.8386,27.63,75.47,1.3,0.45,4.9058
2023-10-18,4.9476,26.96,77.28,2.0,0.04,5.0189
2023-10-19,5.2286,27.04,75.36,1.66,0.01,5.2529
2023-10-20,4.5264,27.72,74.32,1.53,0.02,4.6116
2023-10-21,4.6495,27.46,76.12,1.77,0.01,4.7189
2023-10-22,4.925,27.48,77.2,1.51,0.05,5.3892
2023-10-23,4.9526,26.83,73.63,1.68,0.0,5.1722
2023-10-24,4.9111,26.68,73.59,1.79,0.0,4.9877
2023-10-25,5.113,25.92,71.17,2.15,0.0,5.1874
2023-10-26,5.123,25.32,65.69,2.56,0.0,5.178
2023-10-27,5.261,24.73,64.9,2.25,0.0,5.3131
2023-10-28,5.1072,25.12,64.73,2.02,0.0,5.1629
2023-10-29,4.9639,25.26,63.93,1.77,0.0,5.0347
2023-10-30,4.9454,25.0,65.25,2.34,0.0,5.1461
2023-10-31,4.8211,24.78,67.0,2.27,0.0,5.0707
2023-11-01,4.913,24.59,70.12,2.23,0.0,4.9781
2023-11-02,4.7868,24.93,69.93,2.03,0.0,4.811
2023-11-03,4.5408,25.31,69.14,2.14,0.0,4.625
2023-11-04,4.345,25.78,66.62,2.55,0.0,4.6786
2023-11-05,4.3277,26.29,72.09,2.37,0.01,4.4393
2023-11-06,4.6109,25.16,71.9,2.7,0.01,4.8763
2023-11-07,4.6042,25.66,76.32,2.05,0.0,4.6447
2023-11-08,4.1657,26.07,81.78,1.92,3.53,4.5547
2023-11-09,4.3222,26.56,82.13,1.23,0.72,4.367
2023-11-10,4.3224,25.68,86.64,1.77,11.2,4.3975
2023-11-11,4.3219,26.08,74.28,2.17,1.33,4.3762
2023-11-12,4.4246,25.8,70.49,2.65,0.0,4.8216
2023-11-13,4.6514,24.98,70.54,2.46,0.0,4.8732
2023-11-14,4.4698,24.93,67.93,1.8,0.0,4.5761
2023-11-15,4.435,24.24,68.0,1.79,0.0,4.4866
2023-11-16,4.4534,24.22,66.02,1.99,0.0,4.4827
2023-11-17,4.0632,23.92,66.33,2.22,0.0,4.0961
2023-11-18,4.1054,24.09,68.25,1.87,0.0,4.1374
2023-11-19,4.0668,25.35,72.54,1.64,0.0,4.1038
2023-11-20,4.1323,26.39,70.45,2.01,0.0,4.2686
2023-11-21,4.2622,25.02,69.59,2.21,0.0,4.4453
2023-11-22,4.2886,23.82,67.69,2.37,0.0,4.3339
2023-11-23,4.2739,24.2,68.09,1.98,0.0,4.3385
2023-11-24,4.0006,26.14,72.67,2.09,0.01,4.0754
2023-11-25,4.2506,26.83,70.86,2.25,1.59,4.4518
2023-11-26,2.1449,25.79,82.77,2.38,6.62,3.9343
2023-11-27,3.6055,25.65,84.42,1.55,5.52,4.6435
2023-11-28,4.565,24.31,83.86,1.39,0.08,4.7371
2023-11-29,4.4218,23.3,81.23,1.3,0.0,4.8185
2023-11-30,4.0618,23.86,82.04,1.34,0.08,4.5535
2023-12-01,4.0248,23.68,83.39,1.29,0.09,4.6121
2023-12-02,4.3296,24.91,78.83,1.68,0.04,4.5031
2023-12-03,4.0968,25.47,75.05,2.09,0.0,4.1602
2023-12-04,3.8928,26.11,75.79,1.86,0.02,4.4882
2023-12-05,3.9166,25.52,71.85,1.93,0.0,4.1023
2023-12-06,3.852,24.57,72.12,2.48,0.0,3.9146
2023-12-07,4.3454,24.46,73.0,1.76,0.01,4.3742
2023-12-08,4.3272,24.19,73.51,1.86,0.0,4.3932
2023-12-09,4.6226,24.72,68.87,1.55,0.0,4.6685
2023-12-10,4.6423,24.51,71.24,1.75,0.0,4.6961
2023-12-11,4.6529,24.28,71.95,1.39,0.0,4.6925
2023-12-12,4.5242,23.46,70.28,1.38,0.0,4.6039
2023-12-13,4.3322,23.86,67.11,1.4,0.0,4.4551
2023-12-14,4.0985,24.02,63.28,2.53,0.0,4.1642
2023-12-15,3.9098,23.45,59.93,2.44,0.0,3.9509
2023-12-16,4.0634,22.55,60.77,1.47,0.0,4.0997
2023-12-17,3.534,23.55,67.15,2.27,0.05,3.5844
2023-12-18,2.8627,23.24,64.3,3.95,0.33,3.8712
2023-12-19,3.8431,23.03,60.35,3.73,0.0,4.4119
2023-12-20,3.3197,21.87,58.44,2.82,0.0,4.5144
2023-12-21,3.6082,21.79,58.9,2.61,0.0,4.6094
2023-12-22,2.7413,23.51,52.96,1.74,0.0,4.7122
2023-12-23,4.573,24.49,54.41,1.76,0.0,4.7318
2023-12-24,4.4786,24.22,53.66,2.5,0.0,4.5334
2023-12-25,4.4484,24.49,53.31,2.55,0.0,4.47
2023-12-26,4.3363,24.08,54.22,2.24,0.0,4.3718
2023-12-27,4.3001,24.13,57.23,2.25,0.0,4.4102
2023-12-28,4.1266,24.29,58.23,2.2,0.0,4.1585
2023-12-29,4.2384,25.22,54.61,1.74,0.0,4.3164
2023-12-30,4.2751,24.94,59.36,2.01,0.0,4.3289
2023-12-31,4.1282,25.07,58.35,1.78,0.0,4.213
