date,ALLSKY_SFC_SW_DWN,T2M,RH2M,WS2M,PRECTOTCORR,CLRSKY_SFC_SW_DWN
2018-01-01,4.3867,18.95,42.12,1.36,0.0,4.3958
2018-01-02,3.9192,18.68,45.49,1.46,0.0,3.959
2018-01-03,4.4779,19.06,41.26,1.3,0.0,4.4813
2018-01-04,4.8506,18.49,25.45,1.52,0.0,4.8624
2018-01-05,4.6745,18.57,40.75,1.18,0.0,4.6798
2018-01-06,4.3565,19.2,39.36,1.14,0.0,4.3642
2018-01-07,4.399,19.23,41.59,1.07,0.0,4.4117
2018-01-08,4.6078,18.52,45.57,1.88,0.0,4.6166
2018-01-09,4.8185,17.91,40.43,1.63,0.0,4.8293
2018-01-10,4.7921,19.36,31.16,1.32,0.0,4.806
2018-01-11,4.7902,20.94,23.8,1.17,0.0,4.7974
2018-01-12,4.877,22.18,23.53,1.31,0.0,4.8984
2018-01-13,4.577,21.95,23.65,1.92,0.0,4.6032
2018-01-14,3.546,22.74,33.13,1.29,0.0,4.1321
2018-01-15,4.6901,23.32,36.47,1.25,0.0,4.6992
2018-01-16,5.2277,21.6,26.22,1.6,0.0,5.2541
2018-01-17,5.2601,20.64,29.82,1.53,0.0,5.2697
2018-01-18,5.3429,20.26,21.01,1.82,0.0,5.3561
2018-01-19,5.387,20.12,25.14,1.49,0.0,5.3952
2018-01-20,5.3158,21.42,24.97,0.93,0.0,5.3244
2018-01-21,5.2534,21.55,28.11,1.14,0.0,5.2622
2018-01-22,5.2183,20.44,36.11,1.41,0.0,5.2303
2018-01-23,4.6711,21.08,38.5,1.57,0.0,4.6903
2018-01-24,5.0153,21.42,31.41,1.82,0.0,5.0184
2018-01-25,5.5022,19.66,15.74,1.62,0.0,5.5202
2018-01-26,5.473,19.68,15.08,1.46,0.0,5.4974
2018-01-27,5.4475,19.24,21.17,1.58,0.0,5.5786
2018-01-28,5.4706,20.24,25.71,1.41,0.0,5.4746
2018-01-29,5.461,20.86,23.44,1.49,0.0,5.4698
2018-01-30,5.5855,22.16,20.53,1.52,0.0,5.6184
2018-01-31,5.7398,22.92,18.48,1.52,0.0,5.7562
2018-02-01,5.7619,23.16,18.41,1.3,0.0,5.7739
2018-02-02,5.5339,23.49,17.49,1.05,0.0,5.6026
2018-02-03,5.5572,23.38,21.47,1.15,0.0,5.5644
2018-02-04,5.3417,24.18,23.06,1.05,0.0,5.3707
2018-02-05,5.1173,24.85,29.08,1.05,0.0,5.2522
2018-02-06,4.1938,24.39,33.43,0.78,0.0,5.1355
2018-02-07,2.5608,24.95,32.79,1.22,0.0,4.8516
2018-02-08,5.0638,24.3,35.1,1.55,0.0,5.1048
2018-02-09,4.6099,25.08,26.51,1.35,0.0,5.1732
2018-02-10,3.1733,23.34,28.21,2.17,0.0,5.1785
2018-02-11,1.8396,24.52,44.53,2.36,5.13,5.0458
2018-02-12,2.8855,23.81,59.51,1.76,9.85,4.4508
2018-02-13,3.601,23.1,68.21,1.79,5.85,4.1933
2018-02-14,4.8259,22.09,67.1,2.11,0.88,5.185
2018-02-15,5.9419,20.73,44.92,1.74,0.0,6.0646
2018-02-16,6.2585,21.36,42.96,1.59,0.0,6.2594
2018-02-17,5.9155,22.39,44.16,1.26,0.0,6.0156
2018-02-18,6.1433,23.49,39.86,1.1,0.0,6.1447
2018-02-19,5.8759,24.32,39.47,1.12,0.0,5.903
2018-02-20,5.665,24.97,41.15,1.38,0.0,5.7077
2018-02-21,6.0958,25.13,38.94,1.46,0.0,6.1166
2018-02-22,6.1044,25.85,33.54,1.17,0.0,6.1538
2018-02-23,5.7137,26.54,31.05,1.51,0.0,5.7958
2018-02-24,5.022,27.36,32.05,1.57,0.0,5.2997
2018-02-25,5.0242,28.46,30.87,1.16,0.05,5.1967
2018-02-26,5.4982,28.12,31.03,1.54,0.06,5.6153
2018-02-27,6.5424,26.93,23.92,2.02,0.0,6.575
2018-02-28,6.6257,27.07,21.1,1.66,0.0,6.6326
2018-03-01,6.2974,28.07,25.15,1.2,0.0,6.3506
2018-03-02,5.8085,29.28,23.35,0.82,0.0,6.0106
2018-03-03,5.7355,30.25,22.57,1.11,0.0,5.88
2018-03-04,5.5954,29.47,23.0,1.32,0.0,5.7802
2018-03-05,4.913,29.95,22.49,1.3,0.0,5.3333
2018-03-06,5.8781,28.63,26.38,1.52,0.0,5.9455
2018-03-07,5.9899,28.98,23.8,1.84,0.0,6.0775
2018-03-08,4.9394,29.15,24.48,2.57,0.04,5.2721
2018-03-09,4.482,28.29,24.92,2.28,0.01,5.6822
2018-03-10,5.7307,29.96,25.02,1.25,0.0,5.8798
2018-03-11,4.7131,28.5,29.34,2.07,0.1,5.274
2018-03-12,5.7305,29.33,30.04,1.6,0.0,5.9894
2018-03-13,6.3269,30.03,25.06,1.66,0.0,6.4082
2018-03-14,5.7185,31.23,22.97,1.35,0.0,5.9186
2018-03-15,3.8539,30.61,24.28,2.03,0.09,5.3436
2018-03-16,3.4241,28.81,35.86,2.33,2.34,6.3094
2018-03-17,6.2006,27.29,42.07,1.56,0.1,6.5299
2018-03-18,5.6542,29.13,29.68,0.99,0.0,6.5282
2018-03-19,5.9335,30.12,24.3,2.14,0.0,5.9774
2018-03-20,5.4415,30.33,22.07,1.35,0.0,6.0266
2018-03-21,5.7137,31.29,25.51,1.42,0.0,6.1757
2018-03-22,7.26,30.18,18.4,2.73,0.0,7.2737
2018-03-23,7.29,29.55,16.77,2.11,0.0,7.3046
2018-03-24,7.0392,30.06,16.96,2.31,0.0,7.1249
2018-03-25,7.3135,30.01,16.08,2.46,0.0,7.3265
2018-03-26,7.2113,30.78,12.64,1.78,0.0,7.3034
2018-03-27,7.2278,31.25,11.75,1.15,0.0,7.3414
2018-03-28,7.0613,32.23,11.91,1.22,0.0,7.231
2018-03-29,7.1976,32.2,10.61,1.19,0.0,7.321
2018-03-30,7.4414,32.49,9.99,1.22,0.0,7.5266
2018-03-31,7.326,33.18,9.46,0.79,0.0,7.4666
2018-04-01,6.815,31.97,15.53,2.08,0.23,7.1143
2018-04-02,6.965,30.59,17.88,1.27,0.0,7.0344
2018-04-03,6.708,31.63,28.95,1.23,0.0,6.9929
2018-04-04,5.9405,32.91,21.07,1.23,0.0,6.7747
2018-04-05,6.5458,33.85,21.47,2.1,0.0,7.0219
2018-04-06,5.364,32.79,19.64,1.81,0.0,6.7044
2018-04-07,5.0746,34.55,19.48,1.52,0.05,6.4699
2018-04-08,5.0383,32.66,29.75,2.52,0.17,6.8575
2018-04-09,6.3586,33.13,29.57,1.69,0.01,6.9247
2018-04-10,6.042,33.82,29.01,1.66,2.54,6.8035
2018-04-11,6.8422,32.95,36.31,1.54,3.4,6.9799
2018-04-12,6.2184,32.82,33.74,1.4,0.32,6.9574
2018-04-13,6.2004,32.63,36.75,1.8,4.36,6.93
2018-04-14,6.397,33.34,38.61,2.42,2.36,6.8981
2018-04-15,6.5364,31.91,48.85,3.18,5.84,6.8796
2018-04-16,6.8191,32.24,45.42,1.44,0.06,7.0992
2018-04-17,6.7913,34.21,34.58,1.96,0.0,7.297
2018-04-18,7.231,35.08,24.3,1.67,0.0,7.5103
2018-04-19,7.6903,34.17,17.37,1.5,0.0,7.7686
2018-04-20,7.6529,34.83,17.68,2.25,0.0,7.7868
2018-04-21,7.661,34.85,17.36,3.09,0.0,7.703
2018-04-22,6.9684,35.11,18.03,1.26,0.0,7.5377
2018-04-23,7.2535,34.76,17.65,1.78,0.0,7.6807
2018-04-24,7.9339,34.37,11.0,1.98,0.0,8.0146
2018-04-25,7.837,33.62,14.2,1.3,0.0,7.975
2018-04-26,7.723,34.74,13.16,1.08,0.0,7.997
2018-04-27,7.158,34.7,12.15,2.06,0.0,7.6222
2018-04-28,6.1711,35.88,18.97,2.27,0.0,7.2792
2018-04-29,6.2162,37.34,17.0,2.46,0.0,7.3445
2018-04-30,6.6494,37.1,15.33,2.85,0.0,7.4875
2018-05-01,6.845,37.55,18.27,1.84,0.0,7.4191
2018-05-02,6.8702,37.89,17.66,2.14,0.02,7.4902
2018-05-03,7.1045,36.41,29.58,3.02,0.8,7.3397
2018-05-04,7.3886,35.78,32.72,2.85,1.03,7.4822
2018-05-05,7.3668,37.12,25.93,2.56,0.0,7.711
2018-05-06,7.0846,37.79,25.07,3.34,1.25,7.5014
2018-05-07,7.4909,37.5,22.15,2.07,0.74,7.5732
2018-05-08,7.2257,36.97,17.14,3.1,0.0,7.65
2018-05-09,7.8816,36.42,16.53,2.19,0.0,8.0304
2018-05-10,7.0284,36.46,22.48,2.4,0.0,7.6915
2018-05-11,6.8724,37.73,22.52,1.98,0.0,7.4585
2018-05-12,6.607,38.03,23.66,3.15,0.0,7.3351
2018-05-13,7.0315,37.47,22.46,2.42,0.16,7.3553
2018-05-14,6.9962,37.18,22.19,2.63,0.02,7.549
2018-05-15,6.3588,36.05,25.38,3.41,0.49,6.8002
2018-05-16,5.9479,36.66,23.52,2.41,0.03,6.9317
2018-05-17,6.0182,37.65,21.46,2.19,0.3,6.9919
2018-05-18,6.8971,38.23,21.56,3.19,0.0,7.2389
2018-05-19,7.2274,37.82,15.76,2.31,0.0,7.5686
2018-05-20,7.0627,37.81,15.88,0.96,0.0,7.4376
2018-05-21,6.4054,37.99,25.11,2.48,0.02,6.9391
2018-05-22,6.3182,37.71,30.41,3.37,1.16,6.6605
2018-05-23,5.2771,38.19,26.15,3.05,0.03,6.6293
2018-05-24,6.7356,38.1,25.47,3.53,0.0,7.1628
2018-05-25,6.631,37.82,24.89,2.25,0.0,7.3507
2018-05-26,6.2813,37.43,32.94,2.89,11.71,7.021
2018-05-27,6.8162,33.42,50.71,2.72,9.85,7.2466
2018-05-28,7.2103,35.01,45.73,2.85,0.0,7.525
2018-05-29,6.7234,36.45,33.21,2.8,0.0,7.4338
2018-05-30,6.259,37.52,30.18,2.6,0.42,7.1573
2018-05-31,6.5822,37.47,36.58,2.18,2.53,7.2926
2018-06-01,6.0077,34.65,48.24,3.03,8.65,7.0464
2018-06-02,5.3472,31.38,60.93,3.3,1.36,6.7726
2018-06-03,6.5633,33.73,51.58,2.83,2.68,6.8892
2018-06-04,6.4404,33.66,50.42,3.1,9.76,6.8184
2018-06-05,5.9016,33.07,52.38,2.18,3.23,6.5575
2018-06-06,5.37,32.58,57.7,1.66,4.03,6.3103
2018-06-07,4.548,31.19,65.8,2.52,6.87,5.875
2018-06-08,4.4981,30.49,70.9,3.18,7.01,6.2686
2018-06-09,3.9706,28.97,76.72,2.74,20.68,5.9033
2018-06-10,3.3876,28.52,82.46,2.99,38.26,5.7626
2018-06-11,4.1959,29.21,77.83,3.62,13.32,6.3036
2018-06-12,5.5829,30.22,68.88,4.63,0.83,6.2544
2018-06-13,6.2671,31.04,63.63,3.85,0.01,6.8398
2018-06-14,7.0342,31.73,58.96,3.77,0.0,7.1074
2018-06-15,6.8446,31.44,54.45,3.75,0.05,7.0882
2018-06-16,7.3003,31.87,54.44,4.16,0.06,7.4088
2018-06-17,7.2142,31.36,54.35,3.8,0.0,7.6447
2018-06-18,6.0862,30.21,67.87,2.83,16.69,7.5581
2018-06-19,6.4716,30.41,68.01,1.75,8.8,7.1813
2018-06-20,6.3922,31.06,66.54,1.49,1.32,7.0985
2018-06-21,6.6574,30.05,73.21,1.79,11.58,7.1688
2018-06-22,2.8447,29.31,75.06,1.84,1.51,6.637
2018-06-23,6.5086,29.65,69.58,1.69,0.74,6.9578
2018-06-24,6.2772,29.94,69.01,2.82,1.44,7.0133
2018-06-25,6.1891,29.62,69.35,3.09,0.43,7.1717
2018-06-26,4.7074,27.8,76.33,3.67,3.42,7.2432
2018-06-27,1.848,27.15,81.02,3.59,14.25,7.0495
2018-06-28,2.2807,25.53,88.21,3.47,55.89,6.9538
2018-06-29,4.8823,27.29,77.0,2.26,5.21,7.1141
2018-06-30,5.9047,28.36,73.63,1.93,4.12,7.188
2018-07-01,4.6471,28.18,75.97,1.93,9.42,7.1369
2018-07-02,4.1378,27.98,77.46,1.65,2.34,7.1868
2018-07-03,4.4736,27.19,81.96,3.51,9.66,7.188
2018-07-04,4.4398,26.48,82.96,3.69,9.7,7.1448
2018-07-05,3.7824,26.37,86.2,3.12,18.48,7.0066
2018-07-06,2.9522,25.8,93.28,3.11,109.99,6.6413
2018-07-07,4.7563,28.41,81.86,1.78,22.48,6.4202
2018-07-08,4.6066,28.38,85.14,2.62,37.07,6.2318
2018-07-09,2.2601,27.63,86.97,3.79,12.3,5.8819
2018-07-10,2.5061,25.89,87.19,4.52,14.39,6.1243
2018-07-11,1.8053,26.33,88.1,4.21,22.19,6.3338
2018-07-12,2.298,26.28,87.95,4.7,11.38,5.7998
2018-07-13,3.2683,26.03,84.63,4.18,4.29,6.2527
2018-07-14,4.1064,26.1,86.74,3.25,7.04,6.6766
2018-07-15,3.6149,27.32,84.43,2.68,7.57,7.0572
2018-07-16,2.1094,26.84,89.94,3.28,38.98,6.9838
2018-07-17,1.9159,25.67,89.4,4.98,10.48,7.0375
2018-07-18,3.5261,25.78,88.54,4.0,2.95,7.1184
2018-07-19,3.6948,25.8,88.09,3.47,0.62,7.249
2018-07-20,3.8494,25.56,89.8,3.32,0.44,7.2564
2018-07-21,2.3647,26.34,87.32,3.59,6.43,7.037
2018-07-22,1.644,25.64,89.79,3.98,20.31,7.0894
2018-07-23,2.4919,25.37,87.46,4.63,12.54,6.9278
2018-07-24,2.7065,26.49,82.76,3.93,0.44,6.7507
2018-07-25,2.7317,26.32,84.84,3.92,1.64,6.8486
2018-07-26,2.6294,25.57,87.45,3.4,2.04,6.8539
2018-07-27,2.5939,26.28,83.64,2.92,3.15,5.0563
2018-07-28,3.5306,26.66,82.64,2.48,1.45,5.4266
2018-07-29,3.5983,27.07,82.46,2.6,0.27,5.3282
2018-07-30,4.493,26.28,83.48,2.7,0.02,5.5039
2018-07-31,4.0109,26.79,81.09,3.1,0.01,5.3455
2018-08-01,4.8749,26.57,83.05,2.81,0.14,6.1186
2018-08-02,4.7537,26.83,82.32,2.84,0.16,5.935
2018-08-03,4.5168,26.86,81.77,2.9,0.08,5.933
2018-08-04,5.8673,27.15,80.58,3.02,0.0,6.4027
2018-08-05,4.9596,26.91,81.51,3.06,1.0,6.3782
2018-08-06,4.6193,26.74,81.78,3.14,1.72,6.4572
2018-08-07,2.5051,26.32,83.54,3.36,2.1,6.0461
2018-08-08,1.9411,24.69,89.68,4.23,4.46,6.2345
2018-08-09,3.2921,26.58,82.34,3.51,3.48,6.7999
2018-08-10,3.455,26.63,84.11,3.52,3.87,6.8928
2018-08-11,2.3347,25.55,89.14,4.17,10.92,6.7265
2018-08-12,2.4221,25.86,88.24,3.36,6.27,6.5986
2018-08-13,4.4707,26.98,83.41,2.39,4.09,6.829
2018-08-14,4.3339,26.87,85.33,2.2,2.04,6.0775
2018-08-15,2.9498,26.84,88.73,2.27,40.59,5.9021
2018-08-16,3.691,27.6,88.9,2.77,21.59,6.9209
2018-08-17,3.7126,27.37,85.93,2.49,5.7,6.9602
2018-08-18,3.6914,26.4,85.3,3.25,3.83,6.7622
2018-08-19,3.1346,26.6,87.18,2.81,4.71,6.5177
2018-08-20,2.7602,24.88,93.04,3.63,48.75,6.7051
2018-08-21,1.9366,25.21,89.04,4.78,18.9,6.6372
2018-08-22,2.454,25.85,85.59,4.07,1.13,6.7238
2018-08-23,2.3743,25.9,87.27,3.51,0.97,6.5201
2018-08-24,2.6364,26.01,85.15,3.23,1.1,6.5921
2018-08-25,4.0726,25.84,86.01,2.83,0.45,6.6866
2018-08-26,2.5022,25.58,86.39,3.02,9.55,6.642
2018-08-27,1.4659,24.83,91.35,3.24,13.18,6.5633
2018-08-28,0.7313,24.28,93.17,3.75,14.84,6.2784
2018-08-29,2.82,24.55,90.21,2.88,4.37,6.3214
2018-08-30,3.258,25.77,86.36,2.82,1.9,6.1968
2018-08-31,2.7266,24.86,91.68,2.86,4.35,6.2047
2018-09-01,2.256,25.43,88.04,3.3,4.42,6.1356
2018-09-02,4.1489,25.08,87.9,2.74,6.97,6.367
2018-09-03,3.9355,25.68,85.63,2.82,1.96,6.4764
2018-09-04,4.0159,25.56,85.61,2.94,1.53,6.4229
2018-09-05,2.2358,25.03,87.11,3.28,0.5,6.1003
2018-09-06,1.6582,24.09,91.0,3.25,7.38,5.6414
2018-09-07,2.0042,23.56,92.05,3.63,17.88,6.1327
2018-09-08,4.9584,24.72,83.15,2.25,0.12,6.1171
2018-09-09,6.3247,25.38,80.08,1.15,0.0,6.6686
2018-09-10,5.9028,25.41,80.26,1.27,0.0,6.5134
2018-09-11,6.1253,25.15,82.81,1.44,0.0,6.5952
2018-09-12,6.4282,25.82,83.18,1.83,0.15,6.5587
2018-09-13,6.2239,25.0,83.03,1.65,0.01,6.7027
2018-09-14,5.5822,25.42,82.35,1.45,0.0,6.4846
2018-09-15,5.1946,26.37,80.81,1.37,0.0,6.462
2018-09-16,5.2272,25.98,81.83,1.61,0.04,6.257
2018-09-17,6.2196,26.67,77.51,1.37,0.9,6.3794
2018-09-18,5.7494,26.63,77.45,1.43,0.04,6.1973
2018-09-19,5.7996,26.61,80.87,1.79,0.81,6.2465
2018-09-20,5.3534,26.77,80.49,2.56,1.69,6.3641
2018-09-21,0.7181,25.87,89.68,4.34,44.48,6.3029
2018-09-22,2.1413,25.42,88.67,4.15,6.14,6.0358
2018-09-23,5.0477,25.66,85.09,2.27,0.67,5.9878
2018-09-24,4.9085,26.03,83.24,1.38,1.53,5.8354
2018-09-25,5.8056,26.67,79.71,1.11,0.12,5.9959
2018-09-26,6.0742,27.09,74.18,0.99,0.0,6.1589
2018-09-27,6.0674,27.28,71.37,0.6,0.0,6.2947
2018-09-28,6.1524,27.38,71.27,0.67,0.0,6.2431
2018-09-29,6.3048,26.72,74.17,1.19,0.0,6.3468
2018-09-30,6.2407,26.71,71.28,0.92,0.0,6.3494
2018-10-01,6.2534,26.98,70.32,0.82,0.0,6.337
2018-10-02,6.2052,26.85,71.36,0.73,0.0,6.2695
2018-10-03,6.1303,26.52,71.49,0.86,0.0,6.2174
2018-10-04,5.9988,26.1,72.73,1.09,0.0,6.1529
2018-10-05,5.8219,26.38,74.15,1.04,0.26,5.9261
2018-10-06,5.9935,26.69,73.26,1.04,0.0,6.0624
2018-10-07,6.0331,26.54,68.4,1.06,0.0,6.0934
2018-10-08,5.7242,26.62,68.32,0.94,0.0,5.8973
2018-10-09,5.6748,26.23,66.52,1.18,0.0,5.971
2018-10-10,5.4583,24.88,69.38,1.45,0.0,6.0038
2018-10-11,4.505,24.52,72.64,2.88,0.0,5.7912
2018-10-12,5.6278,25.58,76.67,2.7,0.0,5.9119
2018-10-13,5.9923,25.57,75.54,1.16,0.0,6.0991
2018-10-14,5.9338,25.35,66.48,1.26,0.0,6.006
2018-10-15,5.9618,24.97,62.5,0.93,0.0,6.0094
2018-10-16,5.8646,24.92,62.81,0.97,0.0,5.8894
2018-10-17,5.2486,25.5,65.5,0.85,0.0,5.5682
2018-10-18,5.1842,26.19,66.3,0.93,0.0,5.3899
2018-10-19,5.2634,26.22,66.6,0.83,0.0,5.3933
2018-10-20,5.2147,26.6,64.28,0.9,0.0,5.2826
2018-10-21,5.0486,26.76,66.19,0.81,0.0,5.2135
2018-10-22,5.3743,27.03,60.22,1.05,0.0,5.4094
2018-10-23,5.568,25.37,53.29,1.31,0.0,5.5759
2018-10-24,5.4864,24.36,56.9,1.4,0.0,5.5723
2018-10-25,5.4761,24.22,59.06,1.34,0.0,5.491
2018-10-26,5.255,24.56,58.24,0.73,0.0,5.3714
2018-10-27,5.286,25.37,56.25,1.14,0.0,5.4718
2018-10-28,5.3986,24.28,61.33,1.64,0.0,5.4432
2018-10-29,5.4998,22.87,60.61,2.01,0.0,5.5042
2018-10-30,5.2824,23.3,66.95,1.92,0.0,5.3057
2018-10-31,5.2394,24.28,70.78,1.94,0.0,5.4358
2018-11-01,5.1662,24.95,73.62,1.85,0.0,5.3897
2018-11-02,5.1362,25.37,71.22,1.79,0.0,5.3278
2018-11-03,5.029,25.55,66.51,1.02,0.0,5.1907
2018-11-04,4.7892,26.37,64.22,0.97,0.0,5.0486
2018-11-05,4.1383,26.35,63.87,0.89,0.37,4.8588
2018-11-06,4.3807,26.65,66.71,0.79,0.24,4.7904
2018-11-07,4.5089,24.54,52.69,1.38,0.0,4.715
2018-11-08,4.9198,24.17,53.37,1.22,0.0,4.9253
2018-11-09,5.0638,23.26,46.97,1.33,0.0,5.0806
2018-11-10,5.1094,22.55,47.71,1.48,0.0,5.1223
2018-11-11,5.0009,22.13,46.72,1.46,0.0,5.0098
2018-11-12,4.9135,22.51,48.26,1.29,0.0,4.9495
2018-11-13,5.0167,23.4,46.21,1.01,0.0,5.0446
2018-11-14,5.0952,23.06,53.22,1.07,0.0,5.0954
2018-11-15,4.955,23.73,52.4,1.25,0.0,4.9697
2018-11-16,4.7986,25.14,45.42,0.72,0.0,4.8314
2018-11-17,4.6958,24.15,45.91,1.08,0.0,4.7078
2018-11-18,4.7222,24.3,49.24,0.92,0.0,4.7414
2018-11-19,4.5245,25.4,50.8,0.97,0.0,4.6082
2018-11-20,4.272,25.66,51.76,1.11,0.0,4.5696
2018-11-21,4.5754,24.18,50.28,1.35,0.0,4.6291
2018-11-22,4.6416,22.85,56.12,1.42,0.0,4.7143
2018-11-23,4.6442,23.62,49.96,1.38,0.0,4.6505
2018-11-24,4.6538,23.48,43.23,1.19,0.0,4.6579
2018-11-25,4.9498,22.4,39.19,1.14,0.0,4.9538
2018-11-26,4.9483,22.31,37.73,1.1,0.0,4.9944
2018-11-27,4.5833,21.5,42.38,1.36,0.0,4.7803
2018-11-28,4.5331,21.56,52.47,1.35,0.0,4.543
2018-11-29,4.2766,22.31,53.22,1.09,0.0,4.3222
2018-11-30,4.104,22.52,52.22,0.98,0.0,4.1354
2018-12-01,4.0673,21.95,50.78,1.06,0.0,4.1086
2018-12-02,3.7951,21.82,55.13,1.16,0.0,4.1155
2018-12-03,3.5515,21.88,52.25,1.26,0.0,4.0128
2018-12-04,3.3103,21.85,53.3,1.44,0.0,3.8767
2018-12-05,2.9962,21.89,53.61,1.08,0.0,3.8359
2018-12-06,2.9866,22.46,54.78,1.11,0.0,3.2477
2018-12-07,2.8397,23.08,48.71,1.06,0.0,2.9263
2018-12-08,2.9033,22.65,51.39,1.56,0.03,3.3355
2018-12-09,2.1485,22.95,61.66,1.31,1.37,2.9609
2018-12-10,1.8509,23.55,66.46,1.77,6.5,3.1685
2018-12-11,3.8741,22.0,58.95,1.16,0.03,4.0231
2018-12-12,4.0423,20.79,53.61,1.51,0.0,4.0476
2018-12-13,3.9502,20.61,53.9,1.2,0.0,4.045
2018-12-14,3.3941,20.26,55.41,2.42,0.01,3.4248
2018-12-15,4.0656,19.1,51.46,2.55,0.0,4.0658
2018-12-16,4.1186,18.46,49.78,3.04,0.01,4.5022
2018-12-17,2.1658,17.11,71.83,2.97,7.58,4.3109
2018-12-18,3.4726,18.18,68.93,2.07,0.24,4.6042
2018-12-19,4.7563,17.28,64.36,1.41,0.0,4.7741
2018-12-20,4.8353,17.6,56.89,1.41,0.0,4.8473
2018-12-21,4.9118,17.71,50.99,1.41,0.0,4.9183
2018-12-22,4.9152,16.92,53.05,1.61,0.0,4.9212
2018-12-23,4.7585,17.1,52.72,1.49,0.0,4.8048
2018-12-24,4.6267,18.06,47.45,1.32,0.0,4.6759
2018-12-25,4.4645,19.39,48.04,1.07,0.0,4.4734
2018-12-26,3.7541,20.41,50.33,1.55,0.0,4.141
2018-12-27,4.5475,18.33,35.49,2.39,0.0,4.5523
2018-12-28,4.8427,16.16,29.44,1.93,0.0,4.8622
2018-12-29,4.9978,14.7,29.26,2.04,0.0,5.0023
2018-12-30,4.9032,15.63,31.13,1.48,0.0,4.951
2018-12-31,4.9546,16.75,27.33,1.45,0.0,4.9555
2019-01-01,4.8379,18.36,27.86,1.29,0.0,4.9735
2019-01-02,4.9678,19.63,31.46,1.1,0.0,4.9718
2019-01-03,4.8367,19.76,30.16,0.97,0.0,4.8446
2019-01-04,4.6709,18.49,35.07,1.61,0.0,4.7741
2019-01-05,4.6106,18.66,42.56,1.31,0.0,4.7114
2019-01-06,4.074,19.68,43.91,1.43,0.0,4.1047
2019-01-07,4.1738,19.5,34.99,1.53,0.0,4.3085
2019-01-08,4.4964,17.64,33.0,1.79,0.0,4.5002
2019-01-09,4.6642,17.88,30.14,1.31,0.0,4.6702
2019-01-10,4.7172,17.81,34.23,1.58,0.0,4.7299
2019-01-11,4.4407,18.25,41.96,1.34,0.0,4.5024
2019-01-12,3.8842,19.18,46.54,1.7,0.0,4.0644
2019-01-13,3.216,20.98,50.47,1.3,0.0,3.3211
2019-01-14,3.3564,20.18,40.69,1.89,0.0,3.9086
2019-01-15,4.9289,18.63,31.47,1.65,0.0,4.9908
2019-01-16,5.2037,18.88,26.59,1.3,0.0,5.2066
2019-01-17,5.2159,20.07,27.37,1.05,0.0,5.2303
2019-01-18,5.1691,20.44,23.21,1.33,0.0,5.2063
2019-01-19,5.2176,20.53,19.46,1.4,0.0,5.2627
2019-01-20,5.3376,20.5,20.82,1.18,0.0,5.3705
2019-01-21,5.3863,20.77,28.34,1.76,0.0,5.4202
2019-01-22,4.5494,21.24,38.15,2.46,0.0,4.5566
2019-01-23,3.9941,22.24,45.51,1.93,0.0,4.1952
2019-01-24,3.5314,22.79,47.53,1.29,0.55,3.906
2019-01-25,1.9591,21.11,69.89,2.11,13.98,3.9547
2019-01-26,1.8667,18.26,80.55,2.71,4.46,3.5906
2019-01-27,4.049,18.05,72.31,2.13,0.03,4.4618
2019-01-28,5.3928,15.44,46.28,2.75,0.0,5.4031
2019-01-29,5.772,14.17,40.59,2.15,0.0,5.7763
2019-01-30,5.6918,15.16,39.96,1.52,0.0,5.7074
2019-01-31,5.37,17.22,38.66,1.52,0.0,5.6328
2019-02-01,5.0626,18.97,42.3,1.35,0.0,5.0638
2019-02-02,4.6682,20.23,44.64,1.41,0.0,4.9157
2019-02-03,4.8634,20.59,44.35,1.79,0.0,4.8864
2019-02-04,4.4071,21.52,42.34,1.55,0.0,4.8151
2019-02-05,4.7448,21.71,40.64,1.68,0.0,4.831
2019-02-06,4.6915,22.8,38.25,1.78,0.0,4.8319
2019-02-07,3.8954,23.47,43.44,2.56,0.03,4.6577
2019-02-08,5.0518,21.85,32.16,2.24,0.04,5.4338
2019-02-09,6.1615,18.07,18.17,2.66,0.0,6.185
2019-02-10,6.2052,17.51,22.6,1.75,0.0,6.209
2019-02-11,5.9928,19.5,27.57,1.38,0.0,6.0007
2019-02-12,5.6758,21.39,27.49,1.7,0.0,5.6774
2019-02-13,5.6498,22.47,27.19,1.43,0.0,5.6527
2019-02-14,5.6388,23.48,28.66,1.41,0.0,5.6558
2019-02-15,4.0781,24.85,40.65,1.86,6.01,4.8888
2019-02-16,4.6627,23.92,56.23,1.47,0.07,5.1648
2019-02-17,6.0492,21.43,35.63,1.8,0.0,6.0571
2019-02-18,6.0408,21.81,28.5,1.32,0.0,6.1279
2019-02-19,5.9506,24.52,30.75,1.52,0.0,5.9546
2019-02-20,5.3069,25.7,38.75,1.64,0.0,5.5498
2019-02-21,5.2238,27.32,39.58,1.78,0.09,5.3899
2019-02-22,5.3026,28.63,38.2,1.94,0.12,5.5464
2019-02-23,5.6117,28.04,34.62,1.77,0.04,5.7461
2019-02-24,5.8404,27.54,30.23,2.35,0.0,5.9198
2019-02-25,6.1344,26.54,20.42,2.44,0.02,6.1954
2019-02-26,5.6674,25.57,20.51,2.33,0.0,6.3221
2019-02-27,6.0379,25.09,27.9,2.97,0.0,6.2362
2019-02-28,6.4025,23.41,28.97,2.46,0.0,6.4291
2019-03-01,6.4114,22.86,26.79,2.32,0.0,6.4409
2019-03-02,5.9702,25.73,35.67,2.48,0.0,5.9986
2019-03-03,4.2014,27.87,40.78,2.81,4.38,5.4732
2019-03-04,6.0058,26.87,38.71,1.73,0.02,6.0295
2019-03-05,6.3806,26.22,37.7,2.4,0.0,6.3926
2019-03-06,6.528,24.28,32.41,2.49,0.0,6.5405
2019-03-07,6.7807,24.49,26.89,1.88,0.0,6.7814
2019-03-08,6.7889,25.5,24.17,1.73,0.0,6.7913
2019-03-09,6.4963,27.52,24.24,1.79,0.0,6.4999
2019-03-10,6.8364,28.0,23.69,1.89,0.0,6.8438
2019-03-11,6.4068,28.9,23.82,1.74,0.0,6.6142
2019-03-12,6.3854,29.87,24.5,1.37,0.0,6.5633
2019-03-13,5.7086,30.87,28.36,2.17,0.18,5.9928
2019-03-14,4.6044,30.93,28.26,1.98,0.14,6.0298
2019-03-15,5.3556,29.91,30.09,1.67,0.0,5.9942
2019-03-16,6.0655,29.62,30.89,2.25,0.0,6.1942
2019-03-17,5.7269,30.44,29.96,3.1,0.13,6.036
2019-03-18,6.3655,30.25,26.88,2.38,1.55,6.4673
2019-03-19,6.2647,28.37,32.19,1.31,0.0,6.6756
2019-03-20,4.9202,29.73,36.72,3.09,3.82,6.1514
2019-03-21,6.3823,30.03,44.97,2.04,1.18,6.4526
2019-03-22,6.6324,30.37,34.85,1.02,0.0,6.9043
2019-03-23,7.0121,28.98,27.1,2.53,0.0,7.0294
2019-03-24,7.0714,29.36,21.9,2.11,0.0,7.1244
2019-03-25,7.049,30.36,21.73,1.62,0.0,7.0694
2019-03-26,6.9754,31.63,19.99,1.29,0.0,7.1107
2019-03-27,7.4148,30.52,19.14,2.05,0.0,7.4242
2019-03-28,7.3325,29.8,14.36,1.87,0.0,7.427
2019-03-29,7.4081,31.4,16.24,1.3,0.0,7.4165
2019-03-30,6.8597,32.5,17.14,1.85,0.0,7.1597
2019-03-31,6.4646,33.63,17.73,2.33,0.0,7.0414
2019-04-01,7.0567,33.22,16.38,2.4,0.0,7.4364
2019-04-02,7.3498,32.44,12.75,2.17,0.0,7.4371
2019-04-03,7.1506,33.43,14.44,1.15,0.0,7.3166
2019-04-04,6.1987,34.19,22.49,2.25,0.0,6.9996
2019-04-05,6.3917,34.96,19.21,3.18,0.43,7.122
2019-04-06,6.5938,34.71,15.9,2.92,0.0,7.3258
2019-04-07,7.164,33.85,15.99,2.32,0.0,7.4722
2019-04-08,6.9262,34.25,17.37,1.39,0.0,7.4585
2019-04-09,7.224,33.96,14.99,1.86,0.0,7.6238
2019-04-10,7.7479,34.04,13.24,2.01,0.0,7.77
2019-04-11,6.583,34.68,16.17,0.83,0.48,7.4398
2019-04-12,7.2742,35.48,19.38,1.87,1.13,7.489
2019-04-13,7.3243,35.3,16.59,1.52,0.02,7.5559
2019-04-14,7.1686,35.35,19.34,1.39,0.0,7.4803
2019-04-15,5.4854,35.79,19.64,1.67,0.0,6.9991
2019-04-16,3.3096,34.09,24.61,1.56,1.54,6.7058
2019-04-17,5.8846,31.79,34.96,1.65,2.91,7.0094
2019-04-18,6.6317,31.54,29.0,2.3,0.0,7.2324
2019-04-19,7.3102,31.88,25.12,1.62,0.0,7.5794
2019-04-20,6.7498,33.09,29.79,1.69,0.31,7.4796
2019-04-21,7.0687,34.18,30.4,1.53,0.32,7.5084
2019-04-22,7.1438,33.91,27.94,1.42,0.13,7.6915
2019-04-23,6.9816,34.53,20.72,1.44,0.0,7.7618
2019-04-24,7.4657,34.94,18.4,1.33,0.0,7.6157
2019-04-25,7.2766,35.99,18.32,1.51,0.0,7.3997
2019-04-26,7.3135,37.42,17.08,1.52,0.0,7.476
2019-04-27,7.4438,38.05,15.94,0.8,0.0,7.6757
2019-04-28,7.5053,36.8,18.61,1.7,0.0,7.5677
2019-04-29,7.5197,37.22,17.58,1.94,0.0,7.7021
2019-04-30,7.6366,37.26,16.34,1.1,0.0,7.7381
2019-05-01,7.7518,36.33,13.44,1.56,0.0,7.9243
2019-05-02,6.4925,36.78,17.5,1.85,0.0,7.4957
2019-05-03,6.745,36.21,21.71,2.96,0.0,7.4172
2019-05-04,6.3295,35.78,18.28,3.77,0.0,7.4191
2019-05-05,6.9571,35.13,18.02,3.75,0.0,7.6402
2019-05-06,6.623,35.81,15.68,2.31,0.0,7.6404
2019-05-07,7.1803,36.24,16.38,3.24,0.0,7.7611
2019-05-08,7.6522,36.81,14.95,4.01,0.0,7.8581
2019-05-09,7.9778,36.79,15.42,4.72,0.0,8.0724
2019-05-10,6.9295,37.13,19.19,3.13,0.0,7.7225
2019-05-11,6.8995,36.9,22.91,2.53,0.0,7.5242
2019-05-12,7.8864,36.8,16.36,3.17,0.0,8.0112
2019-05-13,7.013,36.93,17.99,2.58,0.0,7.7611
2019-05-14,7.3315,37.06,18.88,2.54,0.0,7.8362
2019-05-15,7.1251,37.16,16.73,1.83,0.0,7.692
2019-05-16,7.5814,37.09,17.69,3.23,0.0,7.8648
2019-05-17,7.8902,36.99,18.42,3.64,0.0,7.9697
2019-05-18,7.4028,36.35,20.15,4.09,0.0,7.7808
2019-05-19,7.4508,36.28,18.68,2.53,0.0,7.8768
2019-05-20,7.0332,37.68,16.32,1.34,0.0,7.9085
2019-05-21,7.0673,38.53,18.51,1.34,0.0,7.6476
2019-05-22,7.549,38.9,21.88,1.76,2.51,7.843
2019-05-23,7.5703,38.56,18.83,1.77,0.0,7.8871
2019-05-24,7.8924,38.49,20.23,2.51,0.0,7.9666
2019-05-25,7.9272,38.32,18.24,3.37,0.0,7.9505
2019-05-26,7.2509,38.9,19.78,2.34,0.0,7.7198
2019-05-27,7.3985,39.7,17.51,2.79,0.0,7.7107
2019-05-28,7.4083,39.9,17.69,2.99,0.0,7.7426
2019-05-29,6.7342,39.5,20.26,1.45,0.0,7.4268
2019-05-30,6.8364,38.99,27.51,2.96,0.0,7.3104
2019-05-31,6.421,39.11,28.49,3.79,0.74,7.17
2019-06-01,5.5166,38.81,27.58,2.94,0.18,6.8318
2019-06-02,6.2806,39.44,22.83,1.84,0.0,7.3128
2019-06-03,6.4882,39.9,23.33,2.45,0.09,7.3685
2019-06-04,6.7186,39.34,25.62,3.44,0.49,7.5334
2019-06-05,6.7164,40.58,22.34,2.84,0.04,7.3822
2019-06-06,6.3482,40.46,18.7,1.78,0.0,7.3445
2019-06-07,6.0698,40.38,22.25,3.04,0.37,7.289
2019-06-08,6.1135,38.44,28.6,2.09,0.61,7.2758
2019-06-09,6.1186,38.81,30.68,2.39,0.42,7.3094
2019-06-10,6.246,39.5,27.2,2.59,2.51,7.4594
2019-06-11,7.2451,38.84,27.18,3.69,0.81,7.446
2019-06-12,7.4141,38.21,32.84,4.68,0.27,7.512
2019-06-13,7.4076,34.75,42.51,3.62,0.01,7.8125
2019-06-14,6.9444,36.14,37.75,3.49,0.08,7.6855
2019-06-15,6.0156,37.0,33.46,3.55,2.92,7.5072
2019-06-16,6.0698,35.85,39.67,3.22,2.02,7.4054
2019-06-17,5.3278,36.02,37.86,3.27,0.66,7.2298
2019-06-18,5.8385,36.26,34.72,3.22,0.12,7.5014
2019-06-19,5.9765,36.53,35.85,3.03,0.13,7.4131
2019-06-20,6.2777,32.96,48.08,3.01,2.49,7.4774
2019-06-21,6.5474,34.33,46.26,2.02,1.09,7.4546
2019-06-22,4.0968,32.22,52.12,2.25,3.53,5.9918
2019-06-23,3.5923,31.3,62.81,2.06,13.46,6.6682
2019-06-24,4.9277,31.8,62.56,2.08,0.52,6.511
2019-06-25,5.9998,32.68,57.91,2.86,0.2,6.7687
2019-06-26,6.5554,33.34,57.44,2.31,1.47,7.3154
2019-06-27,4.451,31.34,68.27,3.06,3.81,6.821
2019-06-28,4.2226,28.17,81.97,2.89,6.32,6.6547
2019-06-29,4.4923,28.34,76.12,3.02,16.15,6.8846
2019-06-30,4.669,27.38,83.82,3.25,44.97,6.527
2019-07-01,3.3468,27.91,82.17,2.69,26.35,6.4644
2019-07-02,2.1734,26.58,88.84,3.37,26.96,6.317
2019-07-03,1.452,27.64,82.65,4.91,10.74,5.8812
2019-07-04,2.5507,26.78,83.68,4.45,6.9,6.426
2019-07-05,2.2073,25.54,84.61,5.44,11.47,6.7709
2019-07-06,2.4106,27.85,78.49,4.51,1.71,6.3036
2019-07-07,3.2554,27.05,82.25,4.59,4.25,6.1798
2019-07-08,3.3941,26.4,86.12,3.84,8.59,6.5323
2019-07-09,4.0778,27.69,80.89,3.71,8.78,6.6415
2019-07-10,4.2343,28.66,76.86,3.86,2.26,6.517
2019-07-11,4.2838,28.18,78.58,3.21,0.06,6.2458
2019-07-12,4.9958,28.69,75.8,3.09,0.03,6.4092
2019-07-13,5.111,28.62,74.96,3.36,0.0,6.5834
2019-07-14,5.6434,29.14,72.93,4.3,0.95,6.816
2019-07-15,6.1334,29.17,72.51,3.56,0.36,6.9031
2019-07-16,6.6466,29.96,70.11,2.84,0.0,7.097
2019-07-17,6.4514,30.38,69.35,1.77,0.0,7.0598
2019-07-18,5.6352,30.07,71.53,1.9,4.37,6.8028
2019-07-19,5.2805,29.99,70.29,1.19,4.52,6.8623
2019-07-20,5.6918,29.38,78.33,1.73,11.44,6.977
2019-07-21,5.1586,29.02,78.34,2.24,4.02,7.1858
2019-07-22,5.9117,29.06,77.22,2.02,1.08,7.1815
2019-07-23,5.7358,29.56,71.63,2.11,0.2,7.0843
2019-07-24,5.6774,29.71,72.24,2.17,0.37,6.9674
2019-07-25,3.6689,28.49,79.93,3.31,41.71,6.7711
2019-07-26,1.7774,26.91,85.04,3.59,14.49,6.5527
2019-07-27,2.7149,26.4,88.53,3.89,26.98,6.4555
2019-07-28,1.6826,26.77,84.7,4.02,20.47,6.5981
2019-07-29,2.8601,27.05,86.73,4.06,16.72,6.9967
2019-07-30,1.6385,26.39,88.83,5.76,63.13,7.2058
2019-07-31,1.818,25.48,87.11,5.86,27.89,7.206
2019-08-01,2.0292,25.86,86.69,4.22,2.05,7.1455
2019-08-02,1.711,25.39,91.45,4.5,25.5,6.8698
2019-08-03,1.6447,26.93,86.22,4.5,18.13,6.7332
2019-08-04,3.823,27.54,85.74,3.64,7.33,7.1064
2019-08-05,3.0943,27.18,86.18,3.26,5.22,6.977
2019-08-06,2.1427,26.34,88.48,3.31,9.32,6.6739
2019-08-07,2.2963,25.93,91.22,4.29,25.02,6.6408
2019-08-08,0.984,25.02,92.27,5.43,46.13,6.8777
2019-08-09,1.829,26.02,86.21,4.93,22.04,7.2367
2019-08-10,4.4705,26.84,85.02,2.5,2.84,6.739
2019-08-11,5.4926,27.27,83.73,2.43,1.5,6.7327
2019-08-12,4.6582,26.85,85.15,2.96,2.86,6.2239
2019-08-13,2.3515,25.43,93.66,3.36,40.33,6.762
2019-08-14,1.3351,25.21,92.57,3.86,12.19,6.8126
2019-08-15,4.2115,26.23,85.05,3.11,2.0,6.3888
2019-08-16,5.2493,26.96,84.84,2.61,0.79,6.5676
2019-08-17,5.4271,27.22,84.06,1.93,0.42,6.7858
2019-08-18,5.3326,26.15,86.81,1.76,0.07,6.4584
2019-08-19,4.193,26.66,88.22,2.11,17.92,6.6979
2019-08-20,3.5846,26.85,87.98,2.41,7.79,6.6492
2019-08-21,3.1764,26.44,90.72,2.36,5.77,6.455
2019-08-22,3.3691,26.43,88.26,2.45,9.89,6.523
2019-08-23,3.7555,26.57,88.4,2.66,5.1,6.3612
2019-08-24,3.6067,25.3,93.26,3.05,18.45,6.5357
2019-08-25,2.6849,25.07,94.09,2.68,24.58,6.5484
2019-08-26,2.1458,25.62,90.82,3.4,23.97,6.7258
2019-08-27,2.6412,25.07,89.08,3.76,5.0,6.6581
2019-08-28,3.822,25.92,86.04,2.16,0.32,6.5544
2019-08-29,3.9089,26.83,83.56,1.11,10.11,6.583
2019-08-30,3.3842,26.62,88.75,1.48,13.46,6.5698
2019-08-31,3.7973,26.86,89.79,1.73,16.67,6.1078
2019-09-01,4.1518,26.48,92.48,2.29,13.73,6.1061
2019-09-02,2.5944,25.47,93.9,2.81,12.2,6.4202
2019-09-03,2.49,25.94,91.45,1.64,31.12,6.2357
2019-09-04,2.7065,27.01,89.35,1.16,26.78,6.432
2019-09-05,4.225,27.06,89.51,1.89,41.98,6.3545
2019-09-06,1.8482,26.87,93.7,3.03,51.97,6.4219
2019-09-07,3.0902,25.99,94.91,3.02,18.56,6.4757
2019-09-08,1.1083,26.17,93.01,2.94,16.83,6.6602
2019-09-09,2.8582,26.41,90.82,2.85,5.07,6.6204
2019-09-10,2.6275,26.37,91.9,2.99,4.81,6.5784
2019-09-11,2.0618,26.12,93.05,3.39,6.71,6.437
2019-09-12,2.279,25.47,93.22,3.96,25.22,5.927
2019-09-13,2.8668,25.65,91.18,3.94,3.89,6.0797
2019-09-14,1.5828,26.04,89.17,3.17,0.92,5.9438
2019-09-15,3.228,26.31,88.04,2.34,1.53,6.3862
2019-09-16,2.839,25.83,90.85,2.32,6.78,6.0665
2019-09-17,3.6982,26.93,90.31,1.34,24.98,6.2772
2019-09-18,4.8396,26.72,91.53,1.87,1.4,6.246
2019-09-19,4.313,26.52,89.36,2.09,13.16,6.5114
2019-09-20,5.1,25.85,91.67,1.83,2.68,6.4296
2019-09-21,4.7897,26.58,88.15,1.25,13.47,6.3852
2019-09-22,5.1744,26.07,90.67,1.28,3.1,6.252
2019-09-23,5.0645,26.74,87.56,0.99,3.37,6.2237
2019-09-24,4.5089,26.14,90.35,1.9,5.31,5.9141
2019-09-25,1.8377,25.36,93.2,1.8,15.75,6.0967
2019-09-26,3.6247,25.32,92.39,2.44,15.08,6.1692
2019-09-27,3.5724,24.69,94.7,2.56,13.47,5.8318
2019-09-28,2.8154,24.73,93.77,1.88,14.71,6.0446
2019-09-29,3.0211,25.0,94.4,1.89,19.21,6.1214
2019-09-30,4.8823,25.14,91.63,1.36,7.26,6.0715
2019-10-01,4.4981,25.14,91.42,1.4,3.7,5.987
2019-10-02,5.6839,25.56,89.01,2.12,0.75,6.1164
2019-10-03,5.0419,25.84,84.88,0.99,0.28,5.9573
2019-10-04,5.5594,26.23,81.21,0.91,0.1,5.8858
2019-10-05,5.9645,25.34,81.04,1.16,0.01,6.0396
2019-10-06,5.3815,25.38,79.46,0.98,0.13,5.893
2019-10-07,5.2106,25.04,83.39,1.41,0.12,5.4653
2019-10-08,5.6081,24.64,85.35,1.78,0.0,5.7386
2019-10-09,5.441,24.73,85.08,1.48,0.68,5.7773
2019-10-10,5.6909,24.19,82.65,1.39,0.01,5.7578
2019-10-11,5.5562,24.39,83.46,1.34,0.0,5.73
2019-10-12,5.3798,24.25,84.26,1.36,0.0,5.6256
2019-10-13,5.0354,24.32,82.53,1.22,0.01,5.5517
2019-10-14,5.8253,23.84,80.04,1.38,0.01,5.8298
2019-10-15,5.5478,23.26,80.09,1.33,0.0,5.6062
2019-10-16,5.0971,22.71,81.38,1.47,0.0,5.4161
2019-10-17,5.2834,23.34,84.37,1.47,0.0,5.4072
2019-10-18,2.8505,23.99,88.72,1.16,1.36,4.8931
2019-10-19,3.6096,24.19,88.23,1.33,3.83,5.2606
2019-10-20,3.1896,23.99,89.29,1.7,16.17,5.3851
2019-10-21,3.6941,23.05,91.46,1.64,5.22,5.3364
2019-10-22,2.8116,24.06,86.65,1.39,0.11,4.8653
2019-10-23,4.6723,23.72,84.94,2.14,0.64,4.9102
2019-10-24,2.7281,23.24,85.03,2.04,0.49,4.3822
2019-10-25,2.6873,22.44,87.44,1.85,0.16,4.7174
2019-10-26,2.6916,22.4,88.48,2.06,10.01,5.1746
2019-10-27,3.8914,23.34,88.53,1.39,14.74,5.2464
2019-10-28,3.6413,24.3,85.89,1.33,1.5,5.2214
2019-10-29,4.2038,24.81,84.46,1.32,0.14,4.9637
2019-10-30,4.6999,24.16,85.15,1.33,1.74,4.8422
2019-10-31,4.5454,23.47,87.06,1.25,1.65,5.0052
2019-11-01,3.821,23.55,81.32,0.92,2.04,4.7143
2019-11-02,2.6902,23.39,86.94,1.4,0.35,4.6068
2019-11-03,4.4458,24.02,76.41,0.88,0.0,4.5782
2019-11-04,4.5355,24.42,76.81,0.94,0.0,4.7146
2019-11-05,4.6836,24.51,78.66,1.2,0.0,4.7474
2019-11-06,4.2468,23.96,79.63,0.9,0.0,4.7779
2019-11-07,4.1602,23.08,84.11,1.19,0.0,4.3445
2019-11-08,3.9206,22.66,82.12,1.32,0.22,4.3903
2019-11-09,4.572,22.03,81.47,1.54,0.0,4.6769
2019-11-10,4.8878,21.67,83.05,1.53,0.0,4.8979
2019-11-11,5.0093,21.25,80.34,1.57,0.0,5.0201
2019-11-12,4.7503,20.58,77.02,1.37,0.0,4.8005
2019-11-13,4.8434,20.1,78.57,1.28,0.0,4.8444
2019-11-14,4.9255,19.16,79.5,1.54,0.0,4.9265
2019-11-15,4.854,19.2,79.67,1.32,0.0,4.8557
2019-11-16,4.6133,20.06,76.9,1.31,0.0,4.6145
2019-11-17,4.6044,19.76,77.91,1.55,0.0,4.614
2019-11-18,4.872,19.49,78.36,1.78,0.0,4.9351
2019-11-19,4.8142,19.95,80.06,1.13,0.0,4.8478
2019-11-20,4.1359,19.85,80.73,1.31,0.0,4.6565
2019-11-21,4.4966,19.79,81.87,1.43,0.0,4.6409
2019-11-22,4.542,20.09,78.95,0.99,0.0,4.5782
2019-11-23,4.5353,20.43,77.32,0.92,0.0,4.5907
2019-11-24,4.2626,19.6,79.87,1.42,0.0,4.6258
2019-11-25,4.3488,19.63,83.06,1.49,0.0,4.5526
2019-11-26,4.4911,19.68,85.1,1.55,0.0,4.5029
2019-11-27,4.5912,19.83,84.45,1.31,0.0,4.5912
2019-11-28,4.5295,20.52,82.53,1.45,0.0,4.542
2019-11-29,4.241,20.45,80.98,1.01,0.0,4.277
2019-11-30,3.8153,20.27,83.16,1.48,0.0,3.9871
2019-12-01,3.2566,20.38,82.54,1.52,0.0,3.6636
2019-12-02,3.5868,21.02,81.59,1.64,0.0,3.6252
2019-12-03,3.7418,20.6,84.01,1.3,0.0,3.8887
2019-12-04,4.2701,19.75,82.97,1.84,0.0,4.3109
2019-12-05,4.6505,17.8,78.75,1.61,0.0,4.7251
2019-12-06,4.5526,16.37,78.28,1.76,0.0,4.5686
2019-12-07,4.0687,17.09,78.15,1.52,0.0,4.2607
2019-12-08,4.4069,18.15,76.71,1.3,0.0,4.4172
2019-12-09,4.2842,18.49,76.84,1.27,0.0,4.2871
2019-12-10,4.0711,18.69,76.47,1.09,0.0,4.079
2019-12-11,3.9977,18.85,76.42,0.97,0.0,4.025
2019-12-12,3.4682,18.9,80.18,1.94,0.0,3.8616
2019-12-13,2.6645,19.93,85.93,1.84,0.85,3.7694
2019-12-14,3.0086,19.71,90.47,0.97,0.83,3.4488
2019-12-15,2.5392,19.13,92.54,1.61,2.46,3.6074
2019-12-16,2.2457,19.21,84.31,2.19,0.15,3.1586
2019-12-17,3.7553,18.63,80.86,1.96,0.01,3.839
2019-12-18,4.0354,17.88,75.75,1.6,0.0,4.091
2019-12-19,4.0862,17.97,74.57,1.35,0.0,4.2288
2019-12-20,4.3085,18.56,75.56,1.12,0.0,4.3454
2019-12-21,4.0046,19.09,76.31,1.0,0.0,4.3306
2019-12-22,3.4798,19.13,77.64,1.16,0.0,4.2994
2019-12-23,3.9713,19.1,78.95,1.68,0.0,4.0752
2019-12-24,3.481,19.7,78.83,1.72,0.0,3.5782
2019-12-25,3.234,20.76,77.48,1.07,1.76,3.39
2019-12-26,1.7328,20.89,85.02,0.82,1.42,3.3326
2019-12-27,4.691,15.16,59.84,2.84,0.07,4.7054
2019-12-28,5.0666,11.84,57.94,2.17,0.0,5.0717
2019-12-29,4.7628,12.38,58.64,1.67,0.0,5.0062
2019-12-30,4.7165,14.22,66.8,1.7,0.1,4.7549
2019-12-31,2.1223,14.62,82.47,2.57,6.46,3.6206
2020-01-01,1.9502,17.89,81.29,2.44,1.52,3.5366
2020-01-02,1.2691,15.16,91.55,2.49,20.44,3.9878
2020-01-03,3.0211,18.43,83.32,1.03,2.59,3.7385
2020-01-04,2.9378,17.73,84.88,1.24,0.0,3.9295
2020-01-05,4.8082,15.8,72.12,2.3,0.0,4.8132
2020-01-06,4.8958,14.96,69.25,1.95,0.0,4.8984
2020-01-07,3.4901,16.3,73.93,1.31,0.01,4.3992
2020-01-08,1.0565,19.52,85.31,1.53,13.73,3.7831
2020-01-09,3.9223,17.98,78.73,2.44,0.15,4.0145
2020-01-10,5.0369,13.02,66.06,2.39,0.0,5.0417
2020-01-11,5.1823,13.0,66.37,1.79,0.0,5.1886
2020-01-12,4.8043,14.67,60.32,1.35,0.0,4.9006
2020-01-13,4.9248,17.08,52.13,0.81,0.0,5.0038
2020-01-14,4.6632,17.95,58.38,1.01,0.0,4.6752
2020-01-15,4.4158,18.31,67.95,1.66,0.0,4.427
2020-01-16,4.0846,19.31,74.55,2.23,0.0,4.3207
2020-01-17,2.7478,19.93,75.45,1.38,0.0,3.6898
2020-01-18,2.9827,19.88,78.79,1.38,0.0,3.8856
2020-01-19,2.831,18.82,75.2,2.03,0.0,3.7942
2020-01-20,3.7385,16.96,66.66,1.65,0.0,4.4878
2020-01-21,4.009,19.26,74.04,1.43,0.0,4.1513
2020-01-22,3.6758,20.69,73.02,1.41,0.0,3.9127
2020-01-23,3.9494,20.78,74.6,1.5,0.01,4.3294
2020-01-24,5.1386,19.17,62.01,1.65,0.0,5.1473
2020-01-25,5.0066,20.08,57.59,1.23,0.0,5.0995
2020-01-26,5.3071,19.03,57.98,1.69,0.0,5.3239
2020-01-27,4.9543,19.98,58.97,1.55,0.01,5.1346
2020-01-28,4.543,20.63,63.45,2.22,0.23,4.6584
2020-01-29,4.1882,20.12,65.48,1.66,0.0,4.8514
2020-01-30,5.2762,17.79,56.98,2.58,0.0,5.2865
2020-01-31,5.3611,17.29,55.11,1.69,0.0,5.3839
2020-02-01,3.5203,17.93,60.68,1.95,0.08,4.8794
2020-02-02,4.5425,17.89,62.12,2.17,0.07,4.9164
2020-02-03,2.5798,18.35,67.35,2.41,0.12,4.3034
2020-02-04,2.2891,19.49,79.08,2.12,1.98,3.7524
2020-02-05,4.5024,20.16,71.09,1.68,0.27,4.8468
2020-02-06,3.0698,19.99,74.34,2.02,1.56,4.5641
2020-02-07,1.8214,19.27,82.49,2.9,5.32,4.3015
2020-02-08,4.1863,17.45,79.17,2.87,0.08,4.8362
2020-02-09,5.3434,16.71,64.29,2.39,0.0,5.3741
2020-02-10,5.3066,18.06,61.45,1.52,0.0,5.3146
2020-02-11,5.4017,19.68,62.96,1.34,0.0,5.4122
2020-02-12,5.5807,20.54,56.71,1.52,0.0,5.5812
2020-02-13,5.8176,21.46,46.46,1.23,0.0,5.8387
2020-02-14,5.7492,22.19,49.63,1.66,0.0,5.7554
2020-02-15,5.8351,21.6,47.63,1.5,0.0,5.8368
2020-02-16,6.0631,21.18,45.01,1.67,0.0,6.0737
2020-02-17,6.222,20.1,41.07,2.13,0.0,6.2282
2020-02-18,6.0866,20.57,40.4,1.65,0.0,6.1306
2020-02-19,5.9366,20.92,42.86,1.51,0.0,6.0946
2020-02-20,5.5646,22.14,56.18,1.94,0.0,5.6455
2020-02-21,4.6577,23.97,56.43,2.18,0.0,5.0237
2020-02-22,5.069,24.72,53.65,1.64,0.02,5.0911
2020-02-23,5.2212,24.72,53.83,1.68,0.09,5.2982
2020-02-24,4.6229,24.12,53.22,1.48,2.17,5.185
2020-02-25,4.9382,21.67,56.2,2.34,0.68,5.3806
2020-02-26,6.089,21.56,46.33,1.71,0.0,6.1171
2020-02-27,6.0338,21.54,50.43,1.62,0.0,6.0655
2020-02-28,6.0118,22.31,52.06,1.96,0.0,6.018
2020-02-29,6.1123,23.33,49.21,1.92,0.0,6.1262
2020-03-01,5.9371,24.2,48.76,1.88,0.0,5.9779
2020-03-02,5.7934,25.04,48.71,1.55,1.21,5.8116
2020-03-03,5.7686,25.49,42.99,1.92,0.06,5.988
2020-03-04,6.1015,25.51,33.97,1.98,0.0,6.2074
2020-03-05,5.9225,25.22,36.85,1.29,0.05,6.1812
2020-03-06,4.703,24.8,45.77,1.93,1.25,5.7722
2020-03-07,6.1898,25.49,48.18,1.48,0.04,6.3389
2020-03-08,6.4639,25.5,36.04,1.81,0.14,6.5602
2020-03-09,5.5147,25.2,43.34,2.69,0.96,6.1882
2020-03-10,4.1446,27.13,57.23,2.58,5.03,5.5049
2020-03-11,5.401,26.51,61.14,1.99,1.72,6.1915
2020-03-12,6.1082,27.44,58.93,1.12,1.44,6.5117
2020-03-13,4.3435,27.79,59.62,2.03,4.67,6.0086
2020-03-14,5.79,25.75,62.59,1.66,1.5,6.4049
2020-03-15,5.9921,24.55,48.37,1.76,0.0,6.6214
2020-03-16,5.7958,24.04,43.78,1.88,0.0,6.2647
2020-03-17,6.253,26.31,51.02,1.44,7.67,6.3305
2020-03-18,4.2154,24.97,57.36,2.09,4.29,6.1433
2020-03-19,5.9489,26.64,59.01,1.74,2.86,6.5167
2020-03-20,5.8308,25.55,60.33,1.94,3.01,6.5462
2020-03-21,6.427,26.02,59.32,1.71,0.12,6.6751
2020-03-22,6.793,25.81,53.87,1.79,0.0,6.887
2020-03-23,6.4759,26.72,48.59,1.43,0.0,6.6782
2020-03-24,6.2172,27.73,48.52,1.34,0.0,6.5887
2020-03-25,5.953,28.4,49.92,1.81,5.17,6.4418
2020-03-26,4.4198,28.28,52.42,0.77,1.11,6.3331
2020-03-27,5.7355,29.5,49.14,1.82,0.03,6.4171
2020-03-28,6.0667,28.98,51.37,2.09,0.99,6.3288
2020-03-29,5.7221,29.2,52.27,1.13,7.67,6.2986
2020-03-30,6.0787,27.96,56.76,1.57,1.49,6.971
2020-03-31,6.4022,29.66,51.97,1.46,0.83,6.8462
2020-04-01,6.9463,29.91,44.61,1.78,0.62,7.1174
2020-04-02,7.1647,30.33,34.68,1.74,0.0,7.2382
2020-04-03,6.4855,30.59,30.52,2.14,0.0,6.8131
2020-04-04,5.7847,30.99,38.86,2.25,1.54,6.3552
2020-04-05,6.9226,31.55,38.5,1.68,0.39,6.9602
2020-04-06,6.654,31.43,34.18,1.82,0.01,6.8491
2020-04-07,6.9785,32.2,31.69,2.3,0.37,7.121
2020-04-08,7.4196,31.23,22.73,1.84,0.0,7.4777
2020-04-09,7.3087,31.13,21.0,1.09,0.0,7.4954
2020-04-10,6.4363,31.94,21.27,1.36,0.0,7.2034
2020-04-11,7.0534,32.27,22.41,1.36,0.01,7.2228
2020-04-12,6.9209,33.42,20.93,1.06,0.01,7.1275
2020-04-13,7.0493,34.22,20.63,0.92,0.0,7.4513
2020-04-14,6.4212,34.16,20.69,1.32,0.03,7.2559
2020-04-15,6.5395,33.98,22.62,1.51,0.0,6.941
2020-04-16,6.9204,34.55,23.42,1.86,0.23,7.1448
2020-04-17,7.2209,35.33,19.5,0.97,0.0,7.4021
2020-04-18,6.8398,35.75,20.42,0.83,0.0,7.1702
2020-04-19,5.4991,34.94,26.92,1.82,0.3,6.8606
2020-04-20,6.4498,34.69,24.0,1.68,0.0,7.1628
2020-04-21,7.416,34.5,20.62,2.5,0.0,7.5888
2020-04-22,6.7248,33.35,22.88,2.02,0.0,7.464
2020-04-23,7.0135,34.6,24.55,2.29,0.0,7.4285
2020-04-24,7.3373,35.04,23.26,1.64,0.0,7.6481
2020-04-25,6.9672,34.91,21.79,2.58,0.0,7.6277
2020-04-26,7.6474,34.1,21.31,1.78,0.0,7.7393
2020-04-27,6.2914,33.9,35.64,1.47,1.53,7.3553
2020-04-28,6.7543,33.4,35.18,1.94,2.21,7.5365
2020-04-29,6.8376,33.13,33.97,1.53,2.49,7.4076
2020-04-30,6.0617,33.94,32.17,1.32,0.29,7.3133
2020-05-01,6.7416,35.37,28.28,1.28,0.28,7.4038
2020-05-02,7.1822,36.17,22.94,1.03,0.51,7.6128
2020-05-03,7.8526,35.46,22.18,1.57,0.0,7.9008
2020-05-04,7.7417,35.96,19.01,2.19,0.0,7.8936
2020-05-05,7.2108,35.83,22.93,1.59,0.0,7.7882
2020-05-06,6.9214,35.56,30.48,2.24,1.11,7.4566
2020-05-07,7.4455,32.35,47.79,2.18,10.31,7.6526
2020-05-08,6.8412,33.59,43.19,2.66,0.86,7.5454
2020-05-09,6.9566,34.64,38.06,2.58,0.0,7.6373
2020-05-10,6.1855,34.33,39.4,3.02,1.31,7.427
2020-05-11,7.5017,33.85,37.88,1.35,1.54,7.7407
2020-05-12,6.7589,34.0,31.91,1.74,0.06,7.5655
2020-05-13,6.6089,34.55,37.23,2.31,2.47,7.4081
2020-05-14,7.0157,34.61,41.73,1.12,3.28,7.3764
2020-05-15,6.931,35.11,39.61,1.21,13.42,7.3253
2020-05-16,6.9072,34.34,44.54,1.41,7.44,7.3838
2020-05-17,7.0106,33.26,50.81,1.13,3.33,7.4275
2020-05-18,6.9737,34.4,45.55,0.93,0.01,7.4743
2020-05-19,6.2796,33.26,38.64,2.61,0.06,7.2732
2020-05-20,7.4407,32.74,30.58,2.93,0.0,8.081
2020-05-21,8.0386,33.23,23.03,2.6,0.0,8.3666
2020-05-22,7.9447,35.5,21.97,2.12,0.0,8.2075
2020-05-23,7.9814,36.75,21.62,2.85,0.0,7.9838
2020-05-24,7.8547,37.74,21.74,1.54,0.0,7.9596
2020-05-25,7.6949,38.02,19.94,1.61,0.0,7.8782
2020-05-26,8.0659,38.21,20.13,1.83,0.0,8.1115
2020-05-27,8.1926,37.89,18.4,2.41,0.0,8.1984
2020-05-28,7.9822,37.86,21.39,3.17,0.0,8.0369
2020-05-29,7.1712,37.62,24.91,2.69,0.0,7.6601
2020-05-30,6.2038,36.22,30.1,2.4,1.48,7.416
2020-05-31,6.6725,35.01,36.58,2.42,1.4,7.2612
2020-06-01,3.984,30.86,59.73,2.85,12.9,7.0375
2020-06-02,3.5484,29.37,64.04,1.67,8.86,6.6041
2020-06-03,4.313,27.59,73.67,1.82,15.85,7.1227
2020-06-04,2.8195,28.72,67.03,6.38,7.75,7.2583
2020-06-05,6.9835,29.03,61.85,3.0,3.82,7.3841
2020-06-06,5.8063,30.33,57.24,2.21,1.67,7.2643
2020-06-07,5.9491,31.02,56.99,2.53,0.9,7.4023
2020-06-08,5.6882,31.47,57.89,2.62,0.4,7.1158
2020-06-09,5.7199,32.61,53.81,1.99,1.76,7.2768
2020-06-10,6.5899,32.69,57.51,2.34,5.43,7.2226
2020-06-11,5.8392,32.38,61.03,2.79,3.75,6.8318
2020-06-12,4.8254,30.1,72.11,1.16,18.87,6.4466
2020-06-13,3.1476,29.21,75.3,1.95,12.78,6.3043
2020-06-14,3.9739,29.21,74.84,1.21,12.04,6.6358
2020-06-15,3.5491,27.96,82.43,1.71,18.95,6.8448
2020-06-16,4.4364,28.06,80.41,2.19,13.78,6.9394
2020-06-17,3.9401,28.72,74.77,2.61,4.78,6.6125
2020-06-18,5.0143,28.84,74.21,3.18,4.0,6.7584
2020-06-19,4.9603,29.65,71.13,2.71,0.84,6.7421
2020-06-20,3.9535,29.34,67.67,3.51,0.33,6.6758
2020-06-21,5.0371,28.46,72.01,4.26,2.51,7.0594
2020-06-22,3.1118,29.01,73.73,3.66,7.3,6.983
2020-06-23,1.745,27.53,82.13,2.73,16.77,6.7999
2020-06-24,5.3107,29.45,72.69,2.07,0.86,6.8566
2020-06-25,6.0132,29.92,72.76,2.64,1.83,6.7826
2020-06-26,5.3688,29.59,73.31,2.26,4.14,6.6338
2020-06-27,4.7561,28.87,76.57,1.4,3.17,6.6094
2020-06-28,4.801,28.51,78.22,1.48,4.13,6.8479
2020-06-29,4.7299,28.52,79.36,1.28,1.65,6.8573
2020-06-30,4.5391,28.91,75.11,1.09,20.66,6.7822
2020-07-01,5.6066,29.17,75.6,1.11,6.05,6.983
2020-07-02,4.7976,29.82,77.55,1.86,19.46,6.7464
2020-07-03,3.9185,28.27,85.03,1.63,11.43,6.3864
2020-07-04,3.4092,27.8,85.57,1.8,15.03,6.0161
2020-07-05,2.6904,27.54,84.38,1.63,9.43,6.3432
2020-07-06,2.9314,26.67,86.21,3.26,24.64,6.9523
2020-07-07,5.0777,27.71,81.06,2.84,0.85,6.9199
2020-07-08,6.4289,28.76,76.26,2.55,0.04,7.2734
2020-07-09,3.3149,28.07,81.48,2.2,5.2,7.0877
2020-07-10,4.3159,27.76,82.47,1.97,12.73,7.0824
2020-07-11,5.1144,27.6,82.33,2.55,5.44,6.9322
2020-07-12,4.4868,27.63,82.93,2.01,15.33,6.9998
2020-07-13,5.0474,27.31,82.89,1.79,3.62,7.0512
2020-07-14,3.0348,26.93,87.2,1.71,22.48,6.9816
2020-07-15,3.8544,27.68,83.6,1.04,29.73,6.6499
2020-07-16,4.7186,27.92,81.23,1.09,6.64,7.177
2020-07-17,3.9329,27.73,81.86,2.09,1.08,7.0306
2020-07-18,5.6798,28.4,79.55,1.82,0.03,7.2187
2020-07-19,3.4762,28.05,84.67,2.04,16.83,7.0231
2020-07-20,2.3357,26.67,89.41,2.62,12.38,6.9787
2020-07-21,3.6905,26.56,88.85,0.92,18.53,6.9874
2020-07-22,4.0543,27.5,85.29,1.64,5.17,7.0068
2020-07-23,3.133,26.51,90.84,2.03,38.7,6.8882
2020-07-24,3.9521,27.17,82.48,1.28,2.51,6.6979
2020-07-25,4.7042,26.51,85.17,1.64,1.33,6.9744
2020-07-26,5.2068,27.56,81.88,1.29,0.06,6.8352
2020-07-27,6.4874,28.51,79.06,1.12,0.0,7.164
2020-07-28,3.8446,27.92,84.8,1.28,8.85,6.977
2020-07-29,4.9625,28.37,79.25,0.73,8.66,6.582
2020-07-30,4.8127,28.07,82.4,1.88,1.45,6.7414
2020-07-31,5.4384,27.81,84.47,1.58,2.84,7.0054
2020-08-01,4.9284,28.53,82.05,0.96,10.23,6.7512
2020-08-02,4.8036,28.22,87.05,1.06,48.54,6.8513
2020-08-03,3.2712,26.56,87.1,1.59,23.69,6.7344
2020-08-04,2.8075,26.9,87.16,2.35,11.82,6.5923
2020-08-05,3.4061,26.81,86.41,2.1,22.03,6.8064
2020-08-06,2.64,26.6,86.57,3.6,9.2,7.0925
2020-08-07,3.835,27.43,83.67,2.25,1.67,6.9847
2020-08-08,3.2321,27.01,87.91,2.63,7.41,6.8731
2020-08-09,1.4038,27.25,87.4,2.9,21.77,7.0548
2020-08-10,2.0882,26.85,90.84,3.37,24.08,6.8076
2020-08-11,2.9642,26.87,89.3,2.98,5.02,6.5942
2020-08-12,2.6165,26.24,91.7,2.89,17.52,6.3401
2020-08-13,2.2075,25.85,92.58,4.4,19.92,6.3905
2020-08-14,2.2087,26.66,90.09,4.11,8.34,6.2928
2020-08-15,2.5255,25.75,91.69,3.08,5.67,6.4334
2020-08-16,1.895,25.68,91.3,3.65,4.82,6.6439
2020-08-17,2.2068,25.88,91.63,3.09,8.72,6.8705
2020-08-18,1.3454,25.84,90.6,3.35,7.61,6.9701
2020-08-19,3.241,26.72,89.49,3.25,6.99,6.486
2020-08-20,4.2137,26.72,91.47,3.41,16.29,6.6235
2020-08-21,1.8178,25.81,93.42,4.19,36.81,7.0082
2020-08-22,3.2741,26.1,91.04,4.22,15.13,6.8623
2020-08-23,4.8466,26.96,88.25,3.03,4.33,6.8102
2020-08-24,5.8512,26.94,87.25,2.21,1.05,6.8503
2020-08-25,5.8673,26.95,86.8,2.2,0.07,6.7939
2020-08-26,3.1596,25.6,90.02,2.31,0.87,6.7025
2020-08-27,1.843,25.19,91.81,3.89,22.17,6.6977
2020-08-28,0.7814,24.81,94.18,4.28,55.83,6.6845
2020-08-29,1.8418,25.4,90.78,3.37,22.38,6.6518
2020-08-30,5.1972,26.12,88.54,2.5,1.42,6.8059
2020-08-31,6.0065,26.8,84.97,1.58,0.14,6.6802
2020-09-01,5.6388,27.22,84.16,1.47,0.0,6.673
2020-09-02,3.4205,26.22,85.81,1.49,0.16,6.6086
2020-09-03,4.9961,27.41,78.59,0.58,0.09,6.2107
2020-09-04,5.8205,28.15,76.26,0.57,3.62,6.6878
2020-09-05,4.9656,27.61,83.76,0.88,10.6,6.6221
2020-09-06,5.785,27.45,85.34,1.16,8.25,6.5059
2020-09-07,4.7438,27.21,84.94,1.03,5.2,6.2314
2020-09-08,5.3467,27.13,85.28,1.07,2.68,6.2801
2020-09-09,4.4402,27.93,80.05,0.81,3.51,6.1584
2020-09-10,4.6337,27.51,87.67,1.11,37.04,5.9964
2020-09-11,4.5799,27.85,87.48,0.75,8.3,5.8966
2020-09-12,4.6646,27.04,83.92,0.79,5.14,5.8123
2020-09-13,4.4146,26.62,87.23,1.3,0.42,5.7322
2020-09-14,5.3035,27.66,81.62,1.36,4.58,6.2071
2020-09-15,5.135,27.59,85.05,1.25,0.84,6.0989
2020-09-16,4.9706,27.77,82.74,0.76,1.08,5.9107
2020-09-17,5.1338,28.48,78.23,0.38,1.22,5.7967
2020-09-18,4.3584,28.49,82.79,1.11,4.21,5.8229
2020-09-19,4.5948,28.1,84.34,0.96,5.59,5.7384
2020-09-20,4.1004,26.6,89.72,0.78,11.42,5.244
2020-09-21,2.6155,25.76,91.31,1.43,20.71,5.6688
2020-09-22,2.4439,26.65,88.36,1.13,14.84,5.8807
2020-09-23,3.2038,26.75,89.99,2.74,8.96,5.813
2020-09-24,3.6439,26.21,90.35,1.85,3.28,5.7946
2020-09-25,4.0769,27.24,85.62,1.46,0.17,5.9429
2020-09-26,4.1842,27.24,79.3,0.94,0.92,5.2824
2020-09-27,4.325,26.45,86.1,1.31,2.43,5.5454
2020-09-28,5.2289,26.21,87.16,1.75,6.4,5.8987
2020-09-29,4.2566,26.26,87.11,1.56,8.76,5.6258
2020-09-30,5.339,26.34,84.29,1.5,1.42,5.801
2020-10-01,5.3525,25.95,84.59,1.63,0.0,6.0533
2020-10-02,6.205,25.37,78.83,1.52,0.06,6.2818
2020-10-03,5.9676,25.17,79.67,1.54,0.0,6.1565
2020-10-04,5.6311,24.83,79.65,1.85,0.06,6.0749
2020-10-05,4.7014,24.13,79.3,2.22,1.63,5.8973
2020-10-06,3.8671,22.12,81.78,2.41,0.62,5.3815
2020-10-07,3.1685,21.49,90.35,2.27,13.75,5.4624
2020-10-08,3.3982,25.31,86.31,1.47,4.4,5.327
2020-10-09,3.839,26.45,89.03,1.21,13.8,5.4173
2020-10-10,3.7481,26.37,88.03,0.95,1.73,4.8504
2020-10-11,3.1142,26.24,88.37,1.12,5.23,4.7887
2020-10-12,4.9745,26.38,85.95,1.36,1.1,5.5325
2020-10-13,3.7954,26.22,86.55,2.46,1.78,5.717
2020-10-14,3.8177,25.52,92.96,3.06,3.48,5.7127
2020-10-15,3.4085,25.41,92.34,2.16,2.27,5.7792
2020-10-16,4.139,25.95,89.59,1.15,7.76,5.6146
2020-10-17,4.8046,26.06,89.19,1.94,1.89,5.5128
2020-10-18,5.2541,26.68,83.9,1.32,0.02,5.4696
2020-10-19,5.2138,26.57,84.89,1.33,0.0,5.2814
2020-10-20,4.2946,26.09,82.74,1.37,0.02,4.4969
2020-10-21,4.9265,25.34,81.88,1.47,0.01,5.0479
2020-10-22,5.3028,24.66,76.79,1.63,0.0,5.3911
2020-10-23,4.8905,24.28,72.77,1.35,0.0,4.9927
2020-10-24,4.6855,25.01,75.13,0.72,0.0,5.0472
2020-10-25,5.3112,24.69,72.77,0.95,0.0,5.3863
2020-10-26,4.9354,24.9,69.1,0.63,0.24,5.255
2020-10-27,5.1643,24.57,67.85,0.55,0.01,5.3338
2020-10-28,5.1163,23.85,68.92,0.52,0.0,5.2234
2020-10-29,4.9786,23.47,72.93,0.94,0.0,5.0947
2020-10-30,4.8494,22.06,75.63,1.56,0.0,4.8641
2020-10-31,4.8864,20.81,72.89,1.69,0.0,4.9253
2020-11-01,4.9562,20.52,76.71,1.77,0.0,5.0362
2020-11-02,4.8151,20.25,73.9,1.94,0.0,4.8389
2020-11-03,5.0594,20.06,69.94,1.81,0.0,5.0647
2020-11-04,5.461,20.25,59.28,1.4,0.0,5.4734
2020-11-05,5.3662,19.77,59.28,1.24,0.0,5.4007
2020-11-06,5.214,19.05,70.23,1.58,0.0,5.2733
2020-11-07,5.075,18.73,69.01,1.69,0.0,5.0777
2020-11-08,4.7952,18.38,70.61,1.55,0.0,4.8761
2020-11-09,4.7626,17.72,69.68,1.54,0.0,4.7633
2020-11-10,4.7866,17.49,71.17,1.41,0.0,4.7916
2020-11-11,5.1823,19.67,81.87,1.36,0.0,5.1842
2020-11-12,4.0512,23.03,85.86,1.84,0.0,4.7398
2020-11-13,4.6874,23.02,82.55,1.49,0.0,4.9073
2020-11-14,5.0623,22.14,82.49,1.62,0.0,5.0688
2020-11-15,5.119,21.83,82.86,1.72,0.0,5.1204
2020-11-16,5.0789,23.56,81.01,1.24,0.0,5.1014
2020-11-17,4.8151,23.73,80.09,1.02,0.0,4.9694
2020-11-18,4.7748,23.65,81.56,1.26,0.0,4.8979
2020-11-19,4.0642,23.9,79.9,1.14,0.64,4.4743
2020-11-20,2.79,23.95,83.4,0.89,6.53,4.4594
2020-11-21,4.0673,21.15,79.66,2.0,0.08,4.3226
2020-11-22,4.8079,17.88,65.59,1.79,0.0,4.889
2020-11-23,4.9814,17.96,68.16,1.36,0.0,4.9853
2020-11-24,4.8619,17.9,69.84,1.53,0.0,4.9625
2020-11-25,4.8842,18.32,72.66,1.75,0.0,4.9116
2020-11-26,3.5954,19.65,81.56,2.28,1.18,4.6049
2020-11-27,2.2447,20.43,79.8,2.44,0.02,4.3598
2020-11-28,4.8264,20.14,76.74,2.28,0.0,4.8269
2020-11-29,4.8953,20.5,74.47,1.5,0.0,4.9008
2020-11-30,4.5902,20.69,77.16,1.54,0.0,4.7172
2020-12-01,4.7515,20.05,73.37,1.43,0.0,4.7858
2020-12-02,4.7772,20.23,63.96,1.2,0.0,4.8113
2020-12-03,4.9392,19.55,63.05,1.14,0.0,4.9582
2020-12-04,4.9951,19.66,63.87,1.05,0.0,4.997
2020-12-05,4.9051,19.32,63.74,1.34,0.0,4.9054
2020-12-06,4.4179,19.2,67.98,1.35,0.0,4.547
2020-12-07,4.6814,20.01,65.98,1.21,0.0,4.7129
2020-12-08,4.7681,20.02,64.53,1.1,0.0,4.769
2020-12-09,4.5746,20.55,59.32,1.0,0.0,4.7544
2020-12-10,4.6054,20.09,65.84,1.24,0.0,4.6519
2020-12-11,4.295,20.74,67.01,1.11,0.0,4.3877
2020-12-12,2.274,20.53,70.26,1.46,0.02,3.9926
2020-12-13,1.903,20.56,71.84,1.28,0.11,3.8242
2020-12-14,2.0189,21.07,72.84,1.69,0.28,3.0569
2020-12-15,2.2598,21.23,76.24,1.45,0.04,3.1478
2020-12-16,2.8428,21.85,74.09,1.06,0.0,3.0576
2020-12-17,3.0677,20.78,73.9,1.52,0.0,3.1932
2020-12-18,4.1448,19.12,69.13,1.66,0.0,4.1705
2020-12-19,4.8852,16.92,55.73,1.93,0.0,4.8876
2020-12-20,5.0047,16.24,52.07,1.84,0.0,5.016
2020-12-21,4.9498,16.34,50.21,1.52,0.0,4.9574
2020-12-22,4.9886,16.78,52.93,1.42,0.0,5.0038
2020-12-23,4.9385,16.93,55.47,1.32,0.0,4.9493
2020-12-24,4.8593,17.27,58.69,1.25,0.0,4.861
2020-12-25,4.5233,17.32,56.31,1.64,0.0,4.5806
2020-12-26,4.6476,17.83,54.71,1.27,0.0,4.6733
2020-12-27,4.5096,18.08,58.35,1.13,0.0,4.5139
2020-12-28,4.1916,19.11,58.12,0.85,0.0,4.2024
2020-12-29,3.7985,19.21,63.1,1.21,0.0,3.8196
2020-12-30,3.4356,18.32,68.71,1.72,0.0,3.4608
2020-12-31,3.3554,18.08,70.51,1.63,0.0,3.365
2021-01-01,3.3766,17.99,71.38,1.77,0.14,3.3989
2021-01-02,3.7272,18.95,72.08,1.58,0.0,3.829
2021-01-03,4.1062,20.33,69.27,1.42,0.0,4.1947
2021-01-04,2.915,19.8,67.46,1.87,0.0,4.223
2021-01-05,3.0122,20.46,65.21,1.67,0.14,4.38
2021-01-06,3.7603,22.68,61.03,0.94,0.03,4.2703
2021-01-07,3.8868,23.29,62.35,1.32,0.0,4.2674
2021-01-08,2.3549,23.21,67.67,1.77,0.0,4.0303
2021-01-09,3.1027,23.66,63.99,1.39,0.0,3.9614
2021-01-10,3.5136,23.89,57.43,0.89,0.0,4.0721
2021-01-11,4.3085,23.71,60.66,1.54,0.0,4.3466
2021-01-12,4.1314,22.69,62.67,1.51,0.0,4.4431
2021-01-13,4.9567,20.89,50.3,1.61,0.0,4.9944
2021-01-14,5.0832,19.23,44.43,1.85,0.0,5.2032
2021-01-15,5.2181,19.24,42.14,1.36,0.0,5.2478
2021-01-16,4.9994,19.9,37.78,1.5,0.0,5.004
2021-01-17,4.6241,19.56,42.47,1.93,0.0,4.6327
2021-01-18,4.4167,19.84,45.54,1.57,0.0,4.4182
2021-01-19,4.115,21.28,49.38,1.21,0.0,4.219
2021-01-20,3.9631,23.34,51.25,1.08,0.0,4.1198
2021-01-21,5.1425,21.52,35.36,1.71,0.0,5.1502
2021-01-22,5.4403,19.75,38.24,1.59,0.0,5.4552
2021-01-23,5.2445,20.26,35.85,1.16,0.0,5.2538
2021-01-24,4.7736,22.1,38.64,1.08,0.0,4.7966
2021-01-25,4.8643,22.07,39.69,1.39,0.0,4.8778
2021-01-26,4.374,21.35,37.12,1.6,0.0,4.5041
2021-01-27,3.582,20.67,42.11,1.86,0.0,3.7346
2021-01-28,2.6671,22.29,53.47,1.69,0.98,3.1546
2021-01-29,2.7149,21.83,60.07,1.57,1.94,3.2791
2021-01-30,5.1958,19.25,30.04,2.25,0.0,5.2258
2021-01-31,5.5762,18.0,24.34,1.8,0.0,5.6028
2021-02-01,5.7146,18.2,29.11,1.84,0.0,5.7228
2021-02-02,5.82,19.63,29.06,1.45,0.0,5.8202
2021-02-03,5.8142,20.55,29.66,1.33,0.0,5.815
2021-02-04,5.5255,20.78,28.29,1.57,0.0,5.5817
2021-02-05,5.2882,21.65,29.93,1.24,0.0,5.2934
2021-02-06,4.9289,21.58,33.43,2.01,0.0,5.04
2021-02-07,5.862,19.96,28.77,2.19,0.0,5.8781
2021-02-08,6.0187,20.29,21.45,1.65,0.0,6.0286
2021-02-09,5.9683,21.83,21.3,0.99,0.0,5.9777
2021-02-10,5.88,23.22,20.47,0.94,0.0,5.9856
2021-02-11,5.5742,23.06,22.0,1.23,0.0,5.7713
2021-02-12,5.1605,22.78,33.14,1.29,0.0,5.479
2021-02-13,5.3278,24.52,37.31,1.04,0.0,5.3407
2021-02-14,4.7784,25.65,36.3,0.77,0.0,4.8367
2021-02-15,4.548,26.04,34.63,1.19,0.02,4.7808
2021-02-16,4.266,26.04,34.15,1.64,0.07,4.5017
2021-02-17,2.3582,24.48,44.59,2.11,2.39,4.5547
2021-02-18,3.924,22.43,58.82,1.68,3.93,5.004
2021-02-19,4.2218,21.53,61.66,1.51,0.35,5.2764
2021-02-20,5.3201,22.64,54.96,2.1,0.08,5.4955
2021-02-21,5.7094,23.18,44.98,1.67,0.01,5.7216
2021-02-22,6.1596,23.86,33.22,1.4,0.0,6.1661
2021-02-23,6.3329,25.35,26.44,1.24,0.0,6.3528
2021-02-24,6.3833,26.1,21.67,1.12,0.0,6.3974
2021-02-25,6.1901,27.44,19.84,1.02,0.0,6.2443
2021-02-26,6.3986,26.81,25.12,2.22,0.0,6.4495
2021-02-27,6.5155,27.91,20.04,1.47,0.0,6.5381
2021-02-28,5.7778,28.87,22.7,1.03,0.0,6.4774
2021-03-01,6.4877,29.06,23.67,1.5,0.0,6.5779
2021-03-02,6.6869,27.74,17.9,2.11,0.0,6.6982
2021-03-03,6.8671,26.5,15.23,1.9,0.0,6.8904
2021-03-04,6.882,26.94,15.16,1.27,0.0,6.8966
2021-03-05,6.7618,27.67,14.72,2.21,0.0,6.768
2021-03-06,6.8167,27.98,13.42,1.79,0.0,6.8386
2021-03-07,6.4745,27.93,13.32,1.4,0.0,6.5928
2021-03-08,6.1334,28.47,18.06,1.24,0.0,6.2477
2021-03-09,5.8416,29.42,21.41,1.26,0.0,6.0286
2021-03-10,5.6558,29.57,27.46,1.4,0.0,5.9242
2021-03-11,5.2488,29.91,25.71,1.69,0.0,5.573
2021-03-12,5.5037,29.49,26.15,1.88,0.03,5.651
2021-03-13,5.5894,28.56,30.24,1.53,1.24,5.945
2021-03-14,5.6503,28.65,32.0,1.27,0.0,6.2021
2021-03-15,6.0161,29.54,28.45,1.3,0.0,6.2938
2021-03-16,5.5289,29.97,26.57,1.07,0.0,5.7072
2021-03-17,5.2999,30.49,25.33,1.28,0.0,5.6114
2021-03-18,2.8572,30.72,27.64,1.59,1.3,5.1746
2021-03-19,2.7768,29.51,34.9,1.32,5.78,5.0124
2021-03-20,5.5572,28.91,45.91,1.19,4.16,5.9964
2021-03-21,6.1956,29.19,41.95,1.51,2.63,6.373
2021-03-22,4.1645,28.76,42.8,1.09,0.53,5.8774
2021-03-23,1.8682,29.58,40.31,1.31,0.93,5.3815
2021-03-24,6.0708,29.58,38.12,1.46,1.79,6.1646
2021-03-25,6.6922,30.47,30.87,1.35,0.0,6.8654
2021-03-26,7.14,29.17,23.44,2.46,0.0,7.1561
2021-03-27,7.4143,29.72,17.96,1.55,0.0,7.5012
2021-03-28,7.1122,30.9,19.32,1.24,0.0,7.2442
2021-03-29,7.0394,32.0,17.77,1.18,0.0,7.1909
2021-03-30,7.3846,31.91,15.48,2.85,0.0,7.3874
2021-03-31,6.9866,31.75,14.69,3.12,0.0,7.164
2021-04-01,7.1741,31.85,15.89,3.14,0.0,7.2576
2021-04-02,7.3171,31.4,9.94,1.62,0.0,7.4424
2021-04-03,6.7529,31.95,12.09,1.15,0.0,6.8938
2021-04-04,6.5858,31.13,14.17,1.38,0.0,6.8719
2021-04-05,7.2998,32.2,12.93,1.82,0.0,7.3126
2021-04-06,6.8148,32.69,15.28,1.49,0.0,7.0241
2021-04-07,6.5602,33.41,20.48,1.63,0.0,7.0469
2021-04-08,6.565,34.22,17.49,1.18,0.0,7.0272
2021-04-09,4.4594,33.75,22.45,1.99,0.0,6.4459
2021-04-10,6.3024,33.22,29.63,2.21,0.83,6.4922
2021-04-11,4.1818,33.05,32.31,1.8,0.9,6.3283
2021-04-12,5.8507,33.57,24.63,1.28,0.16,6.6406
2021-04-13,6.93,33.29,16.84,1.06,0.0,7.3399
2021-04-14,6.2078,32.44,16.65,1.31,0.05,7.1897
2021-04-15,3.2561,31.31,32.79,1.34,0.45,6.8542
2021-04-16,6.9638,32.41,25.57,1.18,0.0,7.1136
2021-04-17,6.3317,33.21,22.84,1.51,0.0,7.1666
2021-04-18,6.1836,34.05,19.69,1.6,0.0,7.3522
2021-04-19,6.5506,34.11,18.05,1.15,0.0,7.255
2021-04-20,6.0739,34.71,21.94,1.89,0.0,6.9175
2021-04-21,4.9788,33.48,26.5,2.34,0.03,7.1045
2021-04-22,6.3262,33.1,24.45,0.62,0.0,7.4482
2021-04-23,6.2074,32.95,21.39,1.59,0.0,7.7026
2021-04-24,6.8952,32.52,25.3,1.42,0.0,7.5552
2021-04-25,7.3932,34.3,18.71,0.71,0.0,7.5778
2021-04-26,7.296,33.33,17.03,1.42,0.23,7.6205
2021-04-27,7.3663,34.26,17.65,1.3,0.16,7.6289
2021-04-28,7.1162,34.82,15.04,0.97,0.01,7.525
2021-04-29,6.1337,34.87,18.03,1.14,0.0,7.1638
2021-04-30,6.6146,35.11,18.49,1.71,0.0,7.1794
2021-05-01,6.1193,34.75,24.87,2.62,0.0,6.8614
2021-05-02,4.2264,31.79,33.99,1.38,4.6,6.6077
2021-05-03,6.1303,32.86,32.69,0.91,1.82,7.2571
2021-05-04,7.2134,33.97,29.97,1.43,0.02,7.475
2021-05-05,6.7051,34.83,29.14,2.15,0.01,7.3145
2021-05-06,6.8986,34.74,32.59,3.47,0.91,7.3795
2021-05-07,5.3722,34.03,39.51,3.35,0.62,6.8102
2021-05-08,6.2494,33.3,44.01,2.2,7.15,7.1434
2021-05-09,6.3934,33.21,48.21,2.24,1.68,6.9434
2021-05-10,6.5342,33.71,44.99,2.43,1.14,6.966
2021-05-11,6.809,34.23,43.62,1.6,0.12,7.4928
2021-05-12,7.3224,35.3,33.07,1.98,0.0,7.8173
2021-05-13,6.9379,34.79,25.31,2.07,0.0,7.8953
2021-05-14,6.7414,35.25,30.67,2.34,0.0,7.3918
2021-05-15,6.0958,35.01,37.42,3.66,0.01,7.3879
2021-05-16,6.8803,33.56,48.61,4.32,0.04,7.6303
2021-05-17,5.994,31.65,57.04,3.74,3.35,7.5739
2021-05-18,5.4672,31.69,59.53,3.61,7.84,7.2288
2021-05-19,4.7885,30.24,65.65,3.44,8.72,7.1575
2021-05-20,5.993,30.5,63.75,2.36,0.31,7.3932
2021-05-21,7.5353,31.74,48.41,2.14,0.0,7.6565
2021-05-22,6.4514,32.34,42.66,1.97,0.04,7.3219
2021-05-23,5.6705,33.12,41.7,1.54,0.07,7.1441
2021-05-24,6.3518,33.65,37.23,2.65,0.03,6.9607
2021-05-25,5.389,33.22,29.78,4.39,0.0,7.549
2021-05-26,6.7771,34.54,27.87,4.18,0.01,7.7609
2021-05-27,6.7195,35.13,32.4,3.38,0.01,7.6018
2021-05-28,6.5796,35.39,35.36,2.6,0.02,7.2146
2021-05-29,5.616,37.04,31.89,1.57,0.55,7.2979
2021-05-30,6.5575,36.77,34.34,2.54,1.17,7.1047
2021-05-31,4.2629,36.3,36.83,2.57,1.02,7.062
2021-06-01,3.9732,36.53,37.14,1.8,3.01,6.8568
2021-06-02,4.9831,34.24,46.29,2.01,0.81,7.0742
2021-06-03,5.5987,32.77,47.95,2.67,1.2,7.2096
2021-06-04,4.3709,32.01,52.65,1.39,5.22,6.5834
2021-06-05,5.6998,30.61,60.08,2.28,3.99,7.2379
2021-06-06,6.8429,32.04,56.6,2.46,0.26,7.379
2021-06-07,5.861,33.31,50.82,2.77,0.48,7.2535
2021-06-08,4.4304,32.06,58.37,3.17,4.12,7.0234
2021-06-09,4.1395,29.81,72.08,2.16,14.59,6.8578
2021-06-10,2.0594,29.2,74.91,3.72,5.15,6.3475
2021-06-11,2.8099,27.91,85.42,3.62,48.92,6.9672
2021-06-12,3.7039,28.23,82.14,3.88,9.03,6.5071
2021-06-13,5.892,29.9,75.09,3.26,4.97,6.6948
2021-06-14,5.5872,28.92,78.02,3.73,10.32,6.6473
2021-06-15,5.141,27.72,81.8,3.62,7.43,7.0104
2021-06-16,5.0568,28.01,78.06,3.13,2.81,7.1033
2021-06-17,5.9047,27.78,79.75,2.88,11.96,7.0934
2021-06-18,4.3783,26.44,83.73,2.59,11.51,6.7267
2021-06-19,3.4831,27.48,77.43,3.74,2.23,6.653
2021-06-20,6.2436,28.34,72.36,3.5,1.56,6.9996
2021-06-21,6.3406,29.04,67.94,3.16,0.0,6.8002
2021-06-22,4.5516,29.4,72.72,2.6,2.86,6.5417
2021-06-23,3.8659,27.62,82.85,2.99,9.95,6.1992
2021-06-24,2.2087,26.99,83.92,3.79,13.39,5.8258
2021-06-25,3.5477,27.63,77.84,3.3,5.23,6.125
2021-06-26,5.2565,28.15,77.27,2.23,0.79,6.7397
2021-06-27,5.2574,28.62,76.2,1.86,7.99,6.8234
2021-06-28,4.8566,28.69,79.21,0.97,16.38,6.5626
2021-06-29,5.6894,28.49,81.28,1.9,4.21,6.7694
2021-06-30,5.0393,28.44,82.59,2.37,5.4,6.4915
2021-07-01,4.4064,28.01,82.19,3.07,18.95,6.8026
2021-07-02,4.295,27.58,79.97,3.15,5.64,6.8292
2021-07-03,6.1219,29.03,72.64,1.99,0.08,6.9797
2021-07-04,5.7883,28.15,70.59,1.85,0.0,6.7128
2021-07-05,4.9973,29.02,72.22,1.32,0.44,6.7243
2021-07-06,5.3136,29.56,73.89,1.13,5.54,6.6144
2021-07-07,5.411,29.74,73.95,1.38,10.34,6.6727
2021-07-08,1.1594,27.63,87.26,2.13,64.08,6.93
2021-07-09,4.4551,28.28,78.77,1.25,5.09,6.2611
2021-07-10,3.5935,28.4,81.07,1.21,21.8,6.2611
2021-07-11,5.5162,28.53,81.73,1.4,2.89,6.6962
2021-07-12,5.5169,28.48,81.49,2.75,4.14,7.3606
2021-07-13,5.0935,28.0,81.7,2.46,13.36,7.2492
2021-07-14,4.2293,28.2,82.9,2.1,6.2,7.14
2021-07-15,5.142,28.37,81.58,3.35,2.15,7.3092
2021-07-16,5.4377,28.4,80.9,2.55,1.15,7.3507
2021-07-17,5.8831,28.97,78.19,1.8,0.0,7.183
2021-07-18,5.0568,28.64,82.41,2.06,2.03,7.0366
2021-07-19,5.5961,28.89,78.14,2.26,5.51,6.9288
2021-07-20,2.8301,27.71,83.38,2.64,9.84,7.0193
2021-07-21,1.7758,26.69,88.08,3.24,28.85,6.5717
2021-07-22,2.7312,27.19,88.15,2.84,26.36,6.4994
2021-07-23,2.3674,27.34,85.23,2.68,40.15,6.9338
2021-07-24,2.4146,27.39,84.26,4.02,9.67,6.8114
2021-07-25,3.505,26.83,86.59,3.91,3.86,6.5635
2021-07-26,3.6187,27.63,82.29,3.73,3.86,6.3341
2021-07-27,1.169,26.69,84.01,3.92,8.92,6.0137
2021-07-28,2.1456,26.24,86.18,3.49,11.38,6.665
2021-07-29,2.2066,26.48,84.11,4.09,10.88,6.4039
2021-07-30,1.2348,26.34,85.96,3.96,17.48,6.1318
2021-07-31,2.5286,25.79,86.03,4.43,4.68,6.4363
2021-08-01,2.5618,26.09,82.33,4.82,0.46,6.6533
2021-08-02,2.3882,26.75,83.31,4.24,4.58,6.599
2021-08-03,3.1882,26.84,82.76,3.56,1.27,6.4709
2021-08-04,3.9286,27.18,82.95,3.08,1.77,6.7814
2021-08-05,2.5351,26.51,86.71,2.9,4.16,6.5359
2021-08-06,2.8428,26.27,84.1,2.59,0.52,6.5515
2021-08-07,4.1616,27.34,80.62,2.4,0.14,6.7841
2021-08-08,5.0794,27.5,82.39,1.61,0.06,6.7656
2021-08-09,5.2982,28.25,80.84,1.7,0.88,6.7181
2021-08-10,3.3958,26.29,87.95,2.57,0.9,6.3346
2021-08-11,5.2325,27.65,80.76,2.12,0.21,6.3101
2021-08-12,5.6981,28.12,79.99,1.84,0.01,6.6497
2021-08-13,6.294,27.25,81.35,2.26,0.0,6.8846
2021-08-14,5.0402,26.65,82.21,2.14,0.0,6.7277
2021-08-15,4.7326,27.53,80.29,1.61,1.04,6.6466
2021-08-16,2.892,27.87,81.44,1.28,10.44,6.2782
2021-08-17,3.341,26.5,91.38,2.1,33.03,6.1903
2021-08-18,2.3563,27.06,87.61,1.91,29.25,6.0192
2021-08-19,2.1161,25.93,89.29,1.21,10.06,6.2827
2021-08-20,2.8332,26.25,88.35,2.4,3.41,5.9347
2021-08-21,3.5472,26.41,86.92,2.53,2.53,6.1037
2021-08-22,4.1326,26.96,84.78,1.9,1.63,6.768
2021-08-23,4.5283,26.96,86.65,1.71,5.02,6.5189
2021-08-24,4.9022,26.84,87.33,1.58,4.51,6.3871
2021-08-25,5.8855,27.0,86.24,1.84,0.89,6.582
2021-08-26,5.4468,26.8,84.46,1.88,0.06,6.6581
2021-08-27,5.5104,27.4,80.69,1.23,0.01,6.6528
2021-08-28,4.4374,27.94,78.84,0.59,2.2,6.3317
2021-08-29,3.9787,27.93,83.66,1.2,14.83,6.2076
2021-08-30,4.6958,27.07,87.65,1.92,19.9,6.6953
2021-08-31,4.7695,27.2,86.44,2.6,7.62,6.6893
2021-09-01,3.5568,26.31,87.06,2.31,10.4,6.7142
2021-09-02,4.685,26.91,85.96,1.68,1.67,6.6689
2021-09-03,5.1518,27.21,82.33,0.59,11.74,6.7766
2021-09-04,4.5264,27.34,84.97,0.98,11.49,6.5762
2021-09-05,4.7143,28.05,81.51,0.73,4.52,6.5568
2021-09-06,4.7352,27.68,85.75,1.74,13.64,6.1802
2021-09-07,4.1671,27.09,89.49,3.0,43.85,6.6581
2021-09-08,1.8374,26.41,89.7,3.56,14.84,6.5638
2021-09-09,2.8404,26.42,90.0,3.18,7.68,6.2779
2021-09-10,3.8107,26.73,88.02,2.07,15.46,6.2465
2021-09-11,4.6721,26.43,88.03,1.3,16.4,6.259
2021-09-12,4.1184,26.5,88.94,1.55,15.67,6.5179
2021-09-13,4.3714,27.06,87.91,1.96,14.32,6.4051
2021-09-14,3.9434,26.26,92.52,2.7,13.85,6.5503
2021-09-15,2.6162,25.82,91.65,3.32,15.4,6.3576
2021-09-16,2.3033,26.06,88.69,3.08,3.7,6.4008
2021-09-17,3.7709,25.82,89.65,2.86,16.7,6.2383
2021-09-18,5.0494,26.19,86.12,2.01,0.55,6.1205
2021-09-19,5.2872,26.53,84.93,0.74,11.2,6.3444
2021-09-20,1.6603,27.07,83.41,0.86,6.01,5.9839
2021-09-21,3.2575,27.25,84.29,0.73,25.16,5.8337
2021-09-22,4.7801,27.39,83.98,1.32,5.72,6.1037
2021-09-23,4.7086,27.4,83.35,0.83,6.56,6.1889
2021-09-24,4.458,26.74,85.89,1.0,8.27,5.639
2021-09-25,3.7226,26.99,85.14,1.24,12.44,5.5282
2021-09-26,5.0429,26.71,88.34,1.53,2.89,5.831
2021-09-27,4.4066,26.13,89.67,3.72,5.64,6.1078
2021-09-28,2.8951,25.91,90.26,4.49,5.58,6.2244
2021-09-29,4.763,25.96,86.66,1.81,0.6,5.994
2021-09-30,5.5301,26.77,83.6,0.45,4.57,5.9215
2021-10-01,5.5728,27.64,80.66,0.59,4.53,6.077
2021-10-02,4.4016,27.53,81.61,0.65,3.17,6.1303
2021-10-03,4.5259,27.06,84.71,0.69,3.33,5.8786
2021-10-04,5.5217,27.41,82.17,0.79,1.32,5.9558
2021-10-05,4.6634,27.47,84.11,1.03,2.94,5.7684
2021-10-06,5.4626,26.92,84.35,1.16,1.02,5.7622
2021-10-07,5.1746,27.36,80.52,0.87,0.01,5.7708
2021-10-08,4.8005,27.8,77.63,0.72,0.68,5.6395
2021-10-09,5.6815,27.34,77.33,0.99,0.34,5.9261
2021-10-10,6.012,26.61,71.18,0.77,0.02,6.0542
2021-10-11,5.8908,25.39,75.49,1.04,0.0,5.9606
2021-10-12,5.8951,25.32,74.86,1.27,0.0,6.0067
2021-10-13,5.8963,25.45,77.83,1.23,0.0,5.9222
2021-10-14,5.851,24.39,80.53,2.06,0.0,5.8862
2021-10-15,4.9663,24.49,83.37,2.16,0.35,5.5308
2021-10-16,4.8168,25.8,89.57,2.05,3.73,5.4634
2021-10-17,3.4747,26.2,88.25,2.62,5.32,5.4046
2021-10-18,3.1061,26.24,89.83,3.06,1.4,5.2198
2021-10-19,5.1163,24.43,80.71,2.23,0.15,5.4893
2021-10-20,5.3033,24.08,78.9,1.35,0.0,5.5567
2021-10-21,5.5622,23.25,68.3,1.31,0.0,5.7698
2021-10-22,5.5853,22.72,68.16,1.06,0.0,5.7499
2021-10-23,5.7607,23.16,67.66,0.85,0.0,5.8027
2021-10-24,5.2802,22.89,72.91,1.03,0.0,5.5313
2021-10-25,5.1761,22.54,74.7,1.38,0.0,5.46
2021-10-26,4.7429,21.7,76.65,1.55,0.0,5.2318
2021-10-27,5.1295,21.64,78.8,1.64,0.0,5.3078
2021-10-28,5.4874,21.12,79.38,2.08,0.0,5.489
2021-10-29,5.4982,20.94,76.83,2.15,0.0,5.507
2021-10-30,5.2927,19.86,71.98,1.99,0.0,5.4782
2021-10-31,5.5279,19.23,70.11,1.65,0.0,5.5296
2021-11-01,5.3981,19.54,73.2,1.3,0.0,5.5253
2021-11-02,4.457,19.23,86.36,2.19,0.0,5.051
2021-11-03,4.1623,21.62,86.36,1.68,0.0,4.883
2021-11-04,4.0411,22.32,85.29,1.59,0.0,4.7568
2021-11-05,4.212,22.4,85.55,1.51,0.0,4.669
2021-11-06,5.0256,21.8,80.19,1.48,0.0,5.0455
2021-11-07,5.0846,20.63,76.34,1.45,0.0,5.0909
2021-11-08,4.8302,19.61,72.35,1.35,0.0,4.8338
2021-11-09,4.3747,18.94,71.74,1.59,0.0,4.5065
2021-11-10,4.3085,18.52,72.69,1.69,0.0,4.5228
2021-11-11,3.6641,18.72,75.38,1.82,0.0,4.5648
2021-11-12,3.6492,21.57,82.79,2.08,0.0,4.361
2021-11-13,3.2484,23.89,85.84,2.32,0.01,4.3891
2021-11-14,4.3512,24.9,83.14,1.14,0.04,4.553
2021-11-15,4.2686,23.93,84.25,2.03,0.02,4.4498
2021-11-16,3.9708,23.07,83.65,2.15,0.0,4.2694
2021-11-17,4.1774,23.89,86.19,1.99,0.0,4.4285
2021-11-18,4.171,24.43,84.16,1.98,0.0,4.3478
2021-11-19,4.2024,23.66,81.84,2.07,0.0,4.4662
2021-11-20,3.2318,24.42,83.74,2.32,0.17,4.5617
2021-11-21,3.5585,25.09,84.69,1.59,4.55,4.4474
2021-11-22,3.043,25.28,85.16,0.99,1.96,4.1794
2021-11-23,4.085,24.83,78.97,1.29,0.07,4.3754
2021-11-24,4.4374,23.35,72.36,1.03,0.0,4.5434
2021-11-25,4.447,23.2,69.17,0.69,0.0,4.5245
2021-11-26,4.5475,21.67,68.5,1.11,0.0,4.673
2021-11-27,4.8079,19.41,72.3,1.63,0.0,4.891
2021-11-28,4.7014,17.99,71.03,1.84,0.0,4.7666
2021-11-29,4.7287,18.77,65.22,1.78,0.0,4.7861
2021-11-30,4.3678,18.94,66.86,1.79,0.0,4.5818
2021-12-01,4.3973,19.19,67.4,1.75,0.0,4.4465
2021-12-02,4.3872,18.77,70.97,1.8,0.0,4.4419
2021-12-03,2.9273,19.04,74.13,1.95,0.0,4.2511
2021-12-04,4.1364,20.22,72.14,2.1,0.0,4.1429
2021-12-05,4.1974,21.4,65.87,1.28,0.0,4.2084
2021-12-06,4.1016,20.9,68.74,1.22,0.0,4.194
2021-12-07,4.0109,20.78,73.26,2.05,0.0,4.0176
2021-12-08,3.5712,20.66,75.97,2.01,0.0,3.8198
2021-12-09,3.4435,21.28,76.15,1.46,0.0,3.7039
2021-12-10,3.5033,20.83,74.43,1.46,0.0,3.6415
2021-12-11,3.7951,19.72,66.95,1.42,0.0,3.8573
2021-12-12,4.1969,18.57,68.41,1.57,0.0,4.1988
2021-12-13,4.2346,18.34,69.29,1.7,0.0,4.259
2021-12-14,4.165,18.96,71.28,1.6,0.0,4.2182
2021-12-15,3.511,18.63,71.99,1.63,0.0,3.8417
2021-12-16,3.8261,19.1,72.56,1.3,0.0,4.0193
2021-12-17,3.7702,19.3,67.55,0.99,0.0,3.8654
2021-12-18,3.6271,18.3,69.28,2.02,0.0,3.6386
2021-12-19,4.7765,14.98,46.57,2.08,0.0,4.7885
2021-12-20,4.9457,14.97,39.48,1.45,0.0,4.9822
2021-12-21,4.921,15.93,43.89,1.14,0.0,4.9301
2021-12-22,4.8485,17.59,44.14,1.12,0.0,4.8499
2021-12-23,4.7292,19.01,48.5,1.02,0.0,4.7302
2021-12-24,4.3157,19.84,54.67,0.87,0.0,4.3243
2021-12-25,4.3142,20.71,58.51,0.88,0.0,4.3507
2021-12-26,4.0253,21.08,60.5,1.17,0.0,4.0471
2021-12-27,3.533,20.89,64.65,1.05,0.0,3.937
2021-12-28,2.0518,20.77,74.86,1.59,4.64,2.7374
2021-12-29,2.4948,20.09,82.89,1.25,13.06,3.5573
2021-12-30,3.5513,17.51,77.82,2.43,0.74,4.0464
2021-12-31,3.6816,17.77,76.98,1.7,0.01,3.7718
2022-01-01,3.8988,18.49,73.57,1.5,0.0,4.0195
2022-01-02,3.9919,18.53,73.08,1.4,0.0,4.127
2022-01-03,4.6042,18.5,71.44,1.26,0.0,4.6459
2022-01-04,4.6848,18.87,70.47,1.11,0.0,4.723
2022-01-05,4.4496,19.48,69.19,1.31,0.0,4.5199
2022-01-06,3.9,19.83,70.57,1.43,0.0,3.9103
2022-01-07,3.8686,19.93,68.84,2.23,0.0,4.0894
2022-01-08,3.593,20.47,74.48,2.1,1.11,3.9734
2022-01-09,1.278,21.09,79.79,2.08,6.78,3.5047
2022-01-10,2.1499,20.18,81.51,1.43,5.23,4.1141
2022-01-11,2.3026,19.17,85.36,2.16,14.91,3.8777
2022-01-12,3.1471,18.88,79.02,1.28,2.03,4.0042
2022-01-13,3.8378,18.45,77.6,2.16,0.12,4.2062
2022-01-14,1.289,19.12,81.91,2.34,2.38,4.242
2022-01-15,3.1656,18.82,78.58,1.87,0.34,4.1558
2022-01-16,4.2538,18.02,72.71,1.6,0.0,4.374
2022-01-17,4.6198,18.3,67.27,1.28,0.0,4.6747
2022-01-18,4.6884,17.99,69.23,1.04,32.47,4.7059
2022-01-19,5.1408,17.7,60.14,1.35,0.0,5.1466
2022-01-20,5.1079,18.9,60.4,1.1,0.0,5.1468
2022-01-21,4.8206,19.39,65.53,1.65,0.0,4.997
2022-01-22,4.655,19.91,61.86,1.72,0.02,4.901
2022-01-23,4.4189,19.72,64.59,2.26,0.11,5.0489
2022-01-24,4.1736,16.19,49.75,1.86,0.0,4.5523
2022-01-25,4.9291,15.53,53.32,1.68,0.0,5.0863
2022-01-26,5.285,15.27,55.2,1.72,0.0,5.2987
2022-01-27,5.5646,14.99,53.31,1.76,0.0,5.569
2022-01-28,5.5092,14.8,50.86,1.43,0.0,5.5841
2022-01-29,5.7043,16.4,46.98,1.15,0.0,5.7187
2022-01-30,5.382,17.71,44.48,1.34,0.0,5.5351
2022-01-31,5.3021,19.12,43.55,1.35,0.0,5.4686
2022-02-01,5.6042,20.38,43.97,1.21,0.0,5.6059
2022-02-02,5.5656,20.6,49.05,1.04,0.0,5.5728
2022-02-03,5.2433,19.57,57.34,2.18,0.01,5.3018
2022-02-04,5.6458,18.03,46.86,1.77,0.0,5.6472
2022-02-05,5.8519,17.33,43.97,1.25,0.0,5.8574
2022-02-06,5.647,18.27,45.25,1.23,0.0,5.7338
2022-02-07,5.6693,19.38,45.65,1.1,0.0,5.6765
2022-02-08,5.4679,20.15,46.45,1.2,0.0,5.4691
2022-02-09,3.5642,21.78,60.79,1.84,1.42,4.387
2022-02-10,4.8763,20.48,67.07,2.0,0.11,4.9502
2022-02-11,5.5894,18.43,50.02,2.04,0.0,5.7029
2022-02-12,6.0456,18.49,42.65,1.4,0.0,6.1082
2022-02-13,5.8409,18.78,47.3,1.27,0.0,5.934
2022-02-14,5.7394,19.65,48.06,1.32,0.0,5.7518
2022-02-15,5.2075,20.45,51.3,1.47,0.0,5.214
2022-02-16,4.1323,21.6,56.51,1.12,4.71,4.9363
2022-02-17,2.22,21.76,58.21,1.49,0.3,5.0971
2022-02-18,3.4375,22.24,64.74,1.27,0.29,4.7328
2022-02-19,3.4178,23.25,61.83,1.39,0.21,4.1215
2022-02-20,5.6278,24.13,50.53,1.87,0.0,5.7139
2022-02-21,6.4061,23.37,31.88,1.58,0.0,6.4102
2022-02-22,5.9177,22.67,34.48,1.61,0.0,6.0974
2022-02-23,5.9148,23.54,44.53,1.85,0.0,6.0382
2022-02-24,5.7137,25.52,48.18,2.3,0.03,5.7746
2022-02-25,6.1291,25.45,34.98,1.24,0.01,6.2258
2022-02-26,5.5015,25.27,44.57,2.23,0.0,5.7017
2022-02-27,5.1934,25.89,44.4,1.91,0.0,5.6551
2022-02-28,5.8594,26.37,37.26,1.43,0.0,5.898
2022-03-01,5.6623,26.95,32.98,0.95,0.21,5.8546
2022-03-02,5.7797,26.45,38.01,1.27,0.01,5.9083
2022-03-03,4.0356,26.4,40.67,1.93,0.05,5.5166
2022-03-04,5.3052,27.24,38.86,1.49,0.43,5.6263
2022-03-05,5.6642,27.86,35.53,1.19,0.17,5.8368
2022-03-06,6.4164,26.74,30.74,1.51,0.0,6.4229
2022-03-07,6.1157,26.42,33.1,1.55,0.0,6.1303
2022-03-08,5.6376,27.1,28.59,1.4,0.0,6.0098
2022-03-09,5.6566,27.65,27.38,1.43,0.0,5.7571
2022-03-10,5.7384,28.56,27.91,1.15,0.0,6.0559
2022-03-11,5.8709,28.86,26.62,1.69,0.0,6.2208
2022-03-12,6.7044,28.47,25.17,1.74,0.0,6.7154
2022-03-13,6.8707,28.43,19.5,1.42,0.0,6.9437
2022-03-14,6.9686,29.4,17.85,1.55,0.0,6.984
2022-03-15,6.7896,30.79,20.34,1.53,0.0,6.7973
2022-03-16,6.847,31.41,21.07,1.86,0.0,6.8573
2022-03-17,6.821,31.66,18.72,2.05,0.0,6.8614
2022-03-18,6.677,31.45,21.96,1.36,0.0,6.6936
2022-03-19,6.1315,30.99,26.51,1.16,0.0,6.2594
2022-03-20,4.77,32.22,24.81,0.74,0.0,6.1332
2022-03-21,5.1019,32.68,17.02,1.72,0.0,6.2213
2022-03-22,6.8066,31.93,15.79,1.48,0.0,6.9034
2022-03-23,6.5885,31.32,15.16,2.08,0.0,6.6902
2022-03-24,5.3882,31.55,20.85,1.56,0.0,6.0278
2022-03-25,4.8497,32.91,22.96,2.16,0.0,5.6815
2022-03-26,5.8742,33.52,19.21,1.47,0.0,6.3264
2022-03-27,7.1436,32.72,13.87,1.52,0.0,7.1566
2022-03-28,7.1494,33.08,11.53,0.79,0.0,7.1573
2022-03-29,7.3322,33.01,12.72,1.97,0.0,7.3452
2022-03-30,7.4546,33.54,11.86,1.7,0.0,7.471
2022-03-31,7.2593,33.79,11.11,1.3,0.0,7.3493
2022-04-01,7.2288,33.75,10.41,1.52,0.0,7.3992
2022-04-02,6.9528,33.49,12.8,1.32,0.0,7.1585
2022-04-03,6.0886,34.18,13.58,1.0,0.0,6.7735
2022-04-04,6.9274,34.39,15.85,0.88,0.0,7.1225
2022-04-05,7.1446,33.54,15.94,1.55,0.0,7.4119
2022-04-06,6.6084,33.7,18.47,1.49,0.0,7.0975
2022-04-07,5.5685,33.88,19.42,1.76,0.0,6.5707
2022-04-08,5.3842,34.5,24.2,2.39,0.0,6.3012
2022-04-09,6.3842,35.3,26.77,2.63,0.0,6.6734
2022-04-10,6.6998,35.86,24.13,2.73,0.0,6.9679
2022-04-11,6.5926,35.54,19.63,2.18,0.0,7.1059
2022-04-12,5.9959,35.62,21.52,2.41,0.0,6.6739
2022-04-13,5.8855,35.8,22.69,2.2,0.0,6.2642
2022-04-14,4.5324,34.94,19.18,2.07,0.0,6.5119
2022-04-15,6.2503,34.45,16.65,2.05,0.0,7.3865
2022-04-16,7.5242,34.39,13.01,2.14,0.0,7.6985
2022-04-17,7.1983,34.6,14.2,1.39,0.0,7.5204
2022-04-18,6.9797,35.55,14.45,1.11,0.0,7.4155
2022-04-19,6.6302,36.58,14.14,1.36,0.0,7.2866
2022-04-20,6.7668,36.9,14.17,1.14,0.0,7.4218
2022-04-21,5.9374,36.66,15.52,0.92,0.0,6.9782
2022-04-22,6.3852,35.39,26.83,1.62,0.23,6.9588
2022-04-23,5.8634,34.64,32.79,1.83,0.0,7.015
2022-04-24,6.5359,35.71,27.53,1.96,0.02,7.2857
2022-04-25,7.643,36.69,16.93,1.75,0.0,7.7146
2022-04-26,7.1926,36.06,12.91,1.48,0.0,7.5953
2022-04-27,7.6596,36.97,12.13,1.91,0.0,7.7777
2022-04-28,7.0966,37.53,12.46,1.06,0.0,7.6253
2022-04-29,7.0769,37.46,14.39,1.57,0.0,7.5823
2022-04-30,7.3294,37.57,13.74,2.46,0.0,7.6507
2022-05-01,7.2785,37.15,15.09,2.56,0.0,7.5936
2022-05-02,6.1579,37.18,19.64,2.23,0.0,7.2079
2022-05-03,6.4548,38.1,21.02,1.3,0.02,7.2492
2022-05-04,7.2103,37.38,22.03,2.3,0.01,7.5113
2022-05-05,7.2442,36.75,18.01,1.7,0.0,7.7398
2022-05-06,6.8623,36.25,15.64,1.62,0.0,7.3838
2022-05-07,6.0005,35.83,20.86,1.74,0.0,7.019
2022-05-08,6.7675,37.1,18.5,1.44,0.0,7.2943
2022-05-09,6.9698,35.67,18.25,1.9,0.0,7.3649
2022-05-10,7.1268,35.61,27.81,3.98,0.0,7.2101
2022-05-11,6.6437,36.12,33.85,3.61,0.0,6.9922
2022-05-12,5.9578,36.87,34.74,2.22,0.1,6.9197
2022-05-13,6.5364,37.48,32.38,3.69,0.84,7.0814
2022-05-14,6.6216,38.72,23.63,2.92,0.0,7.3238
2022-05-15,6.3324,39.16,23.02,2.7,0.0,7.1398
2022-05-16,5.1809,37.68,32.63,2.61,0.67,7.1018
2022-05-17,7.5799,36.69,32.88,3.67,0.0,7.7494
2022-05-18,5.3573,37.17,30.7,2.25,0.0,7.0834
2022-05-19,6.6456,36.81,32.91,3.5,0.0,6.9751
2022-05-20,6.8993,37.01,36.73,3.8,0.0,7.2269
2022-05-21,7.2442,37.05,29.07,5.17,0.0,7.3798
2022-05-22,6.534,35.8,28.11,4.41,0.03,7.205
2022-05-23,7.2847,35.88,31.05,3.61,0.0,7.4822
2022-05-24,6.0175,36.39,27.71,1.62,2.95,6.6322
2022-05-25,6.0101,36.11,30.42,1.66,1.94,7.0582
2022-05-26,6.1358,36.58,32.39,2.15,0.48,6.8556
2022-05-27,7.182,35.89,31.59,2.92,0.76,7.4964
2022-05-28,7.3812,36.28,28.87,3.82,0.0,7.5156
2022-05-29,7.147,36.81,28.21,3.91,0.0,7.3848
2022-05-30,5.8651,37.44,27.9,2.64,0.02,7.1242
2022-05-31,5.1468,37.6,27.67,2.28,0.71,7.0968
2022-06-01,6.2959,38.58,19.81,2.95,0.01,7.1354
2022-06-02,5.9928,37.57,23.66,2.36,0.02,6.9029
2022-06-03,6.1944,38.32,18.43,2.97,0.0,7.2996
2022-06-04,5.6971,38.74,19.62,2.4,0.0,7.5067
2022-06-05,6.5306,39.04,19.55,1.66,0.02,7.5533
2022-06-06,6.0557,38.35,20.47,1.88,0.0,7.2674
2022-06-07,6.8746,38.56,19.11,3.01,0.0,7.399
2022-06-08,6.1807,38.71,19.93,3.83,0.0,7.415
2022-06-09,6.5117,38.17,28.9,4.29,0.2,7.3435
2022-06-10,4.8163,37.02,31.22,3.6,0.11,7.1611
2022-06-11,5.2164,34.83,41.69,3.78,0.58,6.7711
2022-06-12,5.119,34.24,44.72,3.0,1.61,6.9026
2022-06-13,5.8243,34.08,46.67,3.41,0.38,7.3464
2022-06-14,6.4416,34.54,46.09,3.39,1.58,7.2686
2022-06-15,4.987,31.16,62.56,2.16,9.52,7.0562
2022-06-16,4.8324,30.12,70.43,1.72,3.62,6.8537
2022-06-17,4.159,29.52,72.61,2.3,6.83,6.9185
2022-06-18,3.3881,28.07,81.37,2.07,11.92,7.0829
2022-06-19,3.9211,29.48,74.11,2.02,9.11,7.1443
2022-06-20,4.3582,29.13,75.14,3.04,19.41,7.211
2022-06-21,4.4326,28.97,76.14,2.08,15.66,6.9569
2022-06-22,6.2736,29.53,71.46,1.15,6.99,7.0949
2022-06-23,3.3953,29.83,68.85,0.99,2.04,6.6526
2022-06-24,5.2159,29.73,70.15,1.35,3.63,6.5086
2022-06-25,4.3188,29.09,72.92,1.74,4.63,6.8129
2022-06-26,3.72,29.13,71.91,2.47,4.94,6.6845
2022-06-27,4.9272,29.07,72.39,2.02,6.99,6.9218
2022-06-28,5.4425,29.69,72.34,2.74,4.13,6.9329
2022-06-29,3.4574,29.75,72.55,2.48,4.74,6.7126
2022-06-30,4.0973,28.76,80.46,1.88,9.77,6.7908
2022-07-01,5.1526,28.55,78.59,2.71,3.41,7.1076
2022-07-02,3.3929,27.64,81.97,2.41,11.64,7.0594
2022-07-03,2.7418,27.53,84.14,2.33,17.65,6.2846
2022-07-04,2.357,26.11,89.22,3.62,29.24,6.827
2022-07-05,3.7349,26.79,86.43,2.23,27.02,7.1213
2022-07-06,2.7118,27.31,79.15,2.62,6.86,7.2809
2022-07-07,3.6026,27.35,85.71,2.01,25.67,7.1825
2022-07-08,3.3125,27.77,84.65,2.87,21.16,7.1849
2022-07-09,4.7328,26.8,88.06,2.48,28.22,7.1765
2022-07-10,3.4807,26.9,87.14,2.2,38.06,7.2079
2022-07-11,2.8507,27.14,90.37,3.14,59.88,7.2619
2022-07-12,3.9482,27.57,89.29,1.96,41.33,7.2905
2022-07-13,2.2142,28.14,86.12,2.34,35.37,7.1885
2022-07-14,2.2426,28.62,83.22,0.85,49.37,7.3711
2022-07-15,2.9328,26.33,90.73,3.37,24.19,7.381
2022-07-16,4.0061,27.39,86.28,2.75,2.32,7.2041
2022-07-17,0.9797,26.51,92.93,3.68,54.48,7.2269
2022-07-18,2.8399,26.25,92.28,5.02,38.77,7.2576
2022-07-19,1.955,25.49,89.65,4.18,5.73,7.3788
2022-07-20,1.8106,26.65,88.28,3.38,2.6,6.9818
2022-07-21,2.8558,25.79,93.6,3.23,5.69,6.7418
2022-07-22,3.0674,26.02,93.06,3.34,20.07,6.6278
2022-07-23,2.4317,25.55,93.03,4.77,16.23,6.6581
2022-07-24,2.3258,25.41,91.47,3.88,11.03,6.8654
2022-07-25,2.8145,25.62,91.57,2.48,28.14,7.0075
2022-07-26,2.387,25.71,90.38,0.97,20.43,7.0483
2022-07-27,3.1879,26.9,85.87,0.83,3.65,7.0982
2022-07-28,5.8862,27.6,85.5,0.82,4.61,6.8662
2022-07-29,3.9362,26.85,89.24,1.17,3.8,6.745
2022-07-30,4.0471,26.59,88.56,2.0,1.9,6.4594
2022-07-31,6.3775,26.93,85.77,1.55,0.82,7.0212
2022-08-01,5.273,27.28,85.85,1.44,0.0,6.9809
2022-08-02,5.0285,27.21,86.12,1.47,0.06,6.7858
2022-08-03,3.8659,28.06,85.11,1.08,2.6,6.6319
2022-08-04,3.863,27.51,88.07,1.55,4.83,5.8111
2022-08-05,4.5029,27.52,87.24,1.41,4.68,6.6324
2022-08-06,5.9256,26.93,90.63,0.85,18.08,6.8952
2022-08-07,4.7642,26.14,90.61,1.67,33.14,6.9523
2022-08-08,4.8984,26.73,89.75,1.65,75.02,7.0128
2022-08-09,3.4118,26.56,89.9,1.98,84.42,7.1028
2022-08-10,1.3925,25.07,94.06,5.95,62.47,7.0354
2022-08-11,1.956,26.23,90.74,3.98,11.26,7.2456
2022-08-12,4.5982,26.54,89.89,3.33,4.21,7.181
2022-08-13,3.1613,26.16,90.43,3.33,11.34,6.9557
2022-08-14,0.8652,25.38,93.4,4.14,30.98,7.1033
2022-08-15,1.3106,24.88,94.03,4.95,42.75,7.2648
2022-08-16,3.6893,25.56,91.04,3.76,51.6,6.6991
2022-08-17,6.3293,26.41,88.92,2.38,13.62,7.0308
2022-08-18,5.9587,26.51,88.4,2.24,1.84,6.775
2022-08-19,4.7294,26.24,90.2,2.35,0.62,6.643
2022-08-20,2.4926,25.88,92.62,2.97,9.26,6.7762
2022-08-21,1.7182,25.47,91.28,4.97,6.74,6.8628
2022-08-22,3.114,25.37,89.89,4.34,2.45,6.6214
2022-08-23,5.1473,26.55,86.24,2.11,0.77,6.6302
2022-08-24,5.5829,26.24,87.44,1.31,1.55,6.6977
2022-08-25,4.9046,26.42,84.04,1.44,0.77,6.787
2022-08-26,5.4953,26.53,84.37,1.68,1.11,6.744
2022-08-27,4.3241,26.59,84.92,1.72,0.25,6.1613
2022-08-28,2.4504,25.33,91.57,2.35,0.76,6.5105
2022-08-29,3.7898,25.91,90.3,1.75,4.14,6.642
2022-08-30,6.0139,27.01,85.73,1.01,0.78,6.9264
2022-08-31,5.5649,27.41,85.26,0.86,1.86,6.6706
2022-09-01,5.0004,26.85,88.22,1.3,6.92,6.282
2022-09-02,6.2902,27.4,85.29,1.09,0.43,6.9091
2022-09-03,5.2296,27.01,87.6,1.5,3.54,6.745
2022-09-04,1.5434,25.91,91.06,1.56,21.56,6.3199
2022-09-05,3.2602,25.17,90.98,1.57,10.63,6.2054
2022-09-06,4.8427,26.99,83.66,0.97,2.78,6.3691
2022-09-07,4.638,26.93,85.85,1.11,10.1,5.7485
2022-09-08,4.643,26.82,88.0,1.61,1.77,6.251
2022-09-09,5.6542,27.11,87.96,2.16,0.37,6.5753
2022-09-10,5.2942,27.1,87.48,2.09,3.43,6.3029
2022-09-11,4.8384,27.19,87.82,1.92,15.45,6.5112
2022-09-12,2.0114,25.95,92.71,2.52,68.39,6.45
2022-09-13,1.7894,25.99,91.42,3.74,41.52,6.2064
2022-09-14,3.3629,26.12,90.79,3.58,17.4,6.1241
2022-09-15,3.4411,26.34,90.41,3.46,5.08,6.1493
2022-09-16,3.2474,26.2,91.41,3.35,13.09,6.1644
2022-09-17,3.6576,26.39,89.1,2.42,1.94,6.0432
2022-09-18,5.237,26.51,85.69,1.34,0.29,6.1361
2022-09-19,5.0882,27.12,84.0,1.42,0.76,6.1906
2022-09-20,4.3493,26.67,88.48,2.01,21.0,5.923
2022-09-21,2.2145,26.08,90.56,1.88,13.31,5.9671
2022-09-22,1.7513,24.94,93.94,3.05,5.59,5.9638
2022-09-23,3.8916,24.98,89.06,2.46,1.77,5.658
2022-09-24,2.2056,24.95,87.86,1.96,0.01,5.921
2022-09-25,3.6034,26.26,82.1,1.13,0.55,5.9292
2022-09-26,5.3642,26.47,82.49,1.13,0.35,5.843
2022-09-27,5.2231,26.31,86.11,1.41,2.92,5.677
2022-09-28,4.47,26.39,85.26,1.48,1.49,5.9282
2022-09-29,5.9431,26.09,83.77,1.67,0.52,6.1322
2022-09-30,5.801,25.91,81.67,1.69,0.0,6.0413
2022-10-01,5.9441,26.25,82.1,1.5,0.0,6.1394
2022-10-02,6.0876,26.1,83.94,2.11,0.0,6.2258
2022-10-03,5.7178,25.97,84.68,2.11,0.0,5.9184
2022-10-04,2.6294,25.35,86.94,1.62,0.34,5.2966
2022-10-05,3.114,25.91,88.62,1.51,3.43,5.4014
2022-10-06,4.4669,26.41,88.55,2.54,6.76,6.1382
2022-10-07,3.7015,25.68,88.22,2.39,3.97,5.8178
2022-10-08,4.4026,25.62,89.41,1.83,0.77,5.8046
2022-10-09,4.8034,26.38,86.85,1.25,3.39,6.0017
2022-10-10,4.7642,25.35,90.82,1.51,6.34,5.8908
2022-10-11,2.3712,25.21,90.99,1.71,20.43,5.7542
2022-10-12,4.2931,25.32,87.59,1.0,5.59,5.8543
2022-10-13,4.7498,25.41,86.2,1.02,12.19,5.8745
2022-10-14,5.2723,25.27,86.4,1.75,0.99,5.7994
2022-10-15,5.485,24.45,85.25,2.24,0.9,5.6215
2022-10-16,4.0082,25.14,87.43,1.85,1.68,5.4936
2022-10-17,4.6327,25.58,86.17,1.23,18.0,5.5634
2022-10-18,4.349,25.07,86.83,1.05,8.62,5.5685
2022-10-19,5.4998,24.4,88.94,1.92,0.8,5.6515
2022-10-20,5.6525,24.12,87.01,2.05,0.02,5.6998
2022-10-21,5.6837,22.12,79.58,1.92,0.0,5.9081
2022-10-22,5.8529,21.27,81.71,1.76,0.0,5.862
2022-10-23,5.321,20.84,83.69,1.92,0.0,5.6174
2022-10-24,5.6381,20.66,78.77,1.85,0.0,5.6383
2022-10-25,5.6429,21.75,68.8,0.75,0.0,5.6429
2022-10-26,5.6604,21.49,69.62,1.03,0.0,5.6623
2022-10-27,5.6366,21.54,66.53,0.91,0.0,5.6436
2022-10-28,5.6494,21.27,68.49,0.97,0.0,5.6496
2022-10-29,5.4934,21.12,74.33,0.99,0.0,5.4936
2022-10-30,5.1838,20.95,77.13,1.13,0.0,5.1838
2022-10-31,4.9663,19.66,78.01,1.41,0.0,5.3395
2022-11-01,5.407,20.21,79.44,1.36,0.0,5.4106
2022-11-02,5.5454,20.78,77.65,1.32,0.0,5.5466
2022-11-03,5.4343,21.05,75.9,1.22,0.0,5.4358
2022-11-04,5.1886,20.83,72.2,0.99,0.0,5.1965
2022-11-05,4.9058,21.63,71.94,0.78,0.0,4.9294
2022-11-06,4.9946,23.13,71.35,0.41,0.0,5.0038
2022-11-07,5.0676,22.36,78.44,0.96,0.0,5.1408
2022-11-08,5.2421,21.2,81.99,1.33,0.0,5.2553
2022-11-09,4.8648,20.42,82.05,1.45,0.0,4.8682
2022-11-10,4.5886,20.48,82.4,1.46,0.0,4.6162
2022-11-11,4.3949,20.83,83.76,1.32,0.0,4.584
2022-11-12,4.4758,20.63,82.97,1.2,0.0,4.5994
2022-11-13,4.8526,19.35,77.52,1.59,0.0,4.8554
2022-11-14,5.1578,18.53,74.36,1.43,0.0,5.1578
2022-11-15,5.2433,19.57,67.87,0.89,0.0,5.2435
2022-11-16,4.9927,20.21,63.66,0.53,0.0,5.0172
2022-11-17,4.7508,19.38,69.97,1.36,0.0,4.7796
2022-11-18,4.9666,18.39,76.72,1.77,0.0,4.9766
2022-11-19,5.0858,16.85,71.92,1.72,0.0,5.1134
2022-11-20,4.938,17.14,71.35,1.14,0.0,4.9711
2022-11-21,4.5341,18.09,73.08,1.27,0.0,4.9438
2022-11-22,4.8379,19.18,74.85,1.59,0.0,4.8588
2022-11-23,4.717,20.0,75.03,1.56,0.0,4.7544
2022-11-24,4.8521,19.5,73.16,1.55,0.0,4.9181
2022-11-25,5.0112,18.72,73.37,1.53,0.0,5.0126
2022-11-26,5.0635,18.41,66.85,0.95,0.0,5.0652
2022-11-27,4.9656,18.43,60.85,0.7,0.0,4.9678
2022-11-28,4.8024,19.25,59.89,0.86,0.0,4.8043
2022-11-29,4.5466,18.97,66.67,1.03,0.0,4.5941
2022-11-30,4.1218,18.38,74.16,1.39,0.0,4.2211
2022-12-01,4.1215,19.18,71.8,1.2,0.0,4.2434
2022-12-02,4.0999,20.24,71.71,0.97,0.0,4.1011
2022-12-03,3.9982,20.74,70.92,1.01,0.0,4.001
2022-12-04,4.0471,20.09,74.11,1.14,0.0,4.0594
2022-12-05,4.1515,19.85,79.47,1.56,0.0,4.1755
2022-12-06,4.1066,19.52,75.6,1.29,0.0,4.1412
2022-12-07,4.1278,17.61,71.14,1.95,0.0,4.5926
2022-12-08,3.8196,16.19,66.27,2.14,0.0,4.9382
2022-12-09,4.7189,16.32,67.13,2.01,0.0,4.8734
2022-12-10,4.0404,18.75,73.63,1.9,0.0,4.6754
2022-12-11,3.4356,20.97,74.56,2.14,0.02,4.4393
2022-12-12,3.1306,22.56,77.11,1.57,0.35,4.2871
2022-12-13,2.7214,22.32,78.03,1.46,1.44,4.243
2022-12-14,4.0922,22.12,71.04,1.65,0.57,4.3488
2022-12-15,3.8208,22.35,71.6,1.3,0.43,4.3548
2022-12-16,4.2655,22.34,74.14,1.21,0.57,4.3728
2022-12-17,4.8739,20.38,67.05,1.9,0.68,4.8746
2022-12-18,4.9555,18.68,61.13,1.65,0.0,4.9606
2022-12-19,4.7254,18.61,62.74,1.21,0.0,4.7717
2022-12-20,4.4333,19.61,59.27,1.29,0.0,4.5667
2022-12-21,4.6661,19.5,64.06,1.53,0.0,4.6781
2022-12-22,4.7038,19.7,65.82,1.15,0.0,4.7285
2022-12-23,4.5919,20.08,66.19,1.4,0.0,4.5919
2022-12-24,4.2571,20.84,66.27,1.54,0.0,4.2583
2022-12-25,3.8304,21.18,64.57,0.95,0.0,3.8345
2022-12-26,3.9437,21.3,66.53,1.21,0.0,3.9542
2022-12-27,3.4142,22.34,65.71,1.17,0.0,3.8448
2022-12-28,4.2554,20.42,62.84,1.82,0.0,4.2926
2022-12-29,4.8118,19.48,50.74,1.46,0.0,4.824
2022-12-30,4.6978,20.42,59.3,1.14,0.0,4.6994
2022-12-31,4.7438,21.16,57.74,1.49,0.0,4.7446
2023-01-01,4.2362,19.15,61.49,1.77,0.0,4.3171
2023-01-02,4.2137,18.98,62.52,1.52,0.0,4.2144
2023-01-03,3.2851,19.05,67.38,1.32,0.01,3.5597
2023-01-04,0.8153,18.49,75.65,1.95,1.72,2.6945
2023-01-05,1.1167,17.61,78.09,2.17,0.21,2.8133
2023-01-06,3.9821,18.09,64.38,1.92,0.0,4.0522
2023-01-07,5.1271,15.63,43.23,1.98,0.0,5.1449
2023-01-08,5.2682,15.37,42.8,1.56,0.0,5.2752
2023-01-09,5.1754,17.43,43.93,1.35,0.0,5.184
2023-01-10,5.0062,18.73,47.19,1.16,0.0,5.0441
2023-01-11,5.099,19.44,45.13,1.3,0.0,5.1002
2023-01-12,4.957,19.62,46.9,1.33,0.0,4.967
2023-01-13,4.9843,19.66,49.89,1.39,0.0,4.9872
2023-01-14,4.824,20.5,55.93,1.28,0.0,4.8322
2023-01-15,4.7777,18.76,55.98,1.84,0.0,4.7806
2023-01-16,3.6936,18.75,54.73,1.66,0.0,4.0486
2023-01-17,3.839,19.74,60.53,1.41,0.0,3.9648
2023-01-18,4.2377,19.53,57.19,1.63,0.0,4.3582
2023-01-19,4.1918,19.96,65.32,1.44,0.0,4.2199
2023-01-20,4.2305,20.85,67.22,1.84,0.0,4.2842
2023-01-21,4.2842,22.13,62.6,1.33,0.0,4.3529
2023-01-22,4.4352,21.75,58.87,1.68,0.0,4.4928
2023-01-23,4.5127,21.41,57.22,1.69,0.0,4.524
2023-01-24,4.5938,22.31,55.81,2.1,0.0,4.639
2023-01-25,4.625,22.52,52.23,2.06,0.0,4.8967
2023-01-26,4.885,22.63,44.76,0.95,0.0,4.9622
2023-01-27,4.3826,22.55,51.99,1.53,0.0,4.5221
2023-01-28,4.7686,22.92,54.47,1.72,0.0,4.7741
2023-01-29,4.4762,23.09,54.69,2.4,0.0,4.5871
2023-01-30,3.9439,24.24,54.34,1.54,0.03,4.2302
2023-01-31,3.9917,24.3,50.47,2.04,0.01,4.2946
2023-02-01,5.2006,21.65,41.95,2.9,0.0,5.2469
2023-02-02,6.0977,19.45,27.49,2.33,0.0,6.1224
2023-02-03,6.0756,20.52,25.87,1.69,0.0,6.0859
2023-02-04,5.9134,21.27,25.15,1.56,0.0,5.9436
2023-02-05,5.9933,21.72,24.36,1.35,0.0,5.9966
2023-02-06,5.7454,22.82,28.07,1.4,0.0,5.7482
2023-02-07,5.6422,23.56,27.52,1.27,0.0,5.6786
2023-02-08,5.9748,22.6,27.98,1.91,0.0,5.9806
2023-02-09,6.0384,23.5,23.68,1.31,0.0,6.0658
2023-02-10,6.0391,24.31,23.04,1.15,0.0,6.049
2023-02-11,6.0809,25.24,21.51,1.54,0.0,6.0881
2023-02-12,6.0655,23.68,29.74,2.71,0.0,6.0754
2023-02-13,6.191,22.57,20.29,2.27,0.0,6.2573
2023-02-14,6.2664,22.67,16.73,1.73,0.0,6.2789
2023-02-15,6.1565,23.92,21.47,1.98,0.0,6.1757
2023-02-16,6.1951,24.97,23.23,2.18,0.0,6.2112
2023-02-17,5.5836,24.42,30.82,2.2,0.0,5.7161
2023-02-18,5.7029,24.86,31.19,1.74,0.0,5.7053
2023-02-19,6.1013,25.52,26.9,1.51,0.0,6.1058
2023-02-20,6.3509,25.42,23.07,1.26,0.0,6.373
2023-02-21,6.3684,27.7,18.84,1.24,0.0,6.3835
2023-02-22,5.903,26.17,14.71,1.66,0.0,6.3919
2023-02-23,5.7982,26.84,17.36,1.49,0.0,6.3814
2023-02-24,6.4145,27.12,19.22,1.4,0.0,6.4598
2023-02-25,6.3962,26.6,19.76,1.51,0.0,6.4529
2023-02-26,6.1603,26.67,23.96,1.43,0.0,6.211
2023-02-27,5.7662,26.61,26.12,1.55,0.0,5.8807
2023-02-28,5.3004,27.11,29.72,1.48,0.0,5.5274
2023-03-01,4.7986,27.67,27.55,1.14,0.0,5.1902
2023-03-02,4.8341,28.5,26.77,1.05,0.0,5.1737
2023-03-03,5.2037,28.9,28.29,1.37,0.0,5.5493
2023-03-04,5.7994,28.63,26.4,1.32,0.0,5.9465
2023-03-05,4.9747,28.86,21.93,1.17,0.01,5.5157
2023-03-06,5.1026,28.54,24.12,1.3,0.01,5.6004
2023-03-07,3.6607,27.33,25.82,1.27,0.13,5.4137
2023-03-08,6.5023,27.66,25.73,1.49,0.32,6.5928
2023-03-09,5.9047,27.4,23.98,1.69,0.0,6.4505
2023-03-10,5.8318,28.28,24.48,1.25,0.04,6.4001
2023-03-11,6.6146,28.01,22.13,1.62,0.0,6.6547
2023-03-12,6.7507,28.49,21.73,1.4,0.0,6.7596
2023-03-13,6.3091,29.08,22.03,1.3,0.0,6.5302
2023-03-14,4.6406,29.09,21.98,1.37,0.02,5.7806
2023-03-15,4.6142,29.73,24.04,1.15,0.18,5.6054
2023-03-16,2.8711,27.73,32.47,1.39,0.63,5.3652
2023-03-17,5.5094,27.17,41.84,1.32,1.68,5.8721
2023-03-18,3.3653,24.87,56.17,1.81,5.45,6.049
2023-03-19,3.8186,25.65,56.88,1.2,1.68,6.2134
2023-03-20,6.2544,26.78,53.05,1.51,1.17,6.6708
2023-03-21,5.2894,27.18,48.38,1.12,0.31,6.3475
2023-03-22,3.8626,27.76,45.71,1.83,0.06,6.2503
2023-03-23,5.4977,28.27,41.73,1.32,0.0,6.4346
2023-03-24,5.5603,30.59,35.66,0.79,0.0,6.4721
2023-03-25,6.0444,31.13,38.14,1.22,0.69,6.6031
2023-03-26,5.8879,30.51,39.73,1.79,2.06,6.4939
2023-03-27,7.2658,29.22,25.31,2.11,0.0,7.3123
2023-03-28,7.105,29.84,22.59,1.69,0.0,7.1527
2023-03-29,6.6845,30.59,27.63,1.63,0.0,6.8522
2023-03-30,6.4678,31.02,27.16,1.98,0.0,6.9182
2023-03-31,4.7086,30.4,30.64,1.79,0.45,6.7097
2023-04-01,6.3403,29.86,29.66,1.71,0.07,7.0505
2023-04-02,6.1603,30.14,26.92,1.54,0.0,7.1726
2023-04-03,6.2899,31.04,26.84,1.38,0.0,6.9974
2023-04-04,6.3156,31.77,24.35,1.45,0.0,7.1376
2023-04-05,6.2165,32.46,24.79,1.6,0.0,7.085
2023-04-06,5.4761,32.35,26.52,1.68,0.0,6.8808
2023-04-07,4.6651,32.24,34.47,1.61,7.82,6.6242
2023-04-08,3.5146,27.76,52.81,2.52,2.0,6.5112
2023-04-09,6.4644,29.7,45.2,1.7,0.05,6.9278
2023-04-10,6.5083,30.29,44.46,1.51,2.48,7.0699
2023-04-11,6.7387,32.56,38.63,1.3,0.41,7.0802
2023-04-12,6.6518,34.27,29.88,0.93,0.0,6.9326
2023-04-13,5.5337,35.17,27.0,0.54,0.0,6.6257
2023-04-14,5.9933,33.77,27.89,3.48,0.0,6.7769
2023-04-15,1.6301,31.68,28.39,2.37,0.24,6.702
2023-04-16,6.7277,33.64,24.4,1.62,0.01,7.1438
2023-04-17,6.3014,34.35,21.7,1.39,0.0,7.2624
2023-04-18,6.6974,34.95,21.17,1.29,0.0,7.1748
2023-04-19,6.7442,35.51,20.16,1.41,0.75,7.1719
2023-04-20,6.1754,32.87,25.8,2.51,0.24,6.8513
2023-04-21,6.3785,31.43,37.44,2.02,4.66,6.7663
2023-04-22,6.077,32.02,39.6,2.04,6.95,7.109
2023-04-23,6.4135,29.36,54.2,2.08,2.25,7.2487
2023-04-24,6.3053,29.51,50.28,3.04,0.21,7.0728
2023-04-25,6.0398,27.65,65.69,2.07,5.78,6.9367
2023-04-26,5.6669,27.44,64.27,1.59,2.44,7.0022
2023-04-27,6.5167,27.41,60.63,0.77,11.9,7.1676
2023-04-28,7.1938,29.58,51.13,1.09,2.43,7.4506
2023-04-29,5.6856,28.26,63.96,1.9,7.36,7.0486
2023-04-30,2.9885,26.67,70.28,1.89,28.51,6.9127
2023-05-01,6.3557,26.71,71.27,2.77,4.39,7.188
2023-05-02,3.8105,27.15,66.74,2.14,7.96,7.3123
2023-05-03,3.4358,26.71,69.17,1.07,16.23,7.1628
2023-05-04,6.539,28.61,59.55,0.79,0.53,7.3678
2023-05-05,6.3931,29.91,54.06,0.79,0.11,7.3706
2023-05-06,7.0214,31.46,50.48,0.92,0.0,7.452
2023-05-07,5.5627,32.22,49.1,0.88,0.37,7.1563
2023-05-08,6.731,32.57,51.3,1.2,0.11,7.0457
2023-05-09,6.409,33.25,50.57,0.95,0.02,7.2058
2023-05-10,7.4614,33.27,44.06,1.28,0.0,7.8982
2023-05-11,7.9282,32.51,33.19,1.75,0.0,8.1595
2023-05-12,8.0134,32.35,31.51,1.27,0.0,8.0491
2023-05-13,7.9102,32.36,33.49,1.78,0.0,7.9481
2023-05-14,7.404,34.06,33.74,2.12,0.0,7.8422
2023-05-15,7.0253,34.51,32.43,3.67,0.0,7.687
2023-05-16,6.8474,34.9,32.06,3.54,0.0,7.6378
2023-05-17,7.0058,35.14,33.5,1.94,0.0,7.6018
2023-05-18,6.8854,35.19,35.07,2.05,0.04,7.524
2023-05-19,7.2122,35.61,28.12,2.0,0.0,7.6646
2023-05-20,7.1285,36.17,26.16,1.84,0.0,7.6356
2023-05-21,6.6766,36.78,27.16,1.17,0.01,7.5077
2023-05-22,5.4972,37.05,26.58,1.87,0.06,7.3918
2023-05-23,7.2494,37.16,25.92,1.15,0.0,7.5331
2023-05-24,6.7366,37.16,25.05,2.66,0.06,7.5439
2023-05-25,7.6495,36.06,24.76,3.52,0.12,7.7748
2023-05-26,7.3181,35.16,27.0,3.97,0.02,7.6502
2023-05-27,6.9542,35.64,29.57,2.85,0.94,7.3963
2023-05-28,6.0974,36.44,32.13,1.65,1.94,7.5552
2023-05-29,7.115,35.77,32.56,1.08,0.44,7.5655
2023-05-30,7.1503,34.5,40.84,1.42,5.87,7.6534
2023-05-31,7.6061,35.06,38.89,1.29,0.01,7.7554
2023-06-01,7.5466,35.3,25.23,2.4,0.0,7.8586
2023-06-02,7.6452,36.31,23.1,3.62,0.0,7.92
2023-06-03,6.4277,36.4,27.4,2.38,0.01,7.4249
2023-06-04,6.7447,37.05,27.76,1.57,0.01,7.3418
2023-06-05,7.0757,36.71,27.74,2.42,0.65,7.5626
2023-06-06,7.1316,37.15,24.46,2.6,0.01,7.7981
2023-06-07,6.137,37.84,25.09,2.4,0.14,7.4546
2023-06-08,7.373,37.5,21.34,2.48,0.01,7.7556
2023-06-09,5.4756,36.46,26.88,3.32,0.0,7.1119
2023-06-10,6.6257,37.82,23.7,3.51,0.0,7.4974
2023-06-11,6.3418,38.08,28.96,3.71,0.31,7.5883
2023-06-12,6.1613,37.94,30.96,3.62,0.53,7.6121
2023-06-13,6.1757,37.98,31.14,2.77,0.11,7.3534
2023-06-14,7.2854,36.79,30.95,4.76,0.05,7.5811
2023-06-15,7.133,36.33,30.37,4.02,0.01,7.6082
2023-06-16,7.5312,37.17,29.54,3.81,0.0,7.6769
2023-06-17,7.225,36.95,33.0,5.3,0.0,7.3589
2023-06-18,6.5628,35.15,35.39,3.75,0.0,7.1537
2023-06-19,6.9602,36.34,32.81,3.21,0.0,7.2514
2023-06-20,6.4022,36.96,33.46,3.03,0.01,7.0051
2023-06-21,5.8116,36.06,39.64,2.9,0.04,6.762
2023-06-22,3.1267,30.67,63.95,2.12,17.67,6.4262
2023-06-23,1.319,27.63,77.49,2.95,9.59,5.8613
2023-06-24,3.9233,30.01,66.97,2.46,1.5,6.402
2023-06-25,2.8879,29.62,70.13,3.1,23.64,6.545
2023-06-26,2.1919,26.35,81.01,4.29,24.54,6.4781
2023-06-27,1.8218,24.77,88.14,4.85,43.0,6.743
2023-06-28,2.1067,25.45,82.25,4.21,4.16,7.2137
2023-06-29,4.0092,26.83,79.76,3.44,2.87,6.8827
2023-06-30,3.9408,27.19,75.69,3.8,1.52,7.2346
2023-07-01,3.8462,28.81,72.95,3.48,0.5,7.1947
2023-07-02,3.811,29.98,72.46,2.37,0.18,7.1446
2023-07-03,5.1797,31.15,68.91,1.48,0.07,7.1268
2023-07-04,5.6057,30.61,73.65,0.93,6.46,7.0697
2023-07-05,5.448,29.92,76.52,1.91,8.78,7.1856
2023-07-06,4.4182,29.2,77.3,2.83,14.34,6.997
2023-07-07,3.2141,27.31,85.31,3.05,18.96,7.2216
2023-07-08,2.935,27.57,85.94,3.27,48.64,7.0711
2023-07-09,3.5988,27.32,82.2,3.62,20.31,6.8671
2023-07-10,4.0548,28.07,81.99,2.42,20.02,7.3135
2023-07-11,2.3846,27.84,83.5,3.01,11.0,7.1126
2023-07-12,3.2851,28.69,82.3,2.56,3.41,7.2818
2023-07-13,2.3743,28.54,82.98,2.59,5.02,6.9293
2023-07-14,3.8568,26.55,88.91,3.26,15.06,6.8335
2023-07-15,2.5236,26.46,89.72,2.5,38.14,6.8755
2023-07-16,2.6671,27.49,83.98,2.68,12.04,6.8513
2023-07-17,2.9688,26.79,87.99,3.64,20.08,6.7764
2023-07-18,3.0374,27.6,89.45,3.11,39.39,6.7464
2023-07-19,4.9788,29.1,81.25,1.47,27.14,7.1822
2023-07-20,4.8259,29.4,81.34,1.04,6.64,7.1215
2023-07-21,2.9282,28.3,88.31,1.52,43.87,7.1304
2023-07-22,3.8882,28.14,87.39,4.0,8.88,7.104
2023-07-23,2.8346,27.02,89.25,4.18,6.38,7.153
2023-07-24,4.4364,28.45,81.73,2.06,5.22,7.2062
2023-07-25,6.2069,29.01,81.72,1.58,9.23,7.1566
2023-07-26,6.1908,29.31,83.74,0.94,64.9,7.1806
2023-07-27,5.2586,28.98,86.79,2.49,41.92,6.9902
2023-07-28,2.7487,27.57,92.43,4.03,23.21,6.8606
2023-07-29,3.3617,26.37,92.1,3.12,2.16,6.864
2023-07-30,3.8798,27.14,87.11,3.2,0.46,6.8086
2023-07-31,4.1942,27.09,87.87,3.04,0.79,6.9893
2023-08-01,4.2019,27.04,88.94,3.76,8.35,6.5441
2023-08-02,1.7206,26.07,89.53,4.39,9.95,6.0557
2023-08-03,0.9893,25.19,91.48,5.12,24.08,6.4354
2023-08-04,2.6162,25.53,90.2,3.55,13.35,6.9259
2023-08-05,4.3934,25.9,90.25,3.31,5.45,6.5184
2023-08-06,4.0373,26.19,88.59,3.24,1.27,6.823
2023-08-07,3.5568,26.64,84.61,3.57,0.58,5.4497
2023-08-08,3.0751,25.83,86.51,2.95,0.01,5.0902
2023-08-09,4.0061,26.25,85.55,1.97,0.0,6.0242
2023-08-10,5.2205,26.96,83.8,2.13,0.0,6.2597
2023-08-11,6.0396,26.81,83.78,2.52,0.0,6.7884
2023-08-12,6.0154,26.37,85.94,2.48,0.0,6.7764
2023-08-13,5.093,26.71,85.08,2.71,0.52,6.4814
2023-08-14,3.7344,25.64,86.57,1.81,0.27,6.6847
2023-08-15,5.2226,26.32,83.11,2.19,0.26,6.8172
2023-08-16,5.088,26.9,83.13,2.07,0.39,6.9415
2023-08-17,4.7376,27.49,83.07,2.15,28.96,6.5477
2023-08-18,2.0623,25.7,92.75,3.08,36.03,5.8906
2023-08-19,1.7801,25.95,92.82,3.77,46.41,6.3727
2023-08-20,3.1817,26.77,89.7,2.22,4.93,6.7855
2023-08-21,3.433,26.18,89.35,3.36,3.06,6.659
2023-08-22,3.3907,26.93,86.5,2.34,0.97,6.5052
2023-08-23,3.1066,26.65,88.13,2.15,19.18,5.5207
2023-08-24,2.532,26.78,87.16,2.48,5.54,5.7401
2023-08-25,5.2229,26.78,85.46,2.24,0.42,6.6156
2023-08-26,5.9294,26.91,85.7,2.34,1.16,6.4332
2023-08-27,5.5478,26.64,85.35,2.7,0.31,6.275
2023-08-28,4.9992,26.04,84.61,2.05,0.0,5.6342
2023-08-29,5.2488,26.25,82.06,1.75,0.0,6.2582
2023-08-30,6.107,26.9,80.03,1.85,0.48,6.6468
2023-08-31,5.3518,26.97,78.05,1.24,5.78,6.5105
2023-09-01,5.9566,27.95,77.4,0.91,0.58,6.547
2023-09-02,5.0561,28.44,80.76,1.24,0.01,6.4159
2023-09-03,4.5019,27.92,85.83,1.39,27.76,6.2177
2023-09-04,5.1876,27.88,83.21,1.95,7.64,6.3761
2023-09-05,4.2833,27.79,83.9,1.89,6.57,6.3002
2023-09-06,3.6372,27.26,86.51,1.05,19.55,6.1313
2023-09-07,3.2179,27.23,87.18,1.13,29.08,6.4442
2023-09-08,3.2551,26.31,92.58,1.54,22.41,6.5167
2023-09-09,2.5603,27.37,88.36,1.4,9.73,6.3149
2023-09-10,3.1735,26.77,89.04,2.73,4.98,6.2352
2023-09-11,2.2668,26.01,90.05,2.7,2.67,6.167
2023-09-12,3.7313,26.29,88.3,2.77,1.81,6.1793
2023-09-13,2.9621,25.58,89.79,2.42,2.61,5.8646
2023-09-14,2.7905,25.37,91.2,2.84,27.8,5.9393
2023-09-15,1.0459,25.4,94.68,4.2,26.45,6.2076
2023-09-16,2.1763,24.88,90.91,4.02,9.21,6.1253
2023-09-17,5.0249,26.03,82.9,2.01,1.37,6.4829
2023-09-18,6.0343,27.16,79.47,1.06,1.29,6.5357
2023-09-19,6.036,27.22,80.87,1.02,0.0,6.3701
2023-09-20,3.4706,26.5,87.35,1.39,6.25,5.8735
2023-09-21,2.8162,26.41,89.18,1.35,26.69,5.9779
2023-09-22,2.0455,26.58,89.0,1.09,25.27,6.2405
2023-09-23,1.7042,26.07,94.05,1.59,36.7,6.0667
2023-09-24,4.5257,26.35,91.36,1.41,21.8,5.8937
2023-09-25,5.3767,27.02,84.75,1.12,3.11,6.156
2023-09-26,5.7691,26.89,84.58,1.37,0.61,6.1548
2023-09-27,5.4449,27.54,81.33,0.93,0.2,6.0202
2023-09-28,4.6951,27.47,83.6,0.98,0.48,6.0312
2023-09-29,3.7877,27.47,81.63,0.81,5.43,5.4696
2023-09-30,3.6492,26.28,81.41,1.19,1.68,4.7741
2023-10-01,5.0527,26.83,75.85,1.02,0.28,5.5925
2023-10-02,4.8542,26.73,84.23,1.75,2.04,5.9834
2023-10-03,5.6974,25.93,83.72,2.3,0.91,6.0221
2023-10-04,6.0626,24.89,80.48,1.97,0.0,6.3744
2023-10-05,6.3967,24.44,83.61,2.07,0.0,6.4241
2023-10-06,6.2138,24.65,80.36,1.58,0.0,6.3842
2023-10-07,5.9318,26.14,78.39,1.33,0.0,6.1646
2023-10-08,6.1162,26.96,75.43,1.06,0.0,6.1486
2023-10-09,6.0444,26.72,75.39,1.08,0.0,6.0506
2023-10-10,6.0038,26.53,72.98,0.91,0.0,6.0437
2023-10-11,5.7722,26.65,72.83,0.71,0.0,5.9196
2023-10-12,5.5942,27.05,70.32,0.44,0.0,5.7859
2023-10-13,5.4271,26.91,69.83,0.64,0.0,5.7886
2023-10-14,5.4504,26.37,69.33,0.64,0.0,5.6734
2023-10-15,4.9766,25.25,76.13,0.78,0.08,5.4331
2023-10-16,5.089,25.31,77.03,0.79,0.01,5.1799
2023-10-17,4.8216,25.0,74.81,0.8,0.0,5.154
2023-10-18,4.9027,25.1,78.39,0.94,0.9,5.3443
2023-10-19,4.7422,24.7,82.01,1.12,0.13,5.3354
2023-10-20,4.7806,23.88,83.66,1.39,0.24,5.417
2023-10-21,5.6294,22.86,82.39,1.62,0.0,5.7595
2023-10-22,5.5894,21.95,79.7,1.35,0.0,5.6741
2023-10-23,5.688,21.29,78.74,1.54,0.0,5.7132
2023-10-24,5.6647,20.72,75.77,1.79,0.0,5.6705
2023-10-25,5.491,21.1,75.26,1.44,0.0,5.5236
2023-10-26,5.4845,21.12,70.78,1.33,0.0,5.4996
2023-10-27,5.4862,20.59,71.35,1.14,0.0,5.4934
2023-10-28,5.4929,20.23,75.23,1.23,0.0,5.4955
2023-10-29,5.461,20.03,78.7,1.41,0.0,5.4706
2023-10-30,5.2954,20.26,81.25,1.73,0.0,5.371
2023-10-31,5.1607,20.7,83.11,1.78,0.0,5.2416
2023-11-01,4.8254,20.84,80.94,1.6,0.0,5.0047
2023-11-02,4.5228,22.42,83.15,1.16,0.0,4.8655
2023-11-03,4.5778,24.06,81.56,0.86,0.0,4.8233
2023-11-04,5.0174,23.22,77.42,1.57,0.0,5.0482
2023-11-05,4.8763,22.51,78.62,1.87,0.0,5.1262
2023-11-06,4.5922,21.59,75.34,1.86,0.0,4.8187
2023-11-07,4.7134,22.45,72.24,1.38,0.0,4.7227
2023-11-08,4.7484,21.88,70.42,1.18,0.0,4.7902
2023-11-09,4.7782,22.0,71.72,1.15,0.0,4.8074
2023-11-10,4.6212,22.04,74.37,1.14,0.0,4.7342
2023-11-11,4.5473,22.84,72.13,0.78,0.0,4.6037
2023-11-12,4.4184,23.25,70.08,0.81,0.0,4.602
2023-11-13,4.4702,21.59,78.77,1.38,0.0,4.6075
2023-11-14,4.4093,20.83,78.49,1.46,0.0,4.5622
2023-11-15,4.409,20.29,78.13,1.68,0.0,4.4196
2023-11-16,4.4074,19.8,73.33,1.83,0.0,4.4232
2023-11-17,4.7357,19.74,68.41,1.25,0.0,4.7436
2023-11-18,4.7839,21.51,76.82,1.12,0.0,4.7909
2023-11-19,4.554,21.63,78.68,1.75,0.0,4.7126
2023-11-20,4.4722,20.75,78.78,1.9,0.0,4.6097
2023-11-21,4.5398,21.04,75.59,1.56,0.0,4.6058
2023-11-22,4.1129,21.09,73.79,1.14,0.0,4.1366
2023-11-23,3.9869,20.72,74.27,1.31,0.0,4.1014
2023-11-24,3.679,20.16,76.79,1.62,0.0,3.7298
2023-11-25,3.905,20.13,75.11,1.45,0.0,3.9106
2023-11-26,3.2129,19.39,75.63,1.74,0.1,4.1587
2023-11-27,1.308,19.57,87.71,1.94,18.52,3.2227
2023-11-28,0.8414,20.68,88.47,2.16,11.52,3.6581
2023-11-29,2.9306,21.22,87.05,1.96,7.54,3.9022
2023-11-30,3.1162,22.48,81.27,1.56,0.32,4.1582
2023-12-01,2.5474,21.63,81.28,1.57,0.29,4.183
2023-12-02,4.3896,22.08,79.88,2.04,0.06,4.4112
2023-12-03,3.8825,21.51,78.85,2.35,0.0,4.2173
2023-12-04,3.6917,21.42,78.35,2.45,0.12,4.4333
2023-12-05,2.4689,21.08,83.4,2.79,0.88,4.1597
2023-12-06,1.2634,20.32,89.53,3.48,9.63,4.0694
2023-12-07,1.4458,21.05,87.11,2.04,2.22,4.1666
2023-12-08,2.3575,21.45,79.07,1.02,0.04,4.4215
2023-12-09,4.2881,20.75,74.97,1.08,0.0,4.6337
2023-12-10,4.5521,19.12,72.21,1.26,0.0,4.5893
2023-12-11,4.434,18.68,74.71,1.05,0.0,4.5283
2023-12-12,3.9029,18.95,76.47,1.04,0.0,4.2809
2023-12-13,3.9482,19.45,74.4,1.17,0.0,4.211
2023-12-14,4.357,18.53,75.38,1.37,0.0,4.4129
2023-12-15,4.507,17.09,72.8,1.54,0.0,4.5074
2023-12-16,4.5586,16.82,63.13,1.25,0.0,4.5696
2023-12-17,4.0006,16.99,67.01,1.3,0.0,4.2622
2023-12-18,4.4618,16.19,66.99,2.06,0.0,4.6447
2023-12-19,4.554,15.69,59.21,2.08,0.0,4.7556
2023-12-20,4.5079,15.97,55.99,1.73,0.0,4.7546
2023-12-21,4.427,16.96,57.96,1.41,0.0,4.7189
2023-12-22,4.5494,18.45,56.96,1.14,0.0,4.6798
2023-12-23,4.5859,17.63,67.81,1.76,0.0,4.6102
2023-12-24,4.1993,17.28,69.37,1.61,0.0,4.2062
2023-12-25,4.1244,18.64,66.69,1.34,0.0,4.1287
2023-12-26,4.2158,18.88,67.09,1.26,0.0,4.2233
2023-12-27,4.1676,18.55,70.59,1.43,0.0,4.1858
2023-12-28,3.515,17.89,73.29,1.37,0.0,3.9857
2023-12-29,3.1231,18.12,76.5,1.48,0.0,3.5623
2023-12-30,3.3348,18.89,75.56,1.22,0.0,3.3538
2023-12-31,3.6295,18.82,74.71,1.39,0.0,3.637
