date,ALLSKY_SFC_SW_DWN,T2M,RH2M,WS2M,PRECTOTCORR,CLRSKY_SFC_SW_DWN
2018-01-01,4.9442,17.79,62.4,1.33,0.0,4.95
2018-01-02,4.8002,17.7,61.28,1.39,0.0,4.8101
2018-01-03,4.6003,17.98,61.77,1.78,0.0,4.6284
2018-01-04,4.2977,18.54,60.74,1.15,0.0,4.3351
2018-01-05,4.308,18.03,63.35,1.27,0.0,4.3426
2018-01-06,4.2967,17.38,61.9,1.37,0.0,4.3433
2018-01-07,4.7134,17.04,61.79,1.22,0.0,4.7179
2018-01-08,4.3913,17.82,60.65,1.43,0.0,4.4002
2018-01-09,4.1573,17.56,64.34,2.1,0.0,4.1609
2018-01-10,4.1777,18.79,62.44,2.34,0.0,4.2214
2018-01-11,4.5734,20.77,60.19,1.93,0.0,4.5811
2018-01-12,4.2338,21.52,59.77,2.09,0.0,4.4395
2018-01-13,3.7956,21.85,58.56,1.88,0.0,4.3236
2018-01-14,3.7757,22.16,57.07,1.57,0.0,4.0202
2018-01-15,4.0466,22.72,63.38,1.54,0.0,4.243
2018-01-16,4.1326,22.18,60.43,1.64,0.0,4.4194
2018-01-17,5.1722,21.7,56.19,1.33,0.0,5.2471
2018-01-18,5.2793,20.68,54.36,1.5,0.0,5.2879
2018-01-19,5.1943,20.4,52.93,1.31,0.0,5.2058
2018-01-20,5.2637,20.57,43.41,1.66,0.0,5.287
2018-01-21,5.4406,20.64,41.33,1.34,0.0,5.4504
2018-01-22,5.1617,19.77,49.3,1.5,0.0,5.1655
2018-01-23,5.1336,18.36,69.02,1.5,10.23,5.1545
2018-01-24,5.5457,17.39,67.95,1.27,0.0,5.5529
2018-01-25,5.5961,17.8,53.74,1.43,0.0,5.6083
2018-01-26,5.2802,18.2,46.09,1.67,0.0,5.287
2018-01-27,5.4271,18.11,47.55,1.41,0.0,5.4547
2018-01-28,5.1326,18.44,52.14,1.32,0.0,5.1922
2018-01-29,5.1734,19.26,48.18,1.85,0.0,5.1773
2018-01-30,5.315,19.19,43.86,2.48,0.0,5.3287
2018-01-31,5.6796,20.37,37.9,2.06,0.0,5.6875
2018-02-01,5.9357,20.85,36.66,1.47,0.0,5.9453
2018-02-02,5.8049,20.78,39.93,1.24,0.0,5.8378
2018-02-03,5.6974,20.88,44.46,1.31,0.0,5.7127
2018-02-04,5.5054,22.21,41.17,1.05,0.0,5.5586
2018-02-05,5.3638,22.45,40.67,1.43,0.0,5.6438
2018-02-06,4.4563,20.98,44.84,1.54,0.0,5.8721
2018-02-07,3.5513,21.26,51.71,1.7,0.0,5.7809
2018-02-08,5.929,20.52,63.01,1.62,0.0,5.9419
2018-02-09,5.7667,20.68,50.06,1.73,0.0,6.1301
2018-02-10,4.8862,21.97,44.68,1.43,0.0,6.1183
2018-02-11,5.3662,20.89,57.59,2.11,0.0,5.5152
2018-02-12,6.0797,19.63,67.98,1.7,0.0,6.2302
2018-02-13,6.3082,20.14,52.78,1.37,0.0,6.3134
2018-02-14,5.315,21.86,52.43,2.82,0.0,5.5562
2018-02-15,5.3585,23.16,54.37,2.76,0.0,5.4816
2018-02-16,5.31,22.57,50.43,1.81,0.0,5.4046
2018-02-17,5.8687,22.61,44.59,1.52,0.0,5.8733
2018-02-18,6.0802,22.74,39.95,1.47,0.0,6.0862
2018-02-19,5.8757,23.28,40.74,1.33,0.0,5.9652
2018-02-20,5.8814,23.43,43.06,1.45,0.0,5.9122
2018-02-21,5.8819,23.68,41.74,1.37,0.0,5.8882
2018-02-22,5.7005,24.38,42.82,1.31,0.0,5.7187
2018-02-23,5.4077,25.04,43.97,1.38,0.0,5.4902
2018-02-24,5.5039,25.32,42.07,1.54,0.0,5.6837
2018-02-25,6.289,25.64,34.98,1.97,0.0,6.294
2018-02-26,6.3612,25.3,35.99,1.45,0.0,6.3648
2018-02-27,6.0792,25.92,35.51,1.99,0.0,6.101
2018-02-28,6.2275,26.06,33.97,1.93,0.0,6.2311
2018-03-01,5.97,26.28,36.41,0.79,0.0,6.0346
2018-03-02,5.9774,26.27,38.84,0.98,0.0,5.9971
2018-03-03,5.845,26.24,36.44,1.51,0.0,5.9198
2018-03-04,5.9393,25.01,47.53,1.52,0.0,6.0058
2018-03-05,6.0749,25.21,41.98,1.71,0.0,6.1783
2018-03-06,5.8229,26.03,37.86,1.78,0.0,6.0118
2018-03-07,5.8066,26.36,39.73,2.43,0.0,6.0782
2018-03-08,5.8406,25.77,45.18,1.45,0.0,6.2249
2018-03-09,6.0146,26.29,43.85,1.7,0.0,6.3041
2018-03-10,5.8716,26.71,37.51,2.02,0.0,6.0622
2018-03-11,5.6647,27.3,32.89,2.29,0.0,5.8697
2018-03-12,5.9369,27.84,29.76,2.18,0.0,6.0468
2018-03-13,5.6635,27.49,35.04,1.95,0.0,6.1258
2018-03-14,5.6172,27.06,27.3,1.99,0.0,6.2064
2018-03-15,1.9298,26.34,31.46,0.94,0.02,6.2974
2018-03-16,3.9499,26.23,42.09,1.14,0.05,5.9496
2018-03-17,5.7876,26.55,47.02,1.07,0.0,6.3106
2018-03-18,5.1617,26.84,48.07,1.84,0.85,6.2357
2018-03-19,6.6778,26.36,46.51,1.86,0.39,6.8345
2018-03-20,6.9643,25.13,46.64,2.32,0.0,7.001
2018-03-21,7.308,24.17,50.69,2.44,0.0,7.3236
2018-03-22,7.5576,23.13,48.58,2.39,0.0,7.5648
2018-03-23,7.5154,23.26,45.48,1.63,0.0,7.5403
2018-03-24,7.3286,26.42,31.49,1.92,0.0,7.3838
2018-03-25,7.1292,27.85,24.34,2.28,0.0,7.1443
2018-03-26,6.6895,28.95,24.62,2.42,0.0,6.7627
2018-03-27,6.7778,29.19,29.61,1.91,0.0,6.8117
2018-03-28,7.1086,27.84,36.98,2.0,0.0,7.1729
2018-03-29,7.1609,27.68,39.17,2.2,0.0,7.3632
2018-03-30,7.2389,26.93,46.5,2.28,0.0,7.445
2018-03-31,6.887,26.43,54.19,2.09,0.0,7.2718
2018-04-01,7.3817,27.63,46.34,2.06,0.0,7.404
2018-04-02,7.0687,28.2,37.09,2.26,0.0,7.2185
2018-04-03,6.985,28.16,40.36,1.78,0.0,7.0366
2018-04-04,6.9053,28.92,32.55,1.99,0.0,6.9264
2018-04-05,6.7927,28.94,40.43,2.23,0.0,6.8436
2018-04-06,5.0762,27.53,42.92,1.87,0.0,6.6149
2018-04-07,6.5568,28.75,37.91,1.54,0.0,6.6941
2018-04-08,7.0142,28.57,37.17,1.92,0.13,7.2569
2018-04-09,6.811,29.05,27.05,1.53,0.0,7.4126
2018-04-10,7.0543,29.57,27.75,1.47,0.0,7.307
2018-04-11,6.7205,29.15,34.15,1.51,0.0,7.0627
2018-04-12,7.2629,28.68,38.15,2.0,0.0,7.331
2018-04-13,7.3865,28.91,41.69,2.07,0.0,7.4383
2018-04-14,7.0634,29.48,39.93,2.39,0.0,7.1489
2018-04-15,6.2018,29.8,40.3,1.94,0.0,6.6122
2018-04-16,6.6754,31.13,44.66,1.89,0.01,6.822
2018-04-17,5.489,32.16,40.01,1.85,0.35,6.5326
2018-04-18,6.5566,31.56,40.01,2.54,0.12,6.839
2018-04-19,6.9288,30.78,34.55,2.72,0.0,7.2103
2018-04-20,7.6114,28.53,50.44,3.27,0.0,7.6298
2018-04-21,7.769,28.98,44.87,2.94,0.0,7.7796
2018-04-22,7.7568,29.5,29.67,2.6,0.0,7.7803
2018-04-23,7.7774,29.26,37.52,2.47,0.0,7.8058
2018-04-24,7.8538,29.16,36.7,2.44,0.0,7.8636
2018-04-25,7.9692,28.99,29.38,2.62,0.0,7.9824
2018-04-26,7.7657,28.21,43.99,2.41,0.0,7.8058
2018-04-27,7.7642,29.25,43.76,2.22,0.0,7.7825
2018-04-28,7.1791,30.02,47.41,2.62,0.0,7.2955
2018-04-29,7.2907,29.39,52.16,3.24,0.0,7.3409
2018-04-30,7.6046,28.7,51.98,3.47,0.0,7.6606
2018-05-01,7.7208,28.71,50.48,3.13,0.0,7.7623
2018-05-02,7.7177,28.37,51.13,3.04,0.0,7.728
2018-05-03,7.469,28.91,49.63,2.64,0.0,7.6212
2018-05-04,7.4554,30.02,38.4,2.16,0.0,7.5785
2018-05-05,7.2334,29.67,43.84,2.46,0.0,7.3862
2018-05-06,7.2086,30.13,44.59,2.54,0.01,7.2595
2018-05-07,7.092,29.46,47.12,3.31,0.01,7.1942
2018-05-08,7.4054,29.06,46.76,2.95,0.0,7.4419
2018-05-09,7.5535,30.03,47.41,2.86,0.0,7.566
2018-05-10,7.1177,30.91,42.37,2.14,0.04,7.2828
2018-05-11,7.2461,30.08,51.07,3.32,0.05,7.3224
2018-05-12,7.2281,27.9,56.27,3.07,0.01,7.2674
2018-05-13,6.8388,29.14,55.48,2.76,0.42,7.237
2018-05-14,7.2132,29.64,53.31,3.18,0.73,7.259
2018-05-15,7.1779,29.01,54.95,2.87,0.01,7.362
2018-05-16,6.7522,29.76,53.89,2.94,0.07,6.8712
2018-05-17,6.5386,31.01,47.48,2.8,1.13,6.774
2018-05-18,6.7433,29.81,52.17,3.53,1.12,6.9257
2018-05-19,7.1206,29.28,52.25,3.1,0.01,7.1354
2018-05-20,7.0546,29.09,54.54,3.43,0.01,7.3634
2018-05-21,7.0356,28.98,52.44,3.25,0.0,7.1282
2018-05-22,6.1759,28.79,49.45,3.06,0.0,6.9245
2018-05-23,6.3204,29.41,48.8,2.94,0.0,6.9734
2018-05-24,4.8552,28.59,57.59,3.69,0.01,6.6079
2018-05-25,6.4505,28.7,55.93,4.09,0.0,6.9792
2018-05-26,7.0824,30.36,54.83,3.56,0.01,7.326
2018-05-27,6.3329,29.47,63.04,2.77,1.89,7.0606
2018-05-28,5.473,29.2,64.05,4.16,0.77,6.8549
2018-05-29,5.454,28.02,68.6,4.32,0.03,6.9288
2018-05-30,5.8517,28.09,68.63,4.19,0.03,6.8069
2018-05-31,6.301,28.8,66.96,3.69,0.33,6.9043
2018-06-01,5.4718,27.68,67.55,1.97,7.12,6.8597
2018-06-02,4.9375,27.1,73.06,1.77,9.6,6.6053
2018-06-03,5.5344,25.83,79.99,2.25,5.81,6.6634
2018-06-04,5.3342,25.83,78.34,2.39,5.67,6.7178
2018-06-05,5.5363,26.37,76.62,1.77,2.73,6.727
2018-06-06,4.4686,26.1,78.62,2.5,7.81,6.5623
2018-06-07,2.5565,26.1,83.1,3.79,7.88,6.095
2018-06-08,4.5221,24.79,88.16,4.16,11.35,6.3706
2018-06-09,3.4574,24.99,86.23,5.02,22.48,6.4392
2018-06-10,3.5597,25.85,83.71,5.7,16.98,6.7058
2018-06-11,4.2396,25.88,85.1,5.54,6.67,6.4435
2018-06-12,4.8391,25.97,82.99,5.65,0.9,6.533
2018-06-13,4.9898,26.46,79.75,5.07,0.4,6.5014
2018-06-14,5.2495,26.35,79.74,4.69,0.43,6.413
2018-06-15,5.4005,25.95,81.23,4.47,8.02,6.7886
2018-06-16,4.391,26.21,78.85,4.5,9.19,6.8222
2018-06-17,3.1464,25.51,82.37,5.17,23.83,6.6226
2018-06-18,3.5582,25.57,84.4,4.34,11.35,6.6451
2018-06-19,5.0306,25.69,84.77,2.87,1.16,6.8405
2018-06-20,4.6658,25.74,84.05,3.04,2.84,6.4723
2018-06-21,3.2453,24.51,90.42,3.85,35.92,6.7121
2018-06-22,4.6339,24.9,85.16,3.89,15.67,6.763
2018-06-23,2.7775,24.75,87.64,3.78,27.78,6.3334
2018-06-24,2.4631,23.87,87.51,4.99,38.91,6.5054
2018-06-25,1.5898,24.27,88.27,5.22,33.41,6.6372
2018-06-26,3.2662,24.33,90.2,5.79,21.37,6.8513
2018-06-27,4.494,24.39,87.66,5.42,5.72,6.5882
2018-06-28,2.989,24.74,86.25,4.61,12.2,6.6245
2018-06-29,4.1287,24.17,87.87,3.78,10.66,6.7658
2018-06-30,5.0371,24.56,83.85,3.66,9.03,6.9199
2018-07-01,5.9002,24.43,82.65,3.48,2.62,6.995
2018-07-02,3.4694,24.54,87.36,4.34,11.56,6.9667
2018-07-03,2.6354,24.14,88.59,5.6,31.05,6.9864
2018-07-04,2.5862,24.04,91.13,5.78,42.7,6.7063
2018-07-05,2.3335,23.79,92.57,5.07,46.66,6.6295
2018-07-06,2.971,24.24,90.46,4.33,20.5,6.4018
2018-07-07,1.6968,23.63,93.0,4.47,48.78,6.2506
2018-07-08,2.3522,23.7,90.68,4.52,30.71,6.7207
2018-07-09,1.5415,23.27,93.26,3.88,46.1,6.5446
2018-07-10,2.2824,23.39,92.01,5.13,40.36,6.763
2018-07-11,2.7341,23.51,90.32,5.34,13.89,6.5561
2018-07-12,2.4847,23.61,93.5,5.86,21.7,6.7997
2018-07-13,2.2846,23.71,91.53,5.25,25.12,6.9178
2018-07-14,3.3499,23.8,91.02,5.79,28.08,6.84
2018-07-15,1.6646,23.19,95.2,5.98,51.83,6.4752
2018-07-16,1.8864,23.4,95.57,6.54,74.82,6.7622
2018-07-17,2.0676,23.5,93.02,7.02,38.68,6.1915
2018-07-18,2.976,23.61,91.91,6.02,16.73,6.4745
2018-07-19,3.1447,23.34,91.33,5.79,16.09,6.5359
2018-07-20,2.6988,23.06,94.36,5.39,19.83,6.547
2018-07-21,2.7197,23.04,92.32,5.92,13.33,6.8525
2018-07-22,1.589,23.02,92.52,5.63,11.65,6.7428
2018-07-23,1.9562,22.91,91.48,5.84,9.62,6.3636
2018-07-24,2.2874,23.15,91.48,5.75,5.69,6.3223
2018-07-25,3.6334,23.17,91.33,5.23,5.61,6.5189
2018-07-26,2.3549,23.19,91.3,5.67,5.19,5.9803
2018-07-27,1.9896,23.1,90.63,5.61,3.78,5.4665
2018-07-28,3.385,23.45,90.22,4.91,1.19,6.0672
2018-07-29,3.4666,23.51,90.13,4.42,0.31,5.8236
2018-07-30,2.7238,23.47,89.19,4.44,1.23,5.8781
2018-07-31,3.6689,23.6,89.3,4.62,2.12,6.4949
2018-08-01,3.0953,22.97,91.7,4.76,5.5,5.8327
2018-08-02,2.6417,23.36,89.62,4.76,4.38,5.771
2018-08-03,3.367,23.1,90.38,4.77,9.01,5.9011
2018-08-04,2.1799,22.65,91.42,5.11,12.38,5.3086
2018-08-05,3.7572,23.09,89.27,5.34,3.03,6.5522
2018-08-06,2.7283,22.85,89.55,5.83,3.27,6.4306
2018-08-07,3.0773,23.13,89.26,5.52,5.08,6.4951
2018-08-08,3.2047,22.69,91.97,4.76,5.6,6.3014
2018-08-09,2.9347,23.36,89.76,5.28,5.48,6.4354
2018-08-10,3.6514,23.39,89.23,5.15,7.82,6.5779
2018-08-11,2.7682,23.4,89.84,5.69,15.18,6.4534
2018-08-12,2.8092,22.84,90.9,6.24,18.63,6.4766
2018-08-13,2.549,22.67,92.09,6.01,24.22,6.6744
2018-08-14,2.1353,23.6,90.72,5.15,11.48,5.1802
2018-08-15,1.9687,22.71,93.75,4.6,14.91,5.4391
2018-08-16,1.3877,22.64,93.16,5.77,25.95,5.8673
2018-08-17,2.3429,22.58,92.85,6.19,17.17,5.5428
2018-08-18,2.6095,22.91,91.15,5.49,11.74,6.054
2018-08-19,3.3026,23.09,91.11,5.37,20.31,6.5412
2018-08-20,2.0347,22.73,92.74,4.98,27.9,6.4987
2018-08-21,1.591,22.35,95.24,4.42,35.83,6.5736
2018-08-22,2.5253,22.98,92.45,4.99,28.81,6.7114
2018-08-23,3.505,22.96,91.65,4.44,13.16,6.7913
2018-08-24,3.5916,22.93,91.09,4.18,11.0,6.8261
2018-08-25,3.342,22.71,91.73,4.33,13.03,6.4682
2018-08-26,2.7962,22.72,91.67,4.39,17.5,6.3454
2018-08-27,3.1126,22.94,91.82,4.21,14.12,6.5138
2018-08-28,3.0852,22.75,91.66,3.36,6.94,6.413
2018-08-29,4.147,22.87,91.25,3.16,3.41,6.2664
2018-08-30,4.2823,22.65,90.95,3.3,3.21,6.6173
2018-08-31,4.507,22.54,91.06,3.01,4.47,6.4058
2018-09-01,4.1844,22.68,90.42,3.28,8.04,6.5479
2018-09-02,3.1481,22.59,90.73,3.97,13.76,6.6938
2018-09-03,3.9461,22.64,90.17,3.98,9.04,6.5674
2018-09-04,4.0445,22.21,90.18,3.6,3.16,6.6382
2018-09-05,4.794,22.43,89.63,3.74,1.91,6.595
2018-09-06,5.2262,22.2,89.67,3.18,1.13,6.6041
2018-09-07,3.552,22.09,89.23,2.95,2.5,6.7382
2018-09-08,5.346,21.48,89.4,2.52,1.58,6.7061
2018-09-09,6.4274,21.64,88.42,1.96,0.97,6.8866
2018-09-10,5.7924,22.24,85.07,1.49,0.16,6.6079
2018-09-11,6.4541,22.86,83.23,1.41,0.03,6.9089
2018-09-12,6.2938,22.08,86.89,1.82,0.38,7.0711
2018-09-13,5.4418,21.85,88.63,1.95,0.86,6.9924
2018-09-14,5.8027,22.6,88.03,1.74,1.87,7.0397
2018-09-15,5.3662,23.38,87.3,1.53,4.45,6.9492
2018-09-16,4.5449,23.3,87.73,1.96,2.5,6.7351
2018-09-17,6.1812,22.59,86.55,2.11,1.32,6.7457
2018-09-18,6.1723,22.71,85.47,1.67,1.36,6.8038
2018-09-19,2.9678,22.83,88.12,1.77,2.54,6.3996
2018-09-20,4.3332,23.89,87.22,1.79,4.93,5.8291
2018-09-21,4.3922,24.16,86.64,1.94,3.43,5.8788
2018-09-22,3.403,23.32,88.96,2.89,0.31,5.8104
2018-09-23,5.2082,23.44,86.4,1.6,0.23,6.2333
2018-09-24,5.831,23.48,85.85,1.46,0.09,6.4454
2018-09-25,6.3029,23.87,85.64,1.57,0.16,6.5827
2018-09-26,5.9357,24.63,84.83,1.17,1.94,6.3602
2018-09-27,4.7232,24.34,83.07,0.99,5.19,6.1385
2018-09-28,5.0813,24.56,80.19,1.42,8.36,5.9832
2018-09-29,4.1438,24.97,77.99,1.85,1.03,6.1586
2018-09-30,5.2646,24.82,76.51,1.86,0.45,5.9866
2018-10-01,5.353,25.37,76.54,1.64,6.26,5.7926
2018-10-02,5.298,25.07,79.43,1.48,2.34,5.8728
2018-10-03,5.8006,24.83,82.92,1.25,2.98,5.9503
2018-10-04,4.6402,24.45,82.94,1.21,2.66,5.9602
2018-10-05,4.4789,24.81,78.25,2.01,0.26,5.8942
2018-10-06,6.0559,24.0,72.7,2.11,0.0,6.1668
2018-10-07,5.8958,25.12,68.84,2.27,0.0,6.0624
2018-10-08,4.7616,25.02,73.06,1.72,0.09,5.5932
2018-10-09,5.5349,24.01,71.55,1.24,0.0,5.7067
2018-10-10,4.987,24.03,71.13,1.21,0.0,5.3558
2018-10-11,5.4586,23.45,73.51,1.72,0.0,5.8322
2018-10-12,5.2798,24.57,72.31,1.5,0.01,5.5807
2018-10-13,5.4074,23.68,66.06,1.85,0.0,5.6623
2018-10-14,5.8634,23.52,64.89,1.61,0.0,5.9542
2018-10-15,5.5728,23.58,65.49,1.61,0.0,5.7852
2018-10-16,5.4761,23.72,71.39,1.95,0.08,5.6066
2018-10-17,4.1246,23.81,77.4,0.91,0.55,5.3923
2018-10-18,4.2926,23.06,83.13,0.92,5.24,5.3782
2018-10-19,4.9697,23.88,75.88,0.85,2.88,5.4905
2018-10-20,5.6705,24.07,71.56,1.19,0.01,5.7434
2018-10-21,5.3443,23.61,69.81,1.19,0.0,5.3995
2018-10-22,5.3798,23.87,68.4,1.23,0.01,5.5774
2018-10-23,5.5733,23.66,57.88,1.48,0.02,5.5946
2018-10-24,5.5512,23.77,58.3,1.2,0.01,5.6234
2018-10-25,4.8401,23.5,72.73,2.07,0.34,4.992
2018-10-26,5.2246,24.06,64.94,1.52,0.06,5.2954
2018-10-27,5.5553,22.72,59.5,2.16,0.0,5.6292
2018-10-28,5.6784,21.93,57.88,2.23,0.0,5.7031
2018-10-29,5.6964,21.13,57.17,2.17,0.0,5.7017
2018-10-30,5.8181,20.53,56.55,2.19,0.0,5.8198
2018-10-31,5.9095,21.17,59.81,2.55,0.0,5.9119
2018-11-01,5.6674,21.44,58.43,2.23,0.0,5.7583
2018-11-02,5.1432,22.96,65.79,1.65,0.0,5.394
2018-11-03,4.649,24.53,74.36,1.63,0.23,5.3971
2018-11-04,4.8667,24.34,80.72,1.17,3.51,5.429
2018-11-05,4.433,23.15,87.82,1.0,9.25,5.4094
2018-11-06,4.7093,23.77,74.49,1.22,0.43,5.1962
2018-11-07,5.1535,23.25,65.82,1.68,0.0,5.1672
2018-11-08,5.2301,22.59,65.11,1.6,0.0,5.2464
2018-11-09,5.2361,22.79,64.15,1.36,0.0,5.2526
2018-11-10,5.2003,22.22,60.26,1.33,0.0,5.2195
2018-11-11,5.2406,21.44,57.68,1.42,0.0,5.2447
2018-11-12,5.4262,20.97,54.19,1.48,0.0,5.4374
2018-11-13,5.401,20.8,51.59,1.26,0.0,5.4053
2018-11-14,5.0815,20.86,55.66,1.15,0.0,5.0993
2018-11-15,5.3407,20.35,51.3,2.03,0.0,5.3561
2018-11-16,5.3088,21.07,48.52,2.12,0.0,5.4173
2018-11-17,5.4888,21.51,55.53,1.67,0.0,5.4934
2018-11-18,4.6519,22.98,63.73,1.33,0.0,5.0611
2018-11-19,4.1621,23.73,66.46,1.02,0.05,4.8106
2018-11-20,3.6998,24.17,72.64,0.98,0.45,4.614
2018-11-21,4.4302,23.98,71.59,1.42,0.01,4.7573
2018-11-22,4.8151,22.87,62.17,2.09,0.0,4.8245
2018-11-23,5.0849,21.78,54.29,2.72,0.0,5.0902
2018-11-24,4.9783,21.65,56.89,1.89,0.0,4.9884
2018-11-25,4.009,21.44,53.78,1.51,0.0,4.7222
2018-11-26,4.4782,21.01,54.76,1.64,0.0,4.735
2018-11-27,5.0186,20.87,45.01,2.1,0.0,5.0398
2018-11-28,4.9214,19.74,50.15,2.06,0.0,5.065
2018-11-29,4.9078,19.94,48.8,2.0,0.0,4.9092
2018-11-30,4.9032,20.05,48.67,1.98,0.0,4.9248
2018-12-01,4.3044,19.52,52.81,1.88,0.0,4.794
2018-12-02,4.3879,20.19,54.75,1.42,0.0,4.5977
2018-12-03,4.2823,21.07,59.29,1.79,0.0,4.6205
2018-12-04,3.9667,21.14,62.57,1.9,0.0,4.4448
2018-12-05,4.2554,21.47,61.1,1.49,0.0,4.3354
2018-12-06,4.637,20.9,63.0,1.3,0.0,4.6654
2018-12-07,4.3498,20.69,57.19,1.37,0.0,4.6363
2018-12-08,4.4508,21.28,59.19,1.47,0.0,4.6538
2018-12-09,4.889,21.05,57.96,1.53,0.0,4.9378
2018-12-10,5.2054,19.89,50.23,1.49,0.0,5.2313
2018-12-11,5.0501,17.94,50.01,1.46,0.0,5.1154
2018-12-12,4.9534,18.37,59.6,1.5,0.0,5.0306
2018-12-13,4.9426,18.15,55.84,2.15,0.0,4.9505
2018-12-14,4.0699,19.17,54.54,3.32,0.0,4.2077
2018-12-15,3.5453,20.54,59.77,3.07,0.0,4.0634
2018-12-16,4.1407,18.91,50.38,2.69,0.0,4.1594
2018-12-17,4.4251,17.89,52.54,2.4,0.0,4.5631
2018-12-18,4.824,18.8,59.52,2.51,0.0,4.8456
2018-12-19,5.2092,17.71,47.16,2.46,0.0,5.2788
2018-12-20,5.1139,18.64,48.45,2.2,0.0,5.1214
2018-12-21,4.9082,19.37,57.59,1.51,0.0,4.9558
2018-12-22,4.7786,20.14,50.54,1.35,0.0,4.7998
2018-12-23,4.4858,21.53,56.32,1.32,0.0,4.5072
2018-12-24,4.1988,22.03,62.94,1.65,0.0,4.385
2018-12-25,4.409,21.93,58.07,1.47,0.0,4.4918
2018-12-26,4.9109,20.58,54.29,1.85,0.0,4.9303
2018-12-27,5.275,17.92,35.34,1.82,0.0,5.3098
2018-12-28,5.1797,16.78,26.19,2.58,0.0,5.2118
2018-12-29,5.1492,17.17,26.77,2.4,0.0,5.1578
2018-12-30,4.9663,17.4,27.99,2.78,0.0,5.0602
2018-12-31,4.6954,18.13,29.18,2.72,0.0,5.021
2019-01-01,5.0782,19.42,26.85,1.86,0.0,5.2421
2019-01-02,5.017,20.31,29.01,1.13,0.0,5.2097
2019-01-03,5.0988,20.83,31.66,1.22,0.0,5.1072
2019-01-04,5.0851,20.67,30.66,1.44,0.0,5.0897
2019-01-05,4.9783,20.4,38.25,1.66,0.0,4.9922
2019-01-06,4.9786,19.43,38.53,1.48,0.0,5.0023
2019-01-07,5.0345,18.93,33.15,2.7,0.0,5.0381
2019-01-08,5.1065,18.97,28.1,2.14,0.0,5.1149
2019-01-09,5.1818,19.56,30.5,1.32,0.0,5.185
2019-01-10,5.0158,19.69,29.95,1.84,0.0,5.0275
2019-01-11,4.8991,19.82,36.49,1.64,0.0,4.9032
2019-01-12,4.9289,20.33,36.78,1.57,0.0,4.9337
2019-01-13,4.974,19.48,40.7,1.45,0.0,4.9843
2019-01-14,4.7722,20.07,41.09,2.37,0.0,4.7738
2019-01-15,4.8293,20.91,38.8,2.49,0.0,4.855
2019-01-16,4.7309,21.69,43.06,1.73,0.0,4.7443
2019-01-17,4.824,21.65,36.0,1.56,0.0,4.8326
2019-01-18,5.011,21.6,32.27,1.48,0.0,5.0354
2019-01-19,4.9541,21.74,31.33,2.03,0.0,4.9615
2019-01-20,4.9937,22.44,32.48,1.69,0.0,5.0009
2019-01-21,5.2409,20.6,45.73,2.23,0.0,5.2495
2019-01-22,5.2457,18.81,69.84,1.74,0.0,5.3292
2019-01-23,5.2954,18.73,68.19,1.7,0.0,5.5625
2019-01-24,5.6578,18.33,47.82,1.94,0.0,5.6834
2019-01-25,5.681,17.29,38.74,1.88,0.0,5.6866
2019-01-26,5.0566,18.06,41.05,1.98,0.0,5.1053
2019-01-27,4.7585,19.6,58.5,3.2,0.0,4.872
2019-01-28,5.1178,18.49,38.34,3.36,0.0,5.1355
2019-01-29,5.1511,18.09,25.56,3.19,0.0,5.159
2019-01-30,5.6261,19.11,25.3,1.86,0.0,5.6318
2019-01-31,5.4816,20.58,32.72,1.29,0.0,5.5054
2019-02-01,5.34,21.1,42.88,1.7,0.0,5.351
2019-02-02,5.0383,21.51,43.26,1.78,0.0,5.0899
2019-02-03,4.7059,22.89,43.35,1.84,0.0,5.0868
2019-02-04,5.1938,23.38,40.92,2.78,0.0,5.3678
2019-02-05,5.3057,23.26,44.95,1.41,0.0,5.4437
2019-02-06,5.4559,22.26,48.4,2.23,0.0,5.5121
2019-02-07,5.9227,18.46,62.65,2.68,0.0,5.9587
2019-02-08,6.377,16.73,55.37,2.46,0.0,6.3914
2019-02-09,6.4682,17.26,30.71,2.23,0.0,6.4966
2019-02-10,6.2131,20.07,22.67,2.89,0.0,6.2299
2019-02-11,5.8865,22.37,28.83,1.4,0.0,5.903
2019-02-12,4.8156,25.23,39.24,1.55,0.0,5.2646
2019-02-13,5.2279,26.05,40.27,1.36,0.0,5.4857
2019-02-14,5.5363,24.9,39.92,2.11,0.0,5.6402
2019-02-15,6.1466,22.79,44.66,2.34,0.0,6.1565
2019-02-16,6.5038,21.47,38.73,1.65,0.0,6.515
2019-02-17,6.2806,21.65,29.74,1.68,0.0,6.3161
2019-02-18,5.9755,23.18,27.99,1.6,0.0,5.9875
2019-02-19,6.1584,24.99,28.22,1.58,0.0,6.1704
2019-02-20,5.9868,25.2,34.08,2.5,0.0,5.9995
2019-02-21,5.7259,25.94,50.63,2.01,0.0,5.791
2019-02-22,5.3479,27.49,37.91,1.49,0.0,5.8253
2019-02-23,6.065,27.69,30.62,2.32,0.0,6.1025
2019-02-24,6.3394,26.29,23.18,2.39,0.0,6.3509
2019-02-25,6.6341,25.24,26.87,2.21,0.0,6.6372
2019-02-26,6.3341,23.19,33.45,2.79,0.0,6.4639
2019-02-27,6.4042,21.57,47.79,2.69,0.0,6.4692
2019-02-28,6.8263,21.67,43.68,1.39,0.0,6.8434
2019-03-01,6.7222,22.93,26.05,1.33,0.0,6.7346
2019-03-02,6.5942,24.84,34.71,2.59,0.0,6.6178
2019-03-03,6.6922,23.59,59.28,2.14,0.0,6.7126
2019-03-04,6.5904,23.34,64.13,2.94,0.0,6.7502
2019-03-05,6.5362,23.14,59.49,2.71,0.0,6.6634
2019-03-06,6.7068,21.93,55.2,2.39,0.0,6.7714
2019-03-07,7.0202,22.96,40.9,2.03,0.0,7.0318
2019-03-08,6.6761,25.47,27.08,2.26,0.0,6.6823
2019-03-09,6.8244,25.9,29.82,2.28,0.0,6.8306
2019-03-10,6.93,25.84,30.31,2.36,0.0,6.9384
2019-03-11,6.919,25.07,38.21,2.45,0.0,6.929
2019-03-12,6.7762,25.36,39.24,1.94,0.0,6.8486
2019-03-13,6.4692,24.67,43.19,2.75,0.0,6.7754
2019-03-14,6.5102,24.76,39.89,2.68,0.0,6.7591
2019-03-15,6.9074,26.18,24.12,2.06,0.0,6.9146
2019-03-16,6.9895,27.29,22.85,2.06,0.0,6.9974
2019-03-17,7.0567,26.5,24.75,2.34,0.0,7.0589
2019-03-18,6.9672,26.51,25.89,2.36,0.0,6.9919
2019-03-19,7.2101,26.75,25.72,2.3,0.0,7.241
2019-03-20,7.0625,26.32,31.9,2.37,0.0,7.123
2019-03-21,7.1359,25.55,41.53,2.27,0.0,7.1503
2019-03-22,7.3109,26.2,29.97,2.06,0.0,7.3262
2019-03-23,7.1698,28.21,21.9,1.89,0.0,7.2293
2019-03-24,7.0721,29.21,18.41,1.84,0.0,7.0937
2019-03-25,6.5014,30.6,20.81,2.14,0.0,6.767
2019-03-26,7.0214,30.25,21.44,2.06,0.0,7.0332
2019-03-27,7.1174,29.25,29.66,1.64,0.0,7.1623
2019-03-28,7.2079,29.34,22.37,1.67,0.0,7.2624
2019-03-29,7.2173,29.84,27.78,1.77,0.0,7.2194
2019-03-30,6.8594,29.79,32.82,2.25,0.0,6.8966
2019-03-31,6.8794,28.66,42.91,2.56,0.0,6.9374
2019-04-01,7.416,27.65,39.64,2.58,0.0,7.421
2019-04-02,7.6404,28.38,38.44,1.94,0.0,7.6514
2019-04-03,7.3548,29.5,38.82,1.99,0.0,7.3824
2019-04-04,6.9264,30.08,33.83,2.34,0.01,7.0284
2019-04-05,7.0186,28.91,48.97,2.3,0.0,7.0738
2019-04-06,7.241,29.19,40.66,2.65,0.0,7.2672
2019-04-07,7.3738,28.86,39.22,2.55,0.0,7.3819
2019-04-08,7.5017,29.34,39.3,2.68,0.0,7.5139
2019-04-09,7.4786,28.53,39.51,2.87,0.0,7.4954
2019-04-10,7.6022,29.29,30.94,2.48,0.0,7.6277
2019-04-11,7.5228,29.69,37.09,2.33,0.0,7.5557
2019-04-12,7.2473,29.99,39.81,2.34,0.02,7.3908
2019-04-13,6.7949,31.46,28.87,1.93,0.02,7.2293
2019-04-14,6.3322,31.31,33.63,1.66,0.78,7.0421
2019-04-15,6.6185,29.86,36.61,2.24,1.17,7.1018
2019-04-16,6.2006,28.16,51.31,2.88,0.6,7.1297
2019-04-17,7.5523,26.22,48.69,3.01,0.0,7.5797
2019-04-18,7.9354,26.1,39.01,2.39,0.0,7.9586
2019-04-19,7.3706,27.63,46.72,2.6,0.0,7.4062
2019-04-20,7.8245,27.96,40.35,2.61,0.0,7.8487
2019-04-21,7.8067,27.89,47.02,2.87,0.0,7.8134
2019-04-22,7.9286,28.28,39.08,2.75,0.0,7.9481
2019-04-23,7.5473,29.49,37.35,2.33,0.0,7.6255
2019-04-24,7.3037,31.05,33.89,2.24,0.0,7.398
2019-04-25,7.0882,31.65,39.06,2.11,0.0,7.2355
2019-04-26,7.1736,33.03,31.62,2.57,0.0,7.2146
2019-04-27,6.5119,33.59,32.96,2.29,0.0,6.9564
2019-04-28,6.7296,33.52,27.23,2.76,0.0,7.0584
2019-04-29,6.6257,31.15,39.9,3.0,0.0,7.1275
2019-04-30,7.0046,30.01,38.14,3.18,0.0,7.3325
2019-05-01,7.0812,27.52,52.89,3.61,0.0,7.4054
2019-05-02,7.476,26.92,51.79,3.35,0.0,7.7806
2019-05-03,7.6298,26.44,55.73,3.37,0.0,7.8305
2019-05-04,7.4141,26.85,60.49,3.45,0.0,7.6814
2019-05-05,7.5252,27.69,55.5,3.24,0.0,7.6546
2019-05-06,7.4815,28.79,52.18,2.7,0.0,7.615
2019-05-07,7.4467,28.44,54.3,3.26,0.0,7.4885
2019-05-08,7.1364,27.95,59.73,3.81,0.0,7.5859
2019-05-09,7.4162,27.49,56.54,3.83,0.0,7.481
2019-05-10,7.8149,27.57,55.08,3.65,0.0,7.8636
2019-05-11,7.8014,28.44,53.34,3.45,0.0,7.8163
2019-05-12,7.7371,29.1,53.75,3.29,0.0,7.7501
2019-05-13,7.7316,29.19,51.96,3.57,0.0,7.7796
2019-05-14,7.9807,28.69,50.78,3.33,0.0,8.0035
2019-05-15,7.9404,28.63,49.47,3.19,0.0,7.9462
2019-05-16,7.8948,28.53,49.32,2.91,0.13,7.9574
2019-05-17,7.7038,28.97,48.47,3.23,0.0,7.7496
2019-05-18,7.6313,30.13,41.4,3.25,0.0,7.6776
2019-05-19,7.711,31.25,32.33,3.29,0.0,7.7402
2019-05-20,7.7294,31.54,34.77,3.05,0.0,7.7602
2019-05-21,7.2809,30.52,50.67,3.23,0.0,7.3874
2019-05-22,7.4242,30.31,54.29,3.32,0.0,7.458
2019-05-23,7.6265,29.59,55.05,3.6,0.0,7.6522
2019-05-24,7.53,29.47,55.67,3.3,0.0,7.5686
2019-05-25,7.2595,29.26,54.54,3.34,0.0,7.4222
2019-05-26,7.6344,29.24,50.61,3.41,0.0,7.7666
2019-05-27,7.2175,29.51,52.62,3.37,0.0,7.4851
2019-05-28,7.5787,30.21,52.63,3.86,0.0,7.5902
2019-05-29,7.4904,30.09,52.51,3.81,0.0,7.7506
2019-05-30,7.4947,29.7,56.49,3.99,0.0,7.8509
2019-05-31,7.337,30.05,55.38,3.89,0.0,7.7064
2019-06-01,6.995,30.07,55.02,3.74,0.0,7.4808
2019-06-02,7.272,30.43,57.14,3.98,0.0,7.5358
2019-06-03,6.384,27.52,64.48,3.33,0.01,7.3219
2019-06-04,6.0509,29.34,59.15,4.07,0.02,7.1038
2019-06-05,6.7193,30.2,54.83,3.36,0.06,7.2103
2019-06-06,5.244,29.92,51.96,3.74,0.03,6.8491
2019-06-07,6.3557,30.17,53.86,3.44,0.19,6.8666
2019-06-08,6.2045,28.62,61.15,2.31,0.95,6.9096
2019-06-09,5.6141,28.09,66.67,1.98,5.27,6.7944
2019-06-10,5.6561,27.62,75.41,1.7,14.23,7.0195
2019-06-11,5.8164,27.29,77.03,2.43,10.93,6.9977
2019-06-12,3.1164,26.4,76.7,5.65,6.89,7.2283
2019-06-13,5.1209,25.95,73.65,5.73,5.97,7.0846
2019-06-14,5.4734,25.68,75.32,4.71,12.72,6.793
2019-06-15,4.6613,26.07,76.76,4.65,12.67,6.9701
2019-06-16,5.8267,26.67,76.85,4.14,2.54,7.1225
2019-06-17,5.3839,26.37,76.99,4.48,2.08,7.056
2019-06-18,4.9656,26.16,77.38,4.87,5.26,7.1208
2019-06-19,3.6809,26.1,79.27,4.1,7.58,7.0296
2019-06-20,5.8985,26.35,76.93,3.76,1.46,6.821
2019-06-21,6.0475,26.91,72.29,3.25,0.04,6.7939
2019-06-22,5.3184,26.54,73.82,2.62,0.86,6.7858
2019-06-23,4.1719,25.44,79.97,2.66,3.21,6.707
2019-06-24,3.8059,24.59,82.4,2.43,6.64,6.731
2019-06-25,5.339,26.29,78.84,2.73,4.66,6.9444
2019-06-26,5.1019,26.02,82.16,2.48,9.6,7.1623
2019-06-27,3.8098,24.98,87.12,3.75,58.54,7.1345
2019-06-28,1.0824,23.65,90.76,5.1,106.74,6.6566
2019-06-29,2.2198,23.5,92.59,4.61,39.67,6.8786
2019-06-30,2.4614,24.25,89.69,4.16,38.02,6.7894
2019-07-01,1.7335,23.83,90.95,3.82,55.88,6.8875
2019-07-02,3.1116,24.35,88.49,4.03,32.6,6.8086
2019-07-03,3.0802,23.89,89.78,3.53,12.79,6.8647
2019-07-04,3.689,23.0,83.28,3.79,4.47,6.8945
2019-07-05,2.5202,24.3,91.46,5.35,35.31,6.6466
2019-07-06,2.0494,24.22,93.07,6.38,63.1,6.4838
2019-07-07,3.3326,24.12,93.98,5.78,45.42,6.5129
2019-07-08,1.3766,24.65,91.54,5.62,39.66,6.8532
2019-07-09,3.3127,24.73,92.66,5.55,29.36,6.7272
2019-07-10,1.9541,24.71,92.06,5.73,30.98,6.8062
2019-07-11,2.9294,24.13,93.71,5.36,36.32,6.7807
2019-07-12,4.5511,24.65,89.44,4.53,5.46,6.7649
2019-07-13,4.523,24.51,90.72,4.25,7.02,6.9034
2019-07-14,4.331,24.3,92.21,4.55,11.35,6.8321
2019-07-15,4.183,24.44,89.7,4.08,8.54,6.8731
2019-07-16,4.2031,24.01,91.42,4.18,7.85,6.8134
2019-07-17,4.4712,24.01,89.81,3.39,2.4,6.9036
2019-07-18,5.083,24.4,87.72,2.67,3.7,6.7932
2019-07-19,5.9587,24.92,87.21,1.62,14.57,6.9763
2019-07-20,3.7361,25.37,86.02,0.86,17.59,6.5537
2019-07-21,5.0066,25.12,88.37,1.6,11.95,6.6838
2019-07-22,5.6203,24.64,92.83,2.76,12.63,7.2353
2019-07-23,4.2907,24.8,90.22,2.8,10.95,7.0181
2019-07-24,2.7454,24.04,93.84,4.44,41.9,6.8654
2019-07-25,2.1055,24.19,93.44,4.77,24.46,6.9223
2019-07-26,1.801,23.81,94.15,5.3,72.45,6.6432
2019-07-27,1.2778,23.4,95.4,6.18,62.85,6.372
2019-07-28,2.3306,23.52,94.3,5.97,26.8,6.3941
2019-07-29,1.1954,23.28,95.47,5.82,55.34,6.455
2019-07-30,1.4822,22.96,95.31,5.87,46.2,6.8556
2019-07-31,2.4197,23.15,94.78,5.71,32.18,7.1501
2019-08-01,2.7434,23.53,92.75,6.22,36.67,6.8594
2019-08-02,2.1614,23.27,93.85,6.57,52.34,6.7692
2019-08-03,1.6486,23.39,96.03,6.4,71.94,6.791
2019-08-04,1.3354,23.38,96.42,6.0,103.69,6.7346
2019-08-05,1.7047,23.6,95.23,6.48,39.84,6.6245
2019-08-06,2.0388,23.51,95.25,6.49,27.76,6.4594
2019-08-07,1.6603,23.44,95.89,6.29,32.7,6.4157
2019-08-08,2.0722,23.25,95.08,6.57,22.64,6.4646
2019-08-09,2.2229,23.12,95.84,6.54,24.63,5.8306
2019-08-10,2.4434,23.26,93.32,6.72,22.81,6.1066
2019-08-11,2.9328,23.04,92.25,5.23,15.0,6.373
2019-08-12,3.3689,23.17,92.78,3.76,7.28,5.7715
2019-08-13,2.9443,23.83,92.28,4.1,7.85,5.7408
2019-08-14,3.3242,23.42,94.52,3.31,6.7,6.1351
2019-08-15,3.4296,23.92,92.04,4.29,7.41,6.3098
2019-08-16,3.8887,23.9,90.95,4.37,7.02,6.6612
2019-08-17,4.5386,23.58,90.36,3.43,2.41,6.6787
2019-08-18,3.731,23.44,90.57,2.98,2.53,6.4046
2019-08-19,5.0004,23.43,90.68,2.51,1.6,6.6991
2019-08-20,4.8336,23.32,90.58,2.42,2.02,6.5191
2019-08-21,3.9206,23.43,90.29,2.98,9.44,6.9079
2019-08-22,4.3747,23.27,90.11,2.7,7.53,6.809
2019-08-23,4.8413,23.09,90.69,2.49,5.2,6.7776
2019-08-24,5.2118,23.35,90.0,2.98,5.24,6.8186
2019-08-25,4.7549,22.59,89.84,2.57,3.43,6.8594
2019-08-26,4.6752,22.48,90.36,2.8,1.69,6.7661
2019-08-27,4.5132,22.83,90.07,2.94,3.28,7.0721
2019-08-28,5.226,23.67,89.11,2.57,1.47,6.7193
2019-08-29,5.712,24.12,89.43,2.39,8.11,6.9252
2019-08-30,2.9378,24.02,90.72,3.13,17.11,6.5822
2019-08-31,2.2102,23.7,93.52,3.62,23.48,6.3192
2019-09-01,2.1996,23.47,92.9,3.44,15.58,6.5412
2019-09-02,3.5261,24.03,91.87,3.98,21.02,6.6386
2019-09-03,2.5714,23.24,93.01,4.24,55.34,6.5246
2019-09-04,1.7138,23.11,95.22,3.92,67.23,6.2746
2019-09-05,2.4871,23.52,95.25,4.63,45.24,6.474
2019-09-06,2.1422,23.3,94.45,4.97,38.78,6.2614
2019-09-07,2.1806,23.28,94.21,5.02,54.96,6.1858
2019-09-08,2.4792,23.36,93.83,4.7,27.33,6.4418
2019-09-09,2.5524,23.62,93.73,4.51,23.5,6.1786
2019-09-10,2.658,23.73,92.94,4.23,16.41,6.2796
2019-09-11,2.689,23.21,93.2,4.02,9.0,6.3084
2019-09-12,2.7259,22.88,94.16,3.55,15.07,5.8766
2019-09-13,3.2069,23.53,93.34,4.1,30.05,6.2918
2019-09-14,3.8959,23.75,92.79,3.62,32.87,6.1579
2019-09-15,2.8214,23.27,91.6,2.53,10.27,6.3922
2019-09-16,2.8514,22.98,92.03,2.96,9.09,6.151
2019-09-17,2.3474,23.48,92.45,2.8,14.08,6.2918
2019-09-18,2.6688,24.17,92.64,1.86,15.29,5.496
2019-09-19,3.1356,24.37,90.66,1.26,22.14,5.9554
2019-09-20,3.485,22.93,93.09,3.93,11.58,6.4958
2019-09-21,4.615,23.18,90.46,2.32,6.57,6.6396
2019-09-22,5.0328,24.09,91.21,2.13,2.8,6.5746
2019-09-23,5.5771,24.13,88.86,1.54,16.22,6.5371
2019-09-24,4.1707,24.09,91.89,1.21,38.27,6.2309
2019-09-25,3.6065,24.01,92.25,1.95,45.5,6.1411
2019-09-26,4.0694,23.0,96.08,2.69,30.25,6.1488
2019-09-27,3.7632,22.7,92.39,2.8,2.52,6.4951
2019-09-28,4.3709,22.99,91.65,2.26,1.26,6.4642
2019-09-29,5.3357,22.76,91.86,2.05,0.77,6.5359
2019-09-30,5.5586,23.14,91.9,1.89,1.74,6.6478
2019-10-01,5.7564,23.16,89.54,1.79,0.6,6.5664
2019-10-02,6.2479,23.49,86.29,1.33,0.16,6.5114
2019-10-03,5.3105,24.09,86.41,1.11,1.74,6.2275
2019-10-04,4.5358,23.66,88.65,1.0,15.37,6.0509
2019-10-05,5.3798,23.77,85.97,0.71,16.83,6.12
2019-10-06,5.2826,23.36,86.26,0.84,6.29,6.1985
2019-10-07,5.3246,23.65,87.82,0.97,6.71,6.1159
2019-10-08,5.1574,24.17,86.06,1.59,11.69,5.9376
2019-10-09,4.4054,24.09,85.57,1.77,12.94,5.4269
2019-10-10,4.5437,24.0,83.86,1.38,6.18,5.2795
2019-10-11,5.0818,23.8,83.88,0.97,2.72,5.7857
2019-10-12,5.2229,23.72,86.56,1.14,4.54,5.8812
2019-10-13,4.6085,23.31,91.23,1.45,5.39,5.6242
2019-10-14,5.2613,24.04,85.25,2.09,0.2,5.5663
2019-10-15,5.4984,22.96,81.11,2.52,0.0,5.6899
2019-10-16,5.5423,21.81,81.22,2.55,0.0,5.7473
2019-10-17,5.1098,22.77,85.9,2.36,0.03,5.358
2019-10-18,2.2459,22.57,87.77,2.22,1.94,5.2567
2019-10-19,1.745,21.64,94.09,2.75,31.91,5.8805
2019-10-20,1.9613,21.85,92.83,2.5,18.34,5.5294
2019-10-21,4.535,22.03,93.52,2.04,19.05,5.8987
2019-10-22,3.6991,22.43,94.77,1.58,17.93,5.6683
2019-10-23,2.6117,22.47,91.61,1.41,14.99,5.6004
2019-10-24,2.3698,22.24,94.72,1.64,8.63,5.6486
2019-10-25,2.2224,22.27,93.27,3.83,4.57,5.6023
2019-10-26,2.2061,22.6,91.21,3.25,1.45,5.5522
2019-10-27,4.6896,21.73,84.27,1.71,1.07,5.6738
2019-10-28,5.2594,22.43,87.28,1.51,2.61,5.7703
2019-10-29,5.1434,23.91,88.61,1.35,1.05,5.6501
2019-10-30,5.2013,23.72,88.86,2.13,2.7,5.5258
2019-10-31,3.2882,22.47,89.88,2.82,0.74,5.459
2019-11-01,3.1961,22.21,94.12,2.77,9.99,5.4816
2019-11-02,4.932,22.3,87.65,1.48,5.98,5.6983
2019-11-03,5.0074,22.78,87.49,1.17,8.22,5.6249
2019-11-04,4.3946,23.14,88.93,1.25,12.55,5.2879
2019-11-05,4.8516,23.14,84.3,1.2,2.59,5.3189
2019-11-06,4.5269,22.94,83.22,1.07,1.87,5.207
2019-11-07,4.673,22.21,90.48,1.51,0.84,5.5452
2019-11-08,5.1989,21.57,89.69,1.52,2.72,5.8711
2019-11-09,5.5738,21.85,81.81,0.64,0.63,5.8212
2019-11-10,5.5428,22.03,82.16,1.05,0.0,5.6568
2019-11-11,4.9982,22.07,80.31,1.41,0.0,5.1638
2019-11-12,4.403,21.91,83.02,1.85,0.0,4.6159
2019-11-13,4.584,21.05,84.36,2.32,0.0,4.8077
2019-11-14,4.9097,20.58,83.02,2.19,0.01,4.9956
2019-11-15,4.313,22.08,83.81,1.53,0.0,4.6975
2019-11-16,4.6114,22.2,86.3,1.85,0.0,4.8115
2019-11-17,4.6061,21.72,85.24,2.22,0.0,4.7261
2019-11-18,4.9068,20.65,83.1,2.28,0.0,4.956
2019-11-19,4.7138,19.87,80.03,2.15,0.0,4.8346
2019-11-20,4.1878,20.82,78.97,1.74,0.0,4.4071
2019-11-21,4.0642,21.5,84.07,2.04,0.0,4.2216
2019-11-22,4.386,20.97,81.23,2.0,0.0,4.5235
2019-11-23,4.7986,20.23,79.5,2.07,0.0,4.8283
2019-11-24,4.8221,19.31,79.71,2.17,0.0,4.8854
2019-11-25,4.8643,19.77,79.03,2.06,0.0,4.879
2019-11-26,4.8617,19.95,78.98,2.16,0.0,4.8761
2019-11-27,4.6634,19.93,77.27,2.28,0.0,4.7513
2019-11-28,4.7602,20.78,79.39,2.07,0.0,4.859
2019-11-29,4.3313,21.53,80.01,1.7,0.0,4.644
2019-11-30,4.1822,21.91,80.19,2.08,0.0,4.7239
2019-12-01,4.199,22.15,84.12,2.02,0.0,4.5458
2019-12-02,4.5379,21.64,83.17,2.64,0.04,4.9452
2019-12-03,3.8393,21.3,86.56,2.58,0.03,4.7018
2019-12-04,3.3139,21.47,87.66,2.58,0.07,4.273
2019-12-05,2.8138,21.46,87.31,2.33,0.02,4.273
2019-12-06,4.0946,20.17,80.87,2.54,0.0,4.175
2019-12-07,4.1774,19.94,80.68,2.54,0.0,4.218
2019-12-08,4.0325,20.46,78.71,1.87,0.0,4.2641
2019-12-09,4.3514,21.49,81.63,1.75,0.0,4.7186
2019-12-10,4.3337,21.6,78.66,1.56,0.0,4.5343
2019-12-11,4.4995,21.72,74.19,0.88,0.0,4.6831
2019-12-12,4.1705,20.7,82.14,1.29,0.0,4.4093
2019-12-13,4.4909,19.74,78.71,0.99,0.0,4.71
2019-12-14,4.6248,19.91,79.91,1.35,0.0,4.787
2019-12-15,4.2713,20.74,78.46,1.21,0.0,4.5134
2019-12-16,4.391,20.96,82.01,1.57,0.0,4.6495
2019-12-17,4.5559,20.22,81.46,2.64,0.0,4.8324
2019-12-18,4.5838,19.79,81.43,2.63,0.0,4.7616
2019-12-19,4.4652,19.87,77.6,2.15,0.0,4.487
2019-12-20,3.9118,20.62,73.02,1.62,0.0,4.41
2019-12-21,3.636,19.89,75.69,1.83,0.0,4.4218
2019-12-22,2.8289,20.35,80.98,2.57,0.0,4.0807
2019-12-23,3.7531,21.78,78.12,1.77,0.0,4.2331
2019-12-24,3.4663,21.57,82.58,1.71,0.0,4.0553
2019-12-25,2.9926,21.81,85.54,1.17,0.11,4.1021
2019-12-26,3.7262,21.34,85.76,1.06,0.13,4.3944
2019-12-27,4.235,20.61,82.08,1.67,0.0,4.7429
2019-12-28,3.8503,19.53,78.07,2.71,0.0,4.3296
2019-12-29,3.505,19.94,82.77,2.21,0.0,4.1105
2019-12-30,4.2197,19.75,86.31,1.7,0.0,4.4724
2019-12-31,4.9279,17.9,80.97,1.22,0.0,4.9836
2020-01-01,5.1574,17.41,76.18,1.49,0.0,5.1646
2020-01-02,4.8566,18.07,77.99,1.3,0.0,4.9663
2020-01-03,4.8526,17.3,80.61,1.17,0.0,5.0102
2020-01-04,4.427,16.71,75.26,1.26,0.0,4.6543
2020-01-05,4.621,17.09,79.12,3.27,0.0,4.8012
2020-01-06,4.524,18.91,76.77,3.2,0.0,4.6692
2020-01-07,3.9691,20.29,83.01,2.22,0.0,4.4273
2020-01-08,4.2494,19.62,88.48,1.7,0.0,4.6786
2020-01-09,4.7933,17.67,79.48,1.44,0.0,5.046
2020-01-10,4.2487,18.46,79.38,3.09,0.0,4.655
2020-01-11,4.127,18.88,74.8,2.92,0.0,4.3123
2020-01-12,4.3714,19.33,65.31,1.83,0.0,4.397
2020-01-13,3.947,19.26,74.37,1.24,0.0,4.4784
2020-01-14,4.8108,18.93,82.97,1.2,0.0,4.9788
2020-01-15,4.8842,17.62,82.48,1.82,0.0,4.9579
2020-01-16,5.3534,15.51,77.7,1.72,0.0,5.3712
2020-01-17,5.4972,14.9,61.93,1.16,0.0,5.5562
2020-01-18,5.3213,17.57,67.89,1.82,0.0,5.34
2020-01-19,4.9373,18.97,70.25,1.43,0.0,5.0438
2020-01-20,4.8125,19.89,72.66,1.67,0.0,4.8307
2020-01-21,4.7573,20.94,70.85,1.21,0.0,4.8756
2020-01-22,4.9966,21.01,68.41,1.76,0.0,5.1775
2020-01-23,5.3021,20.94,64.63,2.07,0.0,5.321
2020-01-24,5.3479,20.86,65.1,2.1,0.0,5.3513
2020-01-25,5.2174,21.69,63.27,1.66,0.0,5.3057
2020-01-26,5.161,21.55,65.53,1.43,0.0,5.2219
2020-01-27,5.167,20.56,70.07,1.83,0.0,5.1941
2020-01-28,4.7705,17.96,84.12,2.19,0.0,5.6357
2020-01-29,5.1715,17.18,78.82,1.89,0.0,5.843
2020-01-30,5.9818,16.41,63.08,1.43,0.0,6.0017
2020-01-31,5.8073,17.22,60.88,1.61,0.0,5.8351
2020-02-01,5.6311,17.76,60.44,1.59,0.0,5.7278
2020-02-02,5.5663,18.93,69.05,2.67,0.0,5.586
2020-02-03,5.094,19.61,77.08,1.48,0.0,5.2522
2020-02-04,5.202,19.43,74.87,1.57,0.0,5.2901
2020-02-05,4.9987,19.16,60.61,1.84,0.0,5.2349
2020-02-06,5.6527,18.78,59.68,1.6,0.0,5.675
2020-02-07,6.0072,17.53,54.63,1.5,0.0,6.0149
2020-02-08,4.9142,18.14,69.76,2.11,0.0,5.393
2020-02-09,4.8941,20.03,70.94,3.32,0.0,5.2622
2020-02-10,5.0441,21.45,69.63,2.9,0.0,5.5154
2020-02-11,4.5694,22.02,70.75,2.68,0.0,5.3347
2020-02-12,3.7517,22.64,65.44,2.45,0.0,5.407
2020-02-13,4.2682,22.14,59.54,2.35,0.0,5.345
2020-02-14,5.5524,21.64,58.76,1.38,0.0,5.5872
2020-02-15,5.7235,21.61,55.31,1.43,0.0,5.7312
2020-02-16,5.7338,23.04,51.55,1.81,0.0,5.7408
2020-02-17,5.6916,23.26,49.43,2.18,0.0,5.7019
2020-02-18,5.7857,23.11,49.35,2.14,0.0,5.7888
2020-02-19,5.8486,23.55,54.3,1.01,0.0,5.8582
2020-02-20,5.7187,23.32,54.83,1.46,0.0,5.827
2020-02-21,5.3112,23.02,55.94,1.47,0.0,5.5795
2020-02-22,5.7768,23.78,52.98,1.54,0.0,5.8766
2020-02-23,6.1102,24.18,49.28,1.43,0.0,6.1207
2020-02-24,6.18,23.72,45.37,1.78,0.0,6.1956
2020-02-25,6.2002,22.54,41.49,2.09,0.0,6.4277
2020-02-26,6.4387,22.38,36.52,2.72,0.0,6.443
2020-02-27,6.21,22.72,35.66,2.15,0.0,6.2806
2020-02-28,6.2311,23.21,41.12,2.01,0.0,6.2621
2020-02-29,5.8006,23.59,46.64,1.87,0.0,5.9299
2020-03-01,5.797,23.99,51.98,1.21,0.38,5.9035
2020-03-02,6.2825,23.39,52.44,1.94,0.0,6.3101
2020-03-03,6.6574,21.89,58.74,2.32,0.0,6.7289
2020-03-04,6.738,20.76,68.07,2.15,0.0,6.7992
2020-03-05,6.6007,20.99,66.38,1.97,0.0,6.6362
2020-03-06,6.3895,20.6,72.19,2.71,0.0,6.7783
2020-03-07,6.8669,20.62,66.13,2.13,0.0,6.9828
2020-03-08,6.7514,21.9,58.82,2.25,0.0,6.8419
2020-03-09,6.7541,21.99,63.27,2.2,0.0,6.864
2020-03-10,6.1608,21.84,70.72,2.65,0.0,6.8813
2020-03-11,7.1518,21.2,67.48,2.86,0.0,7.224
2020-03-12,6.6262,20.33,69.88,2.18,0.0,7.0925
2020-03-13,7.1222,20.06,60.89,2.08,0.0,7.2907
2020-03-14,7.3627,21.56,34.15,1.89,0.0,7.3682
2020-03-15,6.9893,24.3,32.97,2.3,0.0,7.0306
2020-03-16,6.4594,26.51,38.3,2.48,0.11,6.5777
2020-03-17,6.2006,27.94,38.02,1.82,0.0,6.4786
2020-03-18,6.2988,27.39,37.9,2.22,0.0,6.4082
2020-03-19,7.1803,25.18,39.14,2.4,0.0,7.1837
2020-03-20,7.2871,23.76,49.33,2.71,0.0,7.3068
2020-03-21,7.212,23.95,52.85,2.28,0.0,7.2209
2020-03-22,7.061,25.47,47.75,1.87,0.0,7.1042
2020-03-23,6.9338,26.99,44.27,1.78,0.0,7.0476
2020-03-24,6.391,28.17,43.41,2.07,0.43,6.5899
2020-03-25,5.4982,27.6,51.72,1.29,2.99,6.2916
2020-03-26,6.1774,26.43,61.71,1.86,2.38,6.6485
2020-03-27,5.8649,27.3,57.43,1.71,0.36,6.6326
2020-03-28,5.7334,27.47,48.66,1.77,1.09,6.6504
2020-03-29,6.4452,28.65,45.3,2.11,1.04,6.8186
2020-03-30,6.4824,28.7,44.03,1.55,0.2,6.8914
2020-03-31,6.6487,28.04,41.7,1.69,0.09,6.8201
2020-04-01,6.7838,28.38,37.46,1.99,0.0,6.9041
2020-04-02,7.081,28.58,33.91,2.42,0.0,7.1558
2020-04-03,7.0171,29.16,35.17,2.27,0.0,7.0476
2020-04-04,7.0318,28.74,39.12,2.28,0.01,7.0752
2020-04-05,6.936,28.66,41.94,2.13,0.09,6.9617
2020-04-06,7.2794,27.16,51.3,2.23,0.07,7.2943
2020-04-07,7.008,26.64,47.3,2.5,0.0,7.3932
2020-04-08,7.6718,25.39,46.11,2.52,0.0,7.6918
2020-04-09,7.5271,26.27,51.15,2.09,0.0,7.535
2020-04-10,6.9319,28.48,42.53,1.89,0.0,7.2374
2020-04-11,6.468,30.33,39.56,1.81,0.01,6.9905
2020-04-12,6.7166,30.82,35.09,1.47,0.63,6.9866
2020-04-13,6.7109,30.82,34.38,1.48,0.1,6.8928
2020-04-14,6.8906,30.94,33.02,1.68,0.32,7.0354
2020-04-15,6.8138,31.72,32.77,1.5,0.11,6.9749
2020-04-16,6.8575,30.78,42.39,2.11,0.07,6.9593
2020-04-17,6.9818,30.41,44.29,2.02,0.02,7.0404
2020-04-18,6.9031,30.91,42.24,2.28,0.05,7.0226
2020-04-19,6.7226,31.26,41.05,1.94,1.49,7.0541
2020-04-20,7.243,31.59,34.04,1.52,0.02,7.3709
2020-04-21,7.1851,29.95,30.36,2.71,0.0,7.2019
2020-04-22,7.6495,29.52,41.93,2.37,0.0,7.7062
2020-04-23,7.4878,29.37,48.29,2.85,0.0,7.5583
2020-04-24,7.6181,28.95,51.97,2.98,0.0,7.6591
2020-04-25,7.7402,27.91,52.99,3.33,0.0,7.7741
2020-04-26,7.925,28.3,46.93,2.69,0.0,7.9644
2020-04-27,7.6666,28.82,56.05,2.7,0.0,7.7254
2020-04-28,6.9278,30.91,47.24,2.53,0.01,7.1834
2020-04-29,6.433,30.86,47.66,1.98,0.22,7.0339
2020-04-30,6.6917,30.22,51.64,2.56,0.88,7.1705
2020-05-01,6.7224,29.78,56.01,3.01,1.27,7.1897
2020-05-02,7.2617,29.77,57.53,2.89,5.2,7.3361
2020-05-03,7.506,30.06,52.27,3.29,0.04,7.529
2020-05-04,7.7554,29.53,48.36,2.87,0.01,7.7796
2020-05-05,7.8283,29.72,55.07,3.32,0.02,7.8559
2020-05-06,7.615,30.86,47.9,2.87,0.05,7.6944
2020-05-07,7.7791,31.05,40.52,2.9,0.0,7.7868
2020-05-08,7.7604,30.05,48.32,2.69,0.0,7.7938
2020-05-09,7.7309,30.7,47.22,2.39,0.0,7.7429
2020-05-10,6.9379,30.81,48.15,1.61,1.22,7.0426
2020-05-11,7.0054,30.59,46.66,2.23,5.17,7.5221
2020-05-12,7.6937,29.81,43.71,2.29,0.08,7.7196
2020-05-13,7.2528,30.2,50.64,2.6,0.77,7.3447
2020-05-14,6.7882,30.96,52.7,1.89,1.28,7.1232
2020-05-15,4.476,28.72,60.61,1.86,4.1,6.8945
2020-05-16,5.364,28.8,58.92,2.3,0.25,6.9499
2020-05-17,6.4985,29.02,58.85,3.43,0.99,7.0018
2020-05-18,6.2314,27.97,60.17,3.88,0.31,7.1734
2020-05-19,6.6118,28.36,61.28,3.96,0.01,7.1093
2020-05-20,7.6051,29.37,57.49,3.79,0.01,7.6836
2020-05-21,6.9559,29.92,56.54,3.84,0.0,7.5708
2020-05-22,7.2074,30.09,53.84,3.93,0.0,7.5518
2020-05-23,7.6606,30.64,48.53,3.46,0.0,7.674
2020-05-24,7.4894,30.81,50.84,3.42,0.0,7.59
2020-05-25,7.4839,30.98,53.23,3.36,0.0,7.567
2020-05-26,7.2319,30.51,54.26,3.65,0.0,7.4916
2020-05-27,7.4494,29.58,55.68,4.03,0.0,7.5756
2020-05-28,7.7868,29.06,60.87,4.47,0.0,7.8929
2020-05-29,7.4899,28.95,62.49,4.17,0.0,7.811
2020-05-30,7.4563,29.17,61.12,3.59,0.0,7.6889
2020-05-31,6.1594,27.32,64.51,2.24,1.17,7.4311
2020-06-01,2.4698,26.25,70.3,1.81,7.12,7.0697
2020-06-02,2.8363,25.16,77.74,2.2,16.91,7.243
2020-06-03,0.8765,24.7,87.83,6.79,79.26,6.7781
2020-06-04,2.5082,24.33,88.69,4.86,26.22,6.7025
2020-06-05,6.413,25.07,76.29,2.79,2.25,7.0157
2020-06-06,5.2243,24.98,80.88,3.18,8.45,7.1338
2020-06-07,5.8006,25.46,82.6,2.92,5.22,7.0145
2020-06-08,5.1324,24.93,73.38,2.68,8.66,7.1143
2020-06-09,5.9237,24.13,77.87,2.98,3.36,7.0694
2020-06-10,5.5354,24.58,80.73,3.25,5.71,7.3838
2020-06-11,5.418,24.55,85.85,2.74,5.32,7.122
2020-06-12,4.547,25.45,82.89,3.03,5.37,6.6785
2020-06-13,4.6289,24.52,88.0,3.3,15.09,6.6998
2020-06-14,4.2989,25.34,86.77,3.79,10.06,6.2623
2020-06-15,4.0241,25.06,90.39,3.36,19.36,6.7171
2020-06-16,3.4613,24.81,87.44,2.87,11.15,6.7262
2020-06-17,3.4562,25.0,87.83,3.17,26.86,6.9408
2020-06-18,2.5543,24.8,88.98,4.2,28.39,6.7697
2020-06-19,4.9661,25.45,86.01,3.61,8.61,6.9859
2020-06-20,5.2826,25.04,86.42,3.47,1.93,7.0054
2020-06-21,4.6706,24.84,86.88,3.39,4.05,6.9082
2020-06-22,5.2346,25.06,83.74,3.79,2.17,7.0195
2020-06-23,5.022,25.32,80.69,3.3,2.34,7.0032
2020-06-24,6.2508,25.55,80.97,2.69,1.88,7.098
2020-06-25,6.2412,26.31,81.01,1.93,8.8,7.2346
2020-06-26,5.005,24.34,88.63,2.45,6.56,7.1208
2020-06-27,5.6477,25.21,84.91,1.92,4.38,7.1081
2020-06-28,4.6349,25.1,86.25,1.87,10.29,6.9434
2020-06-29,4.8322,25.27,86.5,2.59,28.3,6.8969
2020-06-30,4.925,24.09,91.76,2.67,27.34,7.0884
2020-07-01,4.5905,24.16,86.62,3.37,4.86,7.1959
2020-07-02,4.4707,24.92,86.08,3.81,8.03,7.0901
2020-07-03,3.3204,23.59,90.63,5.22,23.72,6.9859
2020-07-04,2.7005,24.19,91.69,5.03,50.41,6.8998
2020-07-05,2.5687,23.97,90.09,6.29,34.17,7.0613
2020-07-06,3.7579,24.92,88.97,6.96,24.24,6.9326
2020-07-07,2.5128,24.3,91.09,6.66,43.03,6.9463
2020-07-08,2.8747,24.38,88.1,4.67,18.7,6.9888
2020-07-09,3.6127,24.59,87.81,4.09,19.19,7.0838
2020-07-10,4.2682,24.31,90.02,3.99,17.3,6.8746
2020-07-11,4.8895,24.55,89.46,3.97,11.92,6.8431
2020-07-12,3.5184,24.18,88.73,3.8,13.83,6.9214
2020-07-13,3.7354,24.08,89.96,3.04,11.57,7.0754
2020-07-14,3.3845,24.66,89.77,3.74,19.44,6.7822
2020-07-15,2.2529,23.71,93.71,3.54,38.04,6.7973
2020-07-16,2.8265,22.8,92.12,4.5,21.53,6.9026
2020-07-17,3.0518,23.78,89.5,4.32,17.49,7.1599
2020-07-18,4.0548,24.56,89.4,3.81,7.57,6.913
2020-07-19,4.5766,24.51,90.07,3.35,4.46,6.8837
2020-07-20,4.8415,23.96,89.45,2.38,2.27,6.965
2020-07-21,4.9894,24.24,87.77,1.86,1.21,7.0723
2020-07-22,5.0004,24.67,89.42,1.56,4.56,6.9934
2020-07-23,3.9564,24.14,90.71,1.78,8.06,6.6293
2020-07-24,3.03,23.78,89.43,2.3,27.69,6.5974
2020-07-25,4.8156,23.12,90.15,1.8,11.32,6.9103
2020-07-26,5.0136,23.87,88.47,2.39,17.34,6.9358
2020-07-27,3.463,23.88,90.8,3.16,12.2,7.0286
2020-07-28,3.3593,23.81,91.92,2.55,16.54,6.9626
2020-07-29,3.8916,23.92,92.79,2.28,5.9,6.9058
2020-07-30,4.7321,24.12,88.17,2.05,6.55,7.0716
2020-07-31,4.1909,23.61,91.79,1.72,6.7,6.8986
2020-08-01,4.6853,24.21,92.35,2.01,3.93,6.9127
2020-08-02,4.8343,24.22,91.89,2.51,7.4,7.189
2020-08-03,3.7397,24.24,93.07,3.59,30.78,7.1134
2020-08-04,1.7057,23.86,95.14,5.93,92.3,6.9326
2020-08-05,1.6037,23.85,95.28,6.79,74.93,6.7814
2020-08-06,2.076,22.98,94.77,5.98,52.36,6.7445
2020-08-07,2.8517,24.39,91.96,5.85,23.93,6.7478
2020-08-08,3.7423,24.04,91.35,5.34,12.04,6.4591
2020-08-09,3.871,23.85,92.12,4.6,8.23,6.3912
2020-08-10,2.8046,23.64,94.1,4.2,33.99,6.5436
2020-08-11,2.7562,23.62,92.62,4.85,15.93,6.5338
2020-08-12,1.8629,23.32,93.6,5.44,28.97,6.6312
2020-08-13,1.6135,23.19,95.73,5.36,47.0,6.6986
2020-08-14,1.8432,23.49,94.5,5.93,49.34,6.5345
2020-08-15,1.8583,23.49,94.7,5.71,42.83,6.7418
2020-08-16,2.1257,23.31,95.52,5.41,30.39,6.5443
2020-08-17,1.9126,23.06,95.75,4.72,36.92,6.4978
2020-08-18,2.9273,23.46,93.24,4.6,22.18,6.6792
2020-08-19,3.5964,23.66,92.59,4.16,14.87,6.565
2020-08-20,2.2318,23.2,95.92,4.18,33.49,6.6283
2020-08-21,1.9068,23.28,95.25,4.95,30.88,6.4697
2020-08-22,3.4735,23.95,93.26,5.1,13.86,6.6538
2020-08-23,3.6358,23.88,92.44,4.86,8.79,6.8143
2020-08-24,3.4966,23.62,92.04,4.44,6.7,6.8345
2020-08-25,4.2994,23.49,91.73,3.33,4.22,6.8532
2020-08-26,3.7363,23.4,91.14,2.59,2.49,6.6245
2020-08-27,4.225,22.97,92.34,3.12,3.81,6.5462
2020-08-28,2.5392,23.22,92.63,3.13,29.57,6.5021
2020-08-29,1.3922,22.91,94.58,3.14,31.88,6.4238
2020-08-30,2.6203,23.07,94.43,3.66,21.22,6.7085
2020-08-31,3.864,23.53,92.54,3.44,13.04,6.8496
2020-09-01,4.4791,23.64,91.65,2.23,3.73,6.6281
2020-09-02,5.2222,23.73,91.1,1.77,0.66,6.6026
2020-09-03,4.7263,24.28,90.16,1.08,4.61,6.4884
2020-09-04,5.196,25.21,86.98,1.34,3.25,6.4932
2020-09-05,5.9518,25.79,86.2,1.26,9.45,6.5923
2020-09-06,5.5538,25.84,86.29,1.09,19.17,6.5556
2020-09-07,5.107,25.54,88.44,1.24,15.52,6.8921
2020-09-08,4.6486,24.67,92.17,1.6,5.31,6.343
2020-09-09,5.1809,24.1,89.68,1.53,15.54,6.3751
2020-09-10,5.0609,23.64,93.92,1.04,26.21,6.4202
2020-09-11,4.6181,23.9,92.19,1.42,13.89,6.3074
2020-09-12,3.2578,24.16,90.82,2.01,15.16,6.1879
2020-09-13,3.4692,23.54,92.95,3.03,4.18,6.2998
2020-09-14,3.9694,22.52,93.37,2.54,3.76,6.6696
2020-09-15,3.4342,22.47,93.78,1.71,4.23,6.5522
2020-09-16,3.2422,22.89,93.38,1.97,5.23,6.3749
2020-09-17,2.8903,23.28,93.25,2.43,7.01,6.349
2020-09-18,2.7802,22.7,95.11,2.4,3.23,6.15
2020-09-19,2.6609,23.27,94.2,1.74,13.64,6.073
2020-09-20,4.0092,23.65,93.0,1.09,14.94,5.8718
2020-09-21,2.9347,23.88,94.37,2.36,12.62,5.3498
2020-09-22,3.0614,23.46,96.61,2.73,42.42,5.7329
2020-09-23,2.339,23.38,95.49,3.12,35.13,5.8538
2020-09-24,3.3252,24.36,92.23,1.98,4.94,6.1661
2020-09-25,3.0062,23.21,94.49,2.33,13.34,6.2105
2020-09-26,4.38,22.48,92.65,2.04,2.46,6.3538
2020-09-27,5.5927,22.78,89.82,1.69,2.08,6.402
2020-09-28,4.9106,23.03,89.4,1.54,0.27,6.4872
2020-09-29,5.6609,22.85,90.18,1.74,0.29,6.3658
2020-09-30,5.814,23.09,89.81,1.79,0.36,6.3098
2020-10-01,5.2632,23.33,89.13,1.38,0.35,6.1258
2020-10-02,4.6891,23.79,88.66,1.21,2.26,5.9018
2020-10-03,4.1213,24.59,87.69,1.09,5.87,5.8361
2020-10-04,2.4655,23.97,91.49,1.8,4.37,5.6998
2020-10-05,4.3586,23.84,88.84,1.52,0.52,5.8044
2020-10-06,5.6724,22.86,88.85,1.11,0.13,6.0151
2020-10-07,5.3465,24.02,82.59,1.26,0.09,5.9741
2020-10-08,4.1494,24.45,76.5,1.12,0.23,5.7154
2020-10-09,4.8012,24.26,82.04,0.97,0.07,5.6873
2020-10-10,3.9096,24.41,86.79,0.88,15.35,5.3407
2020-10-11,2.1079,23.58,88.33,1.1,12.85,5.1763
2020-10-12,3.439,23.38,90.08,1.23,5.32,5.5889
2020-10-13,4.0649,24.59,87.26,0.65,19.0,5.3038
2020-10-14,2.3174,23.87,92.68,1.91,28.83,5.6522
2020-10-15,2.7286,23.91,94.88,2.92,41.91,5.7914
2020-10-16,3.0149,24.04,91.24,3.01,1.27,5.4977
2020-10-17,4.2684,23.4,89.35,1.72,2.15,5.7715
2020-10-18,4.793,23.52,90.25,1.23,5.16,5.7096
2020-10-19,3.5177,23.54,91.73,1.52,13.99,5.466
2020-10-20,4.1957,24.55,89.38,0.87,15.14,5.0779
2020-10-21,4.3274,25.24,88.48,0.83,4.94,5.0998
2020-10-22,4.1827,24.28,93.18,0.78,13.4,4.9819
2020-10-23,4.6906,23.42,91.17,1.51,6.31,5.0424
2020-10-24,4.1225,23.42,89.17,1.08,7.74,5.107
2020-10-25,4.6181,23.75,82.65,0.87,6.64,5.2207
2020-10-26,3.6636,22.97,88.44,1.61,1.29,5.2315
2020-10-27,5.2474,23.13,83.07,1.5,0.01,5.3458
2020-10-28,5.2128,22.71,76.03,1.1,0.0,5.2822
2020-10-29,5.5661,21.98,74.79,1.25,0.0,5.6386
2020-10-30,5.5771,22.1,72.51,1.18,0.0,5.6237
2020-10-31,5.3081,21.89,77.22,1.29,0.0,5.3669
2020-11-01,4.6622,22.61,81.48,1.07,0.0,4.7854
2020-11-02,4.8288,22.14,83.89,1.27,0.0,4.9262
2020-11-03,5.2421,21.81,79.44,1.95,0.0,5.2678
2020-11-04,5.0806,21.79,75.07,1.53,0.0,5.1024
2020-11-05,5.2718,20.65,75.69,1.68,0.0,5.2757
2020-11-06,5.5788,19.3,73.46,2.15,0.0,5.5848
2020-11-07,4.9034,20.14,80.57,2.54,0.0,5.0328
2020-11-08,4.9279,21.14,82.86,2.45,0.0,4.9519
2020-11-09,5.2466,19.4,75.8,2.13,0.0,5.2481
2020-11-10,5.6035,17.69,72.99,2.55,0.0,5.609
2020-11-11,5.3503,17.23,73.89,2.66,0.0,5.3534
2020-11-12,5.5524,18.6,78.32,2.23,0.0,5.5577
2020-11-13,5.1799,22.15,86.6,2.1,0.0,5.5042
2020-11-14,5.1602,23.22,84.55,1.78,0.0,5.383
2020-11-15,4.7496,22.52,80.48,1.61,0.0,5.0501
2020-11-16,5.1881,22.48,84.19,2.03,0.0,5.2944
2020-11-17,4.53,22.62,84.24,1.92,0.0,5.0878
2020-11-18,4.4659,22.7,85.66,1.41,0.05,5.1365
2020-11-19,4.6639,23.53,83.99,1.25,0.04,5.0486
2020-11-20,4.4818,23.71,82.69,1.02,0.87,5.0952
2020-11-21,4.7623,23.44,82.04,1.2,0.29,4.9826
2020-11-22,4.6241,21.97,86.02,1.68,0.01,4.8271
2020-11-23,4.4782,22.23,84.32,1.19,0.0,4.6226
2020-11-24,3.9919,21.51,80.46,1.34,0.0,4.4386
2020-11-25,4.915,19.9,75.83,2.37,0.0,4.921
2020-11-26,4.8353,19.98,79.74,2.27,0.0,4.9318
2020-11-27,4.591,20.02,83.31,3.49,0.0,4.8487
2020-11-28,3.2993,20.52,84.68,3.5,0.0,4.9846
2020-11-29,4.5706,22.04,85.47,2.29,0.0,4.9229
2020-11-30,4.2823,22.8,86.17,1.21,0.0,4.7784
2020-12-01,4.4028,22.55,85.42,1.54,0.0,4.6164
2020-12-02,4.7777,20.71,80.34,1.97,0.0,4.7863
2020-12-03,4.8898,19.25,75.77,2.1,0.0,4.9862
2020-12-04,4.7414,19.41,72.41,2.04,0.0,4.9315
2020-12-05,4.7849,19.01,70.76,2.04,0.0,4.8317
2020-12-06,5.0933,18.5,72.56,2.37,0.0,5.1122
2020-12-07,5.1336,18.4,71.42,2.25,0.0,5.1518
2020-12-08,5.0345,19.16,69.31,2.33,0.0,5.1235
2020-12-09,4.0654,20.53,75.23,1.63,0.01,4.7659
2020-12-10,4.3493,21.85,76.34,1.29,0.2,4.8158
2020-12-11,2.7598,21.32,84.83,0.86,0.64,4.6135
2020-12-12,3.3946,21.72,80.64,1.3,0.05,4.5161
2020-12-13,2.1084,21.1,79.2,1.21,1.08,4.4885
2020-12-14,2.3786,21.42,81.36,1.21,4.56,4.5514
2020-12-15,4.1436,20.86,80.68,1.46,0.16,4.373
2020-12-16,4.6097,21.01,78.72,1.41,0.0,4.6886
2020-12-17,4.2319,20.33,80.44,1.65,0.0,4.4131
2020-12-18,4.5674,19.37,79.54,2.16,0.0,4.5782
2020-12-19,4.3555,18.53,79.17,2.76,0.0,4.3951
2020-12-20,4.763,17.71,72.37,2.98,0.0,4.7662
2020-12-21,4.8859,16.3,63.27,2.58,0.0,4.9106
2020-12-22,4.3985,16.12,63.1,2.01,0.0,5.0342
2020-12-23,4.9762,17.36,61.56,1.59,0.0,4.9922
2020-12-24,4.872,17.82,66.48,1.76,0.0,4.8811
2020-12-25,4.5432,18.67,73.71,2.25,0.0,4.5451
2020-12-26,4.3673,19.61,70.6,2.1,0.0,4.5211
2020-12-27,4.3889,19.72,74.86,1.33,0.0,4.4894
2020-12-28,4.7246,19.38,74.01,1.15,0.0,4.7311
2020-12-29,4.6903,19.21,72.32,1.43,0.0,4.6925
2020-12-30,4.5473,19.3,72.16,1.48,0.0,4.5554
2020-12-31,4.171,19.62,77.59,2.61,0.0,4.219
2021-01-01,3.8186,21.19,78.45,1.87,0.01,4.1621
2021-01-02,3.697,21.3,82.12,1.41,0.0,3.9794
2021-01-03,3.978,20.89,77.4,1.33,0.0,4.231
2021-01-04,2.9938,20.77,82.8,1.53,1.07,4.0198
2021-01-05,3.1135,20.71,81.44,1.3,0.13,4.0426
2021-01-06,4.2631,21.79,80.92,1.22,0.04,4.3392
2021-01-07,3.1728,21.1,90.06,1.63,1.84,4.3639
2021-01-08,2.5771,21.87,88.65,1.57,9.98,4.6462
2021-01-09,3.3259,22.72,83.79,1.24,3.4,4.4642
2021-01-10,4.0963,23.13,78.06,1.37,0.15,4.8475
2021-01-11,5.0167,22.65,72.05,1.69,0.0,5.1077
2021-01-12,4.5924,22.55,69.67,1.99,0.0,4.9702
2021-01-13,4.705,22.46,69.94,1.8,0.0,4.909
2021-01-14,4.6958,22.09,67.29,1.31,0.0,4.9428
2021-01-15,4.9351,21.07,70.39,1.66,0.0,4.9373
2021-01-16,4.805,22.1,67.05,1.1,0.0,4.8953
2021-01-17,4.6097,23.08,72.42,1.09,0.0,4.7796
2021-01-18,4.459,23.17,76.75,1.14,0.0,4.6457
2021-01-19,4.4664,22.18,73.0,1.13,0.0,4.6603
2021-01-20,4.9106,21.62,66.92,1.13,0.0,4.9298
2021-01-21,5.357,20.0,60.8,1.3,0.0,5.3628
2021-01-22,4.9063,20.9,57.11,1.47,0.0,4.9298
2021-01-23,4.9846,20.94,62.16,1.13,0.0,5.0004
2021-01-24,5.2495,20.72,61.77,1.3,0.0,5.2548
2021-01-25,5.3294,19.62,59.07,1.34,0.0,5.3366
2021-01-26,5.437,19.94,55.26,1.16,0.0,5.4482
2021-01-27,5.4526,19.56,55.19,1.28,0.0,5.4684
2021-01-28,5.3878,19.74,58.04,1.33,0.0,5.3926
2021-01-29,5.1036,19.52,57.96,1.39,0.0,5.1271
2021-01-30,4.9649,20.28,60.32,1.41,0.0,4.9771
2021-01-31,4.9663,20.26,62.03,1.58,0.0,5.0162
2021-02-01,4.6193,20.04,57.53,2.53,0.0,4.7549
2021-02-02,5.413,19.89,47.43,2.54,0.0,5.4242
2021-02-03,5.4377,19.76,44.19,1.99,0.0,5.501
2021-02-04,5.5901,19.88,50.39,1.5,0.0,5.5963
2021-02-05,5.5214,19.49,59.21,1.6,0.0,5.5651
2021-02-06,5.6782,19.0,52.36,2.17,0.0,5.6846
2021-02-07,5.5517,19.49,50.59,2.55,0.0,5.5579
2021-02-08,5.9551,19.28,45.12,2.47,0.0,5.9688
2021-02-09,6.0689,20.0,40.62,2.04,0.0,6.0782
2021-02-10,5.9249,20.71,41.32,1.52,0.0,6.0871
2021-02-11,5.7026,21.35,42.1,1.3,0.0,5.8337
2021-02-12,5.4838,21.62,48.51,1.22,0.0,5.6422
2021-02-13,5.5531,21.34,52.11,1.26,0.0,5.5548
2021-02-14,5.2668,21.66,55.07,1.19,0.0,5.4293
2021-02-15,5.4355,21.16,57.84,1.46,0.0,5.4835
2021-02-16,5.4982,20.99,63.86,1.59,0.0,5.5608
2021-02-17,5.3458,21.68,64.87,1.34,0.02,5.5591
2021-02-18,4.9224,22.15,65.04,1.36,3.38,5.2997
2021-02-19,4.3363,20.62,69.49,2.79,5.37,4.6205
2021-02-20,5.472,20.81,59.84,2.98,0.0,5.6654
2021-02-21,5.1984,22.51,58.6,2.89,0.0,5.461
2021-02-22,5.3239,23.82,58.67,1.67,0.0,5.6926
2021-02-23,5.5572,24.3,55.11,1.24,0.0,5.6477
2021-02-24,5.8262,23.66,49.37,1.46,0.0,5.8843
2021-02-25,5.5524,23.43,51.85,1.59,0.0,5.6945
2021-02-26,5.6594,23.88,50.9,1.94,0.0,5.7739
2021-02-27,6.2712,24.21,43.63,1.94,0.0,6.3468
2021-02-28,6.3454,24.83,42.43,1.67,0.0,6.5208
2021-03-01,6.0029,25.69,44.11,1.51,0.0,6.5402
2021-03-02,6.3946,25.05,39.36,1.81,0.0,6.4025
2021-03-03,6.667,25.24,31.41,1.99,0.0,6.6708
2021-03-04,6.5462,24.8,33.7,1.68,0.0,6.5798
2021-03-05,6.5558,24.81,34.3,1.69,0.0,6.5654
2021-03-06,6.5179,25.34,42.41,1.24,0.0,6.5371
2021-03-07,6.4742,25.31,39.76,2.02,0.0,6.491
2021-03-08,6.6535,25.02,38.95,1.67,0.0,6.6595
2021-03-09,6.2707,25.54,39.67,1.66,0.0,6.3485
2021-03-10,6.1522,26.13,40.03,1.53,0.0,6.2098
2021-03-11,6.2962,25.66,41.87,2.06,0.0,6.3259
2021-03-12,6.4373,25.79,41.04,1.59,0.0,6.5534
2021-03-13,6.5316,26.64,36.98,1.96,0.0,6.5765
2021-03-14,6.6065,26.84,38.02,1.64,0.0,6.6802
2021-03-15,6.4325,26.55,36.61,1.75,0.0,6.5287
2021-03-16,6.3835,26.75,36.29,1.86,0.0,6.4774
2021-03-17,5.4701,26.96,36.03,1.7,0.0,6.1596
2021-03-18,5.425,26.92,38.49,1.67,0.0,5.873
2021-03-19,5.8718,26.14,38.23,2.23,0.0,6.2328
2021-03-20,6.3137,25.97,39.68,2.04,0.02,6.4949
2021-03-21,6.2006,26.63,40.25,1.84,0.07,6.4502
2021-03-22,5.6436,26.16,47.35,1.15,2.57,6.162
2021-03-23,5.0393,27.64,44.12,1.86,0.09,5.5313
2021-03-24,6.103,28.63,39.24,1.54,0.02,6.4711
2021-03-25,6.252,28.18,34.24,1.97,1.25,6.4574
2021-03-26,6.5995,28.03,29.86,1.64,0.0,6.6218
2021-03-27,6.7212,28.3,27.69,1.96,0.0,6.7243
2021-03-28,6.8376,28.43,28.94,1.54,0.0,6.9367
2021-03-29,6.9967,28.73,31.78,1.82,0.0,7.0277
2021-03-30,7.0997,27.14,38.76,2.51,0.0,7.1251
2021-03-31,7.7412,26.81,35.76,2.37,0.0,7.7486
2021-04-01,7.4563,26.5,51.54,2.4,0.0,7.476
2021-04-02,7.5199,26.15,56.2,2.25,0.0,7.5338
2021-04-03,7.4035,26.61,57.69,2.1,0.0,7.512
2021-04-04,7.2605,27.39,56.21,2.56,0.0,7.3514
2021-04-05,7.1621,28.78,44.24,2.37,0.0,7.3514
2021-04-06,7.248,29.77,36.01,2.01,0.0,7.2852
2021-04-07,6.8563,29.77,29.61,2.4,0.0,7.0358
2021-04-08,4.3781,28.83,37.78,2.07,0.0,6.6094
2021-04-09,6.4891,28.85,40.38,1.23,0.11,6.7106
2021-04-10,5.5106,29.39,34.69,1.24,0.09,6.4822
2021-04-11,5.7761,29.34,40.46,1.64,0.83,6.2669
2021-04-12,5.9971,29.66,41.91,0.91,1.28,6.5251
2021-04-13,5.6666,29.31,46.03,0.47,5.59,6.4752
2021-04-14,5.9839,28.68,46.47,1.73,1.88,6.6631
2021-04-15,6.7135,28.43,42.72,1.67,0.5,7.1035
2021-04-16,7.1561,27.95,43.43,2.34,0.5,7.213
2021-04-17,7.1676,28.52,40.94,2.67,0.0,7.2694
2021-04-18,7.0889,29.71,35.87,2.1,0.0,7.2638
2021-04-19,7.3786,28.68,44.36,2.49,0.0,7.4057
2021-04-20,7.493,27.4,53.55,2.77,0.0,7.5547
2021-04-21,7.1417,27.33,53.38,2.76,0.0,7.5449
2021-04-22,6.9288,27.99,47.25,1.97,0.0,7.3848
2021-04-23,6.4505,28.02,49.31,2.51,0.0,7.2972
2021-04-24,7.3922,28.43,41.73,1.98,0.0,7.4714
2021-04-25,6.8354,30.33,37.71,2.0,0.0,7.3126
2021-04-26,6.5746,29.39,51.84,2.1,0.17,6.8923
2021-04-27,6.4584,29.93,46.56,1.79,1.87,6.8926
2021-04-28,7.1222,29.47,41.29,2.04,0.41,7.2727
2021-04-29,6.5712,29.27,48.67,2.15,0.17,7.0865
2021-04-30,6.7577,30.04,43.45,2.01,0.57,7.0824
2021-05-01,4.823,30.32,40.37,1.77,0.11,6.99
2021-05-02,5.2265,29.1,52.31,1.7,8.41,6.6262
2021-05-03,6.3598,28.74,59.91,1.23,4.82,6.8102
2021-05-04,6.6257,28.66,57.71,1.02,6.01,7.1196
2021-05-05,6.7164,29.16,52.42,1.56,0.55,7.1213
2021-05-06,5.977,29.0,56.71,1.08,4.15,6.7301
2021-05-07,5.9957,28.9,60.71,0.85,1.91,6.8544
2021-05-08,6.2642,29.64,53.98,1.47,0.93,6.815
2021-05-09,6.2906,29.49,54.35,2.11,0.56,6.8506
2021-05-10,6.7159,29.55,55.74,2.56,0.0,6.8352
2021-05-11,7.235,29.0,53.69,2.88,0.0,7.3843
2021-05-12,7.1366,28.84,53.72,3.22,0.0,7.5478
2021-05-13,6.3612,28.6,50.28,2.96,0.01,7.3584
2021-05-14,6.209,30.02,46.89,0.86,2.77,7.1578
2021-05-15,4.7566,29.1,60.63,3.5,6.15,6.8105
2021-05-16,2.7139,26.7,73.86,7.79,16.4,7.1513
2021-05-17,1.0385,24.68,86.71,8.67,129.13,6.4272
2021-05-18,4.0078,25.51,85.17,6.14,33.84,6.6874
2021-05-19,3.9269,25.29,86.89,3.84,13.78,7.217
2021-05-20,6.9238,25.59,79.54,2.04,0.39,7.1832
2021-05-21,6.2388,26.25,76.72,2.16,0.9,7.2842
2021-05-22,6.0475,26.04,78.62,2.09,1.88,6.9403
2021-05-23,6.0286,25.81,77.83,2.67,0.98,6.8292
2021-05-24,6.8201,26.45,75.11,2.98,0.72,7.1242
2021-05-25,6.3209,26.66,77.21,3.65,0.12,7.1647
2021-05-26,6.8491,26.03,78.5,4.17,0.05,7.3865
2021-05-27,6.0067,26.15,76.3,4.29,0.05,7.2017
2021-05-28,5.7703,26.98,76.18,3.83,0.07,7.0718
2021-05-29,5.4842,26.88,78.7,2.53,11.49,6.895
2021-05-30,5.5817,26.25,81.28,1.45,7.43,6.9607
2021-05-31,5.0935,25.78,83.65,2.01,11.8,7.1237
2021-06-01,5.2166,26.16,83.09,2.26,14.68,7.2374
2021-06-02,5.4257,26.21,82.56,1.22,15.72,7.1518
2021-06-03,6.2359,26.53,78.01,1.24,3.52,7.2876
2021-06-04,4.7609,26.09,80.0,1.01,2.32,7.4218
2021-06-05,3.7315,24.58,84.92,1.37,18.19,7.3327
2021-06-06,5.4305,25.19,80.35,2.3,8.48,7.3649
2021-06-07,4.8614,25.11,81.39,3.21,3.48,7.3154
2021-06-08,4.1138,25.17,84.23,3.33,17.34,7.3267
2021-06-09,1.7407,25.3,86.12,4.83,28.8,6.8683
2021-06-10,4.0142,24.34,90.54,5.04,28.5,6.9653
2021-06-11,3.3559,25.32,86.13,4.61,17.24,7.0584
2021-06-12,3.336,25.46,91.31,4.42,23.48,7.0764
2021-06-13,4.5425,25.25,89.94,4.6,13.55,7.1023
2021-06-14,5.111,25.42,85.51,4.15,4.07,7.049
2021-06-15,3.6079,25.11,88.32,5.1,19.56,6.8993
2021-06-16,3.1788,24.74,92.35,4.9,41.31,7.0759
2021-06-17,2.754,24.87,89.71,5.65,48.01,6.449
2021-06-18,3.535,24.92,89.59,6.16,51.5,6.6067
2021-06-19,3.9442,24.25,91.23,5.29,40.03,6.6106
2021-06-20,4.9913,24.45,88.66,4.47,13.86,6.5954
2021-06-21,4.3114,24.19,89.1,3.57,4.93,6.4577
2021-06-22,5.1132,24.23,88.1,3.57,5.14,6.8942
2021-06-23,4.5139,24.08,88.59,3.41,6.1,6.8122
2021-06-24,2.9047,23.99,88.09,3.5,7.22,6.6662
2021-06-25,2.8193,23.59,89.37,3.75,14.09,6.8071
2021-06-26,5.3028,24.1,87.88,3.62,5.47,6.797
2021-06-27,2.8027,23.25,90.23,2.64,5.82,6.7078
2021-06-28,4.3114,23.63,91.03,2.44,17.92,6.5242
2021-06-29,5.0282,24.9,88.19,3.07,3.35,6.8515
2021-06-30,4.3632,24.26,90.04,2.67,2.96,7.1513
2021-07-01,4.651,23.95,90.83,3.16,2.13,7.1261
2021-07-02,5.4216,24.53,87.47,3.67,0.5,6.8914
2021-07-03,5.8118,24.47,87.86,2.99,2.46,6.9545
2021-07-04,6.1514,24.51,86.51,2.46,1.24,7.0056
2021-07-05,5.8613,24.3,87.5,2.09,4.86,6.8287
2021-07-06,5.2879,24.55,86.6,1.7,2.6,6.7879
2021-07-07,4.9325,24.61,87.43,2.31,3.64,6.8873
2021-07-08,3.7798,24.14,90.81,2.49,15.74,6.6593
2021-07-09,3.3566,23.89,88.69,1.94,10.22,6.7788
2021-07-10,3.5405,24.14,83.22,1.92,9.34,6.8959
2021-07-11,3.3439,23.89,92.12,3.85,13.35,6.9478
2021-07-12,2.6405,23.53,93.43,4.85,48.58,7.1023
2021-07-13,2.5037,23.89,91.11,4.29,25.79,7.2312
2021-07-14,2.5034,23.49,92.65,4.56,17.09,7.1371
2021-07-15,3.5587,24.08,94.4,4.49,31.23,7.2703
2021-07-16,3.0386,24.42,90.34,3.8,14.18,7.2408
2021-07-17,3.1841,24.19,92.48,3.72,35.86,7.0217
2021-07-18,2.7946,24.17,94.09,5.44,44.84,7.039
2021-07-19,1.6781,23.75,94.43,5.86,73.76,6.8794
2021-07-20,3.2285,23.75,93.77,5.37,37.97,6.8822
2021-07-21,1.3445,23.23,95.48,6.47,95.24,6.2422
2021-07-22,1.0303,23.27,93.74,6.86,60.77,6.6233
2021-07-23,1.0975,23.14,95.07,5.2,84.96,6.3818
2021-07-24,4.1302,24.18,91.69,4.65,38.04,6.8755
2021-07-25,3.7706,24.19,93.12,5.26,27.81,6.8177
2021-07-26,3.6427,23.95,92.03,6.18,19.62,6.8863
2021-07-27,3.9931,23.52,91.0,6.05,15.18,7.0116
2021-07-28,3.3031,23.36,90.86,6.24,12.1,6.8256
2021-07-29,2.4144,22.84,93.16,5.85,12.8,6.6166
2021-07-30,1.7371,22.81,92.27,5.75,10.8,6.1524
2021-07-31,3.0578,23.02,91.9,6.06,8.7,5.9774
2021-08-01,3.2695,22.98,90.65,5.7,6.13,6.7116
2021-08-02,3.6271,23.34,90.3,5.34,10.87,6.7651
2021-08-03,3.7841,23.78,90.73,5.4,14.36,6.7262
2021-08-04,3.7246,23.52,91.51,5.32,14.0,6.4354
2021-08-05,3.9626,23.5,90.72,5.23,7.33,6.5918
2021-08-06,4.3423,23.71,90.15,4.42,4.59,6.666
2021-08-07,3.8374,23.91,89.15,2.94,2.57,6.8172
2021-08-08,3.9523,23.7,90.63,2.22,3.69,6.4663
2021-08-09,4.7738,23.96,89.59,2.31,1.7,6.7306
2021-08-10,4.067,23.77,89.68,2.58,2.89,6.5681
2021-08-11,4.0109,23.73,89.42,2.66,3.84,6.8683
2021-08-12,2.5243,23.76,88.51,3.18,8.22,6.7001
2021-08-13,3.8635,23.84,88.74,3.15,5.89,6.6475
2021-08-14,3.1416,23.5,89.53,3.49,15.5,6.7805
2021-08-15,2.345,23.6,89.68,3.44,12.77,6.858
2021-08-16,3.0554,23.74,88.76,2.56,6.96,6.6698
2021-08-17,2.2771,22.63,92.31,2.18,9.96,6.1918
2021-08-18,2.1295,22.17,91.76,2.61,18.35,6.2102
2021-08-19,2.1749,22.4,92.7,2.28,17.24,6.5261
2021-08-20,2.8008,22.87,90.99,2.6,10.78,6.5148
2021-08-21,2.4684,22.47,92.2,2.51,19.3,6.7279
2021-08-22,3.9598,22.14,89.59,1.69,1.25,6.6211
2021-08-23,5.9556,23.13,87.03,1.72,0.24,6.9974
2021-08-24,5.5217,23.45,89.12,1.72,1.75,6.972
2021-08-25,5.0686,23.65,89.56,2.1,1.55,6.9101
2021-08-26,3.7368,23.65,89.61,2.26,2.63,6.7121
2021-08-27,3.6214,23.82,88.76,2.19,3.16,6.6622
2021-08-28,4.7736,23.46,88.38,1.98,0.61,6.6878
2021-08-29,4.4657,23.29,87.65,1.97,0.63,6.3977
2021-08-30,2.8529,22.1,91.7,3.09,6.72,6.2712
2021-08-31,1.3531,21.93,95.38,3.3,38.89,5.7946
2021-09-01,3.0893,23.31,91.23,3.49,7.26,6.355
2021-09-02,4.0238,22.73,93.14,2.7,4.8,6.4126
2021-09-03,4.0855,23.33,91.22,2.72,10.01,6.5422
2021-09-04,4.1333,23.65,90.75,2.6,12.94,6.6384
2021-09-05,3.5597,23.27,91.43,2.86,13.73,6.6322
2021-09-06,4.4568,23.07,93.26,2.74,14.16,6.2974
2021-09-07,2.4955,23.47,95.61,2.76,32.97,6.4018
2021-09-08,3.168,23.48,96.01,4.18,23.7,6.6408
2021-09-09,3.0166,23.56,92.18,5.03,13.57,6.5659
2021-09-10,3.0499,23.74,91.86,4.89,14.38,6.6331
2021-09-11,2.7934,23.98,92.4,4.84,24.42,6.5772
2021-09-12,3.2371,24.08,93.82,4.28,36.74,6.4042
2021-09-13,2.0338,23.91,94.14,4.39,30.35,6.0226
2021-09-14,3.6062,23.57,92.66,4.52,12.28,6.0886
2021-09-15,3.641,23.15,92.05,3.6,3.07,5.9335
2021-09-16,4.753,23.2,91.65,3.3,0.64,6.1769
2021-09-17,4.4064,22.79,91.2,2.5,0.48,6.5676
2021-09-18,4.1009,23.11,90.5,2.5,1.53,6.443
2021-09-19,4.4462,23.56,90.69,2.44,8.82,6.3936
2021-09-20,3.7553,23.67,91.48,2.47,9.98,6.348
2021-09-21,2.371,23.35,93.03,2.96,26.26,6.1601
2021-09-22,1.9493,23.39,91.97,2.89,18.93,6.1582
2021-09-23,3.2119,23.48,90.99,2.36,7.11,6.0986
2021-09-24,4.2622,23.11,90.05,1.7,1.24,6.2062
2021-09-25,3.9389,23.14,90.52,1.79,2.27,6.2779
2021-09-26,3.7255,23.15,90.29,1.73,2.03,6.299
2021-09-27,2.7962,22.61,91.97,2.32,7.89,5.5735
2021-09-28,2.1012,21.83,93.96,3.3,34.57,5.4773
2021-09-29,3.6002,22.76,91.77,3.61,9.52,6.0794
2021-09-30,3.762,23.78,90.66,2.02,4.46,6.3012
2021-10-01,4.9543,24.24,88.16,1.2,8.01,6.1579
2021-10-02,4.9934,24.63,89.23,1.26,3.05,6.2498
2021-10-03,4.7678,24.63,88.82,1.31,4.76,6.1687
2021-10-04,5.2584,25.1,88.67,1.07,9.89,5.993
2021-10-05,5.9114,25.19,88.84,1.24,4.65,6.2237
2021-10-06,4.5547,24.4,87.2,0.9,11.38,5.6698
2021-10-07,4.8262,25.42,85.83,1.42,1.26,5.9705
2021-10-08,4.2072,23.89,94.37,1.51,3.85,5.7499
2021-10-09,4.5144,24.08,91.93,1.54,20.82,5.8526
2021-10-10,4.5994,24.02,89.16,0.98,5.75,5.9558
2021-10-11,4.4618,24.35,87.41,0.81,2.77,5.7528
2021-10-12,5.2366,24.69,84.95,1.05,4.47,5.7696
2021-10-13,5.4758,23.76,82.8,1.55,0.09,5.7898
2021-10-14,5.3998,23.57,80.93,1.47,0.13,5.6131
2021-10-15,5.7348,23.97,82.31,1.71,0.0,5.7876
2021-10-16,5.6237,23.31,79.96,1.19,0.0,5.6566
2021-10-17,4.6495,23.81,86.07,1.51,0.1,5.3863
2021-10-18,5.0191,22.68,88.52,2.04,0.15,5.6868
2021-10-19,5.5714,21.67,86.47,1.37,0.06,5.9098
2021-10-20,5.7883,22.26,82.97,0.92,0.0,5.8872
2021-10-21,5.7089,22.31,76.11,1.26,0.0,5.7175
2021-10-22,5.8325,21.95,77.97,1.31,0.0,5.8457
2021-10-23,5.8567,21.44,80.45,1.33,0.0,5.8706
2021-10-24,5.6316,20.8,84.57,1.33,0.0,5.9563
2021-10-25,5.7504,21.12,81.92,1.41,0.0,5.9542
2021-10-26,5.6587,20.86,78.52,1.46,0.0,5.7922
2021-10-27,5.5368,20.57,76.06,2.39,0.0,5.5498
2021-10-28,5.0081,20.62,80.51,2.53,0.0,5.3702
2021-10-29,5.4312,21.25,80.16,2.6,0.0,5.4775
2021-10-30,5.3378,21.65,78.82,2.67,0.0,5.3782
2021-10-31,5.274,21.84,79.81,2.18,0.0,5.2862
2021-11-01,4.6135,22.07,81.15,1.77,0.0,5.1487
2021-11-02,4.7062,21.71,81.39,2.11,0.0,5.2812
2021-11-03,4.5475,22.09,84.58,2.23,0.0,5.3052
2021-11-04,4.6102,23.55,84.31,1.37,0.51,5.214
2021-11-05,4.5454,22.56,89.55,2.22,4.59,5.0738
2021-11-06,3.5676,22.34,86.12,1.7,3.52,4.9702
2021-11-07,3.2575,22.14,85.47,1.8,2.19,4.8134
2021-11-08,5.0242,20.67,76.36,2.55,0.0,5.041
2021-11-09,5.239,19.28,73.52,2.87,0.0,5.2495
2021-11-10,4.8322,18.97,71.22,2.4,0.0,4.8998
2021-11-11,4.7059,18.65,72.89,2.79,0.0,4.9003
2021-11-12,4.8821,20.52,74.25,2.32,0.0,4.9368
2021-11-13,4.2684,23.22,85.05,2.02,0.0,4.861
2021-11-14,4.2787,23.84,85.5,1.71,0.3,4.7796
2021-11-15,3.8777,24.32,86.44,1.14,0.22,4.7165
2021-11-16,3.5263,23.88,88.75,2.39,5.17,4.9922
2021-11-17,3.3691,23.6,90.26,2.78,4.26,5.0498
2021-11-18,3.9682,24.05,82.79,1.76,5.01,5.0806
2021-11-19,3.7656,23.7,84.5,1.54,0.87,5.0371
2021-11-20,3.3763,23.66,87.45,2.03,0.97,4.9565
2021-11-21,2.4698,24.24,84.75,2.3,11.45,4.8094
2021-11-22,3.7325,23.99,88.45,1.44,2.88,4.782
2021-11-23,4.7851,24.26,87.95,0.79,0.02,5.0398
2021-11-24,4.5739,23.89,83.75,2.05,0.0,4.8593
2021-11-25,4.6214,22.24,80.88,1.71,0.0,4.8749
2021-11-26,4.711,21.3,79.39,1.93,0.0,4.8514
2021-11-27,4.7947,20.61,75.33,1.99,0.0,4.9078
2021-11-28,4.7062,18.94,76.04,2.84,0.0,4.7695
2021-11-29,4.1554,19.9,76.57,3.22,0.0,4.8934
2021-11-30,3.0859,19.92,89.11,2.7,0.31,4.613
2021-12-01,0.894,18.74,92.73,2.99,64.48,4.4899
2021-12-02,1.753,19.06,89.65,2.77,14.04,4.7122
2021-12-03,2.8272,21.11,88.62,1.2,0.47,4.542
2021-12-04,3.5237,20.95,86.85,1.36,0.61,5.0345
2021-12-05,4.8204,19.59,84.18,1.09,0.02,5.2306
2021-12-06,4.687,19.67,81.61,1.36,0.0,4.866
2021-12-07,4.3625,19.8,79.68,2.13,0.0,4.4354
2021-12-08,4.3181,19.88,77.73,2.38,0.0,4.3704
2021-12-09,4.2211,20.08,79.12,1.85,0.0,4.4777
2021-12-10,4.207,20.59,83.48,2.34,0.0,4.4359
2021-12-11,4.2302,20.69,82.85,2.34,0.0,4.4726
2021-12-12,4.1239,20.61,79.53,2.0,0.0,4.422
2021-12-13,3.9382,19.95,81.74,1.31,0.0,4.4213
2021-12-14,4.2638,19.72,83.1,1.46,0.0,4.5936
2021-12-15,3.5371,19.52,83.51,1.76,0.0,4.2372
2021-12-16,3.4114,20.1,82.99,1.65,0.0,3.8659
2021-12-17,4.5542,19.64,79.19,1.29,0.0,4.6558
2021-12-18,4.5874,18.64,75.17,2.36,0.0,4.7138
2021-12-19,4.6416,17.67,74.78,2.55,0.0,4.6495
2021-12-20,4.2122,17.51,68.51,2.07,0.0,4.3246
2021-12-21,4.4107,17.5,68.48,1.53,0.0,4.4227
2021-12-22,4.5382,18.44,69.24,1.08,0.0,4.5857
2021-12-23,4.4477,18.42,72.03,1.16,0.0,4.4952
2021-12-24,4.4736,18.34,73.32,1.37,0.0,4.5254
2021-12-25,4.5624,18.25,70.95,1.13,0.0,4.7479
2021-12-26,4.7292,18.55,71.24,1.17,0.0,4.8096
2021-12-27,4.4052,19.74,64.69,1.19,0.0,4.5785
2021-12-28,4.1878,19.59,70.94,1.34,0.01,4.3121
2021-12-29,4.7318,18.1,71.43,1.41,0.0,4.7861
2021-12-30,4.259,18.21,80.1,2.91,0.0,4.6147
2021-12-31,4.1882,19.32,78.23,3.01,0.0,4.6294
2022-01-01,4.2334,20.27,77.45,1.77,0.0,4.5869
2022-01-02,4.1246,20.29,78.85,1.57,0.0,4.4021
2022-01-03,4.1059,20.39,76.19,1.7,0.0,4.3728
2022-01-04,4.4354,20.2,71.59,1.75,0.0,4.4712
2022-01-05,4.1966,19.4,72.63,1.75,0.0,4.3603
2022-01-06,4.2295,19.51,76.88,1.4,0.0,4.5026
2022-01-07,4.4165,18.92,82.67,1.91,0.0,4.6428
2022-01-08,3.6922,18.94,84.99,1.45,0.51,4.9258
2022-01-09,4.6478,17.78,85.3,1.45,0.61,5.1173
2022-01-10,5.2625,16.71,75.33,1.51,0.0,5.3911
2022-01-11,5.1077,15.52,72.43,1.54,0.0,5.4542
2022-01-12,4.6337,15.63,81.69,1.45,0.0,5.1384
2022-01-13,3.8186,16.12,82.45,1.68,0.0,4.735
2022-01-14,4.1878,17.0,82.16,1.04,0.0,4.7818
2022-01-15,4.7059,18.55,77.19,1.84,0.0,4.9613
2022-01-16,4.6469,19.38,77.01,2.53,0.0,5.2022
2022-01-17,4.1863,20.49,75.15,1.77,0.0,4.7422
2022-01-18,5.1274,20.19,71.4,1.36,0.0,5.1382
2022-01-19,5.2138,19.43,66.29,1.65,0.0,5.3018
2022-01-20,5.5342,19.41,61.32,1.7,0.0,5.5481
2022-01-21,5.3525,19.26,67.07,1.73,0.0,5.3882
2022-01-22,4.4186,18.59,85.35,2.22,0.05,5.4492
2022-01-23,3.8825,16.65,82.07,2.88,0.1,5.203
2022-01-24,5.2138,13.41,68.24,1.22,0.0,5.2243
2022-01-25,4.968,14.13,56.48,1.54,0.0,5.0626
2022-01-26,5.3009,15.97,56.84,1.54,0.0,5.3251
2022-01-27,5.249,16.42,59.43,1.98,0.0,5.2582
2022-01-28,5.3395,17.12,57.7,2.68,0.0,5.3822
2022-01-29,5.6825,18.4,46.74,2.08,0.0,5.6909
2022-01-30,5.7754,19.05,48.46,1.47,0.0,5.8135
2022-01-31,5.8272,19.41,51.48,1.25,0.0,5.8862
2022-02-01,5.9551,19.21,52.33,1.3,0.0,5.9873
2022-02-02,5.9261,19.65,54.26,1.45,0.0,5.9482
2022-02-03,6.037,18.19,69.39,1.94,0.0,6.0929
2022-02-04,5.8889,17.75,73.53,1.44,0.0,6.1118
2022-02-05,6.0182,17.81,56.67,1.48,0.0,6.0535
2022-02-06,5.7029,18.89,54.0,1.99,0.0,5.7739
2022-02-07,5.6393,19.14,70.15,1.3,0.0,5.6664
2022-02-08,5.7554,18.76,76.46,1.64,0.0,5.8097
2022-02-09,6.0062,18.43,73.9,1.65,0.0,6.0286
2022-02-10,5.8759,19.16,59.5,1.88,0.0,5.9256
2022-02-11,5.4554,20.17,51.47,2.53,0.0,5.461
2022-02-12,5.4394,20.34,50.66,2.05,0.0,5.4458
2022-02-13,5.569,20.63,55.26,1.57,0.0,5.5879
2022-02-14,5.7557,19.84,58.65,1.85,0.0,5.7737
2022-02-15,6.0734,18.98,64.95,1.8,0.0,6.1051
2022-02-16,6.0041,18.67,66.68,1.75,0.0,6.1934
2022-02-17,6.1577,19.85,59.9,1.83,0.0,6.2719
2022-02-18,6.0686,20.7,58.94,1.71,0.0,6.0768
2022-02-19,5.8037,21.54,63.29,1.47,0.0,5.8464
2022-02-20,6.1807,22.01,52.69,1.93,0.0,6.1987
2022-02-21,6.2856,22.03,43.39,1.3,0.0,6.343
2022-02-22,6.293,22.68,43.17,1.3,0.0,6.3362
2022-02-23,6.1082,23.42,48.61,1.62,0.0,6.1414
2022-02-24,5.6746,23.83,49.2,1.43,0.0,5.8099
2022-02-25,5.7492,24.04,48.31,1.54,0.0,5.8598
2022-02-26,5.7518,23.87,47.03,1.49,0.0,5.8915
2022-02-27,5.903,22.99,46.4,1.67,0.0,6.0362
2022-02-28,6.1217,22.96,40.48,1.88,0.0,6.1723
2022-03-01,5.999,23.4,39.71,1.9,0.0,6.229
2022-03-02,5.863,24.37,40.82,1.83,0.0,6.2162
2022-03-03,5.6777,24.67,40.68,1.65,0.0,6.2177
2022-03-04,6.1169,24.65,39.47,2.26,0.0,6.3686
2022-03-05,6.0298,25.06,39.91,1.89,0.0,6.1884
2022-03-06,5.4118,25.5,43.95,1.84,0.0,5.8337
2022-03-07,5.2375,25.9,46.33,2.01,0.06,5.8337
2022-03-08,5.2118,26.32,47.05,1.78,0.08,5.7835
2022-03-09,4.8367,26.69,44.53,1.62,0.04,5.9304
2022-03-10,4.5396,25.72,42.44,1.94,0.01,5.1302
2022-03-11,4.8766,27.06,45.46,1.3,0.68,5.4614
2022-03-12,5.8812,26.56,47.34,1.6,0.08,5.9482
2022-03-13,6.143,25.98,37.46,2.37,0.0,6.1596
2022-03-14,6.6538,26.07,27.11,2.06,0.0,6.655
2022-03-15,6.941,26.6,32.59,1.91,0.0,6.9494
2022-03-16,6.9646,27.81,31.02,2.04,0.0,6.9665
2022-03-17,6.9722,28.1,31.26,1.78,0.0,6.9874
2022-03-18,6.576,28.6,31.03,1.48,0.0,6.7555
2022-03-19,6.5309,27.62,40.12,2.11,0.0,6.6658
2022-03-20,4.9325,26.49,45.84,2.17,0.0,6.4082
2022-03-21,5.4542,26.62,46.31,1.89,0.0,6.2774
2022-03-22,4.9262,27.92,33.38,2.05,0.0,6.2503
2022-03-23,5.0172,28.57,34.59,1.84,0.01,5.9784
2022-03-24,4.3865,27.61,40.61,2.16,0.04,5.7439
2022-03-25,4.8806,27.39,47.32,1.44,0.04,5.7998
2022-03-26,5.3489,27.54,48.13,1.84,0.0,5.6405
2022-03-27,6.2374,28.26,48.61,1.66,0.0,6.3672
2022-03-28,6.4346,28.79,48.76,2.08,0.0,6.6017
2022-03-29,6.9775,28.79,38.44,2.57,0.0,7.0051
2022-03-30,7.375,28.98,30.23,2.49,0.0,7.379
2022-03-31,7.3872,27.99,31.33,2.57,0.0,7.4621
2022-04-01,7.6332,28.2,25.37,2.31,0.0,7.6514
2022-04-02,7.1765,28.99,28.08,1.85,0.0,7.272
2022-04-03,6.9118,28.91,35.11,1.82,0.0,6.9658
2022-04-04,6.0142,29.5,33.39,1.77,0.0,6.5518
2022-04-05,6.5854,29.64,46.19,1.94,0.01,6.7632
2022-04-06,6.6434,29.83,49.51,1.8,0.04,6.7728
2022-04-07,6.7534,30.43,36.11,2.03,0.0,6.8873
2022-04-08,6.5714,30.57,29.15,1.78,0.39,6.7423
2022-04-09,6.2294,29.09,45.47,2.41,0.28,6.5148
2022-04-10,6.5902,28.18,53.5,2.19,0.01,6.7015
2022-04-11,6.114,29.54,39.75,2.14,0.01,6.6655
2022-04-12,5.8529,30.38,35.42,1.47,0.0,6.2938
2022-04-13,5.6292,30.39,29.76,1.53,0.0,6.342
2022-04-14,6.2362,28.89,35.85,2.13,0.0,6.5753
2022-04-15,6.9331,27.43,54.16,2.59,0.0,7.0819
2022-04-16,7.2919,28.28,48.85,2.42,0.0,7.3015
2022-04-17,7.4616,28.63,50.19,2.17,0.02,7.4966
2022-04-18,7.3183,28.95,50.57,2.47,0.0,7.3327
2022-04-19,6.9216,27.54,52.42,2.82,0.0,7.0889
2022-04-20,6.431,28.8,49.36,2.6,0.0,6.9938
2022-04-21,5.2116,31.03,30.29,2.2,0.0,6.8537
2022-04-22,6.5551,31.6,33.74,2.08,6.3,6.7927
2022-04-23,6.1874,29.28,55.03,1.6,1.61,6.5618
2022-04-24,4.6452,28.71,49.0,1.71,0.11,6.5038
2022-04-25,6.792,30.09,45.56,1.95,0.0,7.1162
2022-04-26,7.236,30.09,37.55,1.77,0.85,7.2883
2022-04-27,7.1143,31.73,29.37,2.3,0.0,7.3438
2022-04-28,6.8731,32.36,29.64,2.54,0.0,7.1078
2022-04-29,7.0829,30.6,42.85,2.55,0.01,7.2535
2022-04-30,7.5211,29.94,40.44,2.99,0.0,7.5888
2022-05-01,7.5139,28.62,55.03,3.27,0.0,7.5346
2022-05-02,7.6166,27.8,58.85,2.77,0.0,7.7251
2022-05-03,7.4244,27.17,63.76,2.67,0.0,7.5895
2022-05-04,7.4093,28.99,54.02,2.54,0.0,7.4294
2022-05-05,7.2194,29.32,52.77,3.33,0.0,7.3272
2022-05-06,7.153,29.42,53.92,3.06,0.0,7.2094
2022-05-07,7.0738,29.61,54.97,3.64,0.0,7.2372
2022-05-08,6.3641,30.68,50.11,3.1,0.0,6.9245
2022-05-09,5.8534,30.05,52.46,4.39,0.0,6.7478
2022-05-10,5.4792,28.47,61.8,4.67,0.0,6.8978
2022-05-11,5.3006,29.2,63.19,4.05,0.0,6.7601
2022-05-12,3.9912,28.99,63.7,4.2,0.01,6.8666
2022-05-13,5.4823,28.57,61.62,4.42,0.0,6.9002
2022-05-14,6.809,28.92,60.54,4.52,0.01,6.9715
2022-05-15,6.847,28.81,60.77,4.28,0.0,7.0913
2022-05-16,7.0447,30.0,58.59,3.59,0.01,7.0882
2022-05-17,6.192,29.28,60.73,3.14,0.02,6.8662
2022-05-18,6.0456,28.52,61.1,3.26,0.0,6.828
2022-05-19,4.9817,28.48,59.91,2.7,2.31,6.2964
2022-05-20,3.6658,27.05,65.63,3.6,0.98,6.0902
2022-05-21,6.3818,26.81,68.54,4.88,0.07,6.7402
2022-05-22,6.6024,27.0,69.67,5.42,0.06,7.2245
2022-05-23,6.6665,27.53,71.1,5.05,0.95,7.153
2022-05-24,6.0233,27.99,68.23,4.49,0.64,6.9871
2022-05-25,6.7327,27.94,63.19,3.78,0.11,7.1088
2022-05-26,6.7637,27.51,60.37,3.96,0.0,7.4964
2022-05-27,7.1414,27.81,60.43,4.55,0.0,7.4986
2022-05-28,6.9031,27.96,60.28,4.45,0.0,7.4285
2022-05-29,6.5993,27.66,61.35,4.64,0.0,7.0421
2022-05-30,6.4608,27.96,62.37,4.41,0.0,7.1698
2022-05-31,6.6266,28.08,62.01,4.33,2.17,7.2497
2022-06-01,4.1638,27.86,63.34,3.31,2.79,6.8818
2022-06-02,5.7132,28.02,60.0,4.08,0.04,6.8866
2022-06-03,6.8246,28.32,60.4,4.25,0.02,7.0577
2022-06-04,6.7495,28.21,59.74,3.87,0.01,7.0486
2022-06-05,6.5669,28.48,60.68,3.55,2.12,6.834
2022-06-06,4.9579,27.4,64.64,3.54,2.65,6.7205
2022-06-07,4.5401,27.58,64.67,3.81,0.1,6.6509
2022-06-08,5.5001,27.64,67.58,3.8,0.14,6.7284
2022-06-09,4.9937,27.68,68.82,3.14,1.32,6.9917
2022-06-10,5.1583,26.96,74.06,3.19,9.37,7.0915
2022-06-11,4.6558,25.08,82.24,3.79,13.7,7.2113
2022-06-12,5.215,25.43,76.54,3.85,3.16,7.1904
2022-06-13,6.2616,26.18,72.12,3.39,0.92,7.3476
2022-06-14,6.5018,26.77,67.12,3.39,0.26,7.4131
2022-06-15,6.5854,26.38,74.37,4.06,1.78,7.2799
2022-06-16,5.575,25.98,77.15,3.73,5.65,7.0358
2022-06-17,4.7986,25.73,77.13,3.31,3.68,6.9984
2022-06-18,5.3153,25.7,74.4,3.48,3.03,7.2091
2022-06-19,4.5226,25.64,81.28,4.53,16.32,7.189
2022-06-20,2.4706,25.46,81.61,4.82,9.69,6.973
2022-06-21,3.2306,25.11,83.45,4.71,6.85,6.8818
2022-06-22,4.2053,25.36,83.31,3.19,11.24,6.5558
2022-06-23,4.4878,25.06,78.95,1.75,13.46,6.8707
2022-06-24,3.8114,24.21,86.16,2.83,11.14,6.9979
2022-06-25,4.2902,24.15,91.41,4.01,9.82,7.0126
2022-06-26,4.0721,24.45,88.86,3.62,15.06,7.3006
2022-06-27,2.6952,24.39,86.25,4.26,13.7,7.3085
2022-06-28,3.4274,24.92,84.11,4.08,9.09,7.1611
2022-06-29,4.6368,24.9,86.89,4.51,20.41,6.984
2022-06-30,3.2681,24.04,87.92,4.29,28.71,6.9355
2022-07-01,2.5627,24.23,88.76,4.17,33.1,6.6754
2022-07-02,4.0934,24.56,86.91,4.99,17.97,6.7558
2022-07-03,4.4419,24.7,86.08,5.25,13.19,6.7507
2022-07-04,3.0254,24.02,91.92,5.41,41.88,6.6691
2022-07-05,1.7995,23.62,92.13,5.52,61.67,6.6389
2022-07-06,2.2142,24.1,90.07,5.38,55.4,6.8225
2022-07-07,1.795,23.48,91.74,5.38,36.87,6.4486
2022-07-08,2.0441,23.31,93.76,5.99,48.67,6.5681
2022-07-09,1.2794,23.49,92.05,6.18,33.7,6.8465
2022-07-10,2.5373,22.95,94.61,5.88,41.09,6.5578
2022-07-11,1.5689,22.96,94.98,6.3,63.9,6.7843
2022-07-12,1.7628,22.57,94.79,6.48,60.15,7.1369
2022-07-13,1.0142,22.56,95.44,7.11,78.23,6.9242
2022-07-14,1.7333,22.51,95.35,6.26,81.98,7.2924
2022-07-15,2.1415,22.85,93.61,6.36,31.37,6.1822
2022-07-16,3.0204,23.56,92.63,6.21,27.59,6.7056
2022-07-17,3.8525,23.9,91.97,5.07,14.72,6.7822
2022-07-18,1.9649,22.69,94.22,4.37,14.52,6.9005
2022-07-19,3.6202,23.5,91.77,4.82,14.54,6.7668
2022-07-20,3.0979,23.43,91.13,4.56,9.52,6.8779
2022-07-21,3.467,23.24,91.88,3.98,8.5,6.8602
2022-07-22,3.9708,23.04,92.02,3.63,6.07,6.5398
2022-07-23,3.0235,23.29,92.97,4.58,17.64,6.9374
2022-07-24,2.7322,23.33,91.95,4.79,16.73,7.1206
2022-07-25,3.5431,23.08,91.24,4.06,11.58,7.0282
2022-07-26,2.9556,23.33,90.46,3.05,4.9,6.8765
2022-07-27,4.1419,23.92,88.82,1.83,12.17,6.9852
2022-07-28,5.2553,23.89,89.59,1.63,19.51,7.0512
2022-07-29,4.5115,24.4,90.32,1.3,4.42,7.0673
2022-07-30,4.9433,24.08,91.48,2.1,3.3,6.9802
2022-07-31,5.443,23.94,90.45,2.44,2.73,7.0819
2022-08-01,4.8684,23.95,89.45,2.91,0.98,6.8316
2022-08-02,4.2821,23.67,91.08,2.65,3.5,6.4536
2022-08-03,4.5886,23.78,92.64,2.6,13.01,6.7265
2022-08-04,4.3126,23.85,91.75,2.41,14.99,6.937
2022-08-05,3.5278,23.88,91.69,3.01,13.22,6.8126
2022-08-06,3.5342,23.43,90.57,4.06,19.67,6.6278
2022-08-07,3.0326,23.31,95.03,4.52,36.61,6.7735
2022-08-08,2.3338,23.12,96.02,5.51,51.92,6.955
2022-08-09,2.0726,22.87,94.63,6.6,55.66,6.7426
2022-08-10,2.1175,22.99,94.3,7.36,37.21,7.0644
2022-08-11,3.1236,22.9,94.26,7.55,34.88,6.8597
2022-08-12,2.7216,23.03,92.71,7.11,21.6,6.6533
2022-08-13,3.5268,23.03,92.51,5.79,18.25,6.7037
2022-08-14,3.1058,22.72,92.13,5.59,12.84,6.84
2022-08-15,2.4703,21.87,95.25,4.88,26.02,6.5842
2022-08-16,1.8722,22.12,94.39,5.53,22.92,6.9641
2022-08-17,3.3674,22.86,92.92,5.29,16.4,6.7246
2022-08-18,3.3415,22.87,92.44,4.35,10.63,6.8124
2022-08-19,3.1044,23.17,92.09,4.28,10.11,6.7445
2022-08-20,2.9606,23.19,91.83,4.42,9.55,6.9062
2022-08-21,3.1488,22.74,92.69,4.42,7.61,6.6394
2022-08-22,3.2635,23.01,92.36,5.12,13.38,6.7121
2022-08-23,3.2086,23.56,91.77,4.87,14.47,6.5148
2022-08-24,2.9894,23.31,90.85,3.95,9.03,6.5635
2022-08-25,4.0649,23.1,91.21,2.97,4.66,6.7658
2022-08-26,4.8566,23.02,90.24,2.19,1.34,6.7723
2022-08-27,5.4386,22.82,89.45,2.18,0.24,6.714
2022-08-28,4.9462,22.91,89.33,2.12,0.4,6.6739
2022-08-29,4.9752,23.44,86.7,1.76,0.34,6.6029
2022-08-30,3.9826,24.16,88.22,1.53,5.07,6.4752
2022-08-31,5.0494,24.85,90.63,1.81,15.17,6.7068
2022-09-01,5.5956,24.35,92.36,1.61,6.36,6.7853
2022-09-02,5.3736,25.06,86.22,0.89,2.08,6.779
2022-09-03,5.3482,25.12,87.24,1.73,5.38,6.7615
2022-09-04,3.6509,24.13,91.02,1.86,5.58,6.5698
2022-09-05,4.793,23.93,91.41,1.97,5.57,6.7039
2022-09-06,5.0254,23.98,88.84,1.41,10.69,6.6163
2022-09-07,4.5998,24.16,90.37,1.26,13.17,6.5455
2022-09-08,4.0944,24.34,88.74,1.04,47.46,6.0578
2022-09-09,4.4551,24.32,90.0,1.67,9.34,6.546
2022-09-10,4.1803,24.36,89.5,0.6,7.54,6.5477
2022-09-11,4.0723,24.26,91.92,2.02,23.9,6.2772
2022-09-12,3.395,22.99,95.46,3.37,27.18,6.1526
2022-09-13,1.6814,23.45,93.25,4.63,23.45,5.7566
2022-09-14,2.9738,23.22,92.98,4.65,19.98,6.419
2022-09-15,3.36,23.52,93.5,5.49,32.29,6.462
2022-09-16,0.8887,23.05,95.59,4.69,39.53,6.4906
2022-09-17,3.6746,23.36,92.53,3.55,21.65,6.5273
2022-09-18,2.5222,22.68,91.79,2.71,18.1,6.5998
2022-09-19,2.5286,21.86,91.04,2.61,7.98,6.3684
2022-09-20,1.9769,21.58,92.8,2.48,6.85,6.0684
2022-09-21,2.441,21.45,93.48,2.45,2.54,6.0245
2022-09-22,3.114,21.18,92.71,2.33,2.35,6.288
2022-09-23,3.737,21.65,92.98,2.6,5.64,6.3394
2022-09-24,4.6841,22.25,91.28,2.47,3.51,6.6024
2022-09-25,4.4594,22.75,90.65,2.03,4.31,6.5971
2022-09-26,4.1568,22.02,92.15,1.84,3.64,6.6703
2022-09-27,3.9574,22.81,90.26,1.64,1.35,6.3341
2022-09-28,3.0787,22.65,92.09,2.09,1.49,6.114
2022-09-29,3.671,22.93,91.9,2.0,9.11,5.9047
2022-09-30,5.1262,23.95,89.48,1.59,15.29,5.8481
2022-10-01,4.3075,23.7,91.2,2.01,9.24,5.7158
2022-10-02,5.3407,22.91,90.24,1.88,5.55,6.1798
2022-10-03,5.7132,22.67,89.59,1.9,0.57,6.4178
2022-10-04,5.2903,23.29,88.07,1.8,1.83,6.2069
2022-10-05,3.9905,23.25,89.67,2.17,1.75,5.9585
2022-10-06,2.9225,21.82,90.21,2.02,9.27,5.9304
2022-10-07,2.6261,22.63,94.12,3.68,30.66,5.609
2022-10-08,2.6388,22.68,92.5,3.34,8.37,6.0058
2022-10-09,5.868,23.3,86.81,1.3,0.21,6.3442
2022-10-10,3.9086,24.02,89.62,1.47,3.17,5.9741
2022-10-11,3.2486,24.05,90.91,1.48,12.95,5.7408
2022-10-12,3.228,23.32,95.15,1.11,13.42,5.525
2022-10-13,2.8265,22.88,90.07,2.25,7.38,5.8118
2022-10-14,3.8556,23.11,91.15,2.13,34.28,5.8721
2022-10-15,4.6867,23.0,87.66,2.69,4.76,5.9602
2022-10-16,4.7942,22.58,85.38,2.67,0.91,5.7842
2022-10-17,3.8568,24.35,89.94,1.71,24.58,5.8114
2022-10-18,3.5354,22.97,94.15,1.19,24.22,5.7499
2022-10-19,4.7664,23.62,88.64,0.93,4.18,5.7521
2022-10-20,4.6298,23.51,88.15,1.49,4.27,5.7948
2022-10-21,4.2403,23.41,91.54,1.65,12.67,5.6141
2022-10-22,4.1873,21.71,85.48,2.62,0.11,5.6314
2022-10-23,6.0559,19.49,78.91,2.65,0.0,6.0607
2022-10-24,5.9755,20.11,72.74,1.54,0.0,5.9796
2022-10-25,6.0108,20.36,69.13,1.2,0.0,6.0384
2022-10-26,5.9148,19.61,76.26,1.65,0.0,5.934
2022-10-27,5.7658,19.58,77.22,1.93,0.0,5.7787
2022-10-28,5.8219,18.97,76.26,2.14,0.0,5.8274
2022-10-29,5.9539,18.69,75.13,2.5,0.0,5.9587
2022-10-30,5.8918,19.35,79.4,2.46,0.0,5.8942
2022-10-31,5.5162,19.68,81.59,2.23,0.0,5.5222
2022-11-01,5.3938,19.29,80.96,2.13,0.0,5.4163
2022-11-02,4.9418,20.25,81.07,2.18,0.0,4.9759
2022-11-03,5.4492,19.64,77.89,2.51,0.0,5.455
2022-11-04,5.4588,19.59,76.32,2.1,0.0,5.4828
2022-11-05,5.478,20.05,73.19,2.32,0.0,5.4828
2022-11-06,5.3844,19.97,70.24,2.07,0.0,5.4646
2022-11-07,5.125,20.59,71.17,1.68,0.0,5.4072
2022-11-08,4.8847,21.02,75.39,1.6,0.0,5.0386
2022-11-09,4.9644,20.77,78.23,1.51,0.0,4.9814
2022-11-10,5.2577,19.48,79.63,2.78,0.0,5.2627
2022-11-11,5.0938,19.18,80.85,2.96,0.0,5.1209
2022-11-12,5.1245,19.91,83.8,2.85,0.0,5.1401
2022-11-13,5.0851,19.77,80.57,2.44,0.0,5.0914
2022-11-14,4.7981,20.54,81.42,1.76,0.0,4.8648
2022-11-15,4.8734,20.32,79.07,1.61,0.0,4.9118
2022-11-16,5.0592,18.85,78.71,1.64,0.0,5.0731
2022-11-17,5.1677,18.1,78.63,2.19,0.0,5.1785
2022-11-18,5.0234,17.87,78.57,2.39,0.0,5.0266
2022-11-19,4.8401,17.61,77.6,2.65,0.0,4.8451
2022-11-20,5.2519,16.08,74.98,2.53,0.0,5.2577
2022-11-21,5.1101,16.66,71.88,1.83,0.0,5.1427
2022-11-22,4.7861,19.07,77.79,1.87,0.0,4.849
2022-11-23,4.607,20.79,82.06,1.9,0.0,4.6625
2022-11-24,4.4794,21.16,80.64,1.7,0.0,4.5137
2022-11-25,3.9492,21.73,84.25,1.87,0.11,4.343
2022-11-26,3.6418,21.63,83.86,1.73,0.07,4.3649
2022-11-27,4.1282,21.0,82.03,1.51,0.0,4.3027
2022-11-28,4.411,21.17,79.48,1.13,0.0,4.482
2022-11-29,4.639,20.24,75.11,1.33,0.0,4.6675
2022-11-30,4.6294,19.25,76.38,2.01,0.0,4.639
2022-12-01,4.8619,18.77,70.97,2.11,0.0,4.8902
2022-12-02,4.5641,19.54,70.78,1.45,0.0,4.5977
2022-12-03,4.0865,20.96,77.6,1.51,0.0,4.2043
2022-12-04,3.7411,22.29,82.96,1.51,0.0,4.0999
2022-12-05,4.0231,21.94,82.99,1.78,0.0,4.2206
2022-12-06,4.3157,20.75,77.83,2.11,0.0,4.3224
2022-12-07,4.1839,19.93,81.28,1.95,0.0,4.3008
2022-12-08,3.6444,17.82,76.08,2.47,0.0,4.4537
2022-12-09,5.0959,16.33,66.33,3.01,0.0,5.2404
2022-12-10,5.0352,18.31,71.23,2.19,0.0,5.046
2022-12-11,4.1244,21.45,81.03,2.08,0.1,4.7021
2022-12-12,3.1606,22.08,85.37,2.19,0.02,4.4652
2022-12-13,3.0146,21.69,85.57,2.66,0.01,4.6584
2022-12-14,3.6962,22.19,84.31,2.4,0.51,4.866
2022-12-15,4.0546,22.48,83.51,1.82,0.12,4.8394
2022-12-16,4.3306,22.8,80.57,2.07,0.01,4.5804
2022-12-17,4.1352,22.47,79.88,1.95,0.0,4.4057
2022-12-18,4.2338,21.5,78.64,2.17,0.0,4.4064
2022-12-19,5.0378,19.59,71.14,2.13,0.0,5.0465
2022-12-20,4.9726,19.34,66.45,1.93,0.0,4.9824
2022-12-21,4.7993,19.94,67.87,2.04,0.0,4.8036
2022-12-22,4.7662,20.15,66.06,1.8,0.0,4.7698
2022-12-23,4.6944,19.74,70.07,1.53,0.0,4.7035
2022-12-24,4.8274,19.25,62.81,1.24,0.0,4.8336
2022-12-25,4.8355,19.25,66.0,1.32,0.0,4.8394
2022-12-26,4.8646,19.79,74.78,1.72,0.0,4.8739
2022-12-27,4.651,21.01,79.39,1.66,0.0,4.879
2022-12-28,4.8158,21.35,69.39,1.31,0.0,4.8732
2022-12-29,4.8595,20.54,66.87,1.32,0.0,4.8797
2022-12-30,4.6958,20.21,63.87,1.35,0.0,4.7066
2022-12-31,4.8348,18.95,65.49,1.47,0.0,4.8612
2023-01-01,4.9128,18.44,64.42,1.39,0.0,4.9934
2023-01-02,4.8338,18.86,65.4,1.95,0.0,4.8689
2023-01-03,4.4126,18.71,66.97,1.76,0.0,4.4683
2023-01-04,4.0536,19.13,67.0,1.73,0.0,4.1278
2023-01-05,3.9238,20.01,76.19,2.58,0.0,4.201
2023-01-06,3.9482,20.56,79.36,2.84,0.0,4.2905
2023-01-07,3.3425,20.07,77.07,2.56,0.0,3.6473
2023-01-08,4.7028,18.45,68.71,2.19,0.0,4.7215
2023-01-09,5.3318,17.48,54.17,2.06,0.0,5.3647
2023-01-10,5.3484,17.62,50.62,2.12,0.0,5.3794
2023-01-11,5.161,18.18,52.59,1.62,0.0,5.1833
2023-01-12,5.2174,18.19,49.16,1.34,0.0,5.2829
2023-01-13,5.3774,16.48,68.05,1.44,0.0,5.4475
2023-01-14,5.3196,16.32,67.07,1.67,0.0,5.335
2023-01-15,5.2061,17.33,62.33,1.67,0.0,5.2332
2023-01-16,5.333,18.16,58.05,1.32,0.0,5.3688
2023-01-17,5.3779,18.45,57.32,1.39,0.0,5.4036
2023-01-18,5.4113,19.37,54.3,1.3,0.0,5.4497
2023-01-19,5.3275,19.93,56.03,1.66,0.0,5.3364
2023-01-20,5.1595,20.03,58.38,1.34,0.0,5.1701
2023-01-21,5.0906,18.7,67.36,1.41,0.0,5.1293
2023-01-22,5.0983,18.17,67.64,1.54,0.0,5.1017
2023-01-23,5.1662,17.96,63.98,1.43,0.0,5.1708
2023-01-24,4.872,17.28,67.42,1.59,0.01,4.8857
2023-01-25,4.6474,18.0,69.26,1.4,0.06,4.7952
2023-01-26,4.4568,19.99,73.66,1.69,0.02,4.7426
2023-01-27,5.0561,21.99,63.71,2.35,0.0,5.1929
2023-01-28,5.627,21.32,55.1,2.06,0.0,5.6345
2023-01-29,4.7918,20.65,75.7,1.66,0.0,5.1394
2023-01-30,4.7263,20.84,75.73,1.55,0.0,5.0477
2023-01-31,4.6169,20.95,64.69,2.42,0.0,4.9037
2023-02-01,3.7586,20.91,63.99,2.84,0.0,4.0649
2023-02-02,4.6414,20.78,59.23,2.83,0.0,4.729
2023-02-03,5.6304,20.22,43.51,2.24,0.0,5.635
2023-02-04,5.676,20.69,42.78,1.6,0.0,5.7499
2023-02-05,5.7444,20.85,45.52,1.56,0.0,5.7665
2023-02-06,5.7106,20.99,42.14,1.66,0.0,5.772
2023-02-07,5.7646,20.11,44.98,1.44,0.0,5.8157
2023-02-08,5.773,21.57,41.86,2.11,0.0,5.8164
2023-02-09,5.989,22.13,39.14,2.11,0.0,5.9974
2023-02-10,6.1262,22.34,37.87,1.8,0.0,6.1414
2023-02-11,6.1382,22.02,35.84,1.73,0.0,6.2172
2023-02-12,6.2551,21.96,35.5,2.82,0.0,6.2978
2023-02-13,6.3324,22.6,31.4,3.07,0.0,6.3485
2023-02-14,6.4726,22.45,27.88,2.52,0.0,6.4963
2023-02-15,6.5119,22.39,28.23,2.46,0.0,6.5606
2023-02-16,6.4699,23.09,28.85,2.57,0.0,6.4858
2023-02-17,6.4913,23.44,29.87,2.74,0.0,6.5062
2023-02-18,6.5405,23.55,29.51,2.72,0.0,6.5618
2023-02-19,6.5148,23.6,29.76,2.69,0.0,6.5321
2023-02-20,6.3713,23.54,31.7,1.56,0.0,6.3895
2023-02-21,6.3139,23.87,31.44,1.37,0.0,6.3607
2023-02-22,5.8111,23.39,34.06,1.62,0.0,6.2354
2023-02-23,6.2741,23.98,30.43,1.67,0.0,6.3173
2023-02-24,6.3307,24.15,26.83,2.19,0.0,6.42
2023-02-25,6.2417,23.94,29.55,1.78,0.0,6.2599
2023-02-26,6.2136,23.96,30.25,1.83,0.0,6.2222
2023-02-27,6.1039,23.63,29.1,1.96,0.0,6.1327
2023-02-28,5.8862,24.1,33.61,1.45,0.0,5.915
2023-03-01,6.0816,24.59,34.46,1.66,0.0,6.0929
2023-03-02,6.0322,25.53,34.85,2.08,0.0,6.0398
2023-03-03,5.8598,26.09,35.2,2.07,0.0,5.8985
2023-03-04,5.3028,26.54,37.73,1.7,0.0,5.4122
2023-03-05,5.172,26.24,39.73,1.38,0.0,5.3474
2023-03-06,5.5032,26.24,39.31,2.03,0.21,5.7034
2023-03-07,4.3627,24.92,40.3,2.52,1.35,5.8999
2023-03-08,5.7888,25.53,37.95,1.95,0.03,6.0619
2023-03-09,5.2522,25.52,38.43,2.14,0.0,5.7703
2023-03-10,5.7847,25.11,35.85,1.85,0.0,5.9419
2023-03-11,5.7062,26.13,36.2,2.17,0.0,5.9534
2023-03-12,5.1622,27.23,35.34,2.06,0.0,5.6892
2023-03-13,5.094,26.79,35.48,2.0,0.0,5.7276
2023-03-14,5.3484,27.25,37.07,1.36,0.0,5.8855
2023-03-15,3.7824,26.16,41.05,1.59,0.67,5.8296
2023-03-16,4.345,25.0,51.48,1.49,2.29,5.7266
2023-03-17,5.6964,24.05,59.47,1.56,1.09,6.3175
2023-03-18,5.7158,24.0,55.44,1.85,0.35,6.3482
2023-03-19,6.7579,22.72,58.48,2.26,0.36,7.009
2023-03-20,7.0118,22.02,64.67,2.49,0.76,7.1597
2023-03-21,4.9517,21.99,70.36,2.24,4.72,6.9967
2023-03-22,6.8381,22.61,63.48,2.32,0.01,7.2115
2023-03-23,6.7097,22.31,64.02,2.66,0.0,7.1069
2023-03-24,7.277,23.69,61.25,2.48,0.0,7.3181
2023-03-25,7.4402,22.95,51.5,2.38,0.0,7.4575
2023-03-26,7.5082,22.87,48.55,2.41,0.0,7.5283
2023-03-27,7.4657,23.22,59.53,2.28,0.0,7.4976
2023-03-28,7.3483,24.1,57.19,2.01,0.0,7.3714
2023-03-29,7.2511,24.61,55.21,2.42,0.0,7.4378
2023-03-30,7.0308,23.88,60.25,2.58,0.0,7.4765
2023-03-31,6.3137,23.64,62.97,2.86,0.0,7.3116
2023-04-01,7.7299,24.54,46.02,2.16,0.0,7.7515
2023-04-02,7.5593,24.56,58.9,2.45,0.0,7.5665
2023-04-03,7.5235,24.71,56.37,2.21,0.0,7.6409
2023-04-04,7.3291,26.1,52.79,2.26,0.0,7.4914
2023-04-05,7.2593,27.48,42.46,2.21,0.0,7.3639
2023-04-06,6.481,28.17,40.75,1.95,0.57,7.0738
2023-04-07,5.43,28.38,38.98,1.87,1.34,6.3415
2023-04-08,5.6726,28.69,45.43,1.95,0.57,6.541
2023-04-09,5.9959,28.72,48.68,1.6,2.07,6.8827
2023-04-10,6.8042,29.75,40.98,2.19,0.05,7.0433
2023-04-11,6.48,30.25,38.64,2.05,0.01,6.9701
2023-04-12,6.5592,30.92,37.54,1.6,0.51,6.8669
2023-04-13,4.6255,30.57,35.98,1.59,0.03,6.7162
2023-04-14,5.1718,27.77,50.13,1.69,8.04,6.3211
2023-04-15,6.1291,27.84,52.14,2.13,0.85,6.5246
2023-04-16,6.4541,28.97,47.4,1.5,2.29,6.8849
2023-04-17,5.8512,28.92,42.42,1.64,0.0,6.7706
2023-04-18,6.8364,30.92,35.19,1.6,0.0,6.9341
2023-04-19,6.6029,31.13,32.41,2.28,0.01,6.8734
2023-04-20,5.9983,29.36,38.63,2.32,1.48,6.6526
2023-04-21,7.2826,27.44,44.96,2.58,0.29,7.2929
2023-04-22,7.6442,26.02,54.58,2.95,0.0,7.7302
2023-04-23,7.3524,26.78,54.39,2.87,0.0,7.603
2023-04-24,7.489,28.54,37.74,1.91,0.0,7.5636
2023-04-25,7.3514,29.07,30.2,2.57,0.0,7.5622
2023-04-26,6.4841,26.61,57.62,2.65,0.01,7.1765
2023-04-27,6.1613,27.79,54.1,2.26,0.18,7.1842
2023-04-28,5.8514,27.83,54.63,2.28,0.45,6.8554
2023-04-29,6.8568,27.21,57.0,2.45,2.55,7.4086
2023-04-30,7.2943,26.33,53.83,2.88,0.02,7.7837
2023-05-01,7.3596,26.09,50.56,2.88,0.01,7.8398
2023-05-02,6.3677,25.95,54.56,2.46,0.55,7.7479
2023-05-03,6.6773,26.48,61.26,2.86,0.58,7.626
2023-05-04,6.5448,27.07,57.14,2.27,0.71,7.3308
2023-05-05,6.5834,27.61,55.5,2.37,0.01,7.549
2023-05-06,6.0641,28.25,56.33,2.72,0.03,7.2962
2023-05-07,4.9454,27.46,62.64,2.39,1.9,6.5906
2023-05-08,5.3186,28.39,60.72,1.57,2.77,6.583
2023-05-09,4.7549,28.74,61.47,1.85,3.08,6.6847
2023-05-10,6.4759,30.62,50.21,1.9,0.4,6.9336
2023-05-11,6.6466,31.06,41.03,2.03,0.0,7.2797
2023-05-12,7.1986,30.16,51.75,2.76,0.0,7.3217
2023-05-13,7.2845,29.93,53.63,3.22,0.0,7.3884
2023-05-14,7.5948,28.83,55.19,3.66,0.0,7.6025
2023-05-15,7.3937,28.19,59.39,3.58,0.0,7.8151
2023-05-16,7.4309,27.97,62.79,3.31,0.0,7.7208
2023-05-17,7.7549,29.27,56.33,3.33,0.0,7.8144
2023-05-18,7.4299,29.76,51.44,3.08,0.0,7.7386
2023-05-19,7.65,30.02,48.77,3.06,0.0,7.6865
2023-05-20,7.5696,29.21,55.34,3.08,0.0,7.6418
2023-05-21,7.4122,29.54,55.83,3.38,0.01,7.5626
2023-05-22,7.1434,29.88,50.45,3.23,0.16,7.3735
2023-05-23,7.0738,30.15,45.39,2.36,0.0,7.2058
2023-05-24,7.1527,29.11,50.19,3.33,0.0,7.1993
2023-05-25,7.3193,28.09,57.16,4.2,0.11,7.4551
2023-05-26,6.8381,27.8,62.18,4.24,2.27,7.5103
2023-05-27,6.9055,27.69,60.52,4.12,0.02,7.4887
2023-05-28,7.4232,28.69,58.93,3.96,0.07,7.5331
2023-05-29,7.2394,29.93,55.51,3.05,2.03,7.5425
2023-05-30,7.0313,29.44,54.23,2.8,2.74,7.4642
2023-05-31,7.0152,29.99,52.77,2.57,0.34,7.387
2023-06-01,7.115,29.37,53.39,2.95,0.87,7.3642
2023-06-02,7.4952,27.79,61.51,3.82,2.21,7.537
2023-06-03,7.1976,27.42,67.17,3.59,0.14,7.4614
2023-06-04,5.2202,27.17,71.49,2.99,3.36,7.1712
2023-06-05,6.606,26.72,71.16,2.87,4.27,7.2761
2023-06-06,6.5095,28.06,66.89,3.28,0.02,7.3742
2023-06-07,7.2511,28.35,63.66,3.56,0.03,7.505
2023-06-08,6.9026,28.66,65.23,3.02,1.46,7.3927
2023-06-09,6.4603,27.77,71.77,3.17,3.38,7.4875
2023-06-10,6.6638,27.48,72.54,4.1,2.2,7.6068
2023-06-11,5.9894,27.72,66.91,4.98,0.23,7.2398
2023-06-12,6.2095,27.56,66.93,5.47,2.47,6.9924
2023-06-13,5.0467,27.03,70.79,5.38,1.69,6.8683
2023-06-14,5.0287,26.8,73.39,5.26,6.14,6.8184
2023-06-15,5.9966,26.88,74.77,5.36,1.66,6.6763
2023-06-16,4.7146,27.15,74.93,6.11,1.37,6.8028
2023-06-17,4.8874,27.03,76.03,5.63,1.11,6.5993
2023-06-18,4.9946,27.06,74.77,5.14,0.37,6.5758
2023-06-19,5.2289,27.14,73.77,4.38,0.08,6.6389
2023-06-20,5.6273,27.53,72.79,4.32,0.08,6.7697
2023-06-21,5.5075,26.71,74.03,3.92,0.22,6.8155
2023-06-22,5.8248,27.15,71.15,4.02,0.9,6.9144
2023-06-23,5.3856,26.97,72.15,3.95,1.42,6.733
2023-06-24,3.0086,25.51,82.1,3.89,39.91,6.8657
2023-06-25,2.586,24.64,83.48,3.57,33.15,6.7034
2023-06-26,3.2503,23.89,87.72,4.4,46.52,6.875
2023-06-27,2.7518,23.09,89.01,4.14,38.73,6.8777
2023-06-28,2.1626,23.58,89.34,5.49,26.72,6.5966
2023-06-29,2.717,23.4,84.87,5.53,16.77,6.9842
2023-06-30,2.1209,23.86,90.17,6.04,64.8,6.4349
2023-07-01,2.4751,23.88,89.49,5.29,24.84,6.7464
2023-07-02,2.9042,24.88,88.04,5.06,19.11,6.937
2023-07-03,3.9708,25.04,90.18,4.21,27.65,7.0289
2023-07-04,3.2249,24.71,90.8,3.72,20.32,6.9682
2023-07-05,3.4855,24.31,89.44,4.08,10.79,7.1664
2023-07-06,3.1313,23.93,91.56,4.33,30.37,7.2701
2023-07-07,2.5555,24.49,90.99,6.47,38.2,6.9943
2023-07-08,3.6946,24.4,88.16,6.34,17.81,6.7322
2023-07-09,4.1213,24.06,88.9,5.62,8.16,6.2282
2023-07-10,3.9931,24.3,87.83,4.69,4.56,6.1358
2023-07-11,3.397,24.23,87.6,4.23,3.32,6.1262
2023-07-12,3.4459,23.94,88.52,3.51,4.58,6.5618
2023-07-13,3.7126,23.47,87.7,3.62,12.12,6.8362
2023-07-14,2.5164,24.22,87.95,4.18,16.84,6.7891
2023-07-15,4.1309,24.32,88.38,4.54,9.22,6.7826
2023-07-16,3.6372,24.1,91.65,4.54,15.26,6.852
2023-07-17,1.8758,24.09,90.93,5.02,31.63,6.7615
2023-07-18,2.0916,24.05,92.17,6.22,82.44,6.649
2023-07-19,1.5749,23.58,93.23,6.04,94.4,6.7538
2023-07-20,2.879,23.03,94.27,6.17,45.73,6.8681
2023-07-21,2.179,22.55,93.97,5.26,42.9,6.5635
2023-07-22,2.0323,23.09,94.9,5.26,40.17,6.8887
2023-07-23,2.591,23.82,93.18,6.1,38.31,7.1364
2023-07-24,2.8584,23.95,93.14,5.87,47.54,6.451
2023-07-25,1.8768,23.35,95.26,5.1,44.66,6.5095
2023-07-26,1.9747,23.42,95.31,5.34,64.93,6.7315
2023-07-27,1.0142,23.21,95.41,5.84,58.67,6.8546
2023-07-28,1.9279,23.54,92.99,5.87,34.73,6.9823
2023-07-29,2.964,23.37,92.5,5.43,18.67,6.7176
2023-07-30,3.713,23.57,92.6,5.16,15.89,6.8004
2023-07-31,2.2795,23.84,92.84,5.61,17.48,6.5611
2023-08-01,2.6172,23.73,92.73,5.78,16.68,5.9323
2023-08-02,2.3736,23.0,93.6,5.62,6.12,5.9194
2023-08-03,2.3698,23.14,92.0,5.77,5.94,5.7204
2023-08-04,2.946,23.51,91.3,5.75,11.05,6.4716
2023-08-05,2.8102,23.25,91.76,4.97,7.09,6.2198
2023-08-06,3.108,23.42,90.64,5.07,5.75,6.3737
2023-08-07,3.0602,23.24,90.78,5.09,3.11,6.0931
2023-08-08,3.139,23.33,90.47,4.7,3.51,6.1313
2023-08-09,3.7853,23.4,91.19,3.91,4.99,6.0451
2023-08-10,3.8083,23.25,91.09,3.55,5.51,6.3562
2023-08-11,4.5682,23.45,89.71,3.37,3.03,6.4951
2023-08-12,4.1767,23.17,89.82,3.73,4.51,6.5616
2023-08-13,3.5976,22.7,91.33,3.88,6.16,6.539
2023-08-14,4.1246,23.04,89.89,3.9,2.77,6.341
2023-08-15,3.0214,23.03,89.34,3.44,2.98,6.3012
2023-08-16,4.692,23.23,89.38,3.17,3.69,6.5098
2023-08-17,3.6192,23.31,89.4,3.55,4.11,6.1968
2023-08-18,3.7824,22.95,90.83,3.55,3.4,5.8795
2023-08-19,3.1193,23.31,90.65,3.81,8.48,5.8718
2023-08-20,3.3139,23.46,89.97,3.98,8.48,6.5897
2023-08-21,4.3008,23.17,89.41,3.22,3.92,6.6737
2023-08-22,2.8162,23.16,89.84,3.03,6.1,6.793
2023-08-23,4.459,23.13,90.59,3.2,3.85,6.6643
2023-08-24,4.0927,23.57,89.63,3.71,9.84,6.7555
2023-08-25,3.1404,23.97,90.66,3.66,14.53,6.6737
2023-08-26,3.7205,23.85,90.42,3.84,13.71,6.9986
2023-08-27,4.0063,23.91,89.33,3.8,12.2,6.9048
2023-08-28,4.4515,23.55,90.3,3.34,9.05,6.7018
2023-08-29,5.5608,23.57,89.27,2.34,1.65,6.8191
2023-08-30,6.0535,23.7,87.57,1.77,0.18,6.8825
2023-08-31,6.1939,24.28,86.84,1.43,1.37,6.8918
2023-09-01,5.2123,24.83,86.79,1.68,12.8,6.6101
2023-09-02,2.0695,23.57,92.04,2.33,17.73,6.0478
2023-09-03,2.5039,23.52,90.05,2.45,3.86,5.91
2023-09-04,4.2607,23.34,89.37,3.04,2.43,6.3586
2023-09-05,6.4039,23.07,88.51,2.48,0.35,6.8558
2023-09-06,5.0863,23.38,89.93,2.94,3.73,6.7092
2023-09-07,1.9572,22.72,93.73,4.09,38.47,6.4541
2023-09-08,1.0354,23.22,95.5,4.55,46.07,6.294
2023-09-09,2.9717,24.08,92.45,4.15,16.04,6.4063
2023-09-10,4.1242,24.14,90.93,3.7,7.67,6.4562
2023-09-11,5.0028,24.12,90.36,3.65,4.07,6.6528
2023-09-12,5.5063,23.35,90.58,3.13,1.52,6.5868
2023-09-13,5.0182,23.13,90.94,2.96,3.62,6.6166
2023-09-14,4.2151,23.06,90.16,2.21,3.62,6.672
2023-09-15,4.6229,22.94,91.87,2.34,1.66,6.5129
2023-09-16,2.899,23.38,92.9,3.93,4.85,6.3866
2023-09-17,3.8069,24.04,90.6,4.12,5.88,6.2153
2023-09-18,4.1078,24.18,90.26,4.02,12.01,6.4097
2023-09-19,4.0615,24.04,90.55,3.57,10.48,6.3612
2023-09-20,3.6334,24.22,90.98,3.09,14.18,6.3394
2023-09-21,4.1158,24.31,92.81,2.62,23.02,6.2604
2023-09-22,2.9743,23.78,91.81,1.82,15.92,6.1697
2023-09-23,2.6474,23.35,93.13,2.19,29.98,6.121
2023-09-24,3.3307,22.91,91.3,2.11,7.92,5.9405
2023-09-25,4.3219,23.14,90.72,1.9,7.28,6.2057
2023-09-26,4.4434,23.86,91.74,1.74,22.38,5.8874
2023-09-27,2.4442,24.22,91.38,1.96,20.12,5.9026
2023-09-28,3.5383,24.5,90.11,1.87,16.02,5.964
2023-09-29,4.2295,24.44,90.28,2.31,14.33,6.1097
2023-09-30,4.3625,24.56,89.1,2.47,12.5,6.2028
2023-10-01,1.793,23.58,92.79,3.12,25.36,5.9186
2023-10-02,3.4106,22.42,92.18,1.97,8.84,6.0461
2023-10-03,5.0678,23.42,88.5,1.6,0.12,6.0468
2023-10-04,5.4422,23.49,87.99,1.54,0.0,6.0302
2023-10-05,5.9438,22.76,85.94,1.54,0.0,6.1949
2023-10-06,5.9498,23.27,85.22,1.3,0.0,6.3317
2023-10-07,5.994,24.15,83.74,0.99,0.0,6.24
2023-10-08,5.7658,24.25,81.92,1.15,0.0,6.1022
2023-10-09,5.6066,23.87,81.79,1.36,0.0,5.867
2023-10-10,5.6561,23.44,83.26,1.54,0.0,5.8164
2023-10-11,5.1893,23.65,84.11,1.32,0.0,5.6438
2023-10-12,5.3035,24.12,78.77,1.57,0.0,5.575
2023-10-13,5.6184,24.3,75.38,1.97,0.0,5.7926
2023-10-14,5.5488,23.97,74.33,1.4,0.0,5.8303
2023-10-15,4.9291,24.03,79.28,1.34,0.05,5.2723
2023-10-16,4.6046,24.23,77.45,1.46,0.07,5.0863
2023-10-17,5.0088,24.08,79.11,1.35,0.93,5.3647
2023-10-18,5.0916,23.74,80.47,1.79,0.15,5.4475
2023-10-19,4.5086,24.23,76.22,1.35,0.12,5.1554
2023-10-20,3.6314,24.07,79.17,1.42,0.12,4.9613
2023-10-21,4.2343,23.7,81.07,1.6,0.02,5.0573
2023-10-22,4.9867,23.43,79.57,1.57,0.0,5.2658
2023-10-23,5.297,22.9,76.3,1.7,0.0,5.5152
2023-10-24,5.3693,22.74,78.05,1.61,0.0,5.5697
2023-10-25,5.0594,22.17,74.26,1.89,0.0,5.3645
2023-10-26,5.5104,21.09,69.38,2.26,0.0,5.5718
2023-10-27,5.689,20.73,66.73,2.0,0.0,5.6933
2023-10-28,5.6467,20.85,69.58,1.79,0.0,5.6515
2023-10-29,5.3918,21.17,69.04,1.59,0.0,5.3981
2023-10-30,4.9577,20.9,70.19,2.05,0.0,5.04
2023-10-31,4.8288,20.65,72.45,2.17,0.0,4.9714
2023-11-01,5.4929,20.65,75.65,2.09,0.0,5.4958
2023-11-02,5.2606,21.21,74.68,1.79,0.0,5.2925
2023-11-03,4.8883,21.6,73.67,1.83,0.0,5.1674
2023-11-04,4.7261,22.46,71.42,2.31,0.0,5.0851
2023-11-05,4.0603,22.63,78.89,2.04,0.0,4.7837
2023-11-06,3.9125,21.73,76.0,2.59,0.0,4.752
2023-11-07,4.2972,22.87,81.69,1.93,0.01,4.7436
2023-11-08,3.1834,22.95,86.06,1.99,3.55,4.969
2023-11-09,4.0889,23.44,86.53,1.37,0.52,4.8132
2023-11-10,3.6787,22.67,89.82,1.56,13.34,4.8538
2023-11-11,4.481,22.69,80.57,2.06,2.8,4.6733
2023-11-12,4.8022,22.24,72.84,2.31,0.0,4.872
2023-11-13,4.6505,21.93,74.19,2.14,0.0,4.7299
2023-11-14,4.4232,21.25,75.72,1.56,0.0,4.5031
2023-11-15,4.5641,20.84,72.93,1.5,0.0,4.6073
2023-11-16,4.7011,20.07,70.86,1.87,0.0,4.7119
2023-11-17,4.6114,20.22,68.44,1.92,0.0,4.614
2023-11-18,4.4179,20.79,71.94,1.72,0.0,4.4762
2023-11-19,4.2086,22.56,74.01,1.65,0.0,4.2631
2023-11-20,4.1518,22.56,74.84,1.91,0.0,4.3253
2023-11-21,4.7215,21.07,71.41,2.21,0.0,4.7338
2023-11-22,4.7722,20.1,69.44,2.08,0.0,4.7854
2023-11-23,4.3392,21.03,72.41,1.66,0.0,4.6574
2023-11-24,4.1741,22.65,77.27,2.01,0.0,4.7952
2023-11-25,4.1198,22.9,79.77,2.25,3.33,4.8595
2023-11-26,3.3958,22.73,85.69,2.37,6.34,4.59
2023-11-27,3.5465,22.57,87.18,1.58,3.32,4.7801
2023-11-28,3.432,22.12,86.2,1.23,0.27,4.8266
2023-11-29,4.5912,21.56,86.76,1.3,0.2,4.9214
2023-11-30,4.4441,21.59,85.93,1.62,1.38,4.9322
2023-12-01,4.6214,21.32,84.23,1.17,0.75,4.8883
2023-12-02,4.2437,22.08,78.37,1.89,0.29,4.8787
2023-12-03,4.7198,22.92,73.09,2.19,0.0,4.799
2023-12-04,4.5382,22.78,77.09,1.99,0.0,4.8264
2023-12-05,4.0459,21.68,75.98,2.37,0.01,4.5545
2023-12-06,3.7644,20.9,79.05,2.21,0.01,4.5444
2023-12-07,3.9314,20.99,78.64,1.64,0.0,4.5374
2023-12-08,4.4702,20.89,76.04,1.71,0.0,4.7215
2023-12-09,4.7333,20.99,75.25,1.41,0.0,4.8444
2023-12-10,4.663,20.89,75.86,1.75,0.0,4.7714
2023-12-11,4.7714,20.33,74.77,1.34,0.0,4.8038
2023-12-12,4.6015,20.15,74.54,1.19,0.0,4.7347
2023-12-13,4.5763,20.27,72.25,1.47,0.0,4.6027
2023-12-14,4.5079,19.62,70.31,2.51,0.0,4.5125
2023-12-15,4.691,18.83,67.53,2.23,0.0,4.6949
2023-12-16,4.446,18.46,70.29,1.49,0.0,4.524
2023-12-17,3.6391,19.9,75.69,2.43,0.0,3.893
2023-12-18,3.383,19.76,71.2,3.46,0.0,3.8062
2023-12-19,3.8002,18.5,66.47,3.83,0.0,4.2554
2023-12-20,3.5866,18.42,58.88,2.96,0.0,4.356
2023-12-21,3.8712,18.52,58.77,2.41,0.0,4.4006
2023-12-22,3.1318,20.2,55.08,1.68,0.0,4.4897
2023-12-23,4.5818,20.71,53.41,1.85,0.0,4.7218
2023-12-24,4.122,20.0,59.99,2.62,0.0,4.4794
2023-12-25,4.5038,20.57,55.2,2.57,0.0,4.5247
2023-12-26,4.7076,20.08,58.01,2.1,0.0,4.7287
2023-12-27,4.3889,19.84,62.16,2.5,0.0,4.471
2023-12-28,4.5814,20.38,61.0,2.28,0.0,4.6104
2023-12-29,4.8432,20.76,60.67,2.02,0.0,4.8552
2023-12-30,4.9524,21.2,61.43,1.55,0.0,4.9594
2023-12-31,4.979,21.15,58.41,1.62,0.0,4.9867
